Store,Date,DayOfWeek,Sales,Customers,Promo,POST_Promo,POST_Sales
1,2014-02-26,3,4108.0,491,0,0,3989
2,2014-02-26,3,4548.0,632,0,0,4199
3,2014-02-26,3,4580.0,640,0,0,4634
4,2014-02-26,3,6987.0,1100,0,0,5863
5,2014-02-26,3,3568.0,548,0,0,4848
6,2014-02-26,3,4111.0,545,0,0,2903
7,2014-02-26,3,5812.0,746,0,0,6553
8,2014-02-26,3,3719.0,560,0,0,4836
9,2014-02-26,3,5627.0,527,0,0,5229
10,2014-02-26,3,4253.0,560,0,0,1326
11,2014-02-26,3,7000.0,1120,0,0,5055
12,2014-02-26,3,5680.0,794,0,0,5066
13,2014-02-26,3,2820.0,255,0,0,3912
14,2014-02-26,3,4408.0,574,0,0,5421
15,2014-02-26,3,4507.0,488,0,0,4793
16,2014-02-26,3,6439.0,802,0,0,6529
17,2014-02-26,3,4426.0,671,0,0,4526
18,2014-02-26,3,4630.0,627,0,0,4420
19,2014-02-26,3,5543.0,571,0,0,6266
20,2014-02-26,3,6497.0,834,0,0,5842
21,2014-02-26,3,3675.0,384,0,0,3749
22,2014-02-26,3,4192.0,554,0,0,2485
23,2014-02-26,3,4393.0,426,0,0,3862
24,2014-02-26,3,6937.0,663,0,0,6483
25,2014-02-26,3,10499.0,1626,0,0,10943
26,2014-02-26,3,4669.0,430,0,0,4864
27,2014-02-26,3,6027.0,838,0,0,6878
28,2014-02-26,3,4348.0,481,0,0,4754
29,2014-02-26,3,4990.0,531,0,0,6014
30,2014-02-26,3,5228.0,888,0,0,3660
31,2014-02-26,3,4426.0,461,0,0,4873
32,2014-02-26,3,2849.0,414,0,0,3380
33,2014-02-26,3,8052.0,887,0,0,8114
34,2014-02-26,3,6121.0,862,0,0,5263
35,2014-02-26,3,6870.0,599,0,0,6706
36,2014-02-26,3,6648.0,890,0,0,6084
37,2014-02-26,3,4276.0,543,0,0,4467
38,2014-02-26,3,4765.0,516,0,0,3228
39,2014-02-26,3,4511.0,657,0,0,5381
40,2014-02-26,3,4378.0,603,0,0,3610
41,2014-02-26,3,3475.0,327,0,0,4043
42,2014-02-26,3,8588.0,1075,0,0,7461
43,2014-02-26,3,7152.0,737,0,0,4623
44,2014-02-26,3,4379.0,587,0,0,5363
45,2014-02-26,3,3780.0,351,0,0,4748
46,2014-02-26,3,3269.0,486,0,0,4357
47,2014-02-26,3,5289.0,829,0,0,6681
48,2014-02-26,3,3412.0,403,0,0,5563
49,2014-02-26,3,5977.0,448,0,0,6104
50,2014-02-26,3,3070.0,292,0,0,3346
51,2014-02-26,3,4245.0,404,0,0,4883
52,2014-02-26,3,6268.0,451,0,0,5280
53,2014-02-26,3,3767.0,471,0,0,3411
54,2014-02-26,3,4378.0,491,0,0,7612
55,2014-02-26,3,3638.0,503,0,0,804
56,2014-02-26,3,4603.0,359,0,0,4134
57,2014-02-26,3,7942.0,799,0,0,9806
58,2014-02-26,3,4915.0,443,0,0,4175
59,2014-02-26,3,4552.0,533,0,0,5252
60,2014-02-26,3,6622.0,710,0,0,5432
61,2014-02-26,3,3980.0,520,0,0,2819
62,2014-02-26,3,6975.0,861,0,0,6067
63,2014-02-26,3,4202.0,437,0,0,6758
64,2014-02-26,3,8600.0,753,0,0,8070
65,2014-02-26,3,3352.0,345,0,0,3899
66,2014-02-26,3,3999.0,398,0,0,4132
67,2014-02-26,3,5838.0,696,0,0,5357
68,2014-02-26,3,5541.0,948,0,0,6878
69,2014-02-26,3,6837.0,983,0,0,6744
70,2014-02-26,3,5004.0,580,0,0,4513
71,2014-02-26,3,6651.0,643,0,0,5108
72,2014-02-26,3,3225.0,378,0,0,3277
73,2014-02-26,3,3628.0,475,0,0,2818
74,2014-02-26,3,5844.0,877,0,0,4083
75,2014-02-26,3,4255.0,505,0,0,3954
76,2014-02-26,3,7064.0,788,0,0,5604
77,2014-02-26,3,5151.0,513,0,0,4845
78,2014-02-26,3,2748.0,426,0,0,3078
79,2014-02-26,3,3780.0,449,0,0,3454
80,2014-02-26,3,5564.0,474,0,0,6356
81,2014-02-26,3,5566.0,509,0,0,5162
82,2014-02-26,3,7673.0,836,0,0,5238
83,2014-02-26,3,3720.0,351,0,0,3776
84,2014-02-26,3,10475.0,1379,0,0,10719
85,2014-02-26,3,4691.0,739,0,0,5403
86,2014-02-26,3,3664.0,535,0,0,2567
87,2014-02-26,3,5300.0,694,0,0,4935
88,2014-02-26,3,4493.0,555,0,0,3363
89,2014-02-26,3,5171.0,613,0,0,4747
90,2014-02-26,3,6716.0,1007,0,0,6059
91,2014-02-26,3,5375.0,663,0,0,5176
92,2014-02-26,3,3974.0,404,0,0,4997
93,2014-02-26,3,4147.0,517,0,0,2395
94,2014-02-26,3,5377.0,573,0,0,4433
95,2014-02-26,3,5286.0,657,0,0,4824
96,2014-02-26,3,4377.0,550,0,0,2428
97,2014-02-26,3,4501.0,523,0,0,5436
98,2014-02-26,3,3085.0,335,0,0,4379
99,2014-02-26,3,3600.0,355,0,0,4471
100,2014-02-26,3,5928.0,607,0,0,6107
101,2014-02-26,3,6376.0,711,0,0,5696
102,2014-02-26,3,4397.0,768,0,0,2263
103,2014-02-26,3,3612.0,357,0,0,3152
104,2014-02-26,3,8593.0,1236,0,0,8228
105,2014-02-26,3,3909.0,530,0,0,3446
106,2014-02-26,3,8042.0,855,0,0,6928
107,2014-02-26,3,5785.0,884,0,0,5349
108,2014-02-26,3,8253.0,730,0,0,8716
109,2014-02-26,3,4761.0,619,0,0,4611
110,2014-02-26,3,3515.0,538,0,0,4180
111,2014-02-26,3,4861.0,456,0,0,5091
112,2014-02-26,3,5638.0,737,0,0,4123
113,2014-02-26,3,6064.0,649,0,0,6747
114,2014-02-26,3,4513.0,598,0,0,4399
115,2014-02-26,3,5366.0,472,0,0,5832
116,2014-02-26,3,5536.0,666,0,0,5760
117,2014-02-26,3,3536.0,497,0,0,3910
118,2014-02-26,3,5296.0,505,0,0,4905
119,2014-02-26,3,5083.0,651,0,0,5371
120,2014-02-26,3,5108.0,539,0,0,6116
121,2014-02-26,3,3522.0,429,0,0,2779
122,2014-02-26,3,4451.0,601,0,0,2870
123,2014-02-26,3,6196.0,877,0,0,6926
124,2014-02-26,3,3528.0,504,0,0,4598
125,2014-02-26,3,9417.0,1428,0,0,8208
126,2014-02-26,3,5594.0,608,0,0,4905
127,2014-02-26,3,4156.0,530,0,0,3063
128,2014-02-26,3,5305.0,499,0,0,4582
129,2014-02-26,3,6957.0,1027,0,0,7082
130,2014-02-26,3,4371.0,550,0,0,3891
131,2014-02-26,3,5142.0,626,0,0,4049
132,2014-02-26,3,4787.0,514,0,0,5149
133,2014-02-26,3,4578.0,608,0,0,4387
134,2014-02-26,3,4350.0,470,0,0,5165
135,2014-02-26,3,4278.0,423,0,0,4736
136,2014-02-26,3,3972.0,364,0,0,4922
137,2014-02-26,3,6768.0,883,0,0,6701
138,2014-02-26,3,5471.0,591,0,0,5710
139,2014-02-26,3,5234.0,474,0,0,4521
140,2014-02-26,3,6592.0,944,0,0,5768
141,2014-02-26,3,3943.0,496,0,0,3711
142,2014-02-26,3,5578.0,730,0,0,2344
143,2014-02-26,3,4510.0,462,0,0,5147
144,2014-02-26,3,6034.0,630,0,0,4254
145,2014-02-26,3,6117.0,1054,0,0,5513
146,2014-02-26,3,5488.0,604,0,0,5251
147,2014-02-26,3,5673.0,716,0,0,6959
148,2014-02-26,3,6997.0,733,0,0,6276
149,2014-02-26,3,4272.0,453,0,0,4988
150,2014-02-26,3,6410.0,645,0,0,7809
151,2014-02-26,3,4601.0,519,0,0,5726
152,2014-02-26,3,5342.0,728,0,0,4505
153,2014-02-26,3,5042.0,605,0,0,5937
154,2014-02-26,3,5854.0,579,0,0,6956
155,2014-02-26,3,4500.0,522,0,0,5856
156,2014-02-26,3,5164.0,627,0,0,5400
157,2014-02-26,3,8413.0,1003,0,0,8147
158,2014-02-26,3,6247.0,403,0,0,7062
159,2014-02-26,3,5354.0,533,0,0,5992
160,2014-02-26,3,3597.0,418,0,0,1928
161,2014-02-26,3,6859.0,903,0,0,5587
162,2014-02-26,3,4850.0,400,0,0,6230
163,2014-02-26,3,6104.0,816,0,0,5142
164,2014-02-26,3,4708.0,578,0,0,3518
165,2014-02-26,3,3987.0,421,0,0,2991
166,2014-02-26,3,4604.0,708,0,0,5328
167,2014-02-26,3,6265.0,906,0,0,7260
168,2014-02-26,3,5894.0,661,0,0,5593
169,2014-02-26,3,5701.0,666,0,0,5943
170,2014-02-26,3,4612.0,551,0,0,3220
171,2014-02-26,3,6116.0,762,0,0,5620
172,2014-02-26,3,5790.0,791,0,0,5358
173,2014-02-26,3,5906.0,886,0,0,6936
174,2014-02-26,3,5028.0,438,0,0,3498
175,2014-02-26,3,4447.0,603,0,0,3060
176,2014-02-26,3,3842.0,571,0,0,3875
177,2014-02-26,3,3615.0,500,0,0,2112
178,2014-02-26,3,7294.0,754,0,0,7455
179,2014-02-26,3,5316.0,797,0,0,5819
180,2014-02-26,3,5436.0,713,0,0,5550
181,2014-02-26,3,4476.0,569,0,0,4976
182,2014-02-26,3,3877.0,354,0,0,3590
183,2014-02-26,3,3601.0,533,0,0,5272
184,2014-02-26,3,5873.0,628,0,0,3623
185,2014-02-26,3,4741.0,395,0,0,4600
186,2014-02-26,3,2692.0,319,0,0,3363
187,2014-02-26,3,4854.0,701,0,0,2613
188,2014-02-26,3,3505.0,367,0,0,4791
189,2014-02-26,3,8752.0,887,0,0,7523
190,2014-02-26,3,5675.0,628,0,0,7265
191,2014-02-26,3,5442.0,657,0,0,4302
192,2014-02-26,3,5637.0,442,0,0,6784
193,2014-02-26,3,4119.0,741,0,0,3843
194,2014-02-26,3,4135.0,425,0,0,2908
195,2014-02-26,3,10639.0,1457,0,0,7893
196,2014-02-26,3,3740.0,609,0,0,3252
197,2014-02-26,3,5033.0,734,0,0,4534
198,2014-02-26,3,1574.0,219,0,0,1068
199,2014-02-26,3,5836.0,543,0,0,5949
200,2014-02-26,3,7926.0,1049,0,0,6164
201,2014-02-26,3,4842.0,517,0,0,5183
202,2014-02-26,3,5017.0,446,0,0,4807
203,2014-02-26,3,5881.0,874,0,0,5615
204,2014-02-26,3,5301.0,497,0,0,4336
205,2014-02-26,3,4412.0,728,0,0,4671
206,2014-02-26,3,5645.0,711,0,0,4055
207,2014-02-26,3,8418.0,1171,0,0,10748
208,2014-02-26,3,2294.0,337,0,0,1485
209,2014-02-26,3,4207.0,480,0,0,6353
210,2014-02-26,3,2609.0,270,0,0,3018
211,2014-02-26,3,11255.0,1409,0,0,10341
212,2014-02-26,3,4171.0,472,0,0,3781
213,2014-02-26,3,6671.0,586,0,0,6297
214,2014-02-26,3,9005.0,791,0,0,7444
215,2014-02-26,3,4200.0,381,0,0,5099
216,2014-02-26,3,6342.0,879,0,0,4597
217,2014-02-26,3,3568.0,539,0,0,2864
218,2014-02-26,3,4583.0,679,0,0,4912
219,2014-02-26,3,3091.0,454,0,0,2218
220,2014-02-26,3,4636.0,677,0,0,5863
221,2014-02-26,3,3609.0,392,0,0,4815
222,2014-02-26,3,4315.0,528,0,0,4084
223,2014-02-26,3,5159.0,635,0,0,6220
224,2014-02-26,3,4689.0,391,0,0,5885
225,2014-02-26,3,3491.0,429,0,0,3597
226,2014-02-26,3,5456.0,608,0,0,3885
227,2014-02-26,3,6336.0,667,0,0,4415
228,2014-02-26,3,5301.0,453,0,0,5700
229,2014-02-26,3,6370.0,640,0,0,5704
230,2014-02-26,3,5851.0,794,0,0,4642
231,2014-02-26,3,3190.0,303,0,0,3228
232,2014-02-26,3,1939.0,235,0,0,2362
233,2014-02-26,3,7343.0,899,0,0,7559
234,2014-02-26,3,7571.0,817,0,0,8817
235,2014-02-26,3,3908.0,394,0,0,3647
236,2014-02-26,3,5727.0,816,0,0,5089
237,2014-02-26,3,3939.0,549,0,0,3555
238,2014-02-26,3,7210.0,1126,0,0,1843
239,2014-02-26,3,3523.0,423,0,0,3917
240,2014-02-26,3,4226.0,439,0,0,2762
241,2014-02-26,3,4944.0,613,0,0,4324
242,2014-02-26,3,2288.0,244,0,0,2774
243,2014-02-26,3,4977.0,720,0,0,5465
244,2014-02-26,3,3321.0,419,0,0,2847
245,2014-02-26,3,7821.0,994,0,0,6421
246,2014-02-26,3,5514.0,813,0,0,3864
247,2014-02-26,3,5143.0,468,0,0,6244
248,2014-02-26,3,6185.0,891,0,0,8406
249,2014-02-26,3,3737.0,441,0,0,4925
250,2014-02-26,3,5867.0,532,0,0,7432
251,2014-02-26,3,14253.0,2061,0,0,15209
252,2014-02-26,3,8287.0,762,0,0,7680
253,2014-02-26,3,4184.0,589,0,0,4968
254,2014-02-26,3,2241.0,220,0,0,3017
255,2014-02-26,3,4628.0,534,0,0,3750
256,2014-02-26,3,9495.0,1462,0,0,6349
257,2014-02-26,3,4043.0,587,0,0,2993
258,2014-02-26,3,4269.0,413,0,0,4275
259,2014-02-26,3,11151.0,2391,0,0,10329
260,2014-02-26,3,5544.0,821,0,0,5847
261,2014-02-26,3,8359.0,743,0,0,9784
262,2014-02-26,3,16506.0,2807,0,0,17620
263,2014-02-26,3,2589.0,270,0,0,2116
264,2014-02-26,3,4897.0,784,0,0,6320
265,2014-02-26,3,3493.0,424,0,0,3580
266,2014-02-26,3,3450.0,504,0,0,3222
267,2014-02-26,3,5665.0,767,0,0,8150
268,2014-02-26,3,3631.0,505,0,0,2301
269,2014-02-26,3,6525.0,1032,0,0,7534
270,2014-02-26,3,7476.0,1032,0,0,6664
271,2014-02-26,3,5612.0,694,0,0,8753
272,2014-02-26,3,4446.0,539,0,0,4856
273,2014-02-26,3,4876.0,599,0,0,5074
274,2014-02-26,3,2990.0,815,0,0,3140
275,2014-02-26,3,6694.0,729,0,0,5653
276,2014-02-26,3,3404.0,480,0,0,4527
277,2014-02-26,3,4870.0,453,0,0,5773
278,2014-02-26,3,5600.0,710,0,0,5393
279,2014-02-26,3,5203.0,474,0,0,7028
280,2014-02-26,3,5702.0,549,0,0,5033
281,2014-02-26,3,4402.0,459,0,0,4249
282,2014-02-26,3,3525.0,597,0,0,2379
283,2014-02-26,3,5676.0,650,0,0,6043
284,2014-02-26,3,3583.0,363,0,0,6145
285,2014-02-26,3,3876.0,429,0,0,3760
286,2014-02-26,3,4097.0,407,0,0,2799
287,2014-02-26,3,6452.0,721,0,0,6697
288,2014-02-26,3,3993.0,307,0,0,5167
289,2014-02-26,3,4843.0,485,0,0,5696
290,2014-02-26,3,6233.0,722,0,0,5192
291,2014-02-26,3,5480.0,660,0,0,6017
292,2014-02-26,3,5108.0,680,0,0,4516
293,2014-02-26,3,4203.0,634,0,0,4906
294,2014-02-26,3,5142.0,766,0,0,4364
295,2014-02-26,3,4367.0,630,0,0,3119
296,2014-02-26,3,5094.0,686,0,0,6082
297,2014-02-26,3,5433.0,653,0,0,5257
298,2014-02-26,3,5591.0,507,0,0,7083
299,2014-02-26,3,4152.0,453,0,0,2034
300,2014-02-26,3,4546.0,668,0,0,4302
301,2014-02-26,3,4945.0,570,0,0,4374
302,2014-02-26,3,2267.0,233,0,0,3348
303,2014-02-26,3,4525.0,590,0,0,4355
304,2014-02-26,3,5193.0,967,0,0,5089
305,2014-02-26,3,3871.0,401,0,0,4670
306,2014-02-26,3,4168.0,479,0,0,3767
307,2014-02-26,3,1640.0,222,0,0,2047
308,2014-02-26,3,6176.0,752,0,0,7811
309,2014-02-26,3,5077.0,539,0,0,5798
310,2014-02-26,3,6569.0,632,0,0,6861
311,2014-02-26,3,5521.0,796,0,0,5216
312,2014-02-26,3,3532.0,395,0,0,3981
313,2014-02-26,3,4848.0,544,0,0,6200
314,2014-02-26,3,4522.0,550,0,0,3946
315,2014-02-26,3,3198.0,415,0,0,5067
316,2014-02-26,3,7033.0,748,0,0,9038
317,2014-02-26,3,4396.0,511,0,0,4252
318,2014-02-26,3,5004.0,528,0,0,6371
319,2014-02-26,3,6700.0,775,0,0,6996
320,2014-02-26,3,11091.0,1755,0,0,10469
321,2014-02-26,3,3568.0,416,0,0,3426
322,2014-02-26,3,3504.0,458,0,0,3515
323,2014-02-26,3,5280.0,501,0,0,5539
324,2014-02-26,3,3955.0,589,0,0,2736
325,2014-02-26,3,4653.0,528,0,0,5655
326,2014-02-26,3,3466.0,319,0,0,3931
327,2014-02-26,3,5613.0,781,0,0,5614
328,2014-02-26,3,4248.0,541,0,0,5124
329,2014-02-26,3,6059.0,606,0,0,5817
330,2014-02-26,3,4022.0,445,0,0,5112
331,2014-02-26,3,5277.0,786,0,0,4431
332,2014-02-26,3,3196.0,474,0,0,2343
333,2014-02-26,3,7770.0,1124,0,0,6335
334,2014-02-26,3,4268.0,512,0,0,4226
335,2014-02-26,3,11860.0,2425,0,0,10947
336,2014-02-26,3,11067.0,1761,0,0,11901
337,2014-02-26,3,3870.0,336,0,0,4072
338,2014-02-26,3,4721.0,481,0,0,5568
339,2014-02-26,3,4835.0,684,0,0,4239
340,2014-02-26,3,4680.0,617,0,0,4559
341,2014-02-26,3,4837.0,713,0,0,3835
342,2014-02-26,3,8744.0,735,0,0,7077
343,2014-02-26,3,5679.0,610,0,0,5042
344,2014-02-26,3,5934.0,913,0,0,6586
345,2014-02-26,3,4342.0,481,0,0,4598
346,2014-02-26,3,6145.0,601,0,0,5330
347,2014-02-26,3,3956.0,346,0,0,5677
348,2014-02-26,3,7674.0,701,0,0,5644
349,2014-02-26,3,6370.0,690,0,0,4963
350,2014-02-26,3,4819.0,397,0,0,5291
351,2014-02-26,3,4775.0,468,0,0,4922
352,2014-02-26,3,4888.0,528,0,0,4039
353,2014-02-26,3,5320.0,1514,0,0,4948
354,2014-02-26,3,5985.0,636,0,0,7870
355,2014-02-26,3,6846.0,930,0,0,6620
356,2014-02-26,3,4642.0,378,0,0,4217
357,2014-02-26,3,5159.0,768,0,0,5426
358,2014-02-26,3,7492.0,973,0,0,8160
359,2014-02-26,3,6819.0,641,0,0,3998
360,2014-02-26,3,5243.0,637,0,0,5438
361,2014-02-26,3,4120.0,452,0,0,5144
362,2014-02-26,3,7147.0,947,0,0,7513
363,2014-02-26,3,5665.0,814,0,0,5860
364,2014-02-26,3,3959.0,522,0,0,4152
365,2014-02-26,3,4049.0,474,0,0,3809
366,2014-02-26,3,4111.0,473,0,0,4320
367,2014-02-26,3,2863.0,382,0,0,5516
368,2014-02-26,3,6991.0,607,0,0,7817
369,2014-02-26,3,4958.0,465,0,0,6020
370,2014-02-26,3,5623.0,519,0,0,6265
371,2014-02-26,3,5075.0,428,0,0,7566
372,2014-02-26,3,6319.0,632,0,0,5736
373,2014-02-26,3,3808.0,293,0,0,2912
374,2014-02-26,3,5951.0,780,0,0,1891
375,2014-02-26,3,5821.0,532,0,0,7305
376,2014-02-26,3,5791.0,768,0,0,5808
377,2014-02-26,3,5180.0,788,0,0,6243
378,2014-02-26,3,4853.0,839,0,0,5403
379,2014-02-26,3,2744.0,403,0,0,3740
380,2014-02-26,3,11653.0,1246,0,0,9584
381,2014-02-26,3,7596.0,936,0,0,6003
382,2014-02-26,3,5044.0,454,0,0,7030
383,2014-02-26,3,13428.0,1839,0,0,12981
384,2014-02-26,3,6459.0,816,0,0,6849
385,2014-02-26,3,5358.0,519,0,0,6864
386,2014-02-26,3,6220.0,550,0,0,8587
387,2014-02-26,3,8556.0,1226,0,0,8426
388,2014-02-26,3,8215.0,947,0,0,7950
389,2014-02-26,3,8080.0,1185,0,0,7666
390,2014-02-26,3,9755.0,994,0,0,9234
391,2014-02-26,3,4840.0,651,0,0,4276
392,2014-02-26,3,5734.0,666,0,0,7323
393,2014-02-26,3,5729.0,629,0,0,6392
394,2014-02-26,3,5706.0,539,0,0,6288
395,2014-02-26,3,4026.0,558,0,0,2259
396,2014-02-26,3,6676.0,842,0,0,7899
397,2014-02-26,3,4401.0,721,0,0,4173
398,2014-02-26,3,3950.0,476,0,0,4273
399,2014-02-26,3,4049.0,492,0,0,2178
400,2014-02-26,3,5991.0,977,0,0,5053
401,2014-02-26,3,5059.0,552,0,0,2458
402,2014-02-26,3,3181.0,423,0,0,4506
403,2014-02-26,3,7186.0,782,0,0,5391
404,2014-02-26,3,4529.0,604,0,0,4153
405,2014-02-26,3,2725.0,402,0,0,2282
406,2014-02-26,3,4330.0,391,0,0,5481
407,2014-02-26,3,2619.0,243,0,0,2828
408,2014-02-26,3,3167.0,373,0,0,3426
409,2014-02-26,3,4782.0,488,0,0,3908
410,2014-02-26,3,5954.0,818,0,0,3758
411,2014-02-26,3,6931.0,584,0,0,6988
412,2014-02-26,3,6129.0,528,0,0,7117
413,2014-02-26,3,6215.0,876,0,0,5012
414,2014-02-26,3,4918.0,423,0,0,4905
415,2014-02-26,3,5766.0,570,0,0,3201
416,2014-02-26,3,8515.0,1216,0,0,7569
417,2014-02-26,3,6230.0,773,0,0,6889
418,2014-02-26,3,4718.0,565,0,0,4423
419,2014-02-26,3,4034.0,726,0,0,3208
420,2014-02-26,3,3405.0,335,0,0,2352
421,2014-02-26,3,5940.0,684,0,0,7317
422,2014-02-26,3,3719.0,433,0,0,3234
423,2014-02-26,3,7988.0,1525,0,0,7602
424,2014-02-26,3,5183.0,674,0,0,4114
425,2014-02-26,3,3153.0,471,0,0,3312
426,2014-02-26,3,4732.0,680,0,0,2622
427,2014-02-26,3,5414.0,628,0,0,5724
428,2014-02-26,3,5160.0,469,0,0,4993
429,2014-02-26,3,4044.0,377,0,0,4607
430,2014-02-26,3,6532.0,604,0,0,6514
431,2014-02-26,3,7993.0,963,0,0,6968
432,2014-02-26,3,9336.0,1459,0,0,9467
433,2014-02-26,3,4095.0,577,0,0,4268
434,2014-02-26,3,7803.0,619,0,0,6352
435,2014-02-26,3,4205.0,528,0,0,2486
436,2014-02-26,3,4133.0,516,0,0,5878
437,2014-02-26,3,5140.0,617,0,0,5453
438,2014-02-26,3,3400.0,414,0,0,4563
439,2014-02-26,3,4874.0,737,0,0,2513
440,2014-02-26,3,3692.0,512,0,0,3508
441,2014-02-26,3,5498.0,714,0,0,4178
442,2014-02-26,3,2881.0,357,0,0,3649
443,2014-02-26,3,3587.0,362,0,0,3901
444,2014-02-26,3,9280.0,1273,0,0,10445
445,2014-02-26,3,8411.0,1294,0,0,6606
446,2014-02-26,3,4580.0,609,0,0,4916
447,2014-02-26,3,4171.0,548,0,0,2743
448,2014-02-26,3,6947.0,654,0,0,6820
449,2014-02-26,3,8806.0,1393,0,0,8517
450,2014-02-26,3,5800.0,783,0,0,6552
451,2014-02-26,3,3878.0,373,0,0,5669
452,2014-02-26,3,3280.0,346,0,0,4499
453,2014-02-26,3,5333.0,704,0,0,4423
454,2014-02-26,3,4620.0,700,0,0,5664
455,2014-02-26,3,5378.0,372,0,0,6278
456,2014-02-26,3,5152.0,843,0,0,4826
457,2014-02-26,3,3883.0,363,0,0,4893
458,2014-02-26,3,5149.0,528,0,0,5970
459,2014-02-26,3,6702.0,964,0,0,8241
460,2014-02-26,3,2385.0,266,0,0,1986
461,2014-02-26,3,3360.0,384,0,0,3357
462,2014-02-26,3,3538.0,538,0,0,4446
463,2014-02-26,3,5184.0,868,0,0,4323
464,2014-02-26,3,6994.0,939,0,0,8742
465,2014-02-26,3,5284.0,467,0,0,5977
466,2014-02-26,3,6213.0,724,0,0,3965
467,2014-02-26,3,10119.0,1359,0,0,9376
468,2014-02-26,3,5322.0,657,0,0,4442
469,2014-02-26,3,7927.0,1138,0,0,8980
470,2014-02-26,3,11143.0,1746,0,0,9456
471,2014-02-26,3,4427.0,433,0,0,5718
472,2014-02-26,3,3966.0,569,0,0,3691
473,2014-02-26,3,3166.0,512,0,0,2895
474,2014-02-26,3,6030.0,637,0,0,7211
475,2014-02-26,3,5806.0,998,0,0,4142
476,2014-02-26,3,4489.0,561,0,0,3966
477,2014-02-26,3,5429.0,393,0,0,3211
478,2014-02-26,3,5374.0,666,0,0,6287
479,2014-02-26,3,8487.0,1124,0,0,8654
480,2014-02-26,3,4152.0,619,0,0,2041
481,2014-02-26,3,4320.0,405,0,0,5418
482,2014-02-26,3,5568.0,685,0,0,6026
483,2014-02-26,3,3351.0,520,0,0,1868
484,2014-02-26,3,4787.0,562,0,0,5949
485,2014-02-26,3,3514.0,365,0,0,4579
486,2014-02-26,3,3111.0,426,0,0,3523
487,2014-02-26,3,4720.0,497,0,0,4731
488,2014-02-26,3,2757.0,331,0,0,2889
489,2014-02-26,3,5374.0,550,0,0,5597
490,2014-02-26,3,6924.0,965,0,0,6566
491,2014-02-26,3,4850.0,397,0,0,5227
492,2014-02-26,3,5068.0,891,0,0,7318
493,2014-02-26,3,6880.0,738,0,0,6610
494,2014-02-26,3,6520.0,969,0,0,5926
495,2014-02-26,3,3221.0,299,0,0,2911
496,2014-02-26,3,5588.0,670,0,0,5934
497,2014-02-26,3,6889.0,958,0,0,6519
498,2014-02-26,3,5742.0,799,0,0,5885
499,2014-02-26,3,4287.0,649,0,0,4348
500,2014-02-26,3,4209.0,346,0,0,3183
501,2014-02-26,3,4776.0,637,0,0,4445
502,2014-02-26,3,7852.0,1272,0,0,7101
503,2014-02-26,3,4380.0,329,0,0,4652
504,2014-02-26,3,4815.0,812,0,0,5181
505,2014-02-26,3,3586.0,543,0,0,4188
506,2014-02-26,3,6040.0,791,0,0,5353
507,2014-02-26,3,6114.0,539,0,0,4576
508,2014-02-26,3,5297.0,633,0,0,5701
509,2014-02-26,3,4665.0,458,0,0,5565
510,2014-02-26,3,7428.0,914,0,0,6557
511,2014-02-26,3,4512.0,722,0,0,4421
512,2014-02-26,3,4511.0,1222,0,0,5066
513,2014-02-26,3,13243.0,1677,0,0,16233
514,2014-02-26,3,4247.0,527,0,0,5094
515,2014-02-26,3,6220.0,602,0,0,7686
516,2014-02-26,3,4357.0,670,0,0,4689
517,2014-02-26,3,3863.0,486,0,0,5858
518,2014-02-26,3,4446.0,421,0,0,4992
519,2014-02-26,3,3308.0,429,0,0,4160
520,2014-02-26,3,3459.0,371,0,0,2074
521,2014-02-26,3,4938.0,430,0,0,5219
522,2014-02-26,3,5955.0,527,0,0,7275
523,2014-02-26,3,10425.0,1391,0,0,11111
524,2014-02-26,3,6180.0,755,0,0,5854
525,2014-02-26,3,7571.0,746,0,0,7197
526,2014-02-26,3,9348.0,1420,0,0,8304
527,2014-02-26,3,8729.0,889,0,0,9989
528,2014-02-26,3,7812.0,848,0,0,7448
529,2014-02-26,3,5319.0,609,0,0,6035
530,2014-02-26,3,2433.0,360,0,0,3315
531,2014-02-26,3,3675.0,544,0,0,2792
532,2014-02-26,3,14177.0,1804,0,0,7877
533,2014-02-26,3,7576.0,788,0,0,6615
534,2014-02-26,3,4778.0,409,0,0,5118
535,2014-02-26,3,8456.0,1086,0,0,5478
536,2014-02-26,3,6631.0,804,0,0,5677
537,2014-02-26,3,4643.0,566,0,0,4740
538,2014-02-26,3,3118.0,523,0,0,3407
539,2014-02-26,3,8981.0,1005,0,0,9595
540,2014-02-26,3,4052.0,337,0,0,5429
541,2014-02-26,3,5062.0,740,0,0,4165
542,2014-02-26,3,5328.0,504,0,0,5210
543,2014-02-26,3,1728.0,197,0,0,1508
544,2014-02-26,3,10021.0,1525,0,0,10718
545,2014-02-26,3,7896.0,921,0,0,9223
546,2014-02-26,3,10597.0,1407,0,0,10182
547,2014-02-26,3,5064.0,393,0,0,3376
548,2014-02-26,3,3314.0,327,0,0,3969
549,2014-02-26,3,3721.0,532,0,0,4059
550,2014-02-26,3,4631.0,421,0,0,5176
551,2014-02-26,3,5650.0,928,0,0,5801
552,2014-02-26,3,5004.0,556,0,0,6631
553,2014-02-26,3,3972.0,462,0,0,5937
554,2014-02-26,3,3797.0,528,0,0,3747
555,2014-02-26,3,3758.0,405,0,0,4134
556,2014-02-26,3,5862.0,744,0,0,4714
557,2014-02-26,3,3707.0,637,0,0,3273
558,2014-02-26,3,2336.0,402,0,0,4190
559,2014-02-26,3,5098.0,696,0,0,2800
560,2014-02-26,3,9506.0,1275,0,0,12132
561,2014-02-26,3,4785.0,571,0,0,5520
562,2014-02-26,3,16296.0,2928,0,0,15845
563,2014-02-26,3,4829.0,648,0,0,5048
564,2014-02-26,3,5221.0,538,0,0,4624
565,2014-02-26,3,5125.0,732,0,0,5453
566,2014-02-26,3,3747.0,453,0,0,4128
567,2014-02-26,3,3881.0,575,0,0,4546
568,2014-02-26,3,3479.0,352,0,0,4976
569,2014-02-26,3,4037.0,659,0,0,3122
570,2014-02-26,3,4634.0,712,0,0,3157
571,2014-02-26,3,5853.0,445,0,0,7487
572,2014-02-26,3,5104.0,469,0,0,4069
573,2014-02-26,3,3438.0,317,0,0,3842
574,2014-02-26,3,6546.0,560,0,0,6983
575,2014-02-26,3,3779.0,440,0,0,5259
576,2014-02-26,3,5158.0,761,0,0,4924
577,2014-02-26,3,4139.0,557,0,0,3259
578,2014-02-26,3,5277.0,558,0,0,6184
579,2014-02-26,3,6248.0,772,0,0,7342
580,2014-02-26,3,8096.0,1412,0,0,8034
581,2014-02-26,3,4188.0,562,0,0,3614
582,2014-02-26,3,5175.0,699,0,0,4609
583,2014-02-26,3,3605.0,404,0,0,4895
584,2014-02-26,3,3896.0,398,0,0,4255
585,2014-02-26,3,5063.0,908,0,0,5117
586,2014-02-26,3,11826.0,1998,0,0,11365
587,2014-02-26,3,6208.0,496,0,0,6544
588,2014-02-26,3,4552.0,561,0,0,3799
589,2014-02-26,3,3641.0,448,0,0,3951
590,2014-02-26,3,3722.0,350,0,0,2688
591,2014-02-26,3,5093.0,515,0,0,4603
592,2014-02-26,3,4491.0,651,0,0,4090
593,2014-02-26,3,6772.0,977,0,0,6618
594,2014-02-26,3,3557.0,442,0,0,3622
595,2014-02-26,3,11518.0,1380,0,0,11279
596,2014-02-26,3,3171.0,585,0,0,4704
597,2014-02-26,3,4294.0,673,0,0,4029
598,2014-02-26,3,4377.0,623,0,0,4278
599,2014-02-26,3,6649.0,703,0,0,7947
600,2014-02-26,3,4368.0,442,0,0,6079
601,2014-02-26,3,3981.0,336,0,0,3443
602,2014-02-26,3,5514.0,588,0,0,5035
603,2014-02-26,3,5145.0,822,0,0,6119
604,2014-02-26,3,6800.0,508,0,0,6275
605,2014-02-26,3,4522.0,386,0,0,5797
606,2014-02-26,3,4501.0,576,0,0,6082
607,2014-02-26,3,2396.0,295,0,0,4120
608,2014-02-26,3,6564.0,781,0,0,7565
609,2014-02-26,3,4028.0,497,0,0,4513
610,2014-02-26,3,2881.0,432,0,0,3256
611,2014-02-26,3,5042.0,437,0,0,3941
612,2014-02-26,3,5197.0,305,0,0,4337
613,2014-02-26,3,4984.0,800,0,0,5579
614,2014-02-26,3,5349.0,828,0,0,4499
615,2014-02-26,3,6822.0,991,0,0,6497
616,2014-02-26,3,7074.0,764,0,0,8080
617,2014-02-26,3,4865.0,493,0,0,4700
618,2014-02-26,3,4744.0,417,0,0,4690
619,2014-02-26,3,3352.0,401,0,0,3254
620,2014-02-26,3,6544.0,618,0,0,5758
621,2014-02-26,3,5816.0,865,0,0,3987
622,2014-02-26,3,3414.0,392,0,0,4220
623,2014-02-26,3,6819.0,930,0,0,7143
624,2014-02-26,3,6332.0,712,0,0,7834
625,2014-02-26,3,6020.0,657,0,0,4713
626,2014-02-26,3,5948.0,587,0,0,6980
627,2014-02-26,3,4437.0,514,0,0,4545
628,2014-02-26,3,4387.0,644,0,0,5464
629,2014-02-26,3,5800.0,583,0,0,5282
630,2014-02-26,3,6211.0,813,0,0,6372
631,2014-02-26,3,3978.0,523,0,0,3235
632,2014-02-26,3,5562.0,773,0,0,5749
633,2014-02-26,3,5889.0,496,0,0,3433
634,2014-02-26,3,4646.0,524,0,0,3490
635,2014-02-26,3,3779.0,438,0,0,4984
636,2014-02-26,3,2910.0,457,0,0,4933
637,2014-02-26,3,7282.0,694,0,0,5824
638,2014-02-26,3,4185.0,394,0,0,4162
639,2014-02-26,3,4812.0,564,0,0,4408
640,2014-02-26,3,8628.0,764,0,0,7960
641,2014-02-26,3,4757.0,489,0,0,4078
642,2014-02-26,3,2940.0,455,0,0,4153
643,2014-02-26,3,5672.0,819,0,0,6367
644,2014-02-26,3,7205.0,881,0,0,5834
645,2014-02-26,3,7406.0,1055,0,0,9412
646,2014-02-26,3,4250.0,668,0,0,3730
647,2014-02-26,3,4013.0,554,0,0,4555
648,2014-02-26,3,4363.0,468,0,0,5375
649,2014-02-26,3,2710.0,342,0,0,3251
650,2014-02-26,3,4720.0,567,0,0,6207
651,2014-02-26,3,8480.0,1111,0,0,6518
652,2014-02-26,3,4045.0,496,0,0,5373
653,2014-02-26,3,4945.0,495,0,0,4839
654,2014-02-26,3,5148.0,632,0,0,4404
655,2014-02-26,3,5900.0,571,0,0,7161
656,2014-02-26,3,2480.0,326,0,0,3408
657,2014-02-26,3,4715.0,674,0,0,4186
658,2014-02-26,3,4408.0,517,0,0,4643
659,2014-02-26,3,4186.0,603,0,0,6231
660,2014-02-26,3,3152.0,443,0,0,5851
661,2014-02-26,3,4966.0,474,0,0,5667
662,2014-02-26,3,5358.0,570,0,0,5845
663,2014-02-26,3,3776.0,589,0,0,5198
664,2014-02-26,3,3292.0,496,0,0,3126
665,2014-02-26,3,6397.0,1216,0,0,6688
666,2014-02-26,3,4374.0,480,0,0,5465
667,2014-02-26,3,5853.0,619,0,0,6561
668,2014-02-26,3,6687.0,1002,0,0,6847
669,2014-02-26,3,3728.0,340,0,0,2938
670,2014-02-26,3,4778.0,619,0,0,5097
671,2014-02-26,3,5268.0,551,0,0,4448
672,2014-02-26,3,6212.0,1096,0,0,6474
673,2014-02-26,3,4879.0,475,0,0,4149
674,2014-02-26,3,6754.0,983,0,0,7279
675,2014-02-26,3,2784.0,347,0,0,2975
676,2014-02-26,3,6148.0,1594,0,0,6379
677,2014-02-26,3,6159.0,538,0,0,10236
678,2014-02-26,3,4960.0,690,0,0,5782
679,2014-02-26,3,8018.0,971,0,0,7512
680,2014-02-26,3,3381.0,602,0,0,3639
681,2014-02-26,3,3295.0,505,0,0,4103
682,2014-02-26,3,9724.0,1644,0,0,9959
683,2014-02-26,3,7612.0,790,0,0,7495
684,2014-02-26,3,5925.0,497,0,0,6033
685,2014-02-26,3,5032.0,546,0,0,6240
686,2014-02-26,3,4978.0,679,0,0,5510
687,2014-02-26,3,7323.0,756,0,0,6605
688,2014-02-26,3,2667.0,303,0,0,3847
689,2014-02-26,3,5118.0,576,0,0,5638
690,2014-02-26,3,4824.0,765,0,0,3169
691,2014-02-26,3,7637.0,641,0,0,5368
692,2014-02-26,3,4917.0,657,0,0,5000
693,2014-02-26,3,3688.0,330,0,0,4435
694,2014-02-26,3,6254.0,723,0,0,6709
695,2014-02-26,3,4029.0,469,0,0,4622
696,2014-02-26,3,5634.0,854,0,0,6757
697,2014-02-26,3,8214.0,890,0,0,9170
698,2014-02-26,3,13492.0,1793,0,0,12839
699,2014-02-26,3,6126.0,831,0,0,6969
700,2014-02-26,3,3608.0,515,0,0,5443
701,2014-02-26,3,3767.0,503,0,0,4099
702,2014-02-26,3,2614.0,249,0,0,3247
703,2014-02-26,3,3195.0,389,0,0,1676
704,2014-02-26,3,8066.0,963,0,0,7059
705,2014-02-26,3,6315.0,885,0,0,5837
706,2014-02-26,3,4283.0,419,0,0,4477
707,2014-02-26,3,6285.0,769,0,0,5791
708,2014-02-26,3,2402.0,327,0,0,3601
709,2014-02-26,3,9544.0,1375,0,0,8243
710,2014-02-26,3,3401.0,281,0,0,2869
711,2014-02-26,3,5075.0,458,0,0,6081
712,2014-02-26,3,4712.0,505,0,0,5817
713,2014-02-26,3,7733.0,1130,0,0,8743
714,2014-02-26,3,3600.0,302,0,0,3130
715,2014-02-26,3,5480.0,694,0,0,3655
716,2014-02-26,3,3947.0,371,0,0,3636
717,2014-02-26,3,3597.0,457,0,0,5349
718,2014-02-26,3,6015.0,747,0,0,5986
719,2014-02-26,3,3499.0,306,0,0,5586
720,2014-02-26,3,5375.0,623,0,0,6646
721,2014-02-26,3,6035.0,662,0,0,6082
722,2014-02-26,3,7794.0,1353,0,0,7475
723,2014-02-26,3,4423.0,410,0,0,4204
724,2014-02-26,3,6383.0,679,0,0,7293
725,2014-02-26,3,4287.0,476,0,0,4110
726,2014-02-26,3,7153.0,769,0,0,8733
727,2014-02-26,3,3826.0,427,0,0,424
728,2014-02-26,3,4296.0,416,0,0,4664
729,2014-02-26,3,7686.0,898,0,0,8987
730,2014-02-26,3,5773.0,820,0,0,6432
731,2014-02-26,3,7538.0,955,0,0,6567
732,2014-02-26,3,3615.0,477,0,0,3504
733,2014-02-26,3,15968.0,3690,0,0,13064
734,2014-02-26,3,5116.0,564,0,0,5889
735,2014-02-26,3,3261.0,388,0,0,5554
736,2014-02-26,3,3665.0,390,0,0,3047
737,2014-02-26,3,4876.0,766,0,0,2338
738,2014-02-26,3,6990.0,632,0,0,6997
739,2014-02-26,3,6070.0,572,0,0,7325
740,2014-02-26,3,5141.0,433,0,0,5148
741,2014-02-26,3,5040.0,726,0,0,7749
742,2014-02-26,3,5443.0,674,0,0,5929
743,2014-02-26,3,2929.0,356,0,0,2585
744,2014-02-26,3,5905.0,712,0,0,7978
745,2014-02-26,3,5908.0,743,0,0,4489
746,2014-02-26,3,4426.0,423,0,0,4826
747,2014-02-26,3,5253.0,490,0,0,5538
748,2014-02-26,3,4991.0,445,0,0,4691
749,2014-02-26,3,4183.0,580,0,0,3833
750,2014-02-26,3,3375.0,324,0,0,4116
751,2014-02-26,3,3530.0,544,0,0,2618
752,2014-02-26,3,4159.0,423,0,0,4012
753,2014-02-26,3,6656.0,662,0,0,6713
754,2014-02-26,3,4534.0,659,0,0,4333
755,2014-02-26,3,7427.0,739,0,0,7603
756,2014-02-26,3,11583.0,1829,0,0,12511
757,2014-02-26,3,5077.0,493,0,0,3410
758,2014-02-26,3,4394.0,663,0,0,3500
759,2014-02-26,3,6099.0,772,0,0,4898
760,2014-02-26,3,6295.0,1075,0,0,6150
761,2014-02-26,3,7075.0,853,0,0,12578
762,2014-02-26,3,2950.0,305,0,0,2377
763,2014-02-26,3,4776.0,481,0,0,4845
764,2014-02-26,3,3786.0,489,0,0,2402
765,2014-02-26,3,7999.0,731,0,0,6076
766,2014-02-26,3,4434.0,388,0,0,4607
767,2014-02-26,3,4625.0,524,0,0,4491
768,2014-02-26,3,9775.0,1137,0,0,11101
769,2014-02-26,3,9127.0,2903,0,0,8890
770,2014-02-26,3,5626.0,732,0,0,4414
771,2014-02-26,3,5143.0,626,0,0,5537
772,2014-02-26,3,3197.0,465,0,0,3175
773,2014-02-26,3,4542.0,727,0,0,3516
774,2014-02-26,3,4287.0,609,0,0,5222
775,2014-02-26,3,6591.0,549,0,0,4957
776,2014-02-26,3,4439.0,539,0,0,4199
777,2014-02-26,3,3526.0,317,0,0,1068
778,2014-02-26,3,4193.0,670,0,0,3869
779,2014-02-26,3,4937.0,582,0,0,5352
780,2014-02-26,3,4484.0,599,0,0,4900
781,2014-02-26,3,3903.0,590,0,0,3602
782,2014-02-26,3,4179.0,445,0,0,7088
783,2014-02-26,3,4633.0,530,0,0,4714
784,2014-02-26,3,7396.0,908,0,0,6338
785,2014-02-26,3,4752.0,453,0,0,4715
786,2014-02-26,3,2465.0,457,0,0,1201
787,2014-02-26,3,7340.0,930,0,0,7603
788,2014-02-26,3,14740.0,1604,0,0,17520
789,2014-02-26,3,3081.0,466,0,0,2877
790,2014-02-26,3,5511.0,554,0,0,6568
791,2014-02-26,3,5826.0,702,0,0,6275
792,2014-02-26,3,6022.0,692,0,0,5414
793,2014-02-26,3,3049.0,330,0,0,5019
794,2014-02-26,3,2724.0,506,0,0,2364
795,2014-02-26,3,4268.0,485,0,0,5023
796,2014-02-26,3,5262.0,587,0,0,5197
797,2014-02-26,3,3078.0,330,0,0,2931
798,2014-02-26,3,5056.0,790,0,0,5695
799,2014-02-26,3,8544.0,807,0,0,8867
800,2014-02-26,3,5309.0,539,0,0,5108
801,2014-02-26,3,3110.0,316,0,0,4666
802,2014-02-26,3,4438.0,368,0,0,4508
803,2014-02-26,3,3401.0,340,0,0,4357
804,2014-02-26,3,4324.0,383,0,0,5623
805,2014-02-26,3,3806.0,409,0,0,4229
806,2014-02-26,3,5313.0,455,0,0,6258
807,2014-02-26,3,7233.0,826,0,0,9419
808,2014-02-26,3,5483.0,480,0,0,5205
809,2014-02-26,3,7491.0,783,0,0,6818
810,2014-02-26,3,4874.0,457,0,0,2705
811,2014-02-26,3,3151.0,600,0,0,2830
812,2014-02-26,3,4916.0,699,0,0,3829
813,2014-02-26,3,5365.0,624,0,0,4451
814,2014-02-26,3,6048.0,539,0,0,5352
815,2014-02-26,3,7456.0,829,0,0,8010
816,2014-02-26,3,4181.0,646,0,0,3166
817,2014-02-26,3,18600.0,2841,0,1,20727
818,2014-02-26,3,4339.0,504,0,0,4866
819,2014-02-26,3,4805.0,459,0,0,4497
820,2014-02-26,3,10390.0,1035,0,0,9803
821,2014-02-26,3,5937.0,802,0,0,6935
822,2014-02-26,3,5285.0,480,0,0,7309
823,2014-02-26,3,4371.0,487,0,0,4213
824,2014-02-26,3,5919.0,847,0,0,6260
825,2014-02-26,3,3393.0,445,0,0,3743
826,2014-02-26,3,8801.0,880,0,0,7655
827,2014-02-26,3,8779.0,1258,0,0,9519
828,2014-02-26,3,4392.0,578,0,0,4235
829,2014-02-26,3,4482.0,681,0,0,4820
830,2014-02-26,3,5431.0,541,0,0,3641
831,2014-02-26,3,11961.0,1687,0,0,10187
832,2014-02-26,3,4408.0,430,0,0,4427
833,2014-02-26,3,4306.0,495,0,0,4449
834,2014-02-26,3,4744.0,575,0,0,5992
835,2014-02-26,3,3776.0,543,0,0,4869
836,2014-02-26,3,4617.0,619,0,0,4578
837,2014-02-26,3,5244.0,658,0,0,5534
838,2014-02-26,3,6243.0,716,0,0,7003
839,2014-02-26,3,4568.0,652,0,0,5723
840,2014-02-26,3,6531.0,1047,0,0,6045
841,2014-02-26,3,2028.0,351,0,0,1988
842,2014-02-26,3,13658.0,930,0,0,16111
843,2014-02-26,3,6763.0,861,0,0,5700
844,2014-02-26,3,3069.0,418,0,0,3723
845,2014-02-26,3,4281.0,330,0,0,4064
846,2014-02-26,3,6360.0,701,0,0,6934
847,2014-02-26,3,6109.0,932,0,0,5416
848,2014-02-26,3,4789.0,640,0,0,4771
849,2014-02-26,3,6060.0,760,0,0,6979
850,2014-02-26,3,4269.0,517,0,0,4696
851,2014-02-26,3,4459.0,452,0,0,4248
852,2014-02-26,3,3839.0,550,0,0,3636
853,2014-02-26,3,7189.0,888,0,0,7248
854,2014-02-26,3,4376.0,541,0,0,4595
855,2014-02-26,3,4186.0,490,0,0,4434
856,2014-02-26,3,5065.0,812,0,0,4269
857,2014-02-26,3,5182.0,759,0,0,5600
858,2014-02-26,3,3996.0,407,0,0,3971
859,2014-02-26,3,5898.0,616,0,0,5771
860,2014-02-26,3,3966.0,575,0,0,3700
861,2014-02-26,3,3113.0,520,0,0,3758
862,2014-02-26,3,6912.0,996,0,0,7313
863,2014-02-26,3,6072.0,806,0,0,6396
864,2014-02-26,3,3446.0,536,0,0,2474
865,2014-02-26,3,8163.0,678,0,0,7819
866,2014-02-26,3,4713.0,336,0,0,6002
867,2014-02-26,3,3453.0,334,0,0,3068
868,2014-02-26,3,6445.0,523,0,0,6510
869,2014-02-26,3,4067.0,732,0,0,6194
870,2014-02-26,3,5925.0,811,0,0,7407
871,2014-02-26,3,4915.0,410,0,0,6267
872,2014-02-26,3,8821.0,978,0,0,6940
873,2014-02-26,3,3339.0,422,0,0,2976
874,2014-02-26,3,3332.0,416,0,0,3634
875,2014-02-26,3,4137.0,458,0,0,4158
876,2014-02-26,3,6593.0,834,0,0,5912
877,2014-02-26,3,5464.0,856,0,0,4032
878,2014-02-26,3,7239.0,753,0,0,6511
879,2014-02-26,3,2484.0,260,0,0,2788
880,2014-02-26,3,6224.0,756,0,0,4018
881,2014-02-26,3,3439.0,589,0,0,2980
882,2014-02-26,3,5705.0,815,0,0,5172
883,2014-02-26,3,4813.0,581,0,0,5435
884,2014-02-26,3,3938.0,417,0,0,4419
885,2014-02-26,3,4832.0,725,0,0,3966
886,2014-02-26,3,5648.0,705,0,0,5505
887,2014-02-26,3,4753.0,416,0,0,5143
888,2014-02-26,3,5338.0,570,0,0,6463
889,2014-02-26,3,2990.0,383,0,0,3052
890,2014-02-26,3,3686.0,337,0,0,4352
891,2014-02-26,3,6628.0,1011,0,0,4900
892,2014-02-26,3,4992.0,619,0,0,5820
893,2014-02-26,3,5790.0,844,0,0,5007
894,2014-02-26,3,6268.0,941,0,0,7100
895,2014-02-26,3,7765.0,779,0,0,6970
896,2014-02-26,3,5636.0,936,0,0,5235
897,2014-02-26,3,1933.0,247,0,0,1610
898,2014-02-26,3,4845.0,617,0,0,5390
899,2014-02-26,3,4029.0,485,0,0,4427
900,2014-02-26,3,4282.0,491,0,0,4148
901,2014-02-26,3,5596.0,545,0,0,6678
902,2014-02-26,3,4108.0,614,0,0,3919
903,2014-02-26,3,9132.0,716,0,0,9132
904,2014-02-26,3,3979.0,403,0,0,3716
905,2014-02-26,3,5831.0,950,0,0,9456
906,2014-02-26,3,7403.0,1045,0,0,8222
907,2014-02-26,3,5177.0,753,0,0,4602
908,2014-02-26,3,2632.0,290,0,0,3702
909,2014-02-26,3,7078.0,811,0,0,9013
910,2014-02-26,3,3646.0,432,0,0,3787
911,2014-02-26,3,7863.0,794,0,0,7614
912,2014-02-26,3,4447.0,645,0,0,3838
913,2014-02-26,3,6984.0,992,0,0,6357
914,2014-02-26,3,8070.0,1070,0,0,7628
915,2014-02-26,3,4259.0,375,0,0,5661
916,2014-02-26,3,4222.0,621,0,0,4183
917,2014-02-26,3,5864.0,760,0,0,5143
918,2014-02-26,3,3909.0,497,0,0,3632
919,2014-02-26,3,4297.0,633,0,0,4358
920,2014-02-26,3,4579.0,532,0,0,3817
921,2014-02-26,3,7285.0,962,0,0,6226
922,2014-02-26,3,6111.0,656,0,0,5772
923,2014-02-26,3,4399.0,571,0,0,3903
924,2014-02-26,3,3609.0,416,0,0,3660
925,2014-02-26,3,4781.0,1050,0,0,5367
926,2014-02-26,3,6397.0,548,0,0,6790
927,2014-02-26,3,4734.0,737,0,0,4209
928,2014-02-26,3,6360.0,581,0,0,7473
929,2014-02-26,3,4858.0,661,0,0,4594
930,2014-02-26,3,4503.0,861,0,0,6802
931,2014-02-26,3,2077.0,307,0,0,7829
932,2014-02-26,3,6669.0,725,0,0,7591
933,2014-02-26,3,5896.0,856,0,0,4891
934,2014-02-26,3,5062.0,599,0,0,4717
935,2014-02-26,3,4755.0,555,0,0,4101
936,2014-02-26,3,6180.0,866,0,0,5088
937,2014-02-26,3,4723.0,419,0,0,4774
938,2014-02-26,3,7021.0,796,0,0,7826
939,2014-02-26,3,5275.0,544,0,0,3068
940,2014-02-26,3,5148.0,622,0,0,3801
941,2014-02-26,3,3933.0,480,0,0,5514
942,2014-02-26,3,4297.0,350,0,0,4285
943,2014-02-26,3,5553.0,486,0,0,4962
944,2014-02-26,3,5552.0,992,0,0,8487
945,2014-02-26,3,3726.0,512,0,0,3711
946,2014-02-26,3,2812.0,422,0,0,3414
948,2014-02-26,3,6313.0,1670,0,0,7245
949,2014-02-26,3,3945.0,448,0,0,4846
950,2014-02-26,3,4189.0,523,0,0,3510
951,2014-02-26,3,5273.0,587,0,0,5344
952,2014-02-26,3,5146.0,464,0,0,6821
953,2014-02-26,3,3797.0,466,0,0,1883
954,2014-02-26,3,5564.0,878,0,0,3685
955,2014-02-26,3,5235.0,526,0,0,4169
956,2014-02-26,3,3426.0,551,0,0,1986
957,2014-02-26,3,6621.0,827,0,0,5806
958,2014-02-26,3,3275.0,507,0,0,4305
959,2014-02-26,3,5539.0,670,0,0,2911
960,2014-02-26,3,4456.0,419,0,0,8229
961,2014-02-26,3,5206.0,609,0,0,4330
962,2014-02-26,3,5033.0,757,0,0,4544
963,2014-02-26,3,7782.0,832,0,0,8145
964,2014-02-26,3,6595.0,1096,0,0,2806
965,2014-02-26,3,6513.0,809,0,0,7133
966,2014-02-26,3,4833.0,635,0,0,3720
967,2014-02-26,3,6588.0,802,0,0,6302
968,2014-02-26,3,5666.0,741,0,0,4858
969,2014-02-26,3,2971.0,593,0,0,2948
970,2014-02-26,3,3124.0,427,0,0,3221
971,2014-02-26,3,5948.0,752,0,0,6473
972,2014-02-26,3,2404.0,335,0,0,3273
973,2014-02-26,3,4775.0,677,0,0,5720
974,2014-02-26,3,10287.0,1499,0,0,9387
975,2014-02-26,3,5733.0,690,0,0,5313
976,2014-02-26,3,5345.0,653,0,0,5766
977,2014-02-26,3,3382.0,399,0,0,1648
978,2014-02-26,3,5449.0,862,0,0,3845
979,2014-02-26,3,3827.0,497,0,0,6397
980,2014-02-26,3,6729.0,603,0,0,5066
981,2014-02-26,3,5509.0,583,0,0,3096
982,2014-02-26,3,5157.0,496,0,0,6440
983,2014-02-26,3,9389.0,1369,0,0,8500
984,2014-02-26,3,4362.0,644,0,0,4669
985,2014-02-26,3,4947.0,581,0,0,5490
986,2014-02-26,3,4481.0,699,0,0,4991
987,2014-02-26,3,5030.0,773,0,0,4468
988,2014-02-26,3,3850.0,663,0,0,2745
989,2014-02-26,3,4622.0,566,0,0,3798
990,2014-02-26,3,3887.0,393,0,0,3505
991,2014-02-26,3,5023.0,506,0,0,5071
992,2014-02-26,3,5699.0,764,0,0,4154
993,2014-02-26,3,4502.0,530,0,0,5813
994,2014-02-26,3,3344.0,381,0,0,3647
995,2014-02-26,3,7144.0,653,0,0,7096
996,2014-02-26,3,4398.0,532,0,0,4278
997,2014-02-26,3,3504.0,332,0,0,6487
998,2014-02-26,3,2846.0,419,0,0,4210
999,2014-02-26,3,6017.0,476,0,0,6164
1000,2014-02-26,3,6054.0,624,0,0,5353
1001,2014-02-26,3,3333.0,448,0,0,5938
1002,2014-02-26,3,4555.0,561,0,0,3355
1003,2014-02-26,3,6019.0,732,0,0,5188
1004,2014-02-26,3,3596.0,344,0,0,4523
1005,2014-02-26,3,4666.0,729,0,0,5275
1006,2014-02-26,3,4400.0,677,0,0,4629
1007,2014-02-26,3,4302.0,632,0,0,5486
1008,2014-02-26,3,3775.0,568,0,0,8115
1009,2014-02-26,3,3877.0,433,0,0,3105
1010,2014-02-26,3,5917.0,619,0,0,7366
1011,2014-02-26,3,5564.0,791,0,0,6401
1012,2014-02-26,3,4652.0,449,0,0,4972
1013,2014-02-26,3,3501.0,445,0,0,4238
1014,2014-02-26,3,9504.0,1141,0,0,9381
1015,2014-02-26,3,5106.0,475,0,0,4425
1016,2014-02-26,3,3897.0,459,0,0,3902
1017,2014-02-26,3,5740.0,908,0,0,5178
1018,2014-02-26,3,8475.0,1136,0,0,8972
1019,2014-02-26,3,5884.0,600,0,0,5176
1020,2014-02-26,3,6669.0,910,0,0,7158
1021,2014-02-26,3,6516.0,885,0,0,6449
1022,2014-02-26,3,5002.0,699,0,0,6622
1023,2014-02-26,3,4560.0,521,0,0,4925
1024,2014-02-26,3,4654.0,646,0,0,4994
1025,2014-02-26,3,6345.0,774,0,0,6617
1026,2014-02-26,3,8458.0,1125,0,0,7296
1027,2014-02-26,3,8548.0,1336,0,0,10377
1028,2014-02-26,3,3318.0,448,0,0,3625
1029,2014-02-26,3,4233.0,739,0,0,4608
1030,2014-02-26,3,2107.0,228,0,0,2728
1031,2014-02-26,3,3617.0,362,0,0,4086
1032,2014-02-26,3,6272.0,734,0,0,7124
1033,2014-02-26,3,11025.0,1145,0,0,11082
1034,2014-02-26,3,4585.0,593,0,0,4612
1035,2014-02-26,3,3350.0,437,0,0,3737
1036,2014-02-26,3,4621.0,455,0,0,4650
1037,2014-02-26,3,5328.0,780,0,0,4308
1038,2014-02-26,3,3858.0,383,0,0,4722
1039,2014-02-26,3,7546.0,1034,0,0,5985
1040,2014-02-26,3,7335.0,893,0,0,7154
1041,2014-02-26,3,4535.0,586,0,0,4911
1042,2014-02-26,3,3670.0,486,0,0,2812
1043,2014-02-26,3,5535.0,861,0,0,6653
1044,2014-02-26,3,4856.0,714,0,0,5813
1045,2014-02-26,3,5580.0,724,0,0,5050
1046,2014-02-26,3,5586.0,492,0,0,6830
1047,2014-02-26,3,4447.0,539,0,0,3743
1048,2014-02-26,3,5042.0,421,0,0,4620
1049,2014-02-26,3,3234.0,608,0,0,3311
1050,2014-02-26,3,6491.0,503,0,0,5487
1051,2014-02-26,3,5422.0,920,0,0,5768
1052,2014-02-26,3,6271.0,756,0,0,5970
1053,2014-02-26,3,7309.0,894,0,0,8068
1054,2014-02-26,3,4900.0,555,0,0,3926
1055,2014-02-26,3,5273.0,804,0,0,5809
1056,2014-02-26,3,2739.0,303,0,0,4207
1057,2014-02-26,3,4067.0,490,0,0,5364
1058,2014-02-26,3,7272.0,804,0,0,6768
1059,2014-02-26,3,6322.0,973,0,0,6142
1060,2014-02-26,3,6317.0,831,0,0,5834
1061,2014-02-26,3,5995.0,517,0,0,5622
1062,2014-02-26,3,4634.0,484,0,0,4770
1063,2014-02-26,3,3056.0,448,0,0,3340
1064,2014-02-26,3,8563.0,1090,0,0,6723
1065,2014-02-26,3,3730.0,507,0,0,1162
1066,2014-02-26,3,11315.0,1197,0,0,10256
1067,2014-02-26,3,4498.0,411,0,0,4991
1068,2014-02-26,3,3326.0,239,0,0,-3039
1069,2014-02-26,3,5665.0,922,0,0,6012
1070,2014-02-26,3,5093.0,675,0,0,6601
1071,2014-02-26,3,5011.0,634,0,0,5025
1072,2014-02-26,3,6641.0,711,0,0,2645
1073,2014-02-26,3,5867.0,870,0,0,5177
1074,2014-02-26,3,3496.0,430,0,0,3870
1075,2014-02-26,3,9627.0,1030,0,0,10665
1076,2014-02-26,3,2698.0,482,0,0,1326
1077,2014-02-26,3,3580.0,450,0,0,3322
1078,2014-02-26,3,4556.0,415,0,0,6209
1079,2014-02-26,3,5918.0,560,0,0,5993
1080,2014-02-26,3,8319.0,733,0,0,7804
1081,2014-02-26,3,6109.0,1031,0,0,4808
1082,2014-02-26,3,5412.0,885,0,0,4339
1083,2014-02-26,3,3821.0,306,0,0,3171
1084,2014-02-26,3,4218.0,646,0,0,4279
1085,2014-02-26,3,5459.0,661,0,0,5873
1086,2014-02-26,3,4711.0,635,0,0,6033
1087,2014-02-26,3,4542.0,487,0,0,5478
1088,2014-02-26,3,5789.0,611,0,0,3660
1089,2014-02-26,3,9350.0,1025,0,0,7549
1090,2014-02-26,3,5400.0,811,0,0,2834
1091,2014-02-26,3,5960.0,559,0,0,5425
1092,2014-02-26,3,10603.0,1102,0,0,9745
1093,2014-02-26,3,6333.0,710,0,0,6059
1094,2014-02-26,3,3448.0,330,0,0,4285
1095,2014-02-26,3,4034.0,609,0,0,2851
1096,2014-02-26,3,3631.0,535,0,0,2835
1097,2014-02-26,3,8833.0,2348,0,0,8142
1098,2014-02-26,3,4062.0,646,0,0,5329
1099,2014-02-26,3,5460.0,718,0,0,7220
1100,2014-02-26,3,3637.0,534,0,0,3925
1101,2014-02-26,3,6639.0,812,0,0,7565
1102,2014-02-26,3,6643.0,727,0,0,3732
1103,2014-02-26,3,3582.0,314,0,0,4568
1104,2014-02-26,3,3787.0,336,0,0,3703
1105,2014-02-26,3,3142.0,405,0,0,2307
1106,2014-02-26,3,3976.0,510,0,0,4376
1107,2014-02-26,3,3860.0,504,0,0,2573
1108,2014-02-26,3,3836.0,501,0,0,4421
1109,2014-02-26,3,4372.0,438,0,0,3018
1110,2014-02-26,3,2505.0,401,0,0,3595
1111,2014-02-26,3,4516.0,446,0,0,4513
1112,2014-02-26,3,6613.0,654,0,0,7802
1113,2014-02-26,3,5022.0,630,0,0,4506
1114,2014-02-26,3,17170.0,2807,0,0,17524
1115,2014-02-26,3,4259.0,342,0,0,5625
1,2014-02-19,3,4935.0,547,1,1,5534
2,2014-02-19,3,6419.0,774,1,1,5408
3,2014-02-19,3,8156.0,812,1,1,5831
4,2014-02-19,3,9010.0,1278,1,1,9307
5,2014-02-19,3,5307.0,603,1,1,5795
6,2014-02-19,3,5552.0,646,1,1,5640
7,2014-02-19,3,7834.0,855,1,1,7579
8,2014-02-19,3,5299.0,631,1,1,5281
9,2014-02-19,3,6526.0,560,1,1,9437
10,2014-02-19,3,5561.0,600,1,1,5990
11,2014-02-19,3,7587.0,1106,1,1,6009
12,2014-02-19,3,7975.0,911,1,1,8402
13,2014-02-19,3,5254.0,377,1,1,5170
14,2014-02-19,3,6511.0,695,1,1,5946
15,2014-02-19,3,6976.0,611,1,1,7064
16,2014-02-19,3,8806.0,982,1,1,8140
17,2014-02-19,3,6823.0,833,1,1,7118
18,2014-02-19,3,6948.0,756,1,1,7606
19,2014-02-19,3,6412.0,652,1,1,6701
20,2014-02-19,3,8108.0,899,1,1,8454
21,2014-02-19,3,5669.0,522,1,1,6302
22,2014-02-19,3,4140.0,446,1,1,5121
23,2014-02-19,3,5731.0,452,1,1,5749
24,2014-02-19,3,9249.0,858,1,1,10581
25,2014-02-19,3,16406.0,2105,1,1,15731
26,2014-02-19,3,6175.0,494,1,1,6152
27,2014-02-19,3,9354.0,997,1,1,10106
28,2014-02-19,3,6141.0,668,1,1,7013
29,2014-02-19,3,6712.0,604,1,1,7801
30,2014-02-19,3,5192.0,825,1,1,7175
31,2014-02-19,3,5859.0,576,1,1,6236
32,2014-02-19,3,4697.0,526,1,1,3992
33,2014-02-19,3,8511.0,809,1,1,10061
34,2014-02-19,3,8188.0,986,1,1,8699
35,2014-02-19,3,9519.0,722,1,1,11059
36,2014-02-19,3,9112.0,1095,1,1,9142
37,2014-02-19,3,5717.0,595,1,1,6215
38,2014-02-19,3,6061.0,566,1,1,9090
39,2014-02-19,3,5653.0,721,1,1,4925
40,2014-02-19,3,4395.0,592,1,1,4985
41,2014-02-19,3,5296.0,383,1,1,4860
42,2014-02-19,3,11478.0,1247,1,1,11537
43,2014-02-19,3,7345.0,627,1,1,7698
44,2014-02-19,3,5921.0,700,1,1,5346
45,2014-02-19,3,5303.0,374,1,1,5886
46,2014-02-19,3,5448.0,651,1,1,4494
47,2014-02-19,3,7603.0,962,1,1,8521
48,2014-02-19,3,3826.0,440,1,1,4446
49,2014-02-19,3,7135.0,474,1,1,7277
50,2014-02-19,3,4282.0,341,1,1,3648
51,2014-02-19,3,5851.0,416,1,1,6676
52,2014-02-19,3,8165.0,539,1,1,8297
53,2014-02-19,3,5281.0,549,1,1,6316
54,2014-02-19,3,8101.0,741,1,1,9254
55,2014-02-19,3,5097.0,595,1,1,4887
56,2014-02-19,3,5332.0,393,1,1,6091
57,2014-02-19,3,10951.0,1046,1,1,11689
58,2014-02-19,3,6073.0,485,1,1,6090
59,2014-02-19,3,5801.0,610,1,1,5644
60,2014-02-19,3,8932.0,811,1,1,8917
61,2014-02-19,3,4944.0,592,1,1,6169
62,2014-02-19,3,7161.0,791,1,1,7518
63,2014-02-19,3,6829.0,609,1,1,7246
64,2014-02-19,3,10463.0,743,1,1,9405
65,2014-02-19,3,5102.0,435,1,1,4954
66,2014-02-19,3,5930.0,477,1,1,6612
67,2014-02-19,3,8936.0,902,1,1,9290
68,2014-02-19,3,6679.0,1048,1,1,7045
69,2014-02-19,3,8926.0,1150,1,1,9355
70,2014-02-19,3,7151.0,683,1,1,7332
71,2014-02-19,3,8585.0,684,1,1,8394
72,2014-02-19,3,4870.0,513,1,1,3693
73,2014-02-19,3,4827.0,527,1,1,4859
74,2014-02-19,3,6664.0,893,1,1,4985
75,2014-02-19,3,5059.0,535,1,1,6437
76,2014-02-19,3,7774.0,834,1,1,9313
77,2014-02-19,3,6527.0,599,1,1,8478
78,2014-02-19,3,3716.0,488,1,1,2704
79,2014-02-19,3,5932.0,617,1,1,7450
80,2014-02-19,3,7006.0,525,1,1,7286
81,2014-02-19,3,5998.0,496,1,1,7962
82,2014-02-19,3,9366.0,865,1,1,8817
83,2014-02-19,3,3836.0,335,1,1,4057
84,2014-02-19,3,13803.0,1479,1,1,13803
85,2014-02-19,3,6238.0,866,1,1,6300
86,2014-02-19,3,5392.0,630,1,1,6888
87,2014-02-19,3,6488.0,817,1,1,6997
88,2014-02-19,3,7034.0,737,1,1,7037
89,2014-02-19,3,6361.0,634,1,1,5919
90,2014-02-19,3,8795.0,1051,1,1,10639
91,2014-02-19,3,6685.0,759,1,1,9727
92,2014-02-19,3,6103.0,537,1,1,6246
93,2014-02-19,3,5946.0,588,1,1,6496
94,2014-02-19,3,7119.0,614,1,1,7244
95,2014-02-19,3,7558.0,801,1,1,9222
96,2014-02-19,3,5887.0,617,1,1,4336
97,2014-02-19,3,6710.0,665,1,1,7025
98,2014-02-19,3,4868.0,416,1,1,5850
99,2014-02-19,3,5707.0,482,1,1,6344
100,2014-02-19,3,6646.0,582,1,1,9034
101,2014-02-19,3,8045.0,767,1,1,8389
102,2014-02-19,3,7764.0,1089,1,1,7309
103,2014-02-19,3,4449.0,424,1,1,4709
104,2014-02-19,3,9662.0,1248,1,1,10876
105,2014-02-19,3,4347.0,544,1,1,5511
106,2014-02-19,3,8946.0,876,1,1,9858
107,2014-02-19,3,7239.0,900,1,1,8217
108,2014-02-19,3,9766.0,757,1,1,11592
109,2014-02-19,3,6369.0,713,1,1,6752
110,2014-02-19,3,4215.0,562,1,1,4193
111,2014-02-19,3,7309.0,589,1,1,7216
112,2014-02-19,3,6362.0,737,1,1,8185
113,2014-02-19,3,8657.0,791,1,1,7565
114,2014-02-19,3,5946.0,621,1,1,6257
115,2014-02-19,3,6342.0,495,1,1,6660
116,2014-02-19,3,7236.0,752,1,1,7669
117,2014-02-19,3,4022.0,506,1,1,4065
118,2014-02-19,3,7812.0,644,1,1,8728
119,2014-02-19,3,6177.0,673,1,1,6821
120,2014-02-19,3,7709.0,655,1,1,7349
121,2014-02-19,3,4146.0,468,1,1,4348
122,2014-02-19,3,5210.0,648,1,1,6167
123,2014-02-19,3,10229.0,1147,1,1,9177
124,2014-02-19,3,3960.0,492,1,1,3625
125,2014-02-19,3,10755.0,1482,1,1,10698
126,2014-02-19,3,6218.0,551,1,1,6354
127,2014-02-19,3,5711.0,674,1,1,5952
128,2014-02-19,3,7874.0,631,1,1,7701
129,2014-02-19,3,8951.0,1059,1,1,9897
130,2014-02-19,3,5638.0,619,1,1,7538
131,2014-02-19,3,5525.0,580,1,1,6663
132,2014-02-19,3,5638.0,544,1,1,6041
133,2014-02-19,3,5853.0,717,1,1,5442
134,2014-02-19,3,4949.0,520,1,1,4885
135,2014-02-19,3,5439.0,488,1,1,6083
136,2014-02-19,3,6966.0,498,1,1,7244
137,2014-02-19,3,6767.0,811,1,1,8785
138,2014-02-19,3,7414.0,710,1,1,7080
139,2014-02-19,3,6681.0,512,1,1,6312
140,2014-02-19,3,7690.0,996,1,1,8072
141,2014-02-19,3,6202.0,635,1,1,5999
142,2014-02-19,3,4934.0,603,1,1,5379
143,2014-02-19,3,6188.0,550,1,1,8755
144,2014-02-19,3,7505.0,665,1,1,7917
145,2014-02-19,3,9071.0,1220,1,1,7885
146,2014-02-19,3,8185.0,681,1,1,7971
147,2014-02-19,3,8403.0,869,1,1,8652
148,2014-02-19,3,8849.0,817,1,1,8704
149,2014-02-19,3,5940.0,478,1,1,5642
150,2014-02-19,3,8638.0,811,1,1,7761
151,2014-02-19,3,6703.0,647,1,1,6856
152,2014-02-19,3,6857.0,739,1,1,4605
153,2014-02-19,3,9960.0,747,1,1,9179
154,2014-02-19,3,8526.0,706,1,1,8783
155,2014-02-19,3,6849.0,620,1,1,6909
156,2014-02-19,3,7684.0,758,1,1,8036
157,2014-02-19,3,10102.0,989,1,1,9862
158,2014-02-19,3,8073.0,521,1,1,6649
159,2014-02-19,3,7670.0,684,1,1,8635
160,2014-02-19,3,6130.0,526,1,1,7488
161,2014-02-19,3,6801.0,797,1,1,9096
162,2014-02-19,3,8072.0,551,1,1,7892
163,2014-02-19,3,6907.0,850,1,1,8120
164,2014-02-19,3,6338.0,666,1,1,6630
165,2014-02-19,3,4280.0,410,1,1,6534
166,2014-02-19,3,5676.0,748,1,1,7811
167,2014-02-19,3,10762.0,1150,1,1,9521
168,2014-02-19,3,8202.0,777,1,1,8187
169,2014-02-19,3,7479.0,694,1,1,7892
170,2014-02-19,3,4921.0,554,1,1,4424
171,2014-02-19,3,8756.0,901,1,1,9328
172,2014-02-19,3,6776.0,817,1,1,6221
173,2014-02-19,3,8239.0,1044,1,1,9119
174,2014-02-19,3,5579.0,445,1,1,4729
175,2014-02-19,3,5286.0,615,1,1,6912
176,2014-02-19,3,5239.0,683,1,1,4441
177,2014-02-19,3,4730.0,576,1,1,4903
178,2014-02-19,3,10101.0,925,1,1,9981
179,2014-02-19,3,7221.0,942,1,1,6330
180,2014-02-19,3,7072.0,821,1,1,8654
181,2014-02-19,3,7671.0,748,1,1,6920
182,2014-02-19,3,5598.0,426,1,1,6788
183,2014-02-19,3,4583.0,548,1,1,2631
184,2014-02-19,3,6905.0,603,1,1,6772
185,2014-02-19,3,7647.0,582,1,1,6999
186,2014-02-19,3,3880.0,399,1,1,3713
187,2014-02-19,3,6104.0,720,1,1,6476
188,2014-02-19,3,5379.0,452,1,1,6103
189,2014-02-19,3,9650.0,859,1,1,8349
190,2014-02-19,3,7600.0,655,1,1,7574
191,2014-02-19,3,5626.0,584,1,1,6919
192,2014-02-19,3,6708.0,488,1,1,8529
193,2014-02-19,3,6985.0,971,1,1,6529
194,2014-02-19,3,4683.0,408,1,1,4788
195,2014-02-19,3,11511.0,1362,1,1,11818
196,2014-02-19,3,4696.0,646,1,1,6085
197,2014-02-19,3,6848.0,841,1,1,6414
198,2014-02-19,3,3442.0,356,1,1,4245
199,2014-02-19,3,8037.0,638,1,1,7442
200,2014-02-19,3,8065.0,1010,1,1,8194
201,2014-02-19,3,4781.0,403,1,1,4928
202,2014-02-19,3,6298.0,487,1,1,6979
203,2014-02-19,3,7730.0,1004,1,1,7852
204,2014-02-19,3,6078.0,560,1,1,6216
205,2014-02-19,3,7019.0,918,1,1,7254
206,2014-02-19,3,6862.0,779,1,1,7911
207,2014-02-19,3,10637.0,1245,1,1,11150
208,2014-02-19,3,2649.0,376,1,1,4897
209,2014-02-19,3,5684.0,546,1,1,5786
210,2014-02-19,3,3234.0,344,1,1,3202
211,2014-02-19,3,12886.0,1511,1,1,14489
212,2014-02-19,3,5134.0,491,1,1,5213
213,2014-02-19,3,9342.0,726,1,1,8095
214,2014-02-19,3,9200.0,650,1,1,9667
215,2014-02-19,3,6679.0,504,1,1,7935
216,2014-02-19,3,7220.0,850,1,1,7345
217,2014-02-19,3,4605.0,641,1,1,5165
218,2014-02-19,3,5745.0,773,1,1,4867
219,2014-02-19,3,3237.0,427,1,1,1498
220,2014-02-19,3,5841.0,749,1,1,5461
221,2014-02-19,3,5311.0,502,1,1,6118
222,2014-02-19,3,5145.0,589,1,1,4337
223,2014-02-19,3,8160.0,812,1,1,7055
224,2014-02-19,3,7129.0,477,1,1,7244
225,2014-02-19,3,4805.0,510,1,1,5047
226,2014-02-19,3,8225.0,786,1,1,9000
227,2014-02-19,3,6340.0,603,1,1,7001
228,2014-02-19,3,7871.0,599,1,1,8512
229,2014-02-19,3,8397.0,705,1,1,7807
230,2014-02-19,3,7097.0,865,1,1,9095
231,2014-02-19,3,4758.0,374,1,1,5046
232,2014-02-19,3,2809.0,275,1,1,4321
233,2014-02-19,3,9523.0,1066,1,1,10823
234,2014-02-19,3,11837.0,1095,1,1,11685
235,2014-02-19,3,7538.0,556,1,1,5926
236,2014-02-19,3,7566.0,923,1,1,7528
237,2014-02-19,3,4230.0,560,1,1,4042
238,2014-02-19,3,8040.0,1136,1,1,8198
239,2014-02-19,3,4406.0,441,1,1,6384
240,2014-02-19,3,5307.0,496,1,1,5093
241,2014-02-19,3,5686.0,671,1,1,6462
242,2014-02-19,3,4261.0,357,1,1,7006
243,2014-02-19,3,7643.0,969,1,1,8776
244,2014-02-19,3,5548.0,512,1,1,5856
245,2014-02-19,3,9771.0,1160,1,1,9555
246,2014-02-19,3,6662.0,889,1,1,9901
247,2014-02-19,3,8631.0,682,1,1,10018
248,2014-02-19,3,7448.0,981,1,1,7980
249,2014-02-19,3,5255.0,519,1,1,5730
250,2014-02-19,3,8878.0,676,1,1,9840
251,2014-02-19,3,18443.0,2374,1,1,18572
252,2014-02-19,3,11362.0,816,1,1,9808
253,2014-02-19,3,6231.0,721,1,1,7218
254,2014-02-19,3,3281.0,272,1,1,3482
255,2014-02-19,3,6524.0,666,1,1,7643
256,2014-02-19,3,9677.0,1265,1,1,11664
257,2014-02-19,3,5317.0,630,1,1,6072
258,2014-02-19,3,4798.0,403,1,1,5987
259,2014-02-19,3,13307.0,2452,1,1,12538
260,2014-02-19,3,6578.0,921,1,1,6516
261,2014-02-19,3,13524.0,914,1,1,13141
262,2014-02-19,3,18667.0,2957,1,1,19507
263,2014-02-19,3,2809.0,322,1,1,3402
264,2014-02-19,3,7664.0,1031,1,1,8252
265,2014-02-19,3,4783.0,517,1,1,6634
266,2014-02-19,3,4464.0,559,1,1,1802
267,2014-02-19,3,8400.0,959,1,1,12713
268,2014-02-19,3,5806.0,687,1,1,5638
269,2014-02-19,3,10715.0,1338,1,1,9854
270,2014-02-19,3,9230.0,1188,1,1,10736
271,2014-02-19,3,9712.0,919,1,1,8205
272,2014-02-19,3,7160.0,684,1,1,6757
273,2014-02-19,3,7237.0,711,1,1,6954
274,2014-02-19,3,3358.0,883,1,1,3780
275,2014-02-19,3,7806.0,789,1,1,8360
276,2014-02-19,3,4460.0,527,1,1,4775
277,2014-02-19,3,6620.0,500,1,1,7156
278,2014-02-19,3,6755.0,743,1,1,7295
279,2014-02-19,3,9005.0,656,1,1,4581
280,2014-02-19,3,5818.0,465,1,1,5592
281,2014-02-19,3,6169.0,530,1,1,5520
282,2014-02-19,3,4901.0,720,1,1,3519
283,2014-02-19,3,6254.0,654,1,1,6383
284,2014-02-19,3,6202.0,460,1,1,6157
285,2014-02-19,3,5637.0,496,1,1,4269
286,2014-02-19,3,5460.0,437,1,1,5384
287,2014-02-19,3,7320.0,749,1,1,8194
288,2014-02-19,3,5327.0,381,1,1,10112
289,2014-02-19,3,7062.0,568,1,1,7162
290,2014-02-19,3,6807.0,693,1,1,5863
291,2014-02-19,3,8403.0,855,1,1,8335
292,2014-02-19,3,6153.0,754,1,1,5912
293,2014-02-19,3,6508.0,837,1,1,6307
294,2014-02-19,3,6879.0,930,1,1,6370
295,2014-02-19,3,5573.0,699,1,1,4857
296,2014-02-19,3,7871.0,803,1,1,6762
297,2014-02-19,3,7721.0,773,1,1,8774
298,2014-02-19,3,7750.0,603,1,1,6669
299,2014-02-19,3,4323.0,506,1,1,7765
300,2014-02-19,3,7087.0,871,1,1,7759
301,2014-02-19,3,5447.0,574,1,1,1691
302,2014-02-19,3,3767.0,316,1,1,3206
303,2014-02-19,3,6039.0,662,1,1,6435
304,2014-02-19,3,7562.0,1083,1,1,8015
305,2014-02-19,3,6209.0,530,1,1,6232
306,2014-02-19,3,3853.0,418,1,1,5923
307,2014-02-19,3,2930.0,294,1,1,2943
308,2014-02-19,3,9654.0,926,1,1,8704
309,2014-02-19,3,7841.0,584,1,1,8027
310,2014-02-19,3,8257.0,693,1,1,8350
311,2014-02-19,3,7162.0,942,1,1,7509
312,2014-02-19,3,6001.0,528,1,1,6374
313,2014-02-19,3,6929.0,642,1,1,7396
314,2014-02-19,3,5772.0,603,1,1,6150
315,2014-02-19,3,4279.0,464,1,1,3517
316,2014-02-19,3,10072.0,834,1,1,9822
317,2014-02-19,3,4934.0,544,1,1,5498
318,2014-02-19,3,8249.0,659,1,1,8979
319,2014-02-19,3,8112.0,791,1,1,8191
320,2014-02-19,3,13044.0,1889,1,1,16385
321,2014-02-19,3,5413.0,517,1,1,5577
322,2014-02-19,3,5530.0,565,1,1,7515
323,2014-02-19,3,6966.0,591,1,1,5442
324,2014-02-19,3,6204.0,753,1,1,6605
325,2014-02-19,3,7088.0,656,1,1,7107
326,2014-02-19,3,4321.0,373,1,1,5269
327,2014-02-19,3,7424.0,907,1,1,8350
328,2014-02-19,3,4525.0,543,1,1,4352
329,2014-02-19,3,7553.0,645,1,1,7427
330,2014-02-19,3,4234.0,445,1,1,4845
331,2014-02-19,3,7575.0,989,1,1,7165
332,2014-02-19,3,4331.0,577,1,1,2659
333,2014-02-19,3,9363.0,1244,1,1,9781
334,2014-02-19,3,4914.0,523,1,1,5528
335,2014-02-19,3,17227.0,3075,1,1,15794
336,2014-02-19,3,16116.0,2153,1,1,15796
337,2014-02-19,3,5246.0,365,1,1,5063
338,2014-02-19,3,8164.0,625,1,1,7071
339,2014-02-19,3,5368.0,659,1,1,5417
340,2014-02-19,3,6537.0,703,1,1,8083
341,2014-02-19,3,5722.0,768,1,1,5697
342,2014-02-19,3,9534.0,734,1,1,10506
343,2014-02-19,3,7047.0,651,1,1,6538
344,2014-02-19,3,8596.0,1170,1,1,9415
345,2014-02-19,3,4693.0,494,1,1,4736
346,2014-02-19,3,7796.0,650,1,1,6270
347,2014-02-19,3,4455.0,372,1,1,5704
348,2014-02-19,3,8936.0,703,1,1,9105
349,2014-02-19,3,7315.0,780,1,1,8047
350,2014-02-19,3,6734.0,481,1,1,7451
351,2014-02-19,3,5747.0,473,1,1,6798
352,2014-02-19,3,6246.0,591,1,1,8443
353,2014-02-19,3,5310.0,1459,1,1,6662
354,2014-02-19,3,7949.0,677,1,1,8245
355,2014-02-19,3,8199.0,979,1,1,9542
356,2014-02-19,3,6098.0,434,1,1,6633
357,2014-02-19,3,7675.0,1017,1,1,6983
358,2014-02-19,3,10052.0,1117,1,1,8843
359,2014-02-19,3,6718.0,568,1,1,6637
360,2014-02-19,3,7169.0,785,1,1,7582
361,2014-02-19,3,6144.0,618,1,1,5950
362,2014-02-19,3,9335.0,1125,1,1,9079
363,2014-02-19,3,6856.0,887,1,1,10327
364,2014-02-19,3,4178.0,571,1,1,5946
365,2014-02-19,3,6200.0,607,1,1,5203
366,2014-02-19,3,6887.0,633,1,1,7038
367,2014-02-19,3,5803.0,562,1,1,5095
368,2014-02-19,3,11168.0,794,1,1,9492
369,2014-02-19,3,6354.0,542,1,1,7709
370,2014-02-19,3,7341.0,576,1,1,7027
371,2014-02-19,3,7146.0,544,1,1,4935
372,2014-02-19,3,8375.0,734,1,1,8844
373,2014-02-19,3,4398.0,314,1,1,6178
374,2014-02-19,3,7490.0,890,1,1,7635
375,2014-02-19,3,10089.0,764,1,1,10735
376,2014-02-19,3,8111.0,920,1,1,9427
377,2014-02-19,3,7184.0,860,1,1,7785
378,2014-02-19,3,5972.0,899,1,1,6718
379,2014-02-19,3,3806.0,444,1,1,3377
380,2014-02-19,3,14721.0,1438,1,1,14671
381,2014-02-19,3,9706.0,1074,1,1,8346
382,2014-02-19,3,8283.0,646,1,1,8935
383,2014-02-19,3,17861.0,2264,1,1,16568
384,2014-02-19,3,9002.0,1008,1,1,10884
385,2014-02-19,3,8413.0,721,1,1,7793
386,2014-02-19,3,9920.0,711,1,1,10119
387,2014-02-19,3,10984.0,1260,1,1,9117
388,2014-02-19,3,10844.0,1130,1,1,10079
389,2014-02-19,3,11711.0,1340,1,1,10588
390,2014-02-19,3,13931.0,1236,1,1,13280
391,2014-02-19,3,5871.0,699,1,1,5848
392,2014-02-19,3,8017.0,748,1,1,7712
393,2014-02-19,3,6106.0,624,1,1,2891
394,2014-02-19,3,7981.0,603,1,1,8500
395,2014-02-19,3,3789.0,536,1,1,4903
396,2014-02-19,3,10147.0,1089,1,1,11292
397,2014-02-19,3,5245.0,712,1,1,5810
398,2014-02-19,3,5705.0,601,1,1,5020
399,2014-02-19,3,5171.0,524,1,1,5384
400,2014-02-19,3,9683.0,1313,1,1,8676
401,2014-02-19,3,7309.0,645,1,1,5706
402,2014-02-19,3,5569.0,545,1,1,5672
403,2014-02-19,3,7752.0,748,1,1,8132
404,2014-02-19,3,5513.0,619,1,1,5020
405,2014-02-19,3,4832.0,522,1,1,4749
406,2014-02-19,3,5754.0,447,1,1,5798
407,2014-02-19,3,3833.0,302,1,1,2615
408,2014-02-19,3,5041.0,452,1,1,4897
409,2014-02-19,3,5734.0,589,1,1,5779
410,2014-02-19,3,7372.0,878,1,1,7739
411,2014-02-19,3,8517.0,663,1,1,7742
412,2014-02-19,3,8281.0,584,1,1,9757
413,2014-02-19,3,6893.0,887,1,1,7596
414,2014-02-19,3,5854.0,430,1,1,5869
415,2014-02-19,3,5659.0,463,1,1,7705
416,2014-02-19,3,10580.0,1341,1,1,11703
417,2014-02-19,3,7849.0,884,1,1,8368
418,2014-02-19,3,5634.0,567,1,1,6026
419,2014-02-19,3,5754.0,904,1,1,6880
420,2014-02-19,3,4115.0,373,1,1,4493
421,2014-02-19,3,7789.0,816,1,1,9195
422,2014-02-19,3,4571.0,471,1,1,5774
423,2014-02-19,3,9416.0,1651,1,1,10123
424,2014-02-19,3,5784.0,716,1,1,8217
425,2014-02-19,3,3264.0,436,1,1,3369
426,2014-02-19,3,5872.0,709,1,1,5345
427,2014-02-19,3,7893.0,787,1,1,8880
428,2014-02-19,3,5893.0,488,1,1,7090
429,2014-02-19,3,5467.0,390,1,1,6228
430,2014-02-19,3,8829.0,679,1,1,9627
431,2014-02-19,3,9572.0,962,1,1,9516
432,2014-02-19,3,11643.0,1559,1,1,11839
433,2014-02-19,3,4621.0,570,1,1,7358
434,2014-02-19,3,8562.0,619,1,1,11645
435,2014-02-19,3,3946.0,460,1,1,3545
436,2014-02-19,3,6072.0,641,1,1,7209
437,2014-02-19,3,7984.0,748,1,1,7679
438,2014-02-19,3,5148.0,554,1,1,5988
439,2014-02-19,3,7280.0,904,1,1,6493
440,2014-02-19,3,5111.0,576,1,1,5686
441,2014-02-19,3,6432.0,665,1,1,6163
442,2014-02-19,3,4265.0,446,1,1,5200
443,2014-02-19,3,5618.0,483,1,1,5585
444,2014-02-19,3,11404.0,1382,1,1,11324
445,2014-02-19,3,8647.0,1239,1,1,9250
446,2014-02-19,3,5454.0,681,1,1,6145
447,2014-02-19,3,5229.0,625,1,1,5929
448,2014-02-19,3,9260.0,790,1,1,9110
449,2014-02-19,3,11810.0,1631,1,1,11561
450,2014-02-19,3,7527.0,911,1,1,8182
451,2014-02-19,3,5449.0,481,1,1,5382
452,2014-02-19,3,4738.0,408,1,1,3086
453,2014-02-19,3,6361.0,721,1,1,6122
454,2014-02-19,3,7479.0,922,1,1,5961
455,2014-02-19,3,7355.0,468,1,1,8526
456,2014-02-19,3,6249.0,815,1,1,6190
457,2014-02-19,3,4752.0,383,1,1,4817
458,2014-02-19,3,6512.0,619,1,1,7647
459,2014-02-19,3,9019.0,1082,1,1,11068
460,2014-02-19,3,4253.0,335,1,1,3182
461,2014-02-19,3,5161.0,469,1,1,3824
462,2014-02-19,3,4679.0,606,1,1,5162
463,2014-02-19,3,6197.0,987,1,1,5362
464,2014-02-19,3,8761.0,1084,1,1,9902
465,2014-02-19,3,8077.0,630,1,1,8839
466,2014-02-19,3,8620.0,828,1,1,8579
467,2014-02-19,3,13150.0,1579,1,1,15193
468,2014-02-19,3,6666.0,729,1,1,8611
469,2014-02-19,3,11206.0,1478,1,1,11630
470,2014-02-19,3,12368.0,1628,1,1,12788
471,2014-02-19,3,7680.0,574,1,1,7070
472,2014-02-19,3,5289.0,726,1,1,4477
473,2014-02-19,3,3461.0,505,1,1,5651
474,2014-02-19,3,8592.0,838,1,1,7995
475,2014-02-19,3,6867.0,974,1,1,7552
476,2014-02-19,3,6341.0,685,1,1,6257
477,2014-02-19,3,5757.0,389,1,1,6994
478,2014-02-19,3,7046.0,727,1,1,7579
479,2014-02-19,3,11153.0,1252,1,1,10974
480,2014-02-19,3,5998.0,718,1,1,4246
481,2014-02-19,3,5847.0,502,1,1,5199
482,2014-02-19,3,7340.0,792,1,1,8597
483,2014-02-19,3,5206.0,641,1,1,4088
484,2014-02-19,3,7025.0,666,1,1,7151
485,2014-02-19,3,5333.0,442,1,1,5044
486,2014-02-19,3,5140.0,541,1,1,5124
487,2014-02-19,3,7499.0,662,1,1,6494
488,2014-02-19,3,3721.0,373,1,1,4106
489,2014-02-19,3,8640.0,703,1,1,7221
490,2014-02-19,3,8038.0,1045,1,1,9009
491,2014-02-19,3,6885.0,514,1,1,6991
492,2014-02-19,3,7414.0,1070,1,1,7547
493,2014-02-19,3,9024.0,844,1,1,9441
494,2014-02-19,3,8205.0,1178,1,1,7722
495,2014-02-19,3,5781.0,431,1,1,6295
496,2014-02-19,3,7738.0,801,1,1,8731
497,2014-02-19,3,9161.0,1155,1,1,14163
498,2014-02-19,3,6298.0,814,1,1,8158
499,2014-02-19,3,4909.0,681,1,1,5585
500,2014-02-19,3,5139.0,369,1,1,4959
501,2014-02-19,3,6522.0,689,1,1,7221
502,2014-02-19,3,10798.0,1471,1,1,11067
503,2014-02-19,3,6953.0,430,1,1,6684
504,2014-02-19,3,6027.0,914,1,1,7333
505,2014-02-19,3,5250.0,635,1,1,6018
506,2014-02-19,3,8842.0,1002,1,1,7929
507,2014-02-19,3,8768.0,638,1,1,8404
508,2014-02-19,3,6779.0,673,1,1,7275
509,2014-02-19,3,6517.0,526,1,1,5624
510,2014-02-19,3,9017.0,886,1,1,8636
511,2014-02-19,3,5937.0,801,1,1,6655
512,2014-02-19,3,5209.0,1307,1,1,1426
513,2014-02-19,3,17565.0,1997,1,1,18446
514,2014-02-19,3,6129.0,660,1,1,6166
515,2014-02-19,3,8877.0,682,1,1,10738
516,2014-02-19,3,6031.0,794,1,1,6664
517,2014-02-19,3,8822.0,788,1,1,6867
518,2014-02-19,3,5931.0,500,1,1,5426
519,2014-02-19,3,4647.0,464,1,1,5686
520,2014-02-19,3,3736.0,366,1,1,4979
521,2014-02-19,3,5082.0,396,1,1,5482
522,2014-02-19,3,8945.0,614,1,1,7862
523,2014-02-19,3,12730.0,1504,1,1,15723
524,2014-02-19,3,8360.0,838,1,1,8218
525,2014-02-19,3,9500.0,823,1,1,10336
526,2014-02-19,3,12740.0,1568,1,1,12865
527,2014-02-19,3,9860.0,912,1,1,11004
528,2014-02-19,3,11573.0,926,1,1,10752
529,2014-02-19,3,7798.0,723,1,1,8471
530,2014-02-19,3,2703.0,357,1,1,2110
531,2014-02-19,3,4577.0,579,1,1,5630
532,2014-02-19,3,11338.0,1295,1,1,11618
533,2014-02-19,3,9033.0,905,1,1,9822
534,2014-02-19,3,7470.0,566,1,1,9267
535,2014-02-19,3,8233.0,930,1,1,8417
536,2014-02-19,3,7969.0,876,1,1,9884
537,2014-02-19,3,5567.0,614,1,1,6150
538,2014-02-19,3,3613.0,548,1,1,3578
539,2014-02-19,3,9941.0,1043,1,1,11462
540,2014-02-19,3,5220.0,378,1,1,6125
541,2014-02-19,3,6346.0,846,1,1,6330
542,2014-02-19,3,6294.0,538,1,1,6868
543,2014-02-19,3,3994.0,323,1,1,4094
544,2014-02-19,3,15146.0,1850,1,1,14698
545,2014-02-19,3,11872.0,1154,1,1,11504
546,2014-02-19,3,13908.0,1562,1,1,14469
547,2014-02-19,3,6190.0,426,1,1,5259
548,2014-02-19,3,5282.0,412,1,1,4539
549,2014-02-19,3,4778.0,553,1,1,5515
550,2014-02-19,3,5806.0,474,1,1,4734
551,2014-02-19,3,6114.0,971,1,1,6835
552,2014-02-19,3,9903.0,789,1,1,8295
553,2014-02-19,3,6089.0,520,1,1,7214
554,2014-02-19,3,4261.0,518,1,1,3947
555,2014-02-19,3,4755.0,421,1,1,4855
556,2014-02-19,3,7148.0,843,1,1,5966
557,2014-02-19,3,5180.0,785,1,1,5229
558,2014-02-19,3,3164.0,439,1,1,3781
559,2014-02-19,3,6012.0,775,1,1,6289
560,2014-02-19,3,13576.0,1555,1,1,14240
561,2014-02-19,3,7143.0,684,1,1,7758
562,2014-02-19,3,19137.0,3151,1,1,18587
563,2014-02-19,3,5598.0,702,1,1,6106
564,2014-02-19,3,5147.0,439,1,1,5369
565,2014-02-19,3,7739.0,918,1,1,7486
566,2014-02-19,3,4925.0,526,1,1,4806
567,2014-02-19,3,5953.0,705,1,1,5242
568,2014-02-19,3,4398.0,376,1,1,5047
569,2014-02-19,3,5034.0,727,1,1,4172
570,2014-02-19,3,5302.0,721,1,1,3860
571,2014-02-19,3,6407.0,462,1,1,7791
572,2014-02-19,3,7255.0,584,1,1,8815
573,2014-02-19,3,4181.0,334,1,1,4125
574,2014-02-19,3,8995.0,655,1,1,9543
575,2014-02-19,3,6606.0,614,1,1,5616
576,2014-02-19,3,7070.0,936,1,1,5856
577,2014-02-19,3,4976.0,614,1,1,4280
578,2014-02-19,3,7132.0,611,1,1,7787
579,2014-02-19,3,8370.0,874,1,1,8911
580,2014-02-19,3,9182.0,1386,1,1,9221
581,2014-02-19,3,5924.0,635,1,1,4864
582,2014-02-19,3,7395.0,898,1,1,10203
583,2014-02-19,3,4659.0,450,1,1,5011
584,2014-02-19,3,5211.0,433,1,1,5118
585,2014-02-19,3,6634.0,935,1,1,9704
586,2014-02-19,3,15995.0,2335,1,1,15295
587,2014-02-19,3,8370.0,598,1,1,10117
588,2014-02-19,3,5524.0,630,1,1,5972
589,2014-02-19,3,5978.0,570,1,1,5063
590,2014-02-19,3,4817.0,346,1,1,6543
591,2014-02-19,3,5869.0,493,1,1,5979
592,2014-02-19,3,4420.0,552,1,1,3613
593,2014-02-19,3,8380.0,1073,1,1,9016
594,2014-02-19,3,4815.0,512,1,1,3899
595,2014-02-19,3,13959.0,1649,1,1,15930
596,2014-02-19,3,4210.0,618,1,1,3426
597,2014-02-19,3,4909.0,668,1,1,5511
598,2014-02-19,3,5468.0,750,1,1,5753
599,2014-02-19,3,8747.0,791,1,1,9416
600,2014-02-19,3,7072.0,583,1,1,6742
601,2014-02-19,3,4671.0,382,1,1,4716
602,2014-02-19,3,6820.0,661,1,1,7222
603,2014-02-19,3,8038.0,1054,1,1,8460
604,2014-02-19,3,8031.0,552,1,1,9783
605,2014-02-19,3,7728.0,513,1,1,7158
606,2014-02-19,3,6302.0,651,1,1,7094
607,2014-02-19,3,4311.0,427,1,1,4926
608,2014-02-19,3,9754.0,941,1,1,9520
609,2014-02-19,3,4602.0,523,1,1,3978
610,2014-02-19,3,4388.0,526,1,1,5181
611,2014-02-19,3,5522.0,464,1,1,6487
612,2014-02-19,3,6900.0,405,1,1,6834
613,2014-02-19,3,6728.0,1017,1,1,8382
614,2014-02-19,3,6682.0,862,1,1,5458
615,2014-02-19,3,9998.0,1183,1,1,9307
616,2014-02-19,3,9357.0,855,1,1,9768
617,2014-02-19,3,6211.0,566,1,1,8067
618,2014-02-19,3,6398.0,511,1,1,6374
619,2014-02-19,3,5286.0,503,1,1,4033
620,2014-02-19,3,7647.0,674,1,1,8332
621,2014-02-19,3,6171.0,848,1,1,6128
622,2014-02-19,3,4354.0,440,1,1,6185
623,2014-02-19,3,7059.0,820,1,1,7484
624,2014-02-19,3,7116.0,651,1,1,5998
625,2014-02-19,3,7080.0,634,1,1,7021
626,2014-02-19,3,9865.0,786,1,1,8289
627,2014-02-19,3,6810.0,639,1,1,7904
628,2014-02-19,3,6274.0,772,1,1,6890
629,2014-02-19,3,6835.0,632,1,1,8060
630,2014-02-19,3,7564.0,815,1,1,6718
631,2014-02-19,3,5431.0,605,1,1,5258
632,2014-02-19,3,6612.0,839,1,1,7877
633,2014-02-19,3,5608.0,446,1,1,7135
634,2014-02-19,3,7144.0,660,1,1,6052
635,2014-02-19,3,6436.0,597,1,1,4504
636,2014-02-19,3,6727.0,786,1,1,5357
637,2014-02-19,3,8696.0,679,1,1,8767
638,2014-02-19,3,6030.0,486,1,1,6121
639,2014-02-19,3,5648.0,562,1,1,5155
640,2014-02-19,3,11898.0,843,1,1,11765
641,2014-02-19,3,6345.0,559,1,1,6509
642,2014-02-19,3,4245.0,550,1,1,3604
643,2014-02-19,3,6958.0,873,1,1,7622
644,2014-02-19,3,7934.0,857,1,1,9809
645,2014-02-19,3,11075.0,1335,1,1,10807
646,2014-02-19,3,4880.0,658,1,1,5371
647,2014-02-19,3,5522.0,676,1,1,4690
648,2014-02-19,3,6084.0,546,1,1,6471
649,2014-02-19,3,4221.0,432,1,1,4550
650,2014-02-19,3,6226.0,608,1,1,4999
651,2014-02-19,3,7824.0,911,1,1,9277
652,2014-02-19,3,6636.0,630,1,1,6614
653,2014-02-19,3,6338.0,511,1,1,5066
654,2014-02-19,3,7077.0,705,1,1,6686
655,2014-02-19,3,6750.0,600,1,1,9474
656,2014-02-19,3,3308.0,395,1,1,3304
657,2014-02-19,3,5756.0,757,1,1,6844
658,2014-02-19,3,6758.0,641,1,1,5991
659,2014-02-19,3,6670.0,758,1,1,7373
660,2014-02-19,3,4857.0,533,1,1,6597
661,2014-02-19,3,7542.0,614,1,1,8701
662,2014-02-19,3,9084.0,782,1,1,8678
663,2014-02-19,3,4896.0,634,1,1,5357
664,2014-02-19,3,4752.0,630,1,1,5427
665,2014-02-19,3,9106.0,1327,1,1,7363
666,2014-02-19,3,7006.0,644,1,1,7953
667,2014-02-19,3,9594.0,757,1,1,11212
668,2014-02-19,3,8990.0,1134,1,1,9520
669,2014-02-19,3,4140.0,353,1,1,4357
670,2014-02-19,3,7104.0,698,1,1,6882
671,2014-02-19,3,5988.0,610,1,1,5666
672,2014-02-19,3,8158.0,1349,1,1,8702
673,2014-02-19,3,7069.0,575,1,1,7422
674,2014-02-19,3,9070.0,1144,1,1,11167
675,2014-02-19,3,4287.0,437,1,1,4546
676,2014-02-19,3,7079.0,1652,1,1,7720
677,2014-02-19,3,8852.0,650,1,1,9617
678,2014-02-19,3,7452.0,885,1,1,7124
679,2014-02-19,3,10621.0,1142,1,1,9824
680,2014-02-19,3,4704.0,712,1,1,3753
681,2014-02-19,3,3602.0,462,1,1,3757
682,2014-02-19,3,12949.0,1947,1,1,13931
683,2014-02-19,3,8813.0,855,1,1,10164
684,2014-02-19,3,7414.0,564,1,1,7191
685,2014-02-19,3,6671.0,579,1,1,6115
686,2014-02-19,3,6619.0,791,1,1,5962
687,2014-02-19,3,7694.0,700,1,1,8753
688,2014-02-19,3,3745.0,359,1,1,4392
689,2014-02-19,3,7398.0,697,1,1,7657
690,2014-02-19,3,5754.0,818,1,1,6200
691,2014-02-19,3,8177.0,609,1,1,8469
692,2014-02-19,3,7325.0,851,1,1,7561
693,2014-02-19,3,7708.0,566,1,1,6774
694,2014-02-19,3,8137.0,791,1,1,7453
695,2014-02-19,3,5469.0,533,1,1,5949
696,2014-02-19,3,7767.0,991,1,1,8270
697,2014-02-19,3,10806.0,989,1,1,11899
698,2014-02-19,3,15687.0,1927,1,1,16030
699,2014-02-19,3,9058.0,1004,1,1,8051
700,2014-02-19,3,5121.0,591,1,1,4583
701,2014-02-19,3,6149.0,645,1,1,4196
702,2014-02-19,3,4155.0,335,1,1,3555
703,2014-02-19,3,3712.0,388,1,1,3159
704,2014-02-19,3,9598.0,1013,1,1,10237
705,2014-02-19,3,8591.0,1000,1,1,10459
706,2014-02-19,3,5588.0,487,1,1,5678
707,2014-02-19,3,7852.0,892,1,1,7425
708,2014-02-19,3,3741.0,395,1,1,3650
709,2014-02-19,3,11855.0,1588,1,1,10945
710,2014-02-19,3,5100.0,371,1,1,4239
711,2014-02-19,3,8220.0,562,1,1,6305
712,2014-02-19,3,5265.0,471,1,1,6539
713,2014-02-19,3,10870.0,1410,1,1,11003
714,2014-02-19,3,3880.0,310,1,1,4133
715,2014-02-19,3,7655.0,757,1,1,6596
716,2014-02-19,3,5199.0,391,1,1,6120
717,2014-02-19,3,6187.0,624,1,1,6305
718,2014-02-19,3,8617.0,915,1,1,8254
719,2014-02-19,3,5148.0,418,1,1,5062
720,2014-02-19,3,8141.0,774,1,1,7254
721,2014-02-19,3,7266.0,727,1,1,7084
722,2014-02-19,3,10574.0,1599,1,1,10884
723,2014-02-19,3,7222.0,588,1,1,6434
724,2014-02-19,3,5484.0,607,1,1,7423
725,2014-02-19,3,4495.0,496,1,1,6700
726,2014-02-19,3,10902.0,1018,1,1,7701
727,2014-02-19,3,4695.0,491,1,1,5566
728,2014-02-19,3,4634.0,425,1,1,5530
729,2014-02-19,3,10750.0,1093,1,1,11146
730,2014-02-19,3,7445.0,920,1,1,6732
731,2014-02-19,3,10136.0,1026,1,1,8894
732,2014-02-19,3,4161.0,481,1,1,1752
733,2014-02-19,3,13850.0,3160,1,1,16474
734,2014-02-19,3,6382.0,560,1,1,6307
735,2014-02-19,3,6487.0,625,1,1,5207
736,2014-02-19,3,4843.0,436,1,1,5566
737,2014-02-19,3,6393.0,947,1,1,5436
738,2014-02-19,3,8800.0,700,1,1,7892
739,2014-02-19,3,10539.0,759,1,1,9299
740,2014-02-19,3,7202.0,496,1,1,7877
741,2014-02-19,3,8068.0,949,1,1,8298
742,2014-02-19,3,8338.0,865,1,1,9248
743,2014-02-19,3,4020.0,399,1,1,2818
744,2014-02-19,3,6873.0,775,1,1,8195
745,2014-02-19,3,8607.0,836,1,1,8110
746,2014-02-19,3,5988.0,494,1,1,6317
747,2014-02-19,3,7411.0,642,1,1,7842
748,2014-02-19,3,5516.0,450,1,1,6151
749,2014-02-19,3,5935.0,730,1,1,5539
750,2014-02-19,3,5120.0,380,1,1,4408
751,2014-02-19,3,4709.0,616,1,1,3316
752,2014-02-19,3,5468.0,480,1,1,6202
753,2014-02-19,3,9232.0,776,1,1,8560
754,2014-02-19,3,5988.0,800,1,1,7125
755,2014-02-19,3,9738.0,834,1,1,10063
756,2014-02-19,3,15462.0,2134,1,1,16209
757,2014-02-19,3,6435.0,592,1,1,6801
758,2014-02-19,3,5414.0,710,1,1,5393
759,2014-02-19,3,8034.0,872,1,1,7033
760,2014-02-19,3,6956.0,1046,1,1,7799
761,2014-02-19,3,8551.0,963,1,1,8735
762,2014-02-19,3,3766.0,372,1,1,4038
763,2014-02-19,3,5361.0,558,1,1,7308
764,2014-02-19,3,3644.0,410,1,1,3089
765,2014-02-19,3,8759.0,715,1,1,9948
766,2014-02-19,3,5829.0,506,1,1,5839
767,2014-02-19,3,6261.0,591,1,1,8308
768,2014-02-19,3,12613.0,1236,1,1,13181
769,2014-02-19,3,9686.0,2936,1,1,11754
770,2014-02-19,3,6899.0,771,1,1,7521
771,2014-02-19,3,5798.0,591,1,1,6915
772,2014-02-19,3,4341.0,534,1,1,2153
773,2014-02-19,3,5926.0,825,1,1,6267
774,2014-02-19,3,5238.0,688,1,1,7030
775,2014-02-19,3,8105.0,550,1,1,9501
776,2014-02-19,3,4946.0,563,1,1,5009
777,2014-02-19,3,3507.0,310,1,1,4083
778,2014-02-19,3,6443.0,866,1,1,6027
779,2014-02-19,3,7343.0,678,1,1,8177
780,2014-02-19,3,6298.0,718,1,1,5793
781,2014-02-19,3,5419.0,743,1,1,5679
782,2014-02-19,3,5660.0,510,1,1,7841
783,2014-02-19,3,6361.0,597,1,1,7344
784,2014-02-19,3,8370.0,850,1,1,7978
785,2014-02-19,3,6920.0,513,1,1,6544
786,2014-02-19,3,4041.0,609,1,1,4361
787,2014-02-19,3,9478.0,1135,1,1,9925
788,2014-02-19,3,18395.0,1740,1,1,18767
789,2014-02-19,3,3173.0,515,1,1,3705
790,2014-02-19,3,7009.0,627,1,1,8061
791,2014-02-19,3,7049.0,800,1,1,7373
792,2014-02-19,3,8818.0,738,1,1,7575
793,2014-02-19,3,4606.0,437,1,1,5644
794,2014-02-19,3,2546.0,453,1,1,4065
795,2014-02-19,3,5247.0,525,1,1,5505
796,2014-02-19,3,7795.0,677,1,1,9898
797,2014-02-19,3,3705.0,343,1,1,3112
798,2014-02-19,3,8265.0,982,1,1,7610
799,2014-02-19,3,11025.0,972,1,1,11505
800,2014-02-19,3,5770.0,524,1,1,6158
801,2014-02-19,3,4671.0,408,1,1,5475
802,2014-02-19,3,6979.0,536,1,1,7137
803,2014-02-19,3,5281.0,421,1,1,3573
804,2014-02-19,3,5434.0,446,1,1,5671
805,2014-02-19,3,5398.0,523,1,1,7041
806,2014-02-19,3,8041.0,564,1,1,6527
807,2014-02-19,3,10383.0,1005,1,1,11909
808,2014-02-19,3,7571.0,545,1,1,8251
809,2014-02-19,3,10466.0,889,1,1,10193
810,2014-02-19,3,6080.0,494,1,1,6320
811,2014-02-19,3,3711.0,630,1,1,4948
812,2014-02-19,3,7077.0,814,1,1,7815
813,2014-02-19,3,5967.0,694,1,1,7172
814,2014-02-19,3,8276.0,682,1,1,8846
815,2014-02-19,3,9259.0,878,1,1,10418
816,2014-02-19,3,4738.0,716,1,1,5431
817,2014-02-19,3,22607.0,3164,1,1,20528
818,2014-02-19,3,6851.0,640,1,1,6502
819,2014-02-19,3,6410.0,589,1,1,5707
820,2014-02-19,3,11962.0,1070,1,1,12620
821,2014-02-19,3,7172.0,878,1,1,7732
822,2014-02-19,3,8740.0,646,1,1,7339
823,2014-02-19,3,5761.0,522,1,1,2914
824,2014-02-19,3,6774.0,891,1,1,4928
825,2014-02-19,3,4375.0,476,1,1,4150
826,2014-02-19,3,8234.0,743,1,1,10858
827,2014-02-19,3,10599.0,1324,1,1,10713
828,2014-02-19,3,6107.0,651,1,1,4837
829,2014-02-19,3,6171.0,806,1,1,6142
830,2014-02-19,3,6831.0,606,1,1,6272
831,2014-02-19,3,14901.0,1733,1,1,13235
832,2014-02-19,3,6531.0,515,1,1,5557
833,2014-02-19,3,5729.0,507,1,1,5799
834,2014-02-19,3,6010.0,635,1,1,6599
835,2014-02-19,3,5158.0,648,1,1,5656
836,2014-02-19,3,6782.0,784,1,1,5678
838,2014-02-19,3,7971.0,788,1,1,12736
839,2014-02-19,3,6398.0,756,1,1,5217
840,2014-02-19,3,8533.0,1145,1,1,8624
841,2014-02-19,3,3074.0,424,1,1,3053
842,2014-02-19,3,15914.0,1041,1,1,18670
843,2014-02-19,3,9470.0,1075,1,1,11549
844,2014-02-19,3,5291.0,544,1,1,4735
845,2014-02-19,3,4561.0,353,1,1,5878
846,2014-02-19,3,9339.0,866,1,1,10666
847,2014-02-19,3,7019.0,943,1,1,12358
848,2014-02-19,3,6562.0,769,1,1,7279
849,2014-02-19,3,8351.0,946,1,1,7423
850,2014-02-19,3,6059.0,625,1,1,7817
851,2014-02-19,3,6185.0,478,1,1,5990
852,2014-02-19,3,4811.0,574,1,1,3783
853,2014-02-19,3,9338.0,1032,1,1,9513
854,2014-02-19,3,7323.0,699,1,1,6198
855,2014-02-19,3,6253.0,654,1,1,6529
856,2014-02-19,3,7445.0,960,1,1,5136
857,2014-02-19,3,6454.0,868,1,1,6963
858,2014-02-19,3,4756.0,399,1,1,4143
859,2014-02-19,3,6908.0,625,1,1,9229
860,2014-02-19,3,5178.0,622,1,1,8350
861,2014-02-19,3,3737.0,520,1,1,3377
862,2014-02-19,3,7952.0,1027,1,1,8480
863,2014-02-19,3,7147.0,846,1,1,7863
864,2014-02-19,3,4492.0,632,1,1,3744
865,2014-02-19,3,8736.0,633,1,1,9585
866,2014-02-19,3,6888.0,446,1,1,8301
867,2014-02-19,3,4060.0,351,1,1,4063
868,2014-02-19,3,9321.0,619,1,1,8999
869,2014-02-19,3,6233.0,905,1,1,5571
870,2014-02-19,3,6777.0,903,1,1,8303
871,2014-02-19,3,4775.0,381,1,1,6859
872,2014-02-19,3,9072.0,870,1,1,10255
873,2014-02-19,3,3927.0,474,1,1,3911
874,2014-02-19,3,4536.0,461,1,1,5131
875,2014-02-19,3,5487.0,472,1,1,7897
876,2014-02-19,3,10269.0,1062,1,1,9494
877,2014-02-19,3,6722.0,898,1,1,6775
878,2014-02-19,3,10650.0,901,1,1,8196
879,2014-02-19,3,3542.0,315,1,1,5105
880,2014-02-19,3,7528.0,820,1,1,7800
881,2014-02-19,3,4836.0,714,1,1,4858
882,2014-02-19,3,5784.0,737,1,1,8356
883,2014-02-19,3,5282.0,528,1,1,4876
884,2014-02-19,3,5757.0,528,1,1,5813
885,2014-02-19,3,4962.0,672,1,1,5063
886,2014-02-19,3,6928.0,653,1,1,6474
887,2014-02-19,3,7489.0,564,1,1,6602
888,2014-02-19,3,7545.0,662,1,1,6510
889,2014-02-19,3,4034.0,456,1,1,4170
890,2014-02-19,3,5354.0,415,1,1,2755
891,2014-02-19,3,7167.0,1005,1,1,8448
892,2014-02-19,3,8444.0,760,1,1,9783
893,2014-02-19,3,6381.0,837,1,1,6924
894,2014-02-19,3,9351.0,1086,1,1,9455
895,2014-02-19,3,9406.0,882,1,1,9618
896,2014-02-19,3,6094.0,930,1,1,7363
897,2014-02-19,3,2784.0,328,1,1,3562
898,2014-02-19,3,6851.0,694,1,1,7901
899,2014-02-19,3,5928.0,557,1,1,5533
900,2014-02-19,3,5848.0,518,1,1,6394
901,2014-02-19,3,7421.0,644,1,1,7416
902,2014-02-19,3,4675.0,600,1,1,5527
903,2014-02-19,3,10531.0,744,1,1,12362
904,2014-02-19,3,6107.0,494,1,1,5442
905,2014-02-19,3,9975.0,1469,1,1,9843
906,2014-02-19,3,11176.0,1344,1,1,11709
907,2014-02-19,3,5713.0,728,1,1,6405
908,2014-02-19,3,4793.0,389,1,1,4348
909,2014-02-19,3,11488.0,1111,1,1,11543
910,2014-02-19,3,5862.0,563,1,1,5730
911,2014-02-19,3,9414.0,852,1,1,10930
912,2014-02-19,3,4793.0,669,1,1,5406
913,2014-02-19,3,9535.0,1254,1,1,9188
914,2014-02-19,3,9300.0,1049,1,1,10140
915,2014-02-19,3,5917.0,440,1,1,6330
916,2014-02-19,3,5889.0,710,1,1,5930
917,2014-02-19,3,6870.0,764,1,1,7055
918,2014-02-19,3,5664.0,581,1,1,7173
919,2014-02-19,3,6097.0,747,1,1,4962
920,2014-02-19,3,4989.0,523,1,1,5375
921,2014-02-19,3,9896.0,1158,1,1,10141
922,2014-02-19,3,7721.0,685,1,1,8091
923,2014-02-19,3,5088.0,645,1,1,6569
924,2014-02-19,3,4910.0,458,1,1,5465
925,2014-02-19,3,6927.0,1177,1,1,7048
926,2014-02-19,3,7457.0,517,1,1,7016
927,2014-02-19,3,7050.0,887,1,1,7277
928,2014-02-19,3,7955.0,689,1,1,8226
929,2014-02-19,3,6033.0,726,1,1,6791
930,2014-02-19,3,6491.0,1029,1,1,5781
931,2014-02-19,3,2893.0,330,1,1,2345
932,2014-02-19,3,7767.0,783,1,1,7495
933,2014-02-19,3,8677.0,1032,1,1,6569
934,2014-02-19,3,6452.0,651,1,1,7598
935,2014-02-19,3,5599.0,552,1,1,6087
936,2014-02-19,3,7367.0,900,1,1,5561
937,2014-02-19,3,7991.0,600,1,1,7715
938,2014-02-19,3,9000.0,926,1,1,9833
939,2014-02-19,3,5414.0,523,1,1,5847
940,2014-02-19,3,7649.0,742,1,1,8066
941,2014-02-19,3,5735.0,581,1,1,5118
942,2014-02-19,3,6499.0,469,1,1,6752
943,2014-02-19,3,6802.0,584,1,1,7458
944,2014-02-19,3,7679.0,1136,1,1,8383
945,2014-02-19,3,4153.0,509,1,1,5617
946,2014-02-19,3,4146.0,587,1,1,3149
947,2014-02-19,3,9600.0,1249,1,1,8266
948,2014-02-19,3,6392.0,1639,1,1,8001
949,2014-02-19,3,5753.0,544,1,1,6830
950,2014-02-19,3,6346.0,615,1,1,7778
951,2014-02-19,3,7930.0,727,1,1,9656
952,2014-02-19,3,6379.0,481,1,1,6504
953,2014-02-19,3,5761.0,587,1,1,6030
954,2014-02-19,3,7398.0,1041,1,1,7354
955,2014-02-19,3,4824.0,464,1,1,5557
956,2014-02-19,3,3965.0,548,1,1,3486
957,2014-02-19,3,7748.0,858,1,1,7270
958,2014-02-19,3,4244.0,579,1,1,7074
959,2014-02-19,3,7070.0,773,1,1,6259
960,2014-02-19,3,7712.0,564,1,1,7188
961,2014-02-19,3,6269.0,671,1,1,6229
962,2014-02-19,3,7320.0,919,1,1,7377
963,2014-02-19,3,11815.0,1011,1,1,11862
964,2014-02-19,3,10455.0,1406,1,1,10230
965,2014-02-19,3,9679.0,1009,1,1,8960
966,2014-02-19,3,5234.0,629,1,1,4118
967,2014-02-19,3,8145.0,871,1,1,9323
968,2014-02-19,3,7429.0,891,1,1,7147
969,2014-02-19,3,3705.0,619,1,1,2623
970,2014-02-19,3,3765.0,453,1,1,4279
971,2014-02-19,3,9087.0,1026,1,1,9258
972,2014-02-19,3,3558.0,403,1,1,4261
973,2014-02-19,3,5984.0,792,1,1,6342
974,2014-02-19,3,11203.0,1591,1,1,12495
975,2014-02-19,3,7672.0,738,1,1,8033
976,2014-02-19,3,8158.0,795,1,1,7860
977,2014-02-19,3,5357.0,534,1,1,5409
978,2014-02-19,3,7455.0,1000,1,1,7864
979,2014-02-19,3,6399.0,625,1,1,6136
980,2014-02-19,3,6921.0,542,1,1,5906
981,2014-02-19,3,7401.0,730,1,1,9479
982,2014-02-19,3,8871.0,722,1,1,9137
983,2014-02-19,3,10523.0,1364,1,1,11598
984,2014-02-19,3,6502.0,721,1,1,6233
985,2014-02-19,3,7364.0,710,1,1,8147
986,2014-02-19,3,6436.0,806,1,1,6753
987,2014-02-19,3,6958.0,879,1,1,8190
988,2014-02-19,3,4587.0,693,1,1,5465
989,2014-02-19,3,5720.0,607,1,1,5408
990,2014-02-19,3,6893.0,547,1,1,7025
991,2014-02-19,3,4831.0,476,1,1,7069
992,2014-02-19,3,6619.0,790,1,1,6018
993,2014-02-19,3,6695.0,656,1,1,6491
994,2014-02-19,3,5041.0,450,1,1,4100
995,2014-02-19,3,9270.0,763,1,1,8334
996,2014-02-19,3,7136.0,721,1,1,5729
997,2014-02-19,3,5358.0,393,1,1,6678
998,2014-02-19,3,4592.0,541,1,1,5198
999,2014-02-19,3,9552.0,630,1,1,8783
1000,2014-02-19,3,7068.0,658,1,1,7557
1001,2014-02-19,3,5658.0,598,1,1,5584
1002,2014-02-19,3,6635.0,768,1,1,5659
1003,2014-02-19,3,7756.0,754,1,1,9061
1004,2014-02-19,3,4869.0,412,1,1,4360
1005,2014-02-19,3,5419.0,824,1,1,6546
1006,2014-02-19,3,6053.0,840,1,1,6805
1007,2014-02-19,3,6480.0,732,1,1,7622
1008,2014-02-19,3,5549.0,708,1,1,6007
1009,2014-02-19,3,4719.0,453,1,1,4076
1010,2014-02-19,3,9157.0,790,1,1,7754
1011,2014-02-19,3,8196.0,942,1,1,9984
1012,2014-02-19,3,5629.0,512,1,1,6556
1013,2014-02-19,3,4598.0,485,1,1,5015
1014,2014-02-19,3,12308.0,1331,1,1,14895
1015,2014-02-19,3,6805.0,472,1,1,6610
1016,2014-02-19,3,5475.0,487,1,1,6297
1017,2014-02-19,3,7693.0,1005,1,1,8325
1018,2014-02-19,3,10959.0,1252,1,1,11199
1019,2014-02-19,3,8853.0,739,1,1,9559
1020,2014-02-19,3,9542.0,1218,1,1,10122
1021,2014-02-19,3,7930.0,964,1,1,9040
1022,2014-02-19,3,7134.0,834,1,1,8094
1023,2014-02-19,3,6610.0,641,1,1,6124
1024,2014-02-19,3,6346.0,802,1,1,7687
1025,2014-02-19,3,8730.0,956,1,1,8322
1026,2014-02-19,3,9043.0,1103,1,1,10287
1027,2014-02-19,3,13879.0,1702,1,1,12904
1028,2014-02-19,3,4688.0,541,1,1,5630
1029,2014-02-19,3,6468.0,913,1,1,6121
1030,2014-02-19,3,3608.0,345,1,1,3674
1031,2014-02-19,3,4546.0,419,1,1,5098
1032,2014-02-19,3,9015.0,965,1,1,10232
1033,2014-02-19,3,13880.0,1306,1,1,15594
1034,2014-02-19,3,7012.0,694,1,1,8114
1035,2014-02-19,3,4964.0,555,1,1,4584
1036,2014-02-19,3,3809.0,367,1,1,5837
1037,2014-02-19,3,7271.0,903,1,1,7476
1038,2014-02-19,3,5481.0,444,1,1,6363
1039,2014-02-19,3,8035.0,1047,1,1,7014
1040,2014-02-19,3,8443.0,821,1,1,9381
1041,2014-02-19,3,5843.0,688,1,1,6075
1042,2014-02-19,3,4324.0,543,1,1,5715
1043,2014-02-19,3,8437.0,1070,1,1,8680
1044,2014-02-19,3,7227.0,898,1,1,7440
1045,2014-02-19,3,6243.0,782,1,1,6851
1046,2014-02-19,3,9163.0,669,1,1,9364
1047,2014-02-19,3,4596.0,523,1,1,5321
1048,2014-02-19,3,7091.0,527,1,1,7324
1049,2014-02-19,3,3761.0,647,1,1,5141
1050,2014-02-19,3,7219.0,507,1,1,8467
1051,2014-02-19,3,8323.0,1118,1,1,7848
1052,2014-02-19,3,7437.0,720,1,1,7802
1053,2014-02-19,3,10481.0,1143,1,1,11608
1054,2014-02-19,3,5394.0,555,1,1,7967
1055,2014-02-19,3,8418.0,1052,1,1,7709
1056,2014-02-19,3,3746.0,352,1,1,3514
1057,2014-02-19,3,6268.0,572,1,1,6639
1058,2014-02-19,3,7590.0,738,1,1,8426
1059,2014-02-19,3,8584.0,1102,1,1,9251
1060,2014-02-19,3,7321.0,897,1,1,8696
1061,2014-02-19,3,6666.0,507,1,1,8776
1062,2014-02-19,3,6742.0,592,1,1,7057
1063,2014-02-19,3,4008.0,513,1,1,4780
1064,2014-02-19,3,9243.0,1080,1,1,10445
1065,2014-02-19,3,3576.0,428,1,1,6180
1066,2014-02-19,3,11046.0,1057,1,1,13810
1067,2014-02-19,3,5867.0,480,1,1,6888
1068,2014-02-19,3,4502.0,307,1,1,7294
1069,2014-02-19,3,8331.0,1102,1,1,6519
1070,2014-02-19,3,6908.0,849,1,1,6295
1071,2014-02-19,3,6164.0,705,1,1,6119
1072,2014-02-19,3,7567.0,688,1,1,5189
1073,2014-02-19,3,7365.0,944,1,1,7879
1074,2014-02-19,3,5206.0,510,1,1,6051
1075,2014-02-19,3,9837.0,1041,1,1,11620
1076,2014-02-19,3,3634.0,550,1,1,4194
1077,2014-02-19,3,4888.0,517,1,1,4745
1078,2014-02-19,3,7963.0,579,1,1,7055
1079,2014-02-19,3,10133.0,726,1,1,9197
1080,2014-02-19,3,10494.0,849,1,1,10233
1081,2014-02-19,3,8511.0,1257,1,1,6685
1082,2014-02-19,3,7202.0,1059,1,1,6951
1083,2014-02-19,3,5092.0,363,1,1,5749
1084,2014-02-19,3,5659.0,755,1,1,6293
1085,2014-02-19,3,8455.0,813,1,1,6802
1086,2014-02-19,3,8434.0,895,1,1,6539
1087,2014-02-19,3,5692.0,559,1,1,9108
1088,2014-02-19,3,5828.0,533,1,1,5768
1089,2014-02-19,3,9590.0,944,1,1,9095
1090,2014-02-19,3,7981.0,962,1,1,7534
1091,2014-02-19,3,8532.0,649,1,1,8917
1092,2014-02-19,3,11540.0,1110,1,1,12431
1093,2014-02-19,3,7571.0,797,1,1,10521
1094,2014-02-19,3,4461.0,348,1,1,4654
1095,2014-02-19,3,5210.0,666,1,1,5382
1096,2014-02-19,3,5162.0,624,1,1,5761
1097,2014-02-19,3,9301.0,2356,1,1,9216
1098,2014-02-19,3,5708.0,751,1,1,5074
1099,2014-02-19,3,6598.0,775,1,1,8394
1100,2014-02-19,3,5784.0,662,1,1,5249
1101,2014-02-19,3,9569.0,914,1,1,11209
1102,2014-02-19,3,6226.0,668,1,1,7842
1103,2014-02-19,3,5609.0,401,1,1,5572
1104,2014-02-19,3,5412.0,395,1,1,5564
1105,2014-02-19,3,4283.0,501,1,1,5289
1106,2014-02-19,3,4764.0,569,1,1,3500
1107,2014-02-19,3,6315.0,661,1,1,6583
1108,2014-02-19,3,6906.0,615,1,1,7540
1109,2014-02-19,3,4975.0,436,1,1,4586
1110,2014-02-19,3,5312.0,595,1,1,5040
1111,2014-02-19,3,5637.0,509,1,1,6209
1112,2014-02-19,3,10995.0,860,1,1,11593
1113,2014-02-19,3,5586.0,650,1,1,7533
1114,2014-02-19,3,19369.0,2781,1,1,21313
1115,2014-02-19,3,6977.0,440,1,1,7799
1,2014-02-12,3,3662.0,508,0,0,3874
2,2014-02-12,3,4848.0,654,0,0,3693
3,2014-02-12,3,5675.0,710,0,0,5253
4,2014-02-12,3,8244.0,1214,0,0,7087
5,2014-02-12,3,4475.0,604,0,0,3543
6,2014-02-12,3,4605.0,569,0,0,6986
7,2014-02-12,3,6626.0,820,0,0,7130
8,2014-02-12,3,4076.0,552,0,0,4159
9,2014-02-12,3,5070.0,499,0,0,6560
10,2014-02-12,3,4723.0,578,0,0,4969
11,2014-02-12,3,6948.0,1140,0,0,5657
12,2014-02-12,3,5842.0,825,0,0,5163
13,2014-02-12,3,2826.0,267,0,0,3859
14,2014-02-12,3,4690.0,598,0,0,4348
15,2014-02-12,3,4613.0,555,0,0,4474
16,2014-02-12,3,7117.0,941,0,0,6803
17,2014-02-12,3,5041.0,765,0,0,3623
18,2014-02-12,3,5350.0,676,0,0,4948
19,2014-02-12,3,5068.0,565,0,0,4947
20,2014-02-12,3,6413.0,851,0,0,5607
21,2014-02-12,3,3542.0,400,0,0,4387
22,2014-02-12,3,2954.0,428,0,0,3492
23,2014-02-12,3,3902.0,370,0,0,4144
24,2014-02-12,3,7490.0,756,0,0,7536
26,2014-02-12,3,3962.0,402,0,0,4306
27,2014-02-12,3,7376.0,979,0,0,5799
28,2014-02-12,3,4273.0,540,0,0,1340
29,2014-02-12,3,5526.0,577,0,0,6091
30,2014-02-12,3,4893.0,759,0,0,4520
31,2014-02-12,3,4293.0,492,0,0,4219
32,2014-02-12,3,3168.0,428,0,0,3353
33,2014-02-12,3,6289.0,737,0,0,9756
34,2014-02-12,3,6053.0,918,0,0,6025
35,2014-02-12,3,6339.0,597,0,0,7535
36,2014-02-12,3,7083.0,931,0,0,4167
37,2014-02-12,3,4571.0,560,0,0,5007
38,2014-02-12,3,4109.0,409,0,0,4394
39,2014-02-12,3,3942.0,582,0,0,3760
40,2014-02-12,3,3807.0,550,0,0,3817
41,2014-02-12,3,4086.0,316,0,0,3379
42,2014-02-12,3,9347.0,1167,0,0,10897
43,2014-02-12,3,5690.0,580,0,0,7534
44,2014-02-12,3,4358.0,571,0,0,4012
45,2014-02-12,3,3577.0,333,0,0,3946
46,2014-02-12,3,3324.0,507,0,0,2187
47,2014-02-12,3,6264.0,934,0,0,5344
48,2014-02-12,3,4286.0,502,0,0,2224
49,2014-02-12,3,4732.0,403,0,0,6418
50,2014-02-12,3,2808.0,267,0,0,1915
51,2014-02-12,3,4875.0,394,0,0,5933
52,2014-02-12,3,5952.0,427,0,0,5735
53,2014-02-12,3,4493.0,533,0,0,4786
54,2014-02-12,3,5352.0,582,0,0,5257
55,2014-02-12,3,3721.0,512,0,0,4309
56,2014-02-12,3,4617.0,371,0,0,5232
57,2014-02-12,3,9166.0,924,0,0,9680
58,2014-02-12,3,4185.0,407,0,0,5066
59,2014-02-12,3,4727.0,513,0,0,4671
60,2014-02-12,3,7280.0,761,0,0,8773
61,2014-02-12,3,4153.0,537,0,0,3653
62,2014-02-12,3,5682.0,689,0,0,4735
63,2014-02-12,3,5444.0,572,0,0,5206
64,2014-02-12,3,7364.0,602,0,0,8359
65,2014-02-12,3,3937.0,385,0,0,3571
66,2014-02-12,3,4476.0,416,0,0,5313
67,2014-02-12,3,6378.0,770,0,0,6484
68,2014-02-12,3,6566.0,1102,0,0,5418
69,2014-02-12,3,7459.0,965,0,0,7202
70,2014-02-12,3,4955.0,594,0,0,5663
71,2014-02-12,3,7046.0,668,0,0,7256
72,2014-02-12,3,3090.0,381,0,0,3861
73,2014-02-12,3,3799.0,491,0,0,4222
74,2014-02-12,3,5097.0,800,0,0,4781
75,2014-02-12,3,4222.0,521,0,0,3159
76,2014-02-12,3,6715.0,785,0,0,6530
77,2014-02-12,3,5169.0,500,0,0,6917
78,2014-02-12,3,2627.0,432,0,0,2588
79,2014-02-12,3,3386.0,458,0,0,4953
80,2014-02-12,3,4933.0,435,0,0,5015
81,2014-02-12,3,5919.0,513,0,0,6674
82,2014-02-12,3,7078.0,763,0,0,6516
83,2014-02-12,3,2873.0,306,0,0,1651
84,2014-02-12,3,11555.0,1481,0,0,10771
85,2014-02-12,3,5040.0,767,0,0,3953
86,2014-02-12,3,3545.0,548,0,0,4461
87,2014-02-12,3,5170.0,769,0,0,4305
88,2014-02-12,3,4992.0,609,0,0,5280
89,2014-02-12,3,5160.0,586,0,0,4858
90,2014-02-12,3,7086.0,989,0,0,5583
91,2014-02-12,3,5566.0,707,0,0,5181
92,2014-02-12,3,4042.0,435,0,0,4456
93,2014-02-12,3,4773.0,571,0,0,3970
94,2014-02-12,3,5209.0,557,0,0,6667
95,2014-02-12,3,6629.0,815,0,0,6530
96,2014-02-12,3,4509.0,569,0,0,4109
97,2014-02-12,3,4897.0,579,0,0,4653
98,2014-02-12,3,3585.0,349,0,0,2846
99,2014-02-12,3,3801.0,391,0,0,4490
100,2014-02-12,3,5986.0,562,0,0,4958
101,2014-02-12,3,5415.0,672,0,0,4896
102,2014-02-12,3,5343.0,894,0,0,5706
103,2014-02-12,3,3464.0,362,0,0,4100
104,2014-02-12,3,8343.0,1182,0,0,7792
105,2014-02-12,3,3590.0,535,0,0,3340
106,2014-02-12,3,8254.0,844,0,0,7843
107,2014-02-12,3,5992.0,881,0,0,4206
108,2014-02-12,3,8510.0,694,0,0,7932
109,2014-02-12,3,5451.0,683,0,0,5399
110,2014-02-12,3,3675.0,561,0,0,3214
111,2014-02-12,3,4376.0,434,0,0,5355
112,2014-02-12,3,5241.0,745,0,0,5285
113,2014-02-12,3,6196.0,641,0,0,7053
114,2014-02-12,3,4085.0,533,0,0,4708
115,2014-02-12,3,5355.0,448,0,0,2202
116,2014-02-12,3,6044.0,703,0,0,4586
117,2014-02-12,3,2840.0,461,0,0,3193
118,2014-02-12,3,5503.0,504,0,0,7569
119,2014-02-12,3,5024.0,653,0,0,5032
120,2014-02-12,3,5372.0,533,0,0,6449
121,2014-02-12,3,3355.0,455,0,0,3057
122,2014-02-12,3,4637.0,598,0,0,3381
123,2014-02-12,3,7333.0,912,0,0,7948
124,2014-02-12,3,3787.0,496,0,0,2843
125,2014-02-12,3,10275.0,1515,0,0,9365
126,2014-02-12,3,5020.0,484,0,0,4388
127,2014-02-12,3,3862.0,544,0,0,4046
128,2014-02-12,3,6032.0,548,0,0,5691
129,2014-02-12,3,7377.0,976,0,0,7867
130,2014-02-12,3,4656.0,560,0,0,1789
131,2014-02-12,3,4239.0,517,0,0,5157
132,2014-02-12,3,5067.0,502,0,0,8554
133,2014-02-12,3,4776.0,695,0,0,4265
134,2014-02-12,3,4382.0,478,0,0,3536
135,2014-02-12,3,4258.0,464,0,0,4622
136,2014-02-12,3,4991.0,415,0,0,5548
137,2014-02-12,3,6329.0,850,0,0,6309
138,2014-02-12,3,6070.0,652,0,0,5299
139,2014-02-12,3,5321.0,467,0,0,4513
140,2014-02-12,3,6553.0,970,0,0,4728
141,2014-02-12,3,4071.0,559,0,0,4629
142,2014-02-12,3,4130.0,552,0,0,4177
143,2014-02-12,3,4595.0,464,0,0,5766
144,2014-02-12,3,5957.0,613,0,0,7333
145,2014-02-12,3,5842.0,965,0,0,8078
146,2014-02-12,3,5795.0,635,0,0,5698
147,2014-02-12,3,6653.0,774,0,0,6606
148,2014-02-12,3,6931.0,755,0,0,6385
149,2014-02-12,3,4056.0,403,0,0,3376
150,2014-02-12,3,5938.0,663,0,0,7208
151,2014-02-12,3,5983.0,625,0,0,6726
152,2014-02-12,3,4487.0,585,0,0,2641
153,2014-02-12,3,5785.0,604,0,0,5482
154,2014-02-12,3,6289.0,608,0,0,6911
155,2014-02-12,3,4928.0,562,0,0,4507
156,2014-02-12,3,5328.0,609,0,0,6053
157,2014-02-12,3,8212.0,952,0,0,7382
158,2014-02-12,3,7226.0,487,0,0,8838
159,2014-02-12,3,5208.0,535,0,0,6496
160,2014-02-12,3,3725.0,440,0,0,4289
161,2014-02-12,3,6210.0,764,0,0,5098
162,2014-02-12,3,4626.0,386,0,0,4499
163,2014-02-12,3,6309.0,837,0,0,5327
164,2014-02-12,3,4456.0,542,0,0,4450
165,2014-02-12,3,3645.0,405,0,0,4405
166,2014-02-12,3,5363.0,808,0,0,4330
167,2014-02-12,3,7976.0,1064,0,0,5638
168,2014-02-12,3,6168.0,677,0,0,3930
169,2014-02-12,3,5561.0,646,0,0,6495
170,2014-02-12,3,3790.0,480,0,0,3864
171,2014-02-12,3,6243.0,728,0,0,7048
172,2014-02-12,3,5823.0,757,0,0,5758
173,2014-02-12,3,7308.0,1001,0,0,7795
174,2014-02-12,3,5050.0,436,0,0,5524
175,2014-02-12,3,4328.0,589,0,0,4527
176,2014-02-12,3,4588.0,609,0,0,7885
177,2014-02-12,3,3499.0,473,0,0,2697
178,2014-02-12,3,7441.0,759,0,0,5698
179,2014-02-12,3,6260.0,889,0,0,6796
180,2014-02-12,3,5763.0,748,0,0,5153
181,2014-02-12,3,4822.0,578,0,0,6199
182,2014-02-12,3,4124.0,344,0,0,5189
183,2014-02-12,3,3693.0,526,0,0,3381
184,2014-02-12,3,5464.0,533,0,0,2214
185,2014-02-12,3,4256.0,396,0,0,5811
186,2014-02-12,3,2450.0,289,0,0,2686
187,2014-02-12,3,5009.0,678,0,0,5097
188,2014-02-12,3,3498.0,341,0,0,3260
189,2014-02-12,3,6568.0,748,0,0,7189
190,2014-02-12,3,6487.0,630,0,0,4855
191,2014-02-12,3,4860.0,584,0,0,5100
192,2014-02-12,3,5591.0,444,0,0,6245
193,2014-02-12,3,3943.0,698,0,0,5369
194,2014-02-12,3,3685.0,351,0,0,3885
195,2014-02-12,3,8233.0,1162,0,0,7921
196,2014-02-12,3,4801.0,692,0,0,4523
197,2014-02-12,3,5526.0,785,0,0,4793
198,2014-02-12,3,1801.0,249,0,0,3621
199,2014-02-12,3,5744.0,487,0,0,6338
200,2014-02-12,3,6983.0,973,0,0,4972
201,2014-02-12,3,3610.0,338,0,0,5155
202,2014-02-12,3,4550.0,433,0,0,4144
203,2014-02-12,3,5908.0,910,0,0,5715
204,2014-02-12,3,4749.0,498,0,0,4570
205,2014-02-12,3,4831.0,739,0,0,4788
206,2014-02-12,3,6401.0,794,0,0,7466
207,2014-02-12,3,9071.0,1243,0,0,9012
208,2014-02-12,3,2006.0,322,0,0,1296
209,2014-02-12,3,4022.0,475,0,0,4182
210,2014-02-12,3,2396.0,257,0,0,6235
211,2014-02-12,3,10617.0,1382,0,0,10287
212,2014-02-12,3,4062.0,493,0,0,3492
213,2014-02-12,3,6006.0,587,0,0,6340
214,2014-02-12,3,6457.0,548,0,0,6446
215,2014-02-12,3,3898.0,319,0,0,4625
216,2014-02-12,3,4847.0,751,0,0,6237
217,2014-02-12,3,4340.0,614,0,0,3621
218,2014-02-12,3,4819.0,743,0,0,3912
219,2014-02-12,3,2452.0,373,0,0,3258
220,2014-02-12,3,4027.0,605,0,0,4085
221,2014-02-12,3,4293.0,479,0,0,4821
222,2014-02-12,3,4304.0,532,0,0,5084
223,2014-02-12,3,5838.0,678,0,0,6285
224,2014-02-12,3,4434.0,368,0,0,4902
225,2014-02-12,3,4367.0,468,0,0,5917
226,2014-02-12,3,5117.0,600,0,0,5720
227,2014-02-12,3,4943.0,503,0,0,4640
228,2014-02-12,3,5893.0,523,0,0,7310
229,2014-02-12,3,6271.0,596,0,0,7572
230,2014-02-12,3,5696.0,833,0,0,6279
231,2014-02-12,3,3583.0,318,0,0,4505
232,2014-02-12,3,2581.0,260,0,0,2171
233,2014-02-12,3,8269.0,994,0,0,8784
234,2014-02-12,3,8298.0,840,0,0,7017
235,2014-02-12,3,4159.0,436,0,0,4922
236,2014-02-12,3,6015.0,805,0,0,5152
237,2014-02-12,3,3990.0,544,0,0,2587
238,2014-02-12,3,6142.0,1021,0,0,7784
239,2014-02-12,3,3357.0,358,0,0,3981
240,2014-02-12,3,4381.0,448,0,0,3955
241,2014-02-12,3,5293.0,619,0,0,7955
242,2014-02-12,3,2584.0,254,0,0,3702
243,2014-02-12,3,5012.0,753,0,0,7597
244,2014-02-12,3,3419.0,442,0,0,4492
245,2014-02-12,3,8324.0,1047,0,0,6055
246,2014-02-12,3,5439.0,810,0,0,6013
247,2014-02-12,3,6251.0,547,0,0,5605
248,2014-02-12,3,6655.0,997,0,0,5954
249,2014-02-12,3,3742.0,448,0,0,3104
250,2014-02-12,3,6804.0,557,0,0,5912
251,2014-02-12,3,16607.0,2239,0,0,15287
252,2014-02-12,3,7086.0,641,0,0,7092
253,2014-02-12,3,4539.0,623,0,0,5419
254,2014-02-12,3,2173.0,208,0,0,1713
255,2014-02-12,3,4366.0,547,0,0,5967
256,2014-02-12,3,7588.0,1208,0,0,8106
257,2014-02-12,3,4039.0,566,0,0,4729
258,2014-02-12,3,4795.0,453,0,0,3560
259,2014-02-12,3,11310.0,2402,0,0,10561
260,2014-02-12,3,5660.0,828,0,0,5368
261,2014-02-12,3,9251.0,812,0,0,11014
262,2014-02-12,3,15520.0,2795,0,0,17901
263,2014-02-12,3,2738.0,311,0,0,2474
264,2014-02-12,3,5806.0,879,0,0,6287
265,2014-02-12,3,4191.0,533,0,0,5486
266,2014-02-12,3,3151.0,480,0,0,2344
267,2014-02-12,3,5911.0,800,0,0,6592
268,2014-02-12,3,4026.0,577,0,0,3262
269,2014-02-12,3,7308.0,1110,0,0,8350
270,2014-02-12,3,8012.0,1078,0,0,6614
271,2014-02-12,3,6393.0,716,0,0,6259
272,2014-02-12,3,4399.0,563,0,0,4786
273,2014-02-12,3,4586.0,569,0,0,5625
274,2014-02-12,3,3146.0,886,0,0,3413
275,2014-02-12,3,6007.0,664,0,0,5847
276,2014-02-12,3,3583.0,485,0,0,3093
277,2014-02-12,3,5373.0,458,0,0,5210
278,2014-02-12,3,5579.0,758,0,0,5134
279,2014-02-12,3,6348.0,528,0,0,5909
280,2014-02-12,3,4454.0,434,0,0,4679
281,2014-02-12,3,4410.0,446,0,0,4599
282,2014-02-12,3,3883.0,643,0,0,3628
283,2014-02-12,3,5316.0,618,0,0,5709
284,2014-02-12,3,3372.0,340,0,0,4566
285,2014-02-12,3,4387.0,405,0,0,4569
286,2014-02-12,3,3856.0,390,0,0,3338
287,2014-02-12,3,6489.0,671,0,0,5764
288,2014-02-12,3,4233.0,335,0,0,4291
289,2014-02-12,3,5044.0,512,0,0,4915
290,2014-02-12,3,4652.0,577,0,0,5645
291,2014-02-12,3,6807.0,776,0,0,5715
292,2014-02-12,3,4759.0,670,0,0,4767
293,2014-02-12,3,5125.0,741,0,0,4354
294,2014-02-12,3,5602.0,805,0,0,5203
295,2014-02-12,3,4183.0,581,0,0,2724
296,2014-02-12,3,5824.0,766,0,0,5048
297,2014-02-12,3,5827.0,680,0,0,6353
298,2014-02-12,3,6112.0,519,0,0,5958
299,2014-02-12,3,4269.0,470,0,0,3552
300,2014-02-12,3,5526.0,782,0,0,6164
301,2014-02-12,3,5089.0,592,0,0,3917
302,2014-02-12,3,2124.0,239,0,0,3858
303,2014-02-12,3,5165.0,619,0,0,3595
304,2014-02-12,3,6098.0,1048,0,0,5505
305,2014-02-12,3,3650.0,412,0,0,4722
306,2014-02-12,3,3984.0,453,0,0,1778
307,2014-02-12,3,2113.0,259,0,0,1074
308,2014-02-12,3,7871.0,848,0,0,7291
309,2014-02-12,3,4864.0,482,0,0,6688
310,2014-02-12,3,7061.0,650,0,0,6210
311,2014-02-12,3,5711.0,834,0,0,7652
312,2014-02-12,3,4016.0,453,0,0,4181
313,2014-02-12,3,5056.0,582,0,0,5383
314,2014-02-12,3,4105.0,521,0,0,3229
315,2014-02-12,3,3552.0,439,0,0,2947
316,2014-02-12,3,6918.0,706,0,0,8546
317,2014-02-12,3,3764.0,451,0,0,3500
318,2014-02-12,3,5491.0,575,0,0,5700
319,2014-02-12,3,6881.0,800,0,0,6293
320,2014-02-12,3,12334.0,1908,0,0,12547
321,2014-02-12,3,4141.0,485,0,0,4078
322,2014-02-12,3,3567.0,451,0,0,4240
323,2014-02-12,3,6478.0,567,0,0,6016
324,2014-02-12,3,4441.0,644,0,0,4555
325,2014-02-12,3,4846.0,585,0,0,5399
326,2014-02-12,3,3420.0,308,0,0,3783
327,2014-02-12,3,5757.0,804,0,0,4700
328,2014-02-12,3,4044.0,513,0,0,5590
329,2014-02-12,3,5256.0,551,0,0,4750
330,2014-02-12,3,2875.0,361,0,0,2661
331,2014-02-12,3,5977.0,836,0,0,5078
332,2014-02-12,3,3620.0,544,0,0,4752
333,2014-02-12,3,8109.0,1196,0,0,9868
334,2014-02-12,3,4491.0,519,0,0,4441
335,2014-02-12,3,13033.0,2661,0,0,11824
336,2014-02-12,3,10991.0,1756,0,0,9396
337,2014-02-12,3,4083.0,333,0,0,4594
338,2014-02-12,3,5607.0,553,0,0,6815
339,2014-02-12,3,4314.0,630,0,0,3946
340,2014-02-12,3,5290.0,678,0,0,5278
341,2014-02-12,3,4465.0,689,0,0,4217
342,2014-02-12,3,8374.0,704,0,0,8505
343,2014-02-12,3,5330.0,577,0,0,3949
344,2014-02-12,3,6016.0,957,0,0,6761
345,2014-02-12,3,3819.0,428,0,0,3009
346,2014-02-12,3,5771.0,601,0,0,4875
347,2014-02-12,3,3120.0,296,0,0,4274
348,2014-02-12,3,6492.0,609,0,0,5633
349,2014-02-12,3,6792.0,774,0,0,3403
350,2014-02-12,3,4566.0,372,0,0,5297
351,2014-02-12,3,4496.0,427,0,0,8472
352,2014-02-12,3,5325.0,550,0,0,4548
353,2014-02-12,3,5222.0,1430,0,0,5891
354,2014-02-12,3,6219.0,586,0,0,7897
355,2014-02-12,3,7815.0,1059,0,0,6638
356,2014-02-12,3,4471.0,384,0,0,5140
357,2014-02-12,3,5710.0,905,0,0,5969
358,2014-02-12,3,8146.0,983,0,0,9150
359,2014-02-12,3,5294.0,517,0,0,3404
360,2014-02-12,3,5330.0,710,0,0,5096
361,2014-02-12,3,4701.0,543,0,0,5782
362,2014-02-12,3,7073.0,1060,0,0,6759
363,2014-02-12,3,5758.0,848,0,0,5061
364,2014-02-12,3,3724.0,515,0,0,3396
365,2014-02-12,3,4006.0,518,0,0,5901
366,2014-02-12,3,5587.0,622,0,0,3174
367,2014-02-12,3,3551.0,437,0,0,3467
368,2014-02-12,3,6536.0,574,0,0,8388
369,2014-02-12,3,5649.0,493,0,0,5951
370,2014-02-12,3,5326.0,484,0,0,6328
371,2014-02-12,3,4670.0,455,0,0,5876
372,2014-02-12,3,6659.0,680,0,0,5781
373,2014-02-12,3,3678.0,287,0,0,4155
374,2014-02-12,3,6650.0,845,0,0,5814
375,2014-02-12,3,7473.0,688,0,0,6355
376,2014-02-12,3,6235.0,846,0,0,6140
377,2014-02-12,3,5694.0,833,0,0,7993
378,2014-02-12,3,5156.0,914,0,0,5091
379,2014-02-12,3,3187.0,460,0,0,3620
380,2014-02-12,3,11684.0,1268,0,0,12835
381,2014-02-12,3,7505.0,931,0,0,5124
382,2014-02-12,3,5676.0,517,0,0,6895
383,2014-02-12,3,14310.0,2008,0,0,14223
384,2014-02-12,3,7108.0,914,0,0,7583
385,2014-02-12,3,5138.0,509,0,0,9869
386,2014-02-12,3,7162.0,629,0,0,7157
387,2014-02-12,3,6672.0,1020,0,0,7053
388,2014-02-12,3,8120.0,984,0,0,8310
389,2014-02-12,3,8261.0,1188,0,0,8316
391,2014-02-12,3,4884.0,627,0,0,5057
392,2014-02-12,3,5766.0,631,0,0,6321
393,2014-02-12,3,5075.0,523,0,0,4378
394,2014-02-12,3,6300.0,562,0,0,6751
395,2014-02-12,3,2994.0,461,0,0,3537
396,2014-02-12,3,8158.0,991,0,0,7453
397,2014-02-12,3,4555.0,684,0,0,4649
398,2014-02-12,3,3795.0,491,0,0,4234
399,2014-02-12,3,4349.0,504,0,0,4265
400,2014-02-12,3,7323.0,1094,0,0,5799
401,2014-02-12,3,5790.0,649,0,0,4597
402,2014-02-12,3,4259.0,489,0,0,4091
403,2014-02-12,3,5965.0,670,0,0,6014
404,2014-02-12,3,4756.0,609,0,0,3635
405,2014-02-12,3,2913.0,367,0,0,4459
406,2014-02-12,3,4868.0,389,0,0,4285
407,2014-02-12,3,2673.0,242,0,0,3414
408,2014-02-12,3,3279.0,368,0,0,3623
409,2014-02-12,3,3658.0,431,0,0,5197
410,2014-02-12,3,4916.0,734,0,0,4355
411,2014-02-12,3,7003.0,575,0,0,7078
412,2014-02-12,3,6627.0,506,0,0,7926
413,2014-02-12,3,5715.0,812,0,0,6873
414,2014-02-12,3,4685.0,410,0,0,4767
415,2014-02-12,3,4649.0,439,0,0,3773
416,2014-02-12,3,8324.0,1245,0,0,9763
417,2014-02-12,3,6546.0,764,0,0,6055
418,2014-02-12,3,4426.0,524,0,0,4072
419,2014-02-12,3,4246.0,752,0,0,5414
420,2014-02-12,3,3378.0,358,0,0,3579
421,2014-02-12,3,6581.0,754,0,0,5418
422,2014-02-12,3,3850.0,436,0,0,2576
423,2014-02-12,3,7723.0,1566,0,0,9523
424,2014-02-12,3,5415.0,673,0,0,5280
425,2014-02-12,3,3090.0,411,0,0,3253
426,2014-02-12,3,4195.0,628,0,0,4874
427,2014-02-12,3,5205.0,650,0,0,5510
428,2014-02-12,3,4573.0,392,0,0,5419
429,2014-02-12,3,3624.0,324,0,0,5536
430,2014-02-12,3,6733.0,592,0,0,6704
431,2014-02-12,3,7089.0,852,0,0,7748
432,2014-02-12,3,9393.0,1466,0,0,7884
433,2014-02-12,3,4576.0,544,0,0,6470
434,2014-02-12,3,7085.0,595,0,0,7059
435,2014-02-12,3,3190.0,413,0,0,2547
436,2014-02-12,3,4416.0,555,0,0,4018
437,2014-02-12,3,4734.0,502,0,0,6554
438,2014-02-12,3,4160.0,472,0,0,4221
439,2014-02-12,3,5457.0,742,0,0,5946
440,2014-02-12,3,4114.0,569,0,0,4252
441,2014-02-12,3,4111.0,554,0,0,4627
442,2014-02-12,3,2900.0,398,0,0,3471
443,2014-02-12,3,4467.0,434,0,0,3379
444,2014-02-12,3,8766.0,1057,0,0,10287
445,2014-02-12,3,6374.0,1080,0,0,6225
446,2014-02-12,3,4305.0,622,0,0,3439
447,2014-02-12,3,4556.0,565,0,0,3198
448,2014-02-12,3,7425.0,736,0,0,7117
449,2014-02-12,3,9140.0,1419,0,0,8352
450,2014-02-12,3,5562.0,790,0,0,6741
451,2014-02-12,3,4391.0,407,0,0,5068
452,2014-02-12,3,3631.0,398,0,0,5698
453,2014-02-12,3,5964.0,764,0,0,4196
454,2014-02-12,3,5338.0,735,0,0,3779
455,2014-02-12,3,6116.0,405,0,0,9623
456,2014-02-12,3,4907.0,832,0,0,4315
457,2014-02-12,3,3855.0,377,0,0,3259
458,2014-02-12,3,5616.0,578,0,0,5257
459,2014-02-12,3,7087.0,1041,0,0,7496
460,2014-02-12,3,2838.0,277,0,0,3208
461,2014-02-12,3,3435.0,394,0,0,5010
462,2014-02-12,3,4158.0,592,0,0,3686
463,2014-02-12,3,5175.0,887,0,0,5263
464,2014-02-12,3,8017.0,1044,0,0,7952
465,2014-02-12,3,5123.0,478,0,0,7278
466,2014-02-12,3,6213.0,728,0,0,8191
467,2014-02-12,3,11040.0,1483,0,0,10478
468,2014-02-12,3,4818.0,617,0,0,5372
469,2014-02-12,3,8731.0,1232,0,0,7736
470,2014-02-12,3,9561.0,1431,0,0,9467
471,2014-02-12,3,6140.0,518,0,0,7521
472,2014-02-12,3,4240.0,638,0,0,3408
473,2014-02-12,3,2698.0,412,0,0,3323
474,2014-02-12,3,6614.0,719,0,0,5783
475,2014-02-12,3,4704.0,772,0,0,4969
476,2014-02-12,3,4870.0,630,0,0,4465
477,2014-02-12,3,4212.0,310,0,0,4523
478,2014-02-12,3,5373.0,643,0,0,5484
479,2014-02-12,3,9155.0,1135,0,0,8833
480,2014-02-12,3,4848.0,659,0,0,3994
481,2014-02-12,3,3874.0,409,0,0,4091
482,2014-02-12,3,5897.0,736,0,0,5746
483,2014-02-12,3,3853.0,587,0,0,3724
484,2014-02-12,3,5135.0,569,0,0,6966
485,2014-02-12,3,3589.0,343,0,0,3668
486,2014-02-12,3,3454.0,448,0,0,4096
487,2014-02-12,3,4812.0,544,0,0,4600
488,2014-02-12,3,2716.0,346,0,0,2518
489,2014-02-12,3,5744.0,598,0,0,5080
490,2014-02-12,3,6918.0,986,0,0,6499
491,2014-02-12,3,4359.0,432,0,0,5487
492,2014-02-12,3,6035.0,971,0,0,5465
493,2014-02-12,3,5469.0,684,0,0,6646
494,2014-02-12,3,6103.0,973,0,0,5685
495,2014-02-12,3,3187.0,297,0,0,3848
496,2014-02-12,3,5761.0,706,0,0,5763
497,2014-02-12,3,8155.0,1087,0,0,6988
498,2014-02-12,3,5845.0,797,0,0,5161
499,2014-02-12,3,3855.0,627,0,0,2769
500,2014-02-12,3,3901.0,319,0,0,4486
501,2014-02-12,3,4398.0,594,0,0,5938
502,2014-02-12,3,8459.0,1338,0,0,7859
503,2014-02-12,3,3964.0,334,0,0,5893
504,2014-02-12,3,5232.0,839,0,0,5327
505,2014-02-12,3,4032.0,555,0,0,5049
506,2014-02-12,3,6459.0,850,0,0,5560
507,2014-02-12,3,5566.0,525,0,0,6171
508,2014-02-12,3,5326.0,641,0,0,4841
509,2014-02-12,3,5044.0,518,0,0,3959
510,2014-02-12,3,7154.0,857,0,0,6269
511,2014-02-12,3,5015.0,789,0,0,4476
512,2014-02-12,3,4610.0,1237,0,0,7353
513,2014-02-12,3,14876.0,1834,0,0,15684
514,2014-02-12,3,4568.0,526,0,0,1659
515,2014-02-12,3,6715.0,602,0,0,6177
516,2014-02-12,3,4513.0,664,0,0,4004
517,2014-02-12,3,4555.0,578,0,0,5100
518,2014-02-12,3,4015.0,425,0,0,4691
519,2014-02-12,3,3371.0,415,0,0,3854
520,2014-02-12,3,3026.0,379,0,0,3175
521,2014-02-12,3,3141.0,308,0,0,3745
522,2014-02-12,3,6093.0,530,0,0,6891
523,2014-02-12,3,10705.0,1438,0,0,11118
524,2014-02-12,3,6558.0,753,0,0,6653
525,2014-02-12,3,7917.0,760,0,0,8999
526,2014-02-12,3,8460.0,1276,0,0,8364
527,2014-02-12,3,8963.0,936,0,0,8259
528,2014-02-12,3,7744.0,796,0,0,5992
529,2014-02-12,3,6237.0,666,0,0,8501
530,2014-02-12,3,1826.0,266,0,0,78
531,2014-02-12,3,3946.0,553,0,0,1122
532,2014-02-12,3,9136.0,1178,0,0,6392
533,2014-02-12,3,7664.0,818,0,0,6947
534,2014-02-12,3,5314.0,428,0,0,6122
535,2014-02-12,3,7162.0,903,0,0,6651
536,2014-02-12,3,6446.0,776,0,0,7799
537,2014-02-12,3,5023.0,581,0,0,5471
538,2014-02-12,3,3290.0,551,0,0,3234
539,2014-02-12,3,9004.0,963,0,0,9552
540,2014-02-12,3,3928.0,342,0,0,3353
541,2014-02-12,3,5300.0,759,0,0,4955
542,2014-02-12,3,4578.0,488,0,0,4903
543,2014-02-12,3,1806.0,187,0,0,2034
544,2014-02-12,3,10545.0,1531,0,0,9929
545,2014-02-12,3,8203.0,952,0,0,7511
546,2014-02-12,3,10432.0,1396,0,0,10290
547,2014-02-12,3,4065.0,341,0,0,5340
548,2014-02-12,3,3435.0,312,0,0,3110
549,2014-02-12,3,4120.0,550,0,0,3444
550,2014-02-12,3,4660.0,405,0,0,4511
551,2014-02-12,3,5604.0,923,0,0,4861
552,2014-02-12,3,5317.0,585,0,0,7770
553,2014-02-12,3,4942.0,495,0,0,5465
554,2014-02-12,3,3456.0,523,0,0,1424
555,2014-02-12,3,3371.0,346,0,0,5505
556,2014-02-12,3,6053.0,769,0,0,6376
557,2014-02-12,3,3630.0,651,0,0,4651
558,2014-02-12,3,2538.0,423,0,0,2216
559,2014-02-12,3,4943.0,741,0,0,4931
560,2014-02-12,3,10556.0,1378,0,0,10990
561,2014-02-12,3,5453.0,604,0,0,6731
562,2014-02-12,3,17255.0,3071,0,0,16189
563,2014-02-12,3,4703.0,678,0,0,4276
564,2014-02-12,3,4121.0,369,0,0,2949
565,2014-02-12,3,5935.0,834,0,0,4855
566,2014-02-12,3,3388.0,458,0,0,3618
567,2014-02-12,3,4055.0,632,0,0,3423
568,2014-02-12,3,3523.0,355,0,0,4652
569,2014-02-12,3,4024.0,654,0,0,4269
570,2014-02-12,3,3921.0,606,0,0,4317
571,2014-02-12,3,5129.0,421,0,0,6409
572,2014-02-12,3,5055.0,481,0,0,10052
573,2014-02-12,3,3084.0,281,0,0,2571
574,2014-02-12,3,6922.0,555,0,0,6366
575,2014-02-12,3,3418.0,389,0,0,4468
576,2014-02-12,3,5049.0,815,0,0,5508
577,2014-02-12,3,3807.0,533,0,0,6377
578,2014-02-12,3,5398.0,547,0,0,5618
579,2014-02-12,3,6006.0,734,0,0,6096
580,2014-02-12,3,7706.0,1382,0,0,6920
581,2014-02-12,3,4257.0,581,0,0,3598
582,2014-02-12,3,4996.0,737,0,0,4818
583,2014-02-12,3,3716.0,378,0,0,3287
584,2014-02-12,3,3698.0,384,0,0,5422
585,2014-02-12,3,5183.0,893,0,0,5234
586,2014-02-12,3,12692.0,2142,0,0,11565
587,2014-02-12,3,6644.0,528,0,0,7693
588,2014-02-12,3,4552.0,566,0,0,4952
589,2014-02-12,3,3988.0,498,0,0,3890
590,2014-02-12,3,3955.0,334,0,0,4205
591,2014-02-12,3,4942.0,466,0,0,5831
592,2014-02-12,3,3420.0,507,0,0,3543
593,2014-02-12,3,7277.0,1011,0,0,7231
594,2014-02-12,3,3996.0,452,0,0,3043
595,2014-02-12,3,11532.0,1487,0,0,12150
596,2014-02-12,3,3554.0,600,0,0,4791
597,2014-02-12,3,4124.0,657,0,0,3015
598,2014-02-12,3,3796.0,619,0,0,5120
599,2014-02-12,3,6832.0,721,0,0,6451
600,2014-02-12,3,4947.0,499,0,0,5776
601,2014-02-12,3,3328.0,328,0,0,4553
602,2014-02-12,3,5139.0,565,0,0,5514
603,2014-02-12,3,5566.0,929,0,0,6321
604,2014-02-12,3,6562.0,507,0,0,5953
605,2014-02-12,3,5325.0,417,0,0,6227
606,2014-02-12,3,5065.0,599,0,0,4301
607,2014-02-12,3,2623.0,334,0,0,3776
608,2014-02-12,3,7086.0,805,0,0,9012
609,2014-02-12,3,3862.0,479,0,0,2598
610,2014-02-12,3,3434.0,476,0,0,6175
611,2014-02-12,3,4832.0,421,0,0,4309
612,2014-02-12,3,4672.0,330,0,0,5653
613,2014-02-12,3,5313.0,874,0,0,4204
614,2014-02-12,3,5583.0,807,0,0,4831
615,2014-02-12,3,7588.0,1084,0,0,7482
616,2014-02-12,3,7094.0,791,0,0,6757
617,2014-02-12,3,5598.0,555,0,0,5181
618,2014-02-12,3,4330.0,401,0,0,5797
619,2014-02-12,3,3535.0,394,0,0,2622
620,2014-02-12,3,5831.0,576,0,0,5807
621,2014-02-12,3,4748.0,712,0,0,5647
622,2014-02-12,3,3644.0,426,0,0,3401
623,2014-02-12,3,6102.0,823,0,0,6099
624,2014-02-12,3,6303.0,659,0,0,6170
625,2014-02-12,3,5086.0,565,0,0,4949
626,2014-02-12,3,6800.0,647,0,0,6656
627,2014-02-12,3,5111.0,573,0,0,4961
628,2014-02-12,3,5455.0,749,0,0,4411
629,2014-02-12,3,6221.0,620,0,0,5617
630,2014-02-12,3,6751.0,847,0,0,5883
631,2014-02-12,3,4111.0,560,0,0,4008
632,2014-02-12,3,5371.0,798,0,0,5537
633,2014-02-12,3,5335.0,437,0,0,5755
634,2014-02-12,3,5440.0,572,0,0,5109
635,2014-02-12,3,4331.0,505,0,0,5002
636,2014-02-12,3,3858.0,533,0,0,7726
637,2014-02-12,3,6554.0,582,0,0,7513
638,2014-02-12,3,4733.0,424,0,0,4696
639,2014-02-12,3,3477.0,424,0,0,2419
640,2014-02-12,3,8392.0,722,0,0,9008
641,2014-02-12,3,4636.0,479,0,0,6256
642,2014-02-12,3,3549.0,510,0,0,2313
643,2014-02-12,3,6500.0,912,0,0,7050
644,2014-02-12,3,6836.0,835,0,0,7431
645,2014-02-12,3,8206.0,1150,0,0,9160
646,2014-02-12,3,4214.0,633,0,0,3961
647,2014-02-12,3,4510.0,622,0,0,3254
648,2014-02-12,3,4555.0,487,0,0,3813
649,2014-02-12,3,3281.0,384,0,0,2738
650,2014-02-12,3,4794.0,557,0,0,4669
651,2014-02-12,3,6570.0,812,0,0,5825
652,2014-02-12,3,4460.0,523,0,0,6502
653,2014-02-12,3,4344.0,417,0,0,4154
654,2014-02-12,3,5697.0,696,0,0,4477
655,2014-02-12,3,5985.0,564,0,0,7549
656,2014-02-12,3,2748.0,337,0,0,2377
657,2014-02-12,3,4576.0,651,0,0,4540
658,2014-02-12,3,5019.0,555,0,0,4170
659,2014-02-12,3,5148.0,717,0,0,2719
660,2014-02-12,3,3394.0,429,0,0,3988
661,2014-02-12,3,6506.0,550,0,0,5632
662,2014-02-12,3,6356.0,640,0,0,6334
663,2014-02-12,3,4025.0,646,0,0,4528
664,2014-02-12,3,3545.0,507,0,0,3782
665,2014-02-12,3,7323.0,1261,0,0,6608
666,2014-02-12,3,4428.0,485,0,0,5588
667,2014-02-12,3,6005.0,630,0,0,7013
668,2014-02-12,3,7109.0,1026,0,0,7456
669,2014-02-12,3,3172.0,298,0,0,3524
670,2014-02-12,3,5076.0,611,0,0,3955
671,2014-02-12,3,4322.0,526,0,0,5368
672,2014-02-12,3,6085.0,1124,0,0,5370
673,2014-02-12,3,5243.0,507,0,0,6386
674,2014-02-12,3,6503.0,967,0,0,5909
675,2014-02-12,3,3043.0,379,0,0,3872
676,2014-02-12,3,6288.0,1568,0,0,5462
677,2014-02-12,3,6220.0,581,0,0,7127
678,2014-02-12,3,5174.0,732,0,0,6458
679,2014-02-12,3,8056.0,1007,0,0,8655
680,2014-02-12,3,4578.0,763,0,0,3483
681,2014-02-12,3,2476.0,449,0,0,2159
682,2014-02-12,3,10282.0,1729,0,0,10433
683,2014-02-12,3,7935.0,873,0,0,7061
684,2014-02-12,3,5409.0,455,0,0,6340
685,2014-02-12,3,4857.0,543,0,0,4231
686,2014-02-12,3,4907.0,668,0,0,5831
687,2014-02-12,3,6639.0,665,0,0,6283
688,2014-02-12,3,3173.0,337,0,0,2069
689,2014-02-12,3,5125.0,619,0,0,6223
690,2014-02-12,3,4847.0,831,0,0,5297
691,2014-02-12,3,5974.0,491,0,0,7164
692,2014-02-12,3,5134.0,748,0,0,4026
693,2014-02-12,3,3998.0,367,0,0,5004
694,2014-02-12,3,5958.0,635,0,0,6447
695,2014-02-12,3,3642.0,396,0,0,6610
696,2014-02-12,3,6427.0,912,0,0,6421
697,2014-02-12,3,8568.0,892,0,0,7580
698,2014-02-12,3,13856.0,1856,0,0,12527
699,2014-02-12,3,6706.0,871,0,0,5434
700,2014-02-12,3,3426.0,520,0,0,4088
701,2014-02-12,3,4375.0,537,0,0,4788
702,2014-02-12,3,3058.0,273,0,0,3615
703,2014-02-12,3,2895.0,343,0,0,3220
704,2014-02-12,3,8615.0,1005,0,0,7600
705,2014-02-12,3,6355.0,891,0,0,6330
706,2014-02-12,3,3918.0,416,0,0,4658
707,2014-02-12,3,6894.0,844,0,0,8540
708,2014-02-12,3,3539.0,407,0,0,4035
709,2014-02-12,3,9577.0,1415,0,0,9417
710,2014-02-12,3,3516.0,306,0,0,3307
711,2014-02-12,3,5419.0,442,0,0,4409
712,2014-02-12,3,5234.0,482,0,0,4961
713,2014-02-12,3,8282.0,1212,0,0,7984
714,2014-02-12,3,3201.0,276,0,0,3716
715,2014-02-12,3,5465.0,689,0,0,3752
716,2014-02-12,3,3885.0,347,0,0,4744
717,2014-02-12,3,3641.0,475,0,0,4389
718,2014-02-12,3,6438.0,805,0,0,4743
719,2014-02-12,3,4477.0,383,0,0,4335
720,2014-02-12,3,6495.0,711,0,0,4838
721,2014-02-12,3,5968.0,710,0,0,7326
722,2014-02-12,3,8629.0,1509,0,0,6875
723,2014-02-12,3,5051.0,443,0,0,4593
724,2014-02-12,3,5467.0,628,0,0,4905
725,2014-02-12,3,4566.0,508,0,0,5513
726,2014-02-12,3,9589.0,1095,0,0,9692
727,2014-02-12,3,3683.0,423,0,0,3435
728,2014-02-12,3,3457.0,358,0,0,3589
729,2014-02-12,3,8003.0,944,0,0,6900
730,2014-02-12,3,6234.0,886,0,0,4863
731,2014-02-12,3,7109.0,901,0,0,7380
732,2014-02-12,3,3799.0,484,0,0,3907
733,2014-02-12,3,13010.0,3236,0,0,12828
734,2014-02-12,3,4291.0,502,0,0,4687
735,2014-02-12,3,3543.0,440,0,0,4867
736,2014-02-12,3,3796.0,409,0,0,5271
737,2014-02-12,3,5389.0,844,0,0,4260
738,2014-02-12,3,6434.0,582,0,0,6859
739,2014-02-12,3,7309.0,622,0,0,8411
740,2014-02-12,3,5263.0,412,0,0,5522
741,2014-02-12,3,6821.0,875,0,0,6344
742,2014-02-12,3,6109.0,740,0,0,3640
743,2014-02-12,3,2878.0,383,0,0,4659
744,2014-02-12,3,6250.0,760,0,0,4094
745,2014-02-12,3,6290.0,736,0,0,6630
746,2014-02-12,3,3977.0,379,0,0,4204
747,2014-02-12,3,5948.0,625,0,0,5656
748,2014-02-12,3,3901.0,374,0,0,4674
749,2014-02-12,3,4626.0,686,0,0,5495
750,2014-02-12,3,3799.0,340,0,0,4245
751,2014-02-12,3,3761.0,547,0,0,3957
752,2014-02-12,3,4024.0,386,0,0,5225
753,2014-02-12,3,6500.0,656,0,0,6660
754,2014-02-12,3,5483.0,764,0,0,6790
755,2014-02-12,3,8212.0,744,0,0,8311
756,2014-02-12,3,12616.0,1929,0,0,13194
757,2014-02-12,3,4517.0,495,0,0,4792
758,2014-02-12,3,4278.0,646,0,0,3022
759,2014-02-12,3,5464.0,736,0,0,6010
760,2014-02-12,3,6676.0,1059,0,0,5937
761,2014-02-12,3,7573.0,942,0,0,6558
762,2014-02-12,3,1935.0,271,0,0,3101
763,2014-02-12,3,4500.0,466,0,0,5692
764,2014-02-12,3,2992.0,382,0,0,2523
765,2014-02-12,3,6736.0,655,0,0,5843
766,2014-02-12,3,4934.0,476,0,0,3481
767,2014-02-12,3,4577.0,558,0,0,4256
768,2014-02-12,3,10240.0,1185,0,0,10141
769,2014-02-12,3,9514.0,2906,0,0,7816
770,2014-02-12,3,5507.0,690,0,0,4215
771,2014-02-12,3,5252.0,652,0,0,6125
772,2014-02-12,3,3059.0,449,0,0,3024
773,2014-02-12,3,6395.0,781,0,0,4659
774,2014-02-12,3,4994.0,744,0,0,3492
775,2014-02-12,3,7418.0,555,0,0,6379
776,2014-02-12,3,3484.0,442,0,0,3122
777,2014-02-12,3,2664.0,272,0,0,1760
778,2014-02-12,3,4895.0,704,0,0,3705
779,2014-02-12,3,5568.0,627,0,0,5092
780,2014-02-12,3,4812.0,663,0,0,3981
781,2014-02-12,3,3799.0,659,0,0,2646
782,2014-02-12,3,3876.0,442,0,0,4191
783,2014-02-12,3,5001.0,592,0,0,4457
784,2014-02-12,3,6195.0,798,0,0,5921
785,2014-02-12,3,3780.0,385,0,0,4763
786,2014-02-12,3,3063.0,534,0,0,1972
787,2014-02-12,3,9107.0,1047,0,0,7310
788,2014-02-12,3,16544.0,1728,0,0,15003
789,2014-02-12,3,3286.0,459,0,0,3631
790,2014-02-12,3,5492.0,560,0,0,5306
791,2014-02-12,3,5886.0,710,0,0,5879
792,2014-02-12,3,4952.0,576,0,0,6109
793,2014-02-12,3,2512.0,308,0,0,4740
794,2014-02-12,3,3001.0,509,0,0,2654
795,2014-02-12,3,2932.0,404,0,0,2219
796,2014-02-12,3,5711.0,620,0,0,5727
797,2014-02-12,3,2561.0,288,0,0,1082
798,2014-02-12,3,7040.0,965,0,0,7795
799,2014-02-12,3,8459.0,839,0,0,7842
800,2014-02-12,3,4598.0,446,0,0,3307
801,2014-02-12,3,3388.0,400,0,0,5501
802,2014-02-12,3,5073.0,466,0,0,5617
803,2014-02-12,3,4157.0,405,0,0,3801
804,2014-02-12,3,4153.0,371,0,0,3979
805,2014-02-12,3,3875.0,428,0,0,3189
806,2014-02-12,3,4502.0,414,0,0,5675
807,2014-02-12,3,8311.0,919,0,0,6865
808,2014-02-12,3,6301.0,585,0,0,5079
809,2014-02-12,3,7213.0,674,0,0,6016
810,2014-02-12,3,4556.0,426,0,0,4430
811,2014-02-12,3,3800.0,680,0,0,3392
812,2014-02-12,3,5615.0,741,0,0,4444
813,2014-02-12,3,5005.0,625,0,0,5308
814,2014-02-12,3,6565.0,565,0,0,6871
815,2014-02-12,3,7234.0,783,0,0,7568
816,2014-02-12,3,4110.0,678,0,0,3858
817,2014-02-12,3,20459.0,3208,0,1,20663
818,2014-02-12,3,4509.0,544,0,0,4879
819,2014-02-12,3,4939.0,491,0,0,6056
820,2014-02-12,3,9427.0,980,0,0,9774
821,2014-02-12,3,5859.0,817,0,0,6367
822,2014-02-12,3,5556.0,529,0,0,5792
823,2014-02-12,3,4296.0,502,0,0,2786
824,2014-02-12,3,6324.0,913,0,0,6300
825,2014-02-12,3,3102.0,401,0,0,3420
826,2014-02-12,3,7175.0,716,0,0,8539
827,2014-02-12,3,8649.0,1214,0,0,8676
828,2014-02-12,3,4221.0,569,0,0,5489
829,2014-02-12,3,4532.0,674,0,0,4275
830,2014-02-12,3,5469.0,578,0,0,4899
831,2014-02-12,3,10358.0,1500,0,0,10312
832,2014-02-12,3,4303.0,450,0,0,3636
833,2014-02-12,3,4547.0,463,0,0,4277
834,2014-02-12,3,4440.0,563,0,0,5532
835,2014-02-12,3,4031.0,611,0,0,3394
836,2014-02-12,3,5298.0,726,0,0,4216
838,2014-02-12,3,7132.0,797,0,0,6426
839,2014-02-12,3,4607.0,639,0,0,5922
840,2014-02-12,3,6837.0,1070,0,0,6453
841,2014-02-12,3,2716.0,417,0,0,2822
842,2014-02-12,3,15246.0,962,0,0,14560
843,2014-02-12,3,7141.0,929,0,0,5568
844,2014-02-12,3,3732.0,462,0,0,2068
845,2014-02-12,3,3386.0,271,0,0,4346
846,2014-02-12,3,6777.0,728,0,0,6139
847,2014-02-12,3,5463.0,912,0,0,5918
848,2014-02-12,3,4770.0,646,0,0,4119
849,2014-02-12,3,6610.0,823,0,0,5783
850,2014-02-12,3,5008.0,545,0,0,4238
851,2014-02-12,3,4752.0,430,0,0,4397
852,2014-02-12,3,3529.0,560,0,0,3412
853,2014-02-12,3,7964.0,963,0,0,7478
854,2014-02-12,3,4727.0,594,0,0,5089
855,2014-02-12,3,4464.0,525,0,0,4991
856,2014-02-12,3,5433.0,875,0,0,5139
857,2014-02-12,3,5753.0,789,0,0,4702
858,2014-02-12,3,3850.0,390,0,0,5695
859,2014-02-12,3,5826.0,625,0,0,5593
860,2014-02-12,3,4176.0,596,0,0,4459
861,2014-02-12,3,2855.0,520,0,0,3400
862,2014-02-12,3,7105.0,1072,0,0,7046
863,2014-02-12,3,6675.0,875,0,0,6377
864,2014-02-12,3,3444.0,568,0,0,3592
865,2014-02-12,3,5835.0,540,0,0,6965
866,2014-02-12,3,4824.0,367,0,0,5337
867,2014-02-12,3,2747.0,296,0,0,2497
868,2014-02-12,3,7369.0,547,0,0,4884
869,2014-02-12,3,4285.0,744,0,0,4265
870,2014-02-12,3,6329.0,876,0,0,5485
871,2014-02-12,3,4150.0,366,0,0,2833
872,2014-02-12,3,7140.0,791,0,0,8075
873,2014-02-12,3,3853.0,509,0,0,2675
874,2014-02-12,3,3316.0,408,0,0,4179
875,2014-02-12,3,3534.0,367,0,0,4938
876,2014-02-12,3,7437.0,953,0,0,7254
877,2014-02-12,3,5353.0,872,0,0,4872
878,2014-02-12,3,7942.0,847,0,0,7851
879,2014-02-12,3,2736.0,274,0,0,3141
880,2014-02-12,3,6009.0,745,0,0,5465
881,2014-02-12,3,3585.0,606,0,0,4030
882,2014-02-12,3,5216.0,726,0,0,5228
883,2014-02-12,3,3707.0,441,0,0,3869
884,2014-02-12,3,3975.0,426,0,0,4528
885,2014-02-12,3,4771.0,646,0,0,4038
886,2014-02-12,3,5262.0,576,0,0,5225
887,2014-02-12,3,4977.0,460,0,0,4729
888,2014-02-12,3,5425.0,581,0,0,5957
889,2014-02-12,3,3370.0,410,0,0,3580
890,2014-02-12,3,3871.0,324,0,0,4174
891,2014-02-12,3,6337.0,982,0,0,5717
892,2014-02-12,3,6180.0,668,0,0,5449
893,2014-02-12,3,5547.0,791,0,0,6036
894,2014-02-12,3,6378.0,945,0,0,7000
895,2014-02-12,3,7281.0,757,0,0,8256
896,2014-02-12,3,5895.0,964,0,0,5575
897,2014-02-12,3,2152.0,265,0,0,4170
898,2014-02-12,3,5645.0,701,0,0,5047
899,2014-02-12,3,4167.0,517,0,0,3490
900,2014-02-12,3,4774.0,488,0,0,4517
901,2014-02-12,3,6146.0,571,0,0,5712
902,2014-02-12,3,4400.0,599,0,0,4626
903,2014-02-12,3,8402.0,654,0,0,9759
904,2014-02-12,3,4282.0,426,0,0,4529
905,2014-02-12,3,8408.0,1398,0,0,7498
906,2014-02-12,3,9061.0,1180,0,0,8216
907,2014-02-12,3,5117.0,698,0,0,4977
908,2014-02-12,3,3365.0,316,0,0,4097
909,2014-02-12,3,7665.0,838,0,0,7557
910,2014-02-12,3,3789.0,461,0,0,3027
911,2014-02-12,3,7674.0,812,0,0,8882
912,2014-02-12,3,4738.0,653,0,0,5368
913,2014-02-12,3,6474.0,1004,0,0,7397
914,2014-02-12,3,7196.0,1039,0,0,7237
915,2014-02-12,3,3672.0,352,0,0,3920
916,2014-02-12,3,4124.0,610,0,0,4241
917,2014-02-12,3,5634.0,688,0,0,7612
918,2014-02-12,3,4463.0,568,0,0,2960
919,2014-02-12,3,4625.0,641,0,0,4156
920,2014-02-12,3,4382.0,497,0,0,3783
921,2014-02-12,3,8656.0,1064,0,0,8157
922,2014-02-12,3,6205.0,639,0,0,6291
923,2014-02-12,3,4630.0,603,0,0,3020
924,2014-02-12,3,3586.0,410,0,0,3925
925,2014-02-12,3,5527.0,1055,0,0,5646
926,2014-02-12,3,4736.0,431,0,0,4763
927,2014-02-12,3,4916.0,774,0,0,4517
928,2014-02-12,3,5134.0,517,0,0,8067
929,2014-02-12,3,5142.0,721,0,0,4852
930,2014-02-12,3,4811.0,909,0,0,5831
931,2014-02-12,3,2634.0,349,0,0,2515
932,2014-02-12,3,6121.0,679,0,0,5354
933,2014-02-12,3,6166.0,913,0,0,5648
934,2014-02-12,3,5400.0,650,0,0,4538
935,2014-02-12,3,4667.0,580,0,0,4697
936,2014-02-12,3,6227.0,836,0,0,4960
937,2014-02-12,3,4954.0,465,0,0,4122
938,2014-02-12,3,7335.0,831,0,0,7497
939,2014-02-12,3,4016.0,441,0,0,4765
940,2014-02-12,3,6015.0,646,0,0,2968
941,2014-02-12,3,3707.0,499,0,0,5121
942,2014-02-12,3,4197.0,387,0,0,5250
943,2014-02-12,3,5338.0,509,0,0,4569
944,2014-02-12,3,5973.0,1014,0,0,5450
945,2014-02-12,3,3911.0,577,0,0,3320
946,2014-02-12,3,3456.0,483,0,0,4103
947,2014-02-12,3,7029.0,1099,0,0,5996
948,2014-02-12,3,6140.0,1641,0,0,6460
949,2014-02-12,3,4530.0,495,0,0,3833
950,2014-02-12,3,4122.0,502,0,0,4350
951,2014-02-12,3,5991.0,630,0,0,5138
952,2014-02-12,3,4799.0,447,0,0,5135
953,2014-02-12,3,4175.0,495,0,0,5276
954,2014-02-12,3,5636.0,905,0,0,5302
955,2014-02-12,3,3641.0,396,0,0,4620
956,2014-02-12,3,3767.0,517,0,0,3479
957,2014-02-12,3,6354.0,828,0,0,5799
958,2014-02-12,3,3718.0,557,0,0,3522
959,2014-02-12,3,5934.0,727,0,0,4622
960,2014-02-12,3,6023.0,519,0,0,5366
961,2014-02-12,3,5092.0,591,0,0,4789
962,2014-02-12,3,5157.0,766,0,0,6458
963,2014-02-12,3,8372.0,866,0,0,7616
964,2014-02-12,3,7541.0,1231,0,0,7602
965,2014-02-12,3,7268.0,882,0,0,5923
966,2014-02-12,3,3718.0,565,0,0,6033
967,2014-02-12,3,5849.0,740,0,0,6562
968,2014-02-12,3,6519.0,897,0,0,5668
969,2014-02-12,3,2965.0,553,0,0,2603
970,2014-02-12,3,3463.0,448,0,0,5544
971,2014-02-12,3,5885.0,788,0,0,6762
972,2014-02-12,3,2875.0,369,0,0,4778
973,2014-02-12,3,4625.0,721,0,0,5381
974,2014-02-12,3,9561.0,1510,0,0,11009
975,2014-02-12,3,5796.0,633,0,0,4641
976,2014-02-12,3,6217.0,716,0,0,5750
977,2014-02-12,3,3715.0,419,0,0,2924
978,2014-02-12,3,5980.0,920,0,0,6058
979,2014-02-12,3,4169.0,517,0,0,4837
980,2014-02-12,3,4870.0,465,0,0,4601
981,2014-02-12,3,5176.0,622,0,0,4927
982,2014-02-12,3,5947.0,564,0,0,6134
983,2014-02-12,3,10120.0,1434,0,0,10347
984,2014-02-12,3,4208.0,602,0,0,4908
985,2014-02-12,3,5615.0,669,0,0,5598
986,2014-02-12,3,4718.0,737,0,0,4467
987,2014-02-12,3,5663.0,814,0,0,5261
988,2014-02-12,3,3725.0,640,0,0,3634
989,2014-02-12,3,4378.0,574,0,0,4285
990,2014-02-12,3,4600.0,451,0,0,4874
991,2014-02-12,3,4052.0,393,0,0,3821
992,2014-02-12,3,5321.0,699,0,0,4018
993,2014-02-12,3,5729.0,637,0,0,7495
994,2014-02-12,3,3672.0,413,0,0,1977
995,2014-02-12,3,7312.0,662,0,0,6619
996,2014-02-12,3,5073.0,629,0,0,4709
997,2014-02-12,3,3388.0,323,0,0,3105
998,2014-02-12,3,3645.0,493,0,0,2485
999,2014-02-12,3,7128.0,544,0,0,7009
1000,2014-02-12,3,5167.0,555,0,0,5128
1001,2014-02-12,3,3967.0,551,0,0,5363
1002,2014-02-12,3,4895.0,620,0,0,4528
1003,2014-02-12,3,5217.0,654,0,0,6009
1004,2014-02-12,3,3815.0,360,0,0,3718
1005,2014-02-12,3,4932.0,778,0,0,3161
1006,2014-02-12,3,4773.0,760,0,0,4634
1007,2014-02-12,3,4951.0,668,0,0,4549
1008,2014-02-12,3,4083.0,645,0,0,3801
1009,2014-02-12,3,4175.0,420,0,0,4103
1010,2014-02-12,3,5683.0,616,0,0,6272
1011,2014-02-12,3,6398.0,839,0,0,6788
1012,2014-02-12,3,4867.0,458,0,0,4829
1013,2014-02-12,3,3083.0,398,0,0,4450
1014,2014-02-12,3,11158.0,1338,0,0,9423
1015,2014-02-12,3,4071.0,410,0,0,5354
1016,2014-02-12,3,3959.0,417,0,0,5062
1017,2014-02-12,3,6235.0,964,0,0,5619
1018,2014-02-12,3,9160.0,1211,0,0,9598
1019,2014-02-12,3,6454.0,605,0,0,6944
1020,2014-02-12,3,7180.0,990,0,0,6802
1021,2014-02-12,3,7645.0,952,0,0,6214
1022,2014-02-12,3,5559.0,730,0,0,5687
1023,2014-02-12,3,4217.0,510,0,0,4276
1024,2014-02-12,3,4431.0,665,0,0,4730
1025,2014-02-12,3,6420.0,805,0,0,5115
1026,2014-02-12,3,6748.0,997,0,0,9914
1027,2014-02-12,3,10186.0,1375,0,0,11365
1028,2014-02-12,3,3509.0,458,0,0,3010
1029,2014-02-12,3,4894.0,760,0,0,2368
1030,2014-02-12,3,2773.0,290,0,0,3679
1031,2014-02-12,3,2929.0,317,0,0,3745
1032,2014-02-12,3,7540.0,894,0,0,6356
1033,2014-02-12,3,11352.0,1206,0,0,12348
1034,2014-02-12,3,5661.0,660,0,0,4418
1035,2014-02-12,3,3691.0,536,0,0,2863
1036,2014-02-12,3,3814.0,420,0,0,3283
1037,2014-02-12,3,5593.0,855,0,0,5204
1038,2014-02-12,3,4336.0,417,0,0,3857
1039,2014-02-12,3,6426.0,944,0,0,6295
1040,2014-02-12,3,7027.0,780,0,0,6995
1041,2014-02-12,3,4549.0,576,0,0,4790
1042,2014-02-12,3,3166.0,469,0,0,3625
1043,2014-02-12,3,6532.0,1037,0,0,6403
1044,2014-02-12,3,4922.0,723,0,0,5972
1045,2014-02-12,3,5697.0,789,0,0,5439
1046,2014-02-12,3,6938.0,583,0,0,6049
1047,2014-02-12,3,4691.0,486,0,0,2921
1048,2014-02-12,3,4732.0,418,0,0,4327
1049,2014-02-12,3,3481.0,616,0,0,3451
1050,2014-02-12,3,5517.0,416,0,0,5360
1051,2014-02-12,3,6062.0,943,0,0,5980
1052,2014-02-12,3,5841.0,700,0,0,4442
1053,2014-02-12,3,6909.0,915,0,0,5572
1054,2014-02-12,3,4821.0,580,0,0,5430
1055,2014-02-12,3,6349.0,868,0,0,6655
1056,2014-02-12,3,2941.0,314,0,0,3741
1057,2014-02-12,3,4591.0,512,0,0,4887
1058,2014-02-12,3,5476.0,684,0,0,5534
1059,2014-02-12,3,6730.0,1000,0,0,3510
1060,2014-02-12,3,6108.0,807,0,0,7507
1061,2014-02-12,3,5644.0,485,0,0,5043
1062,2014-02-12,3,4510.0,459,0,0,5624
1063,2014-02-12,3,3280.0,495,0,0,3240
1064,2014-02-12,3,7859.0,977,0,0,8644
1065,2014-02-12,3,3420.0,457,0,0,3719
1066,2014-02-12,3,9611.0,1081,0,0,9417
1067,2014-02-12,3,4476.0,418,0,0,4179
1068,2014-02-12,3,3945.0,274,0,0,3949
1069,2014-02-12,3,6463.0,1006,0,0,5568
1070,2014-02-12,3,5209.0,713,0,0,5721
1071,2014-02-12,3,4768.0,651,0,0,4348
1072,2014-02-12,3,6242.0,619,0,0,4706
1073,2014-02-12,3,6302.0,911,0,0,4955
1074,2014-02-12,3,3494.0,452,0,0,5033
1075,2014-02-12,3,8748.0,967,0,0,8579
1076,2014-02-12,3,2786.0,508,0,0,3371
1077,2014-02-12,3,3424.0,422,0,0,2762
1078,2014-02-12,3,4890.0,430,0,0,4958
1079,2014-02-12,3,5936.0,563,0,0,6249
1080,2014-02-12,3,8696.0,759,0,0,7398
1081,2014-02-12,3,6604.0,1126,0,0,3263
1082,2014-02-12,3,5758.0,936,0,0,6849
1083,2014-02-12,3,4147.0,325,0,0,4101
1084,2014-02-12,3,5240.0,746,0,0,6065
1085,2014-02-12,3,6317.0,724,0,0,3948
1086,2014-02-12,3,5291.0,705,0,0,6757
1087,2014-02-12,3,4803.0,525,0,0,4469
1088,2014-02-12,3,4333.0,465,0,0,6005
1089,2014-02-12,3,7727.0,871,0,0,5054
1090,2014-02-12,3,6271.0,946,0,0,4483
1091,2014-02-12,3,5669.0,546,0,0,6759
1092,2014-02-12,3,9377.0,983,0,0,9447
1093,2014-02-12,3,7366.0,812,0,0,7562
1094,2014-02-12,3,3478.0,314,0,0,3938
1095,2014-02-12,3,4284.0,657,0,0,2767
1096,2014-02-12,3,4030.0,561,0,0,3574
1097,2014-02-12,3,9414.0,2533,0,0,8113
1098,2014-02-12,3,4311.0,657,0,0,3807
1099,2014-02-12,3,6140.0,807,0,0,6010
1100,2014-02-12,3,4263.0,623,0,0,4006
1101,2014-02-12,3,7351.0,866,0,0,3119
1102,2014-02-12,3,5988.0,680,0,0,8047
1103,2014-02-12,3,3484.0,288,0,0,3426
1104,2014-02-12,3,3898.0,323,0,0,3313
1105,2014-02-12,3,3372.0,406,0,0,3743
1106,2014-02-12,3,4206.0,529,0,0,4312
1107,2014-02-12,3,4234.0,521,0,0,4866
1108,2014-02-12,3,4832.0,533,0,0,4839
1109,2014-02-12,3,3652.0,394,0,0,2380
1110,2014-02-12,3,3179.0,429,0,0,3615
1111,2014-02-12,3,4889.0,433,0,0,3222
1112,2014-02-12,3,6779.0,647,0,0,7630
1113,2014-02-12,3,5347.0,648,0,0,4343
1114,2014-02-12,3,17462.0,2826,0,0,17596
1115,2014-02-12,3,3982.0,319,0,0,4180
1,2014-02-05,3,5031.0,581,1,1,5723
2,2014-02-05,3,7198.0,820,1,1,5662
3,2014-02-05,3,8124.0,834,1,1,7262
4,2014-02-05,3,10046.0,1386,1,1,10348
5,2014-02-05,3,6486.0,700,1,1,4453
6,2014-02-05,3,6017.0,695,1,1,5521
7,2014-02-05,3,8998.0,922,1,1,9391
8,2014-02-05,3,6595.0,757,1,1,7420
9,2014-02-05,3,7514.0,643,1,1,6981
10,2014-02-05,3,5062.0,590,1,1,5593
11,2014-02-05,3,9024.0,1219,1,1,7602
12,2014-02-05,3,9489.0,1036,1,1,7768
13,2014-02-05,3,6058.0,441,1,1,5129
14,2014-02-05,3,5842.0,634,1,1,5990
15,2014-02-05,3,7593.0,665,1,1,7935
16,2014-02-05,3,8487.0,915,1,1,7986
17,2014-02-05,3,8126.0,926,1,1,6580
18,2014-02-05,3,7434.0,826,1,1,7820
19,2014-02-05,3,7119.0,708,1,1,6033
20,2014-02-05,3,8352.0,964,1,1,8084
21,2014-02-05,3,6339.0,582,1,1,6224
22,2014-02-05,3,4805.0,505,1,1,5713
23,2014-02-05,3,6132.0,465,1,1,6717
24,2014-02-05,3,11179.0,973,1,1,8947
26,2014-02-05,3,7733.0,555,1,1,8005
27,2014-02-05,3,11685.0,1189,1,1,8614
28,2014-02-05,3,5635.0,603,1,1,5724
29,2014-02-05,3,7699.0,684,1,1,9084
30,2014-02-05,3,6529.0,937,1,1,5943
31,2014-02-05,3,5940.0,578,1,1,4624
32,2014-02-05,3,4577.0,508,1,1,3942
33,2014-02-05,3,9160.0,838,1,1,9570
34,2014-02-05,3,7865.0,974,1,1,7673
35,2014-02-05,3,11133.0,736,1,1,9603
36,2014-02-05,3,9588.0,1110,1,1,9640
37,2014-02-05,3,7061.0,722,1,1,6781
38,2014-02-05,3,6337.0,529,1,1,6983
39,2014-02-05,3,6837.0,791,1,1,5860
40,2014-02-05,3,5184.0,650,1,1,4374
41,2014-02-05,3,5495.0,403,1,1,5872
42,2014-02-05,3,11022.0,1206,1,1,11106
43,2014-02-05,3,8601.0,714,1,1,8055
44,2014-02-05,3,6246.0,681,1,1,5148
45,2014-02-05,3,5578.0,386,1,1,5322
46,2014-02-05,3,6398.0,743,1,1,6224
47,2014-02-05,3,8346.0,1080,1,1,6760
48,2014-02-05,3,4588.0,494,1,1,3973
49,2014-02-05,3,7869.0,526,1,1,6458
50,2014-02-05,3,4572.0,340,1,1,4948
51,2014-02-05,3,6111.0,431,1,1,6643
52,2014-02-05,3,9276.0,570,1,1,8591
53,2014-02-05,3,6169.0,627,1,1,6084
54,2014-02-05,3,8137.0,725,1,1,8028
55,2014-02-05,3,5564.0,615,1,1,5012
56,2014-02-05,3,6508.0,408,1,1,6661
57,2014-02-05,3,12888.0,1141,1,1,11072
58,2014-02-05,3,7068.0,517,1,1,6553
59,2014-02-05,3,6726.0,685,1,1,6668
60,2014-02-05,3,9652.0,861,1,1,9765
61,2014-02-05,3,4997.0,617,1,1,4810
62,2014-02-05,3,7357.0,792,1,1,6276
63,2014-02-05,3,7176.0,619,1,1,7346
64,2014-02-05,3,9871.0,726,1,1,7188
65,2014-02-05,3,5731.0,491,1,1,7150
66,2014-02-05,3,5974.0,490,1,1,6961
67,2014-02-05,3,9609.0,932,1,1,9286
68,2014-02-05,3,7152.0,1139,1,1,6936
69,2014-02-05,3,9876.0,1164,1,1,9360
70,2014-02-05,3,7338.0,767,1,1,8745
71,2014-02-05,3,10738.0,799,1,1,9294
72,2014-02-05,3,5457.0,563,1,1,6931
73,2014-02-05,3,5668.0,551,1,1,5861
74,2014-02-05,3,6347.0,871,1,1,6549
75,2014-02-05,3,5711.0,592,1,1,6425
76,2014-02-05,3,8947.0,878,1,1,9476
77,2014-02-05,3,7447.0,662,1,1,7617
78,2014-02-05,3,3884.0,513,1,1,4595
79,2014-02-05,3,6124.0,580,1,1,5433
80,2014-02-05,3,6838.0,489,1,1,8689
81,2014-02-05,3,6234.0,527,1,1,6345
82,2014-02-05,3,10061.0,893,1,1,9586
83,2014-02-05,3,3772.0,361,1,1,3673
84,2014-02-05,3,14895.0,1622,1,1,14853
85,2014-02-05,3,7107.0,914,1,1,7664
86,2014-02-05,3,5300.0,673,1,1,4779
87,2014-02-05,3,6950.0,804,1,1,6138
88,2014-02-05,3,7096.0,693,1,1,5737
89,2014-02-05,3,6827.0,693,1,1,6965
90,2014-02-05,3,9105.0,1108,1,1,8660
91,2014-02-05,3,6563.0,721,1,1,9871
92,2014-02-05,3,7221.0,561,1,1,7287
93,2014-02-05,3,6210.0,598,1,1,6165
94,2014-02-05,3,8060.0,652,1,1,7479
95,2014-02-05,3,8612.0,910,1,1,9005
96,2014-02-05,3,7000.0,672,1,1,6553
97,2014-02-05,3,7416.0,689,1,1,5125
98,2014-02-05,3,4743.0,405,1,1,6251
99,2014-02-05,3,5636.0,504,1,1,6082
100,2014-02-05,3,8102.0,664,1,1,7888
101,2014-02-05,3,7782.0,769,1,1,6932
102,2014-02-05,3,7803.0,1154,1,1,7483
103,2014-02-05,3,4078.0,386,1,1,6871
104,2014-02-05,3,10113.0,1265,1,1,11477
105,2014-02-05,3,4926.0,617,1,1,7169
106,2014-02-05,3,9102.0,825,1,1,9717
107,2014-02-05,3,7477.0,959,1,1,7516
108,2014-02-05,3,10664.0,815,1,1,13237
109,2014-02-05,3,7080.0,757,1,1,8003
110,2014-02-05,3,5024.0,619,1,1,2768
111,2014-02-05,3,7804.0,570,1,1,6517
112,2014-02-05,3,6942.0,813,1,1,8449
113,2014-02-05,3,8879.0,821,1,1,8735
114,2014-02-05,3,5828.0,658,1,1,5073
115,2014-02-05,3,7896.0,574,1,1,7688
116,2014-02-05,3,7619.0,820,1,1,7015
117,2014-02-05,3,4217.0,526,1,1,4377
118,2014-02-05,3,8330.0,642,1,1,8780
119,2014-02-05,3,7331.0,732,1,1,6786
120,2014-02-05,3,7607.0,654,1,1,5735
121,2014-02-05,3,5149.0,512,1,1,5263
122,2014-02-05,3,6035.0,678,1,1,5842
123,2014-02-05,3,10528.0,1176,1,1,8264
124,2014-02-05,3,4749.0,560,1,1,4304
125,2014-02-05,3,12692.0,1707,1,1,11379
126,2014-02-05,3,7055.0,611,1,1,5345
127,2014-02-05,3,5700.0,695,1,1,5569
128,2014-02-05,3,7648.0,608,1,1,7838
129,2014-02-05,3,10667.0,1235,1,1,10843
130,2014-02-05,3,5346.0,591,1,1,6568
131,2014-02-05,3,6561.0,651,1,1,6787
132,2014-02-05,3,6261.0,571,1,1,6260
133,2014-02-05,3,7836.0,842,1,1,6611
134,2014-02-05,3,5025.0,532,1,1,4911
135,2014-02-05,3,6223.0,505,1,1,6426
136,2014-02-05,3,7608.0,544,1,1,4229
137,2014-02-05,3,8710.0,957,1,1,8332
138,2014-02-05,3,8311.0,787,1,1,7559
139,2014-02-05,3,7224.0,533,1,1,6682
140,2014-02-05,3,7703.0,1004,1,1,7756
141,2014-02-05,3,6698.0,676,1,1,5521
142,2014-02-05,3,4759.0,586,1,1,5182
143,2014-02-05,3,7378.0,612,1,1,7728
144,2014-02-05,3,7983.0,670,1,1,8558
145,2014-02-05,3,9410.0,1257,1,1,8906
146,2014-02-05,3,8046.0,673,1,1,7843
147,2014-02-05,3,10062.0,988,1,1,8527
148,2014-02-05,3,8912.0,834,1,1,8895
149,2014-02-05,3,6776.0,523,1,1,5376
150,2014-02-05,3,8696.0,833,1,1,7523
151,2014-02-05,3,6946.0,659,1,1,6647
152,2014-02-05,3,7382.0,765,1,1,5655
153,2014-02-05,3,8938.0,707,1,1,9414
154,2014-02-05,3,9194.0,720,1,1,9172
155,2014-02-05,3,7337.0,645,1,1,7053
156,2014-02-05,3,8828.0,810,1,1,7243
157,2014-02-05,3,11358.0,1115,1,1,10737
158,2014-02-05,3,9448.0,548,1,1,10128
159,2014-02-05,3,8055.0,660,1,1,8141
160,2014-02-05,3,6119.0,565,1,1,7284
161,2014-02-05,3,7101.0,791,1,1,9902
162,2014-02-05,3,8344.0,549,1,1,6469
163,2014-02-05,3,6580.0,772,1,1,6770
164,2014-02-05,3,7545.0,700,1,1,5897
165,2014-02-05,3,4759.0,511,1,1,3686
166,2014-02-05,3,7107.0,888,1,1,7450
167,2014-02-05,3,12351.0,1374,1,1,11305
168,2014-02-05,3,8622.0,771,1,1,8852
169,2014-02-05,3,7842.0,739,1,1,7531
170,2014-02-05,3,5435.0,531,1,1,4614
171,2014-02-05,3,9232.0,907,1,1,9150
172,2014-02-05,3,7060.0,894,1,1,6320
173,2014-02-05,3,8702.0,1024,1,1,8581
174,2014-02-05,3,5796.0,416,1,1,6125
175,2014-02-05,3,6151.0,683,1,1,6486
176,2014-02-05,3,5916.0,687,1,1,5634
177,2014-02-05,3,5097.0,575,1,1,4918
178,2014-02-05,3,11462.0,976,1,1,11635
179,2014-02-05,3,8641.0,1052,1,1,7754
180,2014-02-05,3,7528.0,863,1,1,7844
181,2014-02-05,3,8379.0,781,1,1,5813
182,2014-02-05,3,5437.0,404,1,1,7374
183,2014-02-05,3,4876.0,561,1,1,4358
184,2014-02-05,3,7578.0,619,1,1,7320
185,2014-02-05,3,6649.0,465,1,1,7532
186,2014-02-05,3,4114.0,378,1,1,4219
187,2014-02-05,3,6467.0,828,1,1,6500
188,2014-02-05,3,5601.0,456,1,1,6109
189,2014-02-05,3,10291.0,867,1,1,9175
190,2014-02-05,3,7587.0,685,1,1,7269
191,2014-02-05,3,5890.0,624,1,1,9070
192,2014-02-05,3,7326.0,529,1,1,8490
193,2014-02-05,3,7376.0,999,1,1,4434
194,2014-02-05,3,4962.0,407,1,1,7579
195,2014-02-05,3,12573.0,1434,1,1,11691
196,2014-02-05,3,5530.0,717,1,1,3993
197,2014-02-05,3,8746.0,973,1,1,5454
198,2014-02-05,3,3460.0,364,1,1,2074
199,2014-02-05,3,8741.0,595,1,1,10322
200,2014-02-05,3,8352.0,1000,1,1,8569
201,2014-02-05,3,5503.0,373,1,1,6178
202,2014-02-05,3,6174.0,480,1,1,6326
203,2014-02-05,3,9195.0,1184,1,1,6950
204,2014-02-05,3,5932.0,555,1,1,6133
205,2014-02-05,3,7556.0,959,1,1,7650
206,2014-02-05,3,7946.0,882,1,1,6431
207,2014-02-05,3,13333.0,1458,1,1,11232
208,2014-02-05,3,2740.0,363,1,1,2246
209,2014-02-05,3,5830.0,592,1,1,4837
210,2014-02-05,3,3960.0,351,1,1,3601
211,2014-02-05,3,15119.0,1619,1,1,14376
212,2014-02-05,3,6533.0,574,1,1,4870
213,2014-02-05,3,9844.0,736,1,1,8505
214,2014-02-05,3,9200.0,665,1,1,10500
215,2014-02-05,3,7534.0,500,1,1,7652
216,2014-02-05,3,7512.0,905,1,1,6948
217,2014-02-05,3,4640.0,668,1,1,3714
218,2014-02-05,3,5967.0,773,1,1,5786
219,2014-02-05,3,3679.0,446,1,1,2884
220,2014-02-05,3,5596.0,722,1,1,3812
221,2014-02-05,3,5761.0,530,1,1,2366
222,2014-02-05,3,5431.0,600,1,1,5933
223,2014-02-05,3,8764.0,808,1,1,7874
224,2014-02-05,3,7031.0,474,1,1,7421
225,2014-02-05,3,5316.0,575,1,1,5730
226,2014-02-05,3,7538.0,693,1,1,5861
227,2014-02-05,3,6744.0,598,1,1,6704
228,2014-02-05,3,7876.0,540,1,1,8862
229,2014-02-05,3,9332.0,742,1,1,9616
230,2014-02-05,3,7921.0,940,1,1,7583
231,2014-02-05,3,5039.0,393,1,1,3860
232,2014-02-05,3,2924.0,250,1,1,3177
233,2014-02-05,3,10102.0,1060,1,1,10137
234,2014-02-05,3,13886.0,1148,1,1,12509
235,2014-02-05,3,6945.0,565,1,1,5910
236,2014-02-05,3,7224.0,887,1,1,8345
237,2014-02-05,3,4346.0,545,1,1,5350
238,2014-02-05,3,9155.0,1291,1,1,9272
239,2014-02-05,3,4985.0,445,1,1,4336
240,2014-02-05,3,4732.0,453,1,1,6810
241,2014-02-05,3,6787.0,722,1,1,6969
242,2014-02-05,3,4327.0,344,1,1,6852
243,2014-02-05,3,9511.0,1096,1,1,7288
244,2014-02-05,3,5502.0,520,1,1,5829
245,2014-02-05,3,9194.0,1076,1,1,9103
246,2014-02-05,3,7522.0,987,1,1,6545
247,2014-02-05,3,9467.0,710,1,1,8238
248,2014-02-05,3,8995.0,1150,1,1,7029
249,2014-02-05,3,4857.0,501,1,1,5665
250,2014-02-05,3,10511.0,713,1,1,9580
251,2014-02-05,3,21067.0,2566,1,1,18943
252,2014-02-05,3,12976.0,854,1,1,13090
253,2014-02-05,3,7481.0,796,1,1,6786
254,2014-02-05,3,3024.0,238,1,1,2927
255,2014-02-05,3,6497.0,660,1,1,7471
256,2014-02-05,3,11279.0,1398,1,1,11205
257,2014-02-05,3,5661.0,651,1,1,5504
258,2014-02-05,3,5452.0,466,1,1,6148
259,2014-02-05,3,12924.0,2621,1,1,13942
260,2014-02-05,3,6822.0,914,1,1,6948
261,2014-02-05,3,16781.0,1092,1,1,13952
262,2014-02-05,3,19773.0,2992,1,1,19357
263,2014-02-05,3,3458.0,336,1,1,3113
264,2014-02-05,3,8704.0,1135,1,1,7540
265,2014-02-05,3,5597.0,531,1,1,6026
266,2014-02-05,3,4937.0,603,1,1,3583
267,2014-02-05,3,8718.0,968,1,1,10409
268,2014-02-05,3,6350.0,741,1,1,5144
269,2014-02-05,3,10361.0,1311,1,1,9426
270,2014-02-05,3,9041.0,1193,1,1,11203
271,2014-02-05,3,10012.0,982,1,1,8877
272,2014-02-05,3,7673.0,704,1,1,7875
273,2014-02-05,3,7629.0,750,1,1,8746
274,2014-02-05,3,3306.0,853,1,1,2764
275,2014-02-05,3,8482.0,777,1,1,7864
276,2014-02-05,3,4966.0,596,1,1,4516
277,2014-02-05,3,7451.0,553,1,1,7393
278,2014-02-05,3,8066.0,867,1,1,7186
279,2014-02-05,3,8958.0,648,1,1,11455
280,2014-02-05,3,5856.0,473,1,1,6074
281,2014-02-05,3,5564.0,485,1,1,5356
282,2014-02-05,3,5024.0,685,1,1,4934
283,2014-02-05,3,6777.0,700,1,1,6903
284,2014-02-05,3,6218.0,478,1,1,6161
285,2014-02-05,3,5104.0,421,1,1,5721
286,2014-02-05,3,5688.0,476,1,1,5235
287,2014-02-05,3,8285.0,811,1,1,8590
288,2014-02-05,3,5924.0,413,1,1,5763
289,2014-02-05,3,7007.0,550,1,1,7299
290,2014-02-05,3,8015.0,737,1,1,7120
291,2014-02-05,3,8932.0,905,1,1,7742
292,2014-02-05,3,6216.0,724,1,1,5853
293,2014-02-05,3,7041.0,872,1,1,7592
294,2014-02-05,3,6606.0,863,1,1,7902
295,2014-02-05,3,5770.0,663,1,1,4906
296,2014-02-05,3,7726.0,780,1,1,7017
297,2014-02-05,3,8169.0,774,1,1,7113
298,2014-02-05,3,7785.0,627,1,1,9258
299,2014-02-05,3,5235.0,512,1,1,4748
300,2014-02-05,3,6895.0,839,1,1,9833
301,2014-02-05,3,5813.0,640,1,1,4432
302,2014-02-05,3,3748.0,304,1,1,3089
303,2014-02-05,3,7176.0,726,1,1,6211
304,2014-02-05,3,8165.0,1139,1,1,8941
305,2014-02-05,3,5449.0,466,1,1,6339
306,2014-02-05,3,4793.0,475,1,1,4560
307,2014-02-05,3,2509.0,267,1,1,4168
308,2014-02-05,3,11302.0,1052,1,1,9269
309,2014-02-05,3,8140.0,637,1,1,7201
310,2014-02-05,3,8336.0,670,1,1,8044
311,2014-02-05,3,7963.0,971,1,1,9817
312,2014-02-05,3,6083.0,519,1,1,6087
313,2014-02-05,3,7781.0,718,1,1,6972
314,2014-02-05,3,6454.0,674,1,1,7870
315,2014-02-05,3,5042.0,505,1,1,4805
316,2014-02-05,3,10653.0,918,1,1,10422
317,2014-02-05,3,5496.0,550,1,1,3570
318,2014-02-05,3,8926.0,759,1,1,6914
319,2014-02-05,3,7822.0,808,1,1,8131
320,2014-02-05,3,16967.0,2153,1,1,18039
321,2014-02-05,3,6032.0,583,1,1,5796
322,2014-02-05,3,5414.0,567,1,1,5600
323,2014-02-05,3,7829.0,618,1,1,9875
324,2014-02-05,3,6465.0,780,1,1,4677
325,2014-02-05,3,6754.0,662,1,1,7355
326,2014-02-05,3,4621.0,335,1,1,5226
327,2014-02-05,3,7882.0,953,1,1,8192
328,2014-02-05,3,5096.0,575,1,1,5644
329,2014-02-05,3,7297.0,646,1,1,9318
330,2014-02-05,3,4015.0,429,1,1,3959
331,2014-02-05,3,7009.0,914,1,1,9175
332,2014-02-05,3,4354.0,560,1,1,3985
333,2014-02-05,3,10190.0,1298,1,1,10689
334,2014-02-05,3,6383.0,596,1,1,5058
335,2014-02-05,3,19837.0,3184,1,1,16758
336,2014-02-05,3,15924.0,2078,1,1,15888
337,2014-02-05,3,4906.0,368,1,1,5272
338,2014-02-05,3,7573.0,596,1,1,7242
339,2014-02-05,3,5472.0,655,1,1,5644
340,2014-02-05,3,8839.0,882,1,1,7299
341,2014-02-05,3,5768.0,814,1,1,5442
342,2014-02-05,3,11646.0,839,1,1,9970
343,2014-02-05,3,7728.0,669,1,1,8630
344,2014-02-05,3,9257.0,1217,1,1,8467
345,2014-02-05,3,5228.0,521,1,1,4353
346,2014-02-05,3,6580.0,609,1,1,5736
347,2014-02-05,3,4896.0,377,1,1,4544
348,2014-02-05,3,8702.0,709,1,1,9634
349,2014-02-05,3,7944.0,775,1,1,8821
350,2014-02-05,3,7095.0,463,1,1,6724
351,2014-02-05,3,6533.0,537,1,1,6227
352,2014-02-05,3,6512.0,589,1,1,5765
353,2014-02-05,3,6069.0,1498,1,1,6021
354,2014-02-05,3,8331.0,701,1,1,9876
355,2014-02-05,3,9947.0,1186,1,1,8473
356,2014-02-05,3,5552.0,433,1,1,4620
357,2014-02-05,3,9248.0,1154,1,1,8586
358,2014-02-05,3,10460.0,1128,1,1,11235
359,2014-02-05,3,6723.0,567,1,1,8800
360,2014-02-05,3,7498.0,753,1,1,7624
361,2014-02-05,3,7013.0,618,1,1,6472
362,2014-02-05,3,9737.0,1196,1,1,10198
363,2014-02-05,3,7176.0,980,1,1,7977
364,2014-02-05,3,4678.0,528,1,1,5092
365,2014-02-05,3,5923.0,604,1,1,6756
366,2014-02-05,3,6325.0,609,1,1,5263
367,2014-02-05,3,6111.0,583,1,1,6008
368,2014-02-05,3,10594.0,743,1,1,10598
369,2014-02-05,3,7089.0,528,1,1,6922
370,2014-02-05,3,8195.0,603,1,1,5863
371,2014-02-05,3,7949.0,576,1,1,7830
372,2014-02-05,3,8776.0,757,1,1,9717
373,2014-02-05,3,5075.0,331,1,1,4017
374,2014-02-05,3,8097.0,880,1,1,7613
375,2014-02-05,3,11842.0,908,1,1,9571
376,2014-02-05,3,9156.0,1016,1,1,8423
377,2014-02-05,3,8727.0,996,1,1,8822
378,2014-02-05,3,7637.0,1053,1,1,7185
379,2014-02-05,3,4332.0,512,1,1,4024
380,2014-02-05,3,17869.0,1661,1,1,13691
381,2014-02-05,3,9509.0,1042,1,1,9062
382,2014-02-05,3,8359.0,672,1,1,9223
383,2014-02-05,3,18099.0,2187,1,1,17598
384,2014-02-05,3,9908.0,1060,1,1,6885
385,2014-02-05,3,8531.0,705,1,1,7098
386,2014-02-05,3,10605.0,764,1,1,9701
387,2014-02-05,3,10236.0,1257,1,1,8941
388,2014-02-05,3,11211.0,1141,1,1,11136
389,2014-02-05,3,12508.0,1424,1,1,10328
390,2014-02-05,3,14098.0,1250,1,1,13888
391,2014-02-05,3,6409.0,749,1,1,6034
392,2014-02-05,3,8160.0,745,1,1,5166
393,2014-02-05,3,6434.0,620,1,1,6243
394,2014-02-05,3,7671.0,554,1,1,7703
395,2014-02-05,3,3856.0,508,1,1,3907
396,2014-02-05,3,10668.0,1091,1,1,10024
397,2014-02-05,3,7083.0,915,1,1,7288
398,2014-02-05,3,6197.0,637,1,1,6570
399,2014-02-05,3,6147.0,598,1,1,5300
400,2014-02-05,3,10370.0,1349,1,1,8651
401,2014-02-05,3,8293.0,779,1,1,6927
402,2014-02-05,3,5951.0,610,1,1,5832
403,2014-02-05,3,8348.0,766,1,1,7636
404,2014-02-05,3,5986.0,660,1,1,5343
405,2014-02-05,3,5647.0,535,1,1,1773
406,2014-02-05,3,6260.0,416,1,1,6738
407,2014-02-05,3,4170.0,316,1,1,3107
408,2014-02-05,3,4822.0,464,1,1,3777
409,2014-02-05,3,6006.0,559,1,1,5867
410,2014-02-05,3,7498.0,921,1,1,6802
411,2014-02-05,3,8727.0,637,1,1,8945
412,2014-02-05,3,9033.0,601,1,1,9730
413,2014-02-05,3,8377.0,1018,1,1,7479
414,2014-02-05,3,6378.0,425,1,1,6345
415,2014-02-05,3,5925.0,471,1,1,6463
416,2014-02-05,3,12468.0,1517,1,1,11052
417,2014-02-05,3,7838.0,809,1,1,7137
418,2014-02-05,3,6840.0,597,1,1,5665
419,2014-02-05,3,5758.0,901,1,1,4054
420,2014-02-05,3,4350.0,359,1,1,4048
421,2014-02-05,3,8156.0,855,1,1,8966
422,2014-02-05,3,4907.0,474,1,1,3850
423,2014-02-05,3,10295.0,1600,1,1,9743
424,2014-02-05,3,6744.0,781,1,1,5789
425,2014-02-05,3,3292.0,422,1,1,3311
426,2014-02-05,3,6634.0,748,1,1,4727
427,2014-02-05,3,9108.0,839,1,1,7393
428,2014-02-05,3,6258.0,497,1,1,6214
429,2014-02-05,3,5460.0,417,1,1,4432
430,2014-02-05,3,7771.0,635,1,1,9388
431,2014-02-05,3,9733.0,929,1,1,10064
432,2014-02-05,3,11947.0,1579,1,1,12090
433,2014-02-05,3,6039.0,658,1,1,5498
434,2014-02-05,3,9481.0,654,1,1,10668
435,2014-02-05,3,3805.0,430,1,1,4124
436,2014-02-05,3,6639.0,720,1,1,5920
437,2014-02-05,3,7341.0,662,1,1,7076
438,2014-02-05,3,6083.0,577,1,1,7392
439,2014-02-05,3,7716.0,944,1,1,7248
440,2014-02-05,3,5989.0,631,1,1,6080
441,2014-02-05,3,7025.0,671,1,1,7846
442,2014-02-05,3,4532.0,438,1,1,3108
443,2014-02-05,3,5648.0,512,1,1,5560
444,2014-02-05,3,10995.0,1243,1,1,12566
445,2014-02-05,3,7696.0,1118,1,1,8070
446,2014-02-05,3,6291.0,772,1,1,5383
447,2014-02-05,3,6048.0,652,1,1,4872
448,2014-02-05,3,9395.0,794,1,1,7685
449,2014-02-05,3,13383.0,1685,1,1,12308
450,2014-02-05,3,8882.0,985,1,1,7785
451,2014-02-05,3,5427.0,437,1,1,5946
452,2014-02-05,3,5535.0,479,1,1,5159
453,2014-02-05,3,7793.0,802,1,1,5990
454,2014-02-05,3,7002.0,882,1,1,6826
455,2014-02-05,3,8202.0,460,1,1,6857
456,2014-02-05,3,6897.0,898,1,1,5848
457,2014-02-05,3,4739.0,377,1,1,4050
458,2014-02-05,3,8036.0,657,1,1,8155
459,2014-02-05,3,11319.0,1275,1,1,9379
460,2014-02-05,3,4047.0,352,1,1,4367
461,2014-02-05,3,4911.0,460,1,1,4686
462,2014-02-05,3,5163.0,625,1,1,4614
463,2014-02-05,3,7154.0,1106,1,1,6249
464,2014-02-05,3,11306.0,1290,1,1,10060
465,2014-02-05,3,8215.0,592,1,1,7431
466,2014-02-05,3,9064.0,861,1,1,8801
467,2014-02-05,3,13733.0,1594,1,1,13823
468,2014-02-05,3,6914.0,728,1,1,7759
469,2014-02-05,3,13442.0,1671,1,1,11784
470,2014-02-05,3,13275.0,1668,1,1,13560
471,2014-02-05,3,8025.0,578,1,1,7088
472,2014-02-05,3,5579.0,744,1,1,6450
473,2014-02-05,3,4067.0,533,1,1,4631
474,2014-02-05,3,9232.0,871,1,1,7430
475,2014-02-05,3,7157.0,1008,1,1,6546
476,2014-02-05,3,7082.0,787,1,1,7400
477,2014-02-05,3,6332.0,381,1,1,8117
478,2014-02-05,3,7948.0,747,1,1,7220
479,2014-02-05,3,12481.0,1341,1,1,13154
480,2014-02-05,3,6001.0,709,1,1,6835
481,2014-02-05,3,6007.0,498,1,1,5390
482,2014-02-05,3,8410.0,903,1,1,8016
483,2014-02-05,3,6156.0,737,1,1,6888
484,2014-02-05,3,6365.0,638,1,1,7700
485,2014-02-05,3,4549.0,416,1,1,5594
486,2014-02-05,3,5163.0,605,1,1,6231
487,2014-02-05,3,6818.0,630,1,1,7141
488,2014-02-05,3,4228.0,426,1,1,2333
489,2014-02-05,3,9647.0,786,1,1,7500
490,2014-02-05,3,8349.0,1140,1,1,8721
491,2014-02-05,3,6778.0,519,1,1,7428
492,2014-02-05,3,9124.0,1201,1,1,8674
493,2014-02-05,3,9065.0,830,1,1,8132
494,2014-02-05,3,8747.0,1147,1,1,8202
495,2014-02-05,3,5443.0,383,1,1,5446
496,2014-02-05,3,8261.0,835,1,1,7862
497,2014-02-05,3,9289.0,1094,1,1,9551
498,2014-02-05,3,6715.0,896,1,1,7712
499,2014-02-05,3,5472.0,714,1,1,7323
500,2014-02-05,3,5416.0,382,1,1,5868
501,2014-02-05,3,7496.0,773,1,1,5729
502,2014-02-05,3,11640.0,1634,1,1,11793
503,2014-02-05,3,6808.0,464,1,1,7327
504,2014-02-05,3,6688.0,1002,1,1,8075
505,2014-02-05,3,5222.0,659,1,1,6128
506,2014-02-05,3,9410.0,1019,1,1,7386
507,2014-02-05,3,8741.0,646,1,1,7620
508,2014-02-05,3,7336.0,678,1,1,7128
509,2014-02-05,3,7481.0,594,1,1,7096
510,2014-02-05,3,9256.0,936,1,1,8463
511,2014-02-05,3,6270.0,831,1,1,7332
512,2014-02-05,3,5748.0,1359,1,1,5114
513,2014-02-05,3,19580.0,2181,1,1,18966
514,2014-02-05,3,6354.0,650,1,1,7771
515,2014-02-05,3,8882.0,662,1,1,9723
516,2014-02-05,3,6172.0,772,1,1,5118
517,2014-02-05,3,6671.0,718,1,1,8389
518,2014-02-05,3,6027.0,496,1,1,6684
519,2014-02-05,3,5267.0,511,1,1,4756
520,2014-02-05,3,3894.0,389,1,1,2822
521,2014-02-05,3,4833.0,356,1,1,5204
522,2014-02-05,3,8257.0,598,1,1,8609
523,2014-02-05,3,13932.0,1632,1,1,15035
524,2014-02-05,3,7860.0,865,1,1,8317
525,2014-02-05,3,9978.0,845,1,1,9239
526,2014-02-05,3,12016.0,1581,1,1,11398
527,2014-02-05,3,11485.0,1009,1,1,12228
528,2014-02-05,3,12379.0,1027,1,1,10996
529,2014-02-05,3,7897.0,734,1,1,8217
530,2014-02-05,3,2679.0,349,1,1,2459
531,2014-02-05,3,4933.0,576,1,1,5048
532,2014-02-05,3,11401.0,1300,1,1,11092
533,2014-02-05,3,10116.0,871,1,1,8701
534,2014-02-05,3,8451.0,531,1,1,7326
535,2014-02-05,3,8890.0,973,1,1,8023
536,2014-02-05,3,8869.0,902,1,1,9066
537,2014-02-05,3,6236.0,698,1,1,7230
538,2014-02-05,3,4663.0,633,1,1,3828
539,2014-02-05,3,11764.0,1150,1,1,11756
540,2014-02-05,3,5891.0,415,1,1,5410
541,2014-02-05,3,6991.0,939,1,1,7133
542,2014-02-05,3,7053.0,550,1,1,5782
543,2014-02-05,3,4003.0,312,1,1,2763
544,2014-02-05,3,16366.0,1964,1,1,14227
545,2014-02-05,3,12559.0,1203,1,1,11519
546,2014-02-05,3,12830.0,1489,1,1,14859
547,2014-02-05,3,5563.0,417,1,1,6317
548,2014-02-05,3,5790.0,401,1,1,5630
549,2014-02-05,3,4728.0,559,1,1,4320
550,2014-02-05,3,6009.0,433,1,1,5926
551,2014-02-05,3,7287.0,1036,1,1,7961
552,2014-02-05,3,10654.0,834,1,1,8399
553,2014-02-05,3,5919.0,545,1,1,8361
554,2014-02-05,3,4732.0,594,1,1,3887
555,2014-02-05,3,5538.0,453,1,1,4805
556,2014-02-05,3,7728.0,898,1,1,8451
557,2014-02-05,3,5502.0,832,1,1,4285
558,2014-02-05,3,3791.0,512,1,1,4245
559,2014-02-05,3,7398.0,836,1,1,6958
560,2014-02-05,3,14538.0,1692,1,1,14336
561,2014-02-05,3,7576.0,708,1,1,6022
562,2014-02-05,3,18962.0,3138,1,1,17449
563,2014-02-05,3,5682.0,695,1,1,6813
564,2014-02-05,3,5806.0,457,1,1,6147
565,2014-02-05,3,7966.0,930,1,1,5590
566,2014-02-05,3,5786.0,558,1,1,5662
567,2014-02-05,3,6622.0,750,1,1,5936
568,2014-02-05,3,4652.0,383,1,1,5567
569,2014-02-05,3,4955.0,721,1,1,4952
570,2014-02-05,3,5084.0,713,1,1,4189
571,2014-02-05,3,7434.0,546,1,1,6760
572,2014-02-05,3,8400.0,609,1,1,7941
573,2014-02-05,3,5141.0,397,1,1,3582
574,2014-02-05,3,10531.0,709,1,1,8139
575,2014-02-05,3,6738.0,603,1,1,5396
576,2014-02-05,3,7675.0,961,1,1,7640
577,2014-02-05,3,5626.0,637,1,1,5664
578,2014-02-05,3,8442.0,693,1,1,7882
579,2014-02-05,3,9937.0,964,1,1,8844
580,2014-02-05,3,9884.0,1488,1,1,8335
581,2014-02-05,3,6328.0,630,1,1,6303
582,2014-02-05,3,6766.0,816,1,1,6834
583,2014-02-05,3,4251.0,446,1,1,4724
584,2014-02-05,3,5560.0,430,1,1,5207
585,2014-02-05,3,7332.0,1037,1,1,9020
586,2014-02-05,3,17041.0,2433,1,1,15866
587,2014-02-05,3,9014.0,582,1,1,9228
588,2014-02-05,3,5921.0,680,1,1,6385
589,2014-02-05,3,5880.0,560,1,1,7132
590,2014-02-05,3,5305.0,370,1,1,-568
591,2014-02-05,3,6245.0,515,1,1,6690
592,2014-02-05,3,5314.0,610,1,1,5937
593,2014-02-05,3,9096.0,1096,1,1,9525
594,2014-02-05,3,4660.0,485,1,1,5369
595,2014-02-05,3,15940.0,1819,1,1,17511
596,2014-02-05,3,4368.0,642,1,1,4564
597,2014-02-05,3,4598.0,624,1,1,6164
598,2014-02-05,3,5970.0,791,1,1,5643
599,2014-02-05,3,9134.0,818,1,1,10375
600,2014-02-05,3,7367.0,597,1,1,8560
601,2014-02-05,3,4833.0,356,1,1,6201
602,2014-02-05,3,7465.0,628,1,1,7013
603,2014-02-05,3,8071.0,1051,1,1,8140
604,2014-02-05,3,8949.0,625,1,1,9097
605,2014-02-05,3,7996.0,523,1,1,7681
606,2014-02-05,3,7121.0,747,1,1,6444
607,2014-02-05,3,5520.0,479,1,1,3786
608,2014-02-05,3,10304.0,989,1,1,8050
609,2014-02-05,3,4798.0,536,1,1,4262
610,2014-02-05,3,4797.0,534,1,1,3501
611,2014-02-05,3,6341.0,517,1,1,6716
612,2014-02-05,3,7392.0,408,1,1,6837
613,2014-02-05,3,7174.0,998,1,1,5332
614,2014-02-05,3,6597.0,839,1,1,5871
615,2014-02-05,3,11063.0,1321,1,1,8425
616,2014-02-05,3,9800.0,872,1,1,10801
617,2014-02-05,3,8122.0,678,1,1,6231
618,2014-02-05,3,7056.0,475,1,1,6551
619,2014-02-05,3,5530.0,483,1,1,5689
620,2014-02-05,3,8235.0,706,1,1,8475
621,2014-02-05,3,6673.0,855,1,1,6341
622,2014-02-05,3,5005.0,491,1,1,4769
623,2014-02-05,3,7144.0,863,1,1,7462
624,2014-02-05,3,7577.0,694,1,1,5626
625,2014-02-05,3,6776.0,644,1,1,7981
626,2014-02-05,3,10835.0,869,1,1,9599
627,2014-02-05,3,6694.0,639,1,1,5941
628,2014-02-05,3,7788.0,924,1,1,7186
629,2014-02-05,3,8036.0,712,1,1,8859
630,2014-02-05,3,9551.0,984,1,1,8385
631,2014-02-05,3,6174.0,701,1,1,4839
632,2014-02-05,3,7425.0,919,1,1,8446
633,2014-02-05,3,6491.0,471,1,1,7469
634,2014-02-05,3,7545.0,718,1,1,7528
635,2014-02-05,3,7005.0,674,1,1,5408
636,2014-02-05,3,7525.0,823,1,1,4691
637,2014-02-05,3,8969.0,651,1,1,9458
638,2014-02-05,3,6196.0,492,1,1,5812
639,2014-02-05,3,5874.0,563,1,1,5657
640,2014-02-05,3,12285.0,877,1,1,11553
641,2014-02-05,3,7488.0,617,1,1,6940
642,2014-02-05,3,4773.0,551,1,1,4514
643,2014-02-05,3,8379.0,1005,1,1,7429
644,2014-02-05,3,9626.0,971,1,1,10812
645,2014-02-05,3,11552.0,1311,1,1,9609
646,2014-02-05,3,5699.0,790,1,1,5090
647,2014-02-05,3,6578.0,764,1,1,6376
648,2014-02-05,3,6393.0,585,1,1,7621
649,2014-02-05,3,4581.0,463,1,1,3930
650,2014-02-05,3,6329.0,627,1,1,7460
651,2014-02-05,3,7800.0,957,1,1,7510
652,2014-02-05,3,7086.0,682,1,1,8944
653,2014-02-05,3,6215.0,501,1,1,7725
654,2014-02-05,3,7907.0,806,1,1,7883
655,2014-02-05,3,9192.0,724,1,1,7992
656,2014-02-05,3,3648.0,356,1,1,3299
657,2014-02-05,3,6136.0,790,1,1,6541
658,2014-02-05,3,6737.0,588,1,1,5958
659,2014-02-05,3,7014.0,790,1,1,6517
660,2014-02-05,3,5018.0,533,1,1,5656
661,2014-02-05,3,7153.0,575,1,1,10086
662,2014-02-05,3,11332.0,877,1,1,9618
663,2014-02-05,3,5244.0,673,1,1,6142
664,2014-02-05,3,5946.0,655,1,1,5068
665,2014-02-05,3,9725.0,1378,1,1,10574
666,2014-02-05,3,8304.0,662,1,1,7118
667,2014-02-05,3,9768.0,834,1,1,9762
668,2014-02-05,3,10155.0,1268,1,1,9550
669,2014-02-05,3,3825.0,308,1,1,3095
670,2014-02-05,3,7523.0,718,1,1,7521
671,2014-02-05,3,6295.0,611,1,1,6012
672,2014-02-05,3,8880.0,1312,1,1,8157
673,2014-02-05,3,7492.0,563,1,1,7115
674,2014-02-05,3,9556.0,1168,1,1,9035
675,2014-02-05,3,4896.0,442,1,1,3821
676,2014-02-05,3,7634.0,1614,1,1,7180
677,2014-02-05,3,9509.0,663,1,1,7838
678,2014-02-05,3,8346.0,920,1,1,8069
679,2014-02-05,3,10669.0,1086,1,1,10336
680,2014-02-05,3,5214.0,796,1,1,5401
681,2014-02-05,3,3329.0,413,1,1,2375
682,2014-02-05,3,14400.0,1996,1,1,11908
683,2014-02-05,3,10484.0,935,1,1,10282
684,2014-02-05,3,7625.0,591,1,1,7969
685,2014-02-05,3,7178.0,603,1,1,5833
686,2014-02-05,3,7468.0,832,1,1,6953
687,2014-02-05,3,8612.0,710,1,1,7077
688,2014-02-05,3,4248.0,399,1,1,3656
689,2014-02-05,3,8156.0,706,1,1,7467
690,2014-02-05,3,7041.0,899,1,1,5337
691,2014-02-05,3,9577.0,668,1,1,11112
692,2014-02-05,3,8116.0,943,1,1,6328
693,2014-02-05,3,7791.0,555,1,1,6804
694,2014-02-05,3,8768.0,824,1,1,7996
695,2014-02-05,3,6361.0,574,1,1,5079
696,2014-02-05,3,8654.0,1043,1,1,4237
697,2014-02-05,3,11450.0,1016,1,1,10966
698,2014-02-05,3,16750.0,2046,1,1,17302
699,2014-02-05,3,8243.0,900,1,1,7997
700,2014-02-05,3,5024.0,587,1,1,4729
701,2014-02-05,3,6899.0,706,1,1,7470
702,2014-02-05,3,5501.0,383,1,1,2121
703,2014-02-05,3,3392.0,379,1,1,3057
704,2014-02-05,3,11541.0,1107,1,1,11630
705,2014-02-05,3,10053.0,1093,1,1,8368
706,2014-02-05,3,5675.0,490,1,1,5672
707,2014-02-05,3,9045.0,954,1,1,8172
708,2014-02-05,3,4132.0,432,1,1,2328
709,2014-02-05,3,12261.0,1482,1,1,11001
710,2014-02-05,3,4822.0,373,1,1,5037
711,2014-02-05,3,7868.0,535,1,1,10406
712,2014-02-05,3,7970.0,620,1,1,7830
713,2014-02-05,3,11305.0,1354,1,1,13610
714,2014-02-05,3,4660.0,316,1,1,4494
715,2014-02-05,3,8772.0,853,1,1,3975
716,2014-02-05,3,6386.0,447,1,1,5842
717,2014-02-05,3,6620.0,632,1,1,5521
718,2014-02-05,3,8053.0,842,1,1,8838
719,2014-02-05,3,5548.0,416,1,1,6438
720,2014-02-05,3,8765.0,825,1,1,6820
721,2014-02-05,3,7332.0,746,1,1,10350
722,2014-02-05,3,11136.0,1627,1,1,10218
723,2014-02-05,3,7100.0,531,1,1,8076
724,2014-02-05,3,6250.0,657,1,1,7099
725,2014-02-05,3,5685.0,582,1,1,5148
726,2014-02-05,3,14029.0,1265,1,1,12667
727,2014-02-05,3,5365.0,496,1,1,3725
728,2014-02-05,3,4341.0,399,1,1,5007
729,2014-02-05,3,11331.0,1134,1,1,11290
730,2014-02-05,3,8707.0,1024,1,1,7970
731,2014-02-05,3,10642.0,1059,1,1,9670
732,2014-02-05,3,5174.0,582,1,1,4067
733,2014-02-05,3,14998.0,3381,1,1,16225
734,2014-02-05,3,6780.0,605,1,1,4908
735,2014-02-05,3,7063.0,627,1,1,6135
736,2014-02-05,3,6258.0,525,1,1,6036
737,2014-02-05,3,7636.0,992,1,1,7219
738,2014-02-05,3,9015.0,694,1,1,8155
739,2014-02-05,3,10333.0,786,1,1,9506
740,2014-02-05,3,8398.0,506,1,1,7819
741,2014-02-05,3,9426.0,1059,1,1,8225
742,2014-02-05,3,8776.0,904,1,1,8698
743,2014-02-05,3,4213.0,462,1,1,5036
744,2014-02-05,3,7938.0,871,1,1,8040
745,2014-02-05,3,10237.0,990,1,1,7826
746,2014-02-05,3,6426.0,472,1,1,4855
747,2014-02-05,3,8660.0,715,1,1,5702
748,2014-02-05,3,6762.0,507,1,1,5792
749,2014-02-05,3,6354.0,704,1,1,7045
750,2014-02-05,3,4965.0,405,1,1,5072
751,2014-02-05,3,5415.0,663,1,1,5979
752,2014-02-05,3,6858.0,521,1,1,5748
753,2014-02-05,3,9532.0,820,1,1,9607
754,2014-02-05,3,9876.0,1161,1,1,7826
755,2014-02-05,3,11068.0,910,1,1,10718
756,2014-02-05,3,16319.0,2211,1,1,16585
757,2014-02-05,3,6973.0,575,1,1,5817
758,2014-02-05,3,5979.0,734,1,1,5445
759,2014-02-05,3,8528.0,860,1,1,7882
760,2014-02-05,3,7251.0,1100,1,1,8534
761,2014-02-05,3,10315.0,1122,1,1,9520
762,2014-02-05,3,3867.0,382,1,1,3277
763,2014-02-05,3,6461.0,584,1,1,6084
764,2014-02-05,3,3539.0,392,1,1,3842
765,2014-02-05,3,8742.0,723,1,1,8818
766,2014-02-05,3,6553.0,517,1,1,6453
767,2014-02-05,3,7023.0,652,1,1,7018
768,2014-02-05,3,15219.0,1477,1,1,14446
769,2014-02-05,3,11333.0,3224,1,1,11012
770,2014-02-05,3,7119.0,780,1,1,6911
771,2014-02-05,3,6942.0,743,1,1,7849
772,2014-02-05,3,3998.0,526,1,1,4424
773,2014-02-05,3,6444.0,824,1,1,4604
774,2014-02-05,3,6136.0,781,1,1,7064
775,2014-02-05,3,8421.0,584,1,1,9992
776,2014-02-05,3,5094.0,568,1,1,2850
777,2014-02-05,3,3888.0,332,1,1,4303
778,2014-02-05,3,6844.0,871,1,1,6027
779,2014-02-05,3,7912.0,738,1,1,8359
780,2014-02-05,3,7415.0,844,1,1,7063
781,2014-02-05,3,6598.0,851,1,1,5477
782,2014-02-05,3,5824.0,515,1,1,7087
783,2014-02-05,3,6652.0,695,1,1,6639
784,2014-02-05,3,9705.0,924,1,1,9214
785,2014-02-05,3,6927.0,534,1,1,7058
786,2014-02-05,3,4394.0,645,1,1,3262
787,2014-02-05,3,10604.0,1173,1,1,10303
788,2014-02-05,3,19745.0,1829,1,1,17309
789,2014-02-05,3,3229.0,471,1,1,6256
790,2014-02-05,3,7479.0,634,1,1,9082
791,2014-02-05,3,8031.0,863,1,1,8594
792,2014-02-05,3,9211.0,729,1,1,8051
793,2014-02-05,3,5971.0,484,1,1,4751
794,2014-02-05,3,3071.0,568,1,1,1356
795,2014-02-05,3,5609.0,550,1,1,5566
796,2014-02-05,3,8510.0,732,1,1,7708
797,2014-02-05,3,3871.0,382,1,1,3671
798,2014-02-05,3,8599.0,1073,1,1,4496
799,2014-02-05,3,10743.0,972,1,1,11060
800,2014-02-05,3,6067.0,512,1,1,6697
801,2014-02-05,3,5059.0,428,1,1,4903
802,2014-02-05,3,7641.0,560,1,1,6579
803,2014-02-05,3,6740.0,544,1,1,6330
804,2014-02-05,3,5321.0,453,1,1,6454
805,2014-02-05,3,6084.0,551,1,1,4817
806,2014-02-05,3,7871.0,570,1,1,7310
807,2014-02-05,3,9801.0,920,1,1,11369
808,2014-02-05,3,7938.0,634,1,1,6624
809,2014-02-05,3,10903.0,900,1,1,10223
810,2014-02-05,3,6246.0,471,1,1,6692
811,2014-02-05,3,4125.0,687,1,1,2846
812,2014-02-05,3,7344.0,836,1,1,6652
813,2014-02-05,3,6402.0,683,1,1,6257
814,2014-02-05,3,9567.0,730,1,1,8197
815,2014-02-05,3,10545.0,967,1,1,10610
816,2014-02-05,3,4931.0,708,1,1,7050
817,2014-02-05,3,24189.0,3348,1,1,20512
818,2014-02-05,3,6961.0,640,1,1,6654
819,2014-02-05,3,6777.0,569,1,1,6735
820,2014-02-05,3,12559.0,1132,1,1,12255
821,2014-02-05,3,7502.0,905,1,1,7367
822,2014-02-05,3,8068.0,633,1,1,8801
823,2014-02-05,3,6653.0,620,1,1,5569
824,2014-02-05,3,9651.0,1166,1,1,8293
825,2014-02-05,3,5100.0,531,1,1,3485
826,2014-02-05,3,9888.0,834,1,1,8943
827,2014-02-05,3,10342.0,1297,1,1,10931
828,2014-02-05,3,5634.0,633,1,1,6394
829,2014-02-05,3,5714.0,700,1,1,6669
830,2014-02-05,3,8362.0,716,1,1,6468
831,2014-02-05,3,15385.0,1774,1,1,15204
832,2014-02-05,3,7701.0,565,1,1,7110
833,2014-02-05,3,6148.0,505,1,1,6483
834,2014-02-05,3,6227.0,685,1,1,5959
835,2014-02-05,3,5380.0,693,1,1,7644
836,2014-02-05,3,6857.0,888,1,1,4565
838,2014-02-05,3,8392.0,818,1,1,8493
839,2014-02-05,3,6822.0,771,1,1,5441
840,2014-02-05,3,9277.0,1240,1,1,7398
841,2014-02-05,3,3265.0,446,1,1,3400
842,2014-02-05,3,18989.0,1135,1,1,18871
843,2014-02-05,3,9995.0,1159,1,1,8343
844,2014-02-05,3,5587.0,591,1,1,4168
845,2014-02-05,3,5084.0,333,1,1,5014
846,2014-02-05,3,9738.0,889,1,1,8831
847,2014-02-05,3,7606.0,1027,1,1,8391
848,2014-02-05,3,7236.0,778,1,1,6870
849,2014-02-05,3,8557.0,942,1,1,8532
850,2014-02-05,3,7359.0,685,1,1,6395
851,2014-02-05,3,5339.0,472,1,1,6043
852,2014-02-05,3,4783.0,568,1,1,5768
853,2014-02-05,3,9356.0,1029,1,1,9963
854,2014-02-05,3,7696.0,737,1,1,8323
855,2014-02-05,3,6691.0,612,1,1,6562
856,2014-02-05,3,8282.0,1042,1,1,7139
857,2014-02-05,3,7317.0,854,1,1,7570
858,2014-02-05,3,5242.0,439,1,1,4454
859,2014-02-05,3,7115.0,700,1,1,7062
860,2014-02-05,3,5735.0,669,1,1,5825
861,2014-02-05,3,3558.0,505,1,1,3602
862,2014-02-05,3,9133.0,1129,1,1,8554
863,2014-02-05,3,9001.0,968,1,1,7729
864,2014-02-05,3,4475.0,602,1,1,5231
865,2014-02-05,3,8471.0,657,1,1,8435
866,2014-02-05,3,7541.0,489,1,1,6195
867,2014-02-05,3,4401.0,379,1,1,4531
868,2014-02-05,3,8639.0,583,1,1,8200
869,2014-02-05,3,7569.0,983,1,1,5329
870,2014-02-05,3,7369.0,918,1,1,6596
871,2014-02-05,3,5530.0,377,1,1,7349
872,2014-02-05,3,9298.0,894,1,1,10014
873,2014-02-05,3,4419.0,501,1,1,4214
874,2014-02-05,3,4334.0,465,1,1,4640
875,2014-02-05,3,6036.0,522,1,1,5849
876,2014-02-05,3,11069.0,1059,1,1,9482
877,2014-02-05,3,7161.0,978,1,1,5698
878,2014-02-05,3,9619.0,864,1,1,9901
879,2014-02-05,3,4095.0,331,1,1,3919
880,2014-02-05,3,7856.0,806,1,1,8525
881,2014-02-05,3,5296.0,775,1,1,4516
882,2014-02-05,3,6425.0,790,1,1,6974
883,2014-02-05,3,5091.0,500,1,1,4710
884,2014-02-05,3,5730.0,509,1,1,6788
885,2014-02-05,3,4876.0,677,1,1,5236
886,2014-02-05,3,7735.0,695,1,1,7265
887,2014-02-05,3,6535.0,529,1,1,8411
888,2014-02-05,3,7664.0,727,1,1,8443
889,2014-02-05,3,4095.0,405,1,1,4309
890,2014-02-05,3,5875.0,414,1,1,5464
891,2014-02-05,3,7800.0,1048,1,1,8653
892,2014-02-05,3,8377.0,840,1,1,7286
893,2014-02-05,3,8026.0,998,1,1,7182
894,2014-02-05,3,10842.0,1211,1,1,9707
895,2014-02-05,3,9915.0,882,1,1,9294
896,2014-02-05,3,7093.0,1068,1,1,6917
897,2014-02-05,3,3234.0,328,1,1,3946
898,2014-02-05,3,8337.0,877,1,1,6688
899,2014-02-05,3,6678.0,648,1,1,5631
900,2014-02-05,3,6083.0,555,1,1,10000
901,2014-02-05,3,7878.0,672,1,1,7912
902,2014-02-05,3,5567.0,693,1,1,5415
903,2014-02-05,3,12472.0,819,1,1,11775
904,2014-02-05,3,5905.0,471,1,1,8124
905,2014-02-05,3,11189.0,1583,1,1,10428
906,2014-02-05,3,11486.0,1295,1,1,10831
907,2014-02-05,3,5731.0,737,1,1,6546
908,2014-02-05,3,5343.0,412,1,1,3919
909,2014-02-05,3,13017.0,1163,1,1,11556
910,2014-02-05,3,5869.0,582,1,1,6463
911,2014-02-05,3,10903.0,947,1,1,9787
912,2014-02-05,3,5931.0,716,1,1,5236
913,2014-02-05,3,9530.0,1152,1,1,9227
914,2014-02-05,3,10405.0,1188,1,1,8030
915,2014-02-05,3,5672.0,416,1,1,6472
916,2014-02-05,3,5300.0,683,1,1,5793
917,2014-02-05,3,7409.0,761,1,1,6305
918,2014-02-05,3,6347.0,689,1,1,4535
919,2014-02-05,3,6494.0,779,1,1,5644
920,2014-02-05,3,6708.0,599,1,1,6153
921,2014-02-05,3,10467.0,1209,1,1,10875
922,2014-02-05,3,7851.0,729,1,1,7619
923,2014-02-05,3,5576.0,622,1,1,5813
924,2014-02-05,3,5758.0,486,1,1,4494
925,2014-02-05,3,6828.0,1146,1,1,6957
926,2014-02-05,3,7632.0,501,1,1,6983
927,2014-02-05,3,7501.0,896,1,1,7616
928,2014-02-05,3,9661.0,788,1,1,8696
929,2014-02-05,3,6701.0,791,1,1,6861
930,2014-02-05,3,7339.0,1209,1,1,6087
931,2014-02-05,3,3650.0,392,1,1,2654
932,2014-02-05,3,8339.0,812,1,1,7249
933,2014-02-05,3,8672.0,1060,1,1,7939
934,2014-02-05,3,7966.0,735,1,1,7003
935,2014-02-05,3,6361.0,625,1,1,6075
936,2014-02-05,3,7700.0,945,1,1,6809
937,2014-02-05,3,6781.0,560,1,1,7422
938,2014-02-05,3,10558.0,1003,1,1,9918
939,2014-02-05,3,6460.0,617,1,1,7124
940,2014-02-05,3,8048.0,767,1,1,7543
941,2014-02-05,3,6279.0,630,1,1,4880
942,2014-02-05,3,6581.0,454,1,1,3580
943,2014-02-05,3,6540.0,537,1,1,6633
944,2014-02-05,3,7581.0,1156,1,1,8471
945,2014-02-05,3,4350.0,569,1,1,9235
946,2014-02-05,3,4169.0,536,1,1,3967
947,2014-02-05,3,9976.0,1249,1,1,8603
948,2014-02-05,3,6845.0,1678,1,1,7273
949,2014-02-05,3,6371.0,581,1,1,4859
950,2014-02-05,3,6527.0,601,1,1,5580
951,2014-02-05,3,7486.0,706,1,1,8301
952,2014-02-05,3,6390.0,482,1,1,6442
953,2014-02-05,3,6140.0,578,1,1,6244
954,2014-02-05,3,8329.0,1095,1,1,6339
955,2014-02-05,3,4794.0,477,1,1,4922
956,2014-02-05,3,4270.0,584,1,1,4820
957,2014-02-05,3,8406.0,880,1,1,8592
958,2014-02-05,3,4217.0,561,1,1,3065
959,2014-02-05,3,8634.0,830,1,1,7779
960,2014-02-05,3,7386.0,563,1,1,6298
961,2014-02-05,3,6439.0,651,1,1,6480
962,2014-02-05,3,7623.0,991,1,1,7127
963,2014-02-05,3,12601.0,1130,1,1,12874
964,2014-02-05,3,10597.0,1366,1,1,10370
965,2014-02-05,3,11189.0,1117,1,1,9677
966,2014-02-05,3,5150.0,657,1,1,5130
967,2014-02-05,3,8510.0,890,1,1,10778
968,2014-02-05,3,8417.0,1033,1,1,9566
969,2014-02-05,3,4155.0,680,1,1,3616
970,2014-02-05,3,4275.0,516,1,1,3899
971,2014-02-05,3,8451.0,952,1,1,8540
972,2014-02-05,3,4103.0,427,1,1,2204
973,2014-02-05,3,7164.0,869,1,1,6721
974,2014-02-05,3,12672.0,1722,1,1,12002
975,2014-02-05,3,8062.0,787,1,1,7076
976,2014-02-05,3,8896.0,823,1,1,7079
977,2014-02-05,3,5692.0,555,1,1,5782
978,2014-02-05,3,8621.0,1099,1,1,6841
979,2014-02-05,3,7316.0,665,1,1,7147
980,2014-02-05,3,7774.0,565,1,1,6513
981,2014-02-05,3,7672.0,723,1,1,7749
982,2014-02-05,3,8770.0,716,1,1,8070
983,2014-02-05,3,12296.0,1606,1,1,11735
984,2014-02-05,3,7208.0,771,1,1,6642
985,2014-02-05,3,8553.0,739,1,1,7657
986,2014-02-05,3,7282.0,894,1,1,6307
987,2014-02-05,3,7536.0,900,1,1,7697
988,2014-02-05,3,4616.0,687,1,1,4725
989,2014-02-05,3,6136.0,631,1,1,4962
990,2014-02-05,3,7002.0,544,1,1,6986
991,2014-02-05,3,4605.0,431,1,1,5530
992,2014-02-05,3,6746.0,782,1,1,7058
993,2014-02-05,3,7645.0,761,1,1,7309
994,2014-02-05,3,5092.0,463,1,1,3723
995,2014-02-05,3,10200.0,808,1,1,9479
996,2014-02-05,3,7694.0,763,1,1,7045
997,2014-02-05,3,5546.0,423,1,1,5072
998,2014-02-05,3,4583.0,538,1,1,-196
999,2014-02-05,3,11093.0,769,1,1,11782
1000,2014-02-05,3,7406.0,657,1,1,8582
1001,2014-02-05,3,5853.0,625,1,1,6302
1002,2014-02-05,3,6705.0,732,1,1,6382
1003,2014-02-05,3,7902.0,748,1,1,7970
1004,2014-02-05,3,5378.0,464,1,1,5514
1005,2014-02-05,3,6076.0,878,1,1,8468
1006,2014-02-05,3,7807.0,930,1,1,7251
1007,2014-02-05,3,8107.0,844,1,1,7085
1008,2014-02-05,3,6875.0,796,1,1,5221
1009,2014-02-05,3,5514.0,465,1,1,3034
1010,2014-02-05,3,10000.0,820,1,1,9104
1011,2014-02-05,3,10250.0,1085,1,1,6471
1012,2014-02-05,3,5663.0,471,1,1,5697
1013,2014-02-05,3,4939.0,505,1,1,3789
1014,2014-02-05,3,15122.0,1470,1,1,12107
1015,2014-02-05,3,6078.0,464,1,1,4675
1016,2014-02-05,3,6690.0,552,1,1,6005
1017,2014-02-05,3,8516.0,1115,1,1,6942
1018,2014-02-05,3,12426.0,1440,1,1,11544
1019,2014-02-05,3,9888.0,771,1,1,8021
1020,2014-02-05,3,8828.0,1106,1,1,9881
1021,2014-02-05,3,9033.0,984,1,1,8915
1022,2014-02-05,3,8216.0,886,1,1,7595
1023,2014-02-05,3,6468.0,615,1,1,5901
1024,2014-02-05,3,6256.0,756,1,1,5749
1025,2014-02-05,3,7960.0,868,1,1,7744
1026,2014-02-05,3,10126.0,1180,1,1,7196
1027,2014-02-05,3,15460.0,1742,1,1,14298
1028,2014-02-05,3,5540.0,617,1,1,4911
1029,2014-02-05,3,6046.0,828,1,1,6151
1030,2014-02-05,3,4347.0,399,1,1,4807
1031,2014-02-05,3,5197.0,438,1,1,4758
1032,2014-02-05,3,9859.0,1007,1,1,10357
1033,2014-02-05,3,16054.0,1392,1,1,14230
1034,2014-02-05,3,7814.0,841,1,1,6879
1035,2014-02-05,3,6185.0,627,1,1,5022
1036,2014-02-05,3,4712.0,425,1,1,4335
1037,2014-02-05,3,7514.0,921,1,1,8084
1038,2014-02-05,3,5686.0,466,1,1,6013
1039,2014-02-05,3,8361.0,1061,1,1,7905
1040,2014-02-05,3,8591.0,845,1,1,4030
1041,2014-02-05,3,6402.0,714,1,1,5768
1042,2014-02-05,3,4908.0,567,1,1,4001
1043,2014-02-05,3,10012.0,1260,1,1,9291
1044,2014-02-05,3,7174.0,886,1,1,7051
1045,2014-02-05,3,6978.0,821,1,1,7669
1046,2014-02-05,3,9655.0,684,1,1,8550
1047,2014-02-05,3,5249.0,555,1,1,7489
1048,2014-02-05,3,6974.0,528,1,1,7152
1049,2014-02-05,3,4374.0,705,1,1,5597
1050,2014-02-05,3,8199.0,514,1,1,8218
1051,2014-02-05,3,8957.0,1135,1,1,7454
1052,2014-02-05,3,7148.0,739,1,1,7386
1053,2014-02-05,3,11520.0,1279,1,1,10372
1054,2014-02-05,3,6831.0,653,1,1,5382
1055,2014-02-05,3,8675.0,1074,1,1,6592
1056,2014-02-05,3,3511.0,346,1,1,4486
1057,2014-02-05,3,6591.0,625,1,1,6304
1058,2014-02-05,3,7737.0,740,1,1,8873
1059,2014-02-05,3,9308.0,1161,1,1,8292
1060,2014-02-05,3,8452.0,926,1,1,8932
1061,2014-02-05,3,7793.0,565,1,1,8434
1062,2014-02-05,3,6146.0,533,1,1,6979
1063,2014-02-05,3,5160.0,589,1,1,-748
1064,2014-02-05,3,9730.0,1104,1,1,10289
1065,2014-02-05,3,4890.0,539,1,1,5311
1066,2014-02-05,3,10758.0,1107,1,1,11262
1067,2014-02-05,3,5944.0,492,1,1,6070
1068,2014-02-05,3,4683.0,308,1,1,5829
1069,2014-02-05,3,9535.0,1198,1,1,6662
1070,2014-02-05,3,7428.0,936,1,1,7778
1071,2014-02-05,3,7330.0,785,1,1,6658
1072,2014-02-05,3,7776.0,711,1,1,7577
1073,2014-02-05,3,7840.0,1009,1,1,6105
1074,2014-02-05,3,5994.0,627,1,1,4650
1075,2014-02-05,3,10679.0,1038,1,1,10641
1076,2014-02-05,3,4096.0,601,1,1,3826
1077,2014-02-05,3,4596.0,496,1,1,4670
1078,2014-02-05,3,9264.0,617,1,1,8624
1079,2014-02-05,3,10176.0,735,1,1,9508
1080,2014-02-05,3,11153.0,881,1,1,10936
1081,2014-02-05,3,7804.0,1143,1,1,5765
1082,2014-02-05,3,8050.0,1048,1,1,8069
1083,2014-02-05,3,5102.0,342,1,1,4964
1084,2014-02-05,3,6439.0,773,1,1,7100
1085,2014-02-05,3,8836.0,844,1,1,8354
1086,2014-02-05,3,9880.0,939,1,1,7892
1087,2014-02-05,3,5951.0,585,1,1,6342
1088,2014-02-05,3,5738.0,515,1,1,2901
1089,2014-02-05,3,10016.0,980,1,1,10805
1090,2014-02-05,3,7992.0,1005,1,1,7213
1091,2014-02-05,3,9774.0,743,1,1,9671
1092,2014-02-05,3,11906.0,1167,1,1,12341
1093,2014-02-05,3,8990.0,908,1,1,6320
1094,2014-02-05,3,4224.0,335,1,1,5119
1095,2014-02-05,3,5327.0,693,1,1,4512
1096,2014-02-05,3,5103.0,607,1,1,4771
1097,2014-02-05,3,10177.0,2500,1,1,11868
1098,2014-02-05,3,6274.0,808,1,1,4714
1099,2014-02-05,3,8062.0,973,1,1,7324
1100,2014-02-05,3,6319.0,689,1,1,6031
1101,2014-02-05,3,10125.0,948,1,1,10070
1102,2014-02-05,3,7714.0,753,1,1,7917
1103,2014-02-05,3,4865.0,346,1,1,5039
1104,2014-02-05,3,5619.0,399,1,1,6105
1105,2014-02-05,3,4874.0,519,1,1,5578
1106,2014-02-05,3,5503.0,587,1,1,5645
1107,2014-02-05,3,7169.0,678,1,1,6654
1108,2014-02-05,3,7083.0,721,1,1,543
1109,2014-02-05,3,6245.0,475,1,1,5735
1110,2014-02-05,3,4957.0,547,1,1,5241
1111,2014-02-05,3,6514.0,501,1,1,6759
1112,2014-02-05,3,12141.0,897,1,1,11128
1113,2014-02-05,3,6785.0,726,1,1,6378
1114,2014-02-05,3,19543.0,2836,1,1,20839
1115,2014-02-05,3,6148.0,413,1,1,6777
