Store,Date,DayOfWeek,Sales,Customers,Promo,mean_Promo,POST_Promo,POST_Customers,POST_Sales
1,2014-02-26,3,4108.0,491,0,0.0,0,436,3753
2,2014-02-26,3,4548.0,632,0,0.0,0,826,5458
3,2014-02-26,3,4580.0,640,0,0.0,0,1004,5160
4,2014-02-26,3,6987.0,1100,0,0.0,0,502,5640
5,2014-02-26,3,3568.0,548,0,0.0,0,357,2267
6,2014-02-26,3,4111.0,545,0,0.0,0,608,4667
7,2014-02-26,3,5812.0,746,0,0.0,0,333,3714
8,2014-02-26,3,3719.0,560,0,0.0,0,1894,5592
9,2014-02-26,3,5627.0,527,0,0.0,0,593,5863
10,2014-02-26,3,4253.0,560,0,0.0,0,344,3910
11,2014-02-26,3,7000.0,1120,0,0.0,0,469,4205
12,2014-02-26,3,5680.0,794,0,0.0,0,617,5402
13,2014-02-26,3,2820.0,255,0,0.0,0,209,2898
14,2014-02-26,3,4408.0,574,0,0.0,0,969,4259
15,2014-02-26,3,4507.0,488,0,0.0,0,1308,6362
16,2014-02-26,3,6439.0,802,0,0.0,0,982,6468
17,2014-02-26,3,4426.0,671,0,0.0,0,428,4937
18,2014-02-26,3,4630.0,627,0,0.0,0,635,6947
19,2014-02-26,3,5543.0,571,0,0.0,0,569,3506
20,2014-02-26,3,6497.0,834,0,0.0,0,520,4864
21,2014-02-26,3,3675.0,384,0,0.0,0,3005,5204
22,2014-02-26,3,4192.0,554,0,0.0,0,925,5226
23,2014-02-26,3,4393.0,426,0,0.0,0,618,3677
24,2014-02-26,3,6937.0,663,0,0.0,0,530,5512
25,2014-02-26,3,10499.0,1626,0,0.0,0,761,10306
26,2014-02-26,3,4669.0,430,0,0.0,0,745,5580
27,2014-02-26,3,6027.0,838,0,0.0,0,980,8026
28,2014-02-26,3,4348.0,481,0,0.0,0,643,4598
29,2014-02-26,3,4990.0,531,0,0.0,0,832,6036
30,2014-02-26,3,5228.0,888,0,0.0,0,612,4104
31,2014-02-26,3,4426.0,461,0,0.0,0,573,4949
32,2014-02-26,3,2849.0,414,0,0.0,0,514,2783
33,2014-02-26,3,8052.0,887,0,0.0,0,487,6186
34,2014-02-26,3,6121.0,862,0,0.0,0,656,6570
35,2014-02-26,3,6870.0,599,0,0.0,0,645,7059
36,2014-02-26,3,6648.0,890,0,0.0,0,841,6608
37,2014-02-26,3,4276.0,543,0,0.0,0,308,4202
38,2014-02-26,3,4765.0,516,0,0.0,0,1506,5257
39,2014-02-26,3,4511.0,657,0,0.0,0,691,4364
40,2014-02-26,3,4378.0,603,0,0.0,0,570,3781
41,2014-02-26,3,3475.0,327,0,0.0,0,633,4337
42,2014-02-26,3,8588.0,1075,0,0.0,0,450,3863
43,2014-02-26,3,7152.0,737,0,0.0,0,548,4692
44,2014-02-26,3,4379.0,587,0,0.0,0,687,4931
45,2014-02-26,3,3780.0,351,0,0.0,0,433,3454
46,2014-02-26,3,3269.0,486,0,0.0,0,288,2605
47,2014-02-26,3,5289.0,829,0,0.0,0,725,5002
48,2014-02-26,3,3412.0,403,0,0.0,0,325,2761
49,2014-02-26,3,5977.0,448,0,0.0,0,416,4402
50,2014-02-26,3,3070.0,292,0,0.0,0,1134,4439
51,2014-02-26,3,4245.0,404,0,0.0,0,506,4971
52,2014-02-26,3,6268.0,451,0,0.0,0,435,5457
53,2014-02-26,3,3767.0,471,0,0.0,0,182,993
54,2014-02-26,3,4378.0,491,0,0.0,0,671,5604
55,2014-02-26,3,3638.0,503,0,0.0,0,485,3402
56,2014-02-26,3,4603.0,359,0,0.0,0,347,3929
57,2014-02-26,3,7942.0,799,0,0.0,0,1407,9421
58,2014-02-26,3,4915.0,443,0,0.0,0,355,3201
59,2014-02-26,3,4552.0,533,0,0.0,0,459,4731
60,2014-02-26,3,6622.0,710,0,0.0,0,526,4592
61,2014-02-26,3,3980.0,520,0,0.0,0,451,3753
62,2014-02-26,3,6975.0,861,0,0.0,0,785,5020
63,2014-02-26,3,4202.0,437,0,0.0,0,422,4267
64,2014-02-26,3,8600.0,753,0,0.0,0,495,6144
65,2014-02-26,3,3352.0,345,0,0.0,0,706,3103
66,2014-02-26,3,3999.0,398,0,0.0,0,1484,5298
67,2014-02-26,3,5838.0,696,0,0.0,0,603,6142
68,2014-02-26,3,5541.0,948,0,0.0,0,598,5062
69,2014-02-26,3,6837.0,983,0,0.0,0,631,7402
70,2014-02-26,3,5004.0,580,0,0.0,0,476,4451
71,2014-02-26,3,6651.0,643,0,0.0,0,574,6683
72,2014-02-26,3,3225.0,378,0,0.0,0,966,4649
73,2014-02-26,3,3628.0,475,0,0.0,0,497,3870
74,2014-02-26,3,5844.0,877,0,0.0,0,621,5873
75,2014-02-26,3,4255.0,505,0,0.0,0,773,5795
76,2014-02-26,3,7064.0,788,0,0.0,0,416,4209
77,2014-02-26,3,5151.0,513,0,0.0,0,568,6103
78,2014-02-26,3,2748.0,426,0,0.0,0,482,3307
79,2014-02-26,3,3780.0,449,0,0.0,0,605,4436
80,2014-02-26,3,5564.0,474,0,0.0,0,634,6151
81,2014-02-26,3,5566.0,509,0,0.0,0,371,4043
82,2014-02-26,3,7673.0,836,0,0.0,0,952,7974
83,2014-02-26,3,3720.0,351,0,0.0,0,715,2119
84,2014-02-26,3,10475.0,1379,0,0.0,0,925,9175
85,2014-02-26,3,4691.0,739,0,0.0,0,387,3720
86,2014-02-26,3,3664.0,535,0,0.0,0,1720,5653
87,2014-02-26,3,5300.0,694,0,0.0,0,532,4969
88,2014-02-26,3,4493.0,555,0,0.0,0,817,4850
89,2014-02-26,3,5171.0,613,0,0.0,0,409,3606
90,2014-02-26,3,6716.0,1007,0,0.0,0,1789,10451
91,2014-02-26,3,5375.0,663,0,0.0,0,539,5333
92,2014-02-26,3,3974.0,404,0,0.0,0,860,7825
93,2014-02-26,3,4147.0,517,0,0.0,0,651,4376
94,2014-02-26,3,5377.0,573,0,0.0,0,417,4573
95,2014-02-26,3,5286.0,657,0,0.0,0,1226,6480
96,2014-02-26,3,4377.0,550,0,0.0,0,546,3652
97,2014-02-26,3,4501.0,523,0,0.0,0,912,5996
98,2014-02-26,3,3085.0,335,0,0.0,0,393,3978
99,2014-02-26,3,3600.0,355,0,0.0,0,861,5383
100,2014-02-26,3,5928.0,607,0,0.0,0,787,6670
101,2014-02-26,3,6376.0,711,0,0.0,0,598,5960
102,2014-02-26,3,4397.0,768,0,0.0,0,1105,6606
103,2014-02-26,3,3612.0,357,0,0.0,0,810,4465
104,2014-02-26,3,8593.0,1236,0,0.0,0,314,2765
105,2014-02-26,3,3909.0,530,0,0.0,0,1024,8202
106,2014-02-26,3,8042.0,855,0,0.0,0,333,3365
107,2014-02-26,3,5785.0,884,0,0.0,0,464,6143
108,2014-02-26,3,8253.0,730,0,0.0,0,842,8670
109,2014-02-26,3,4761.0,619,0,0.0,0,621,5270
110,2014-02-26,3,3515.0,538,0,0.0,0,441,3729
111,2014-02-26,3,4861.0,456,0,0.0,0,514,4192
112,2014-02-26,3,5638.0,737,0,0.0,0,518,4329
113,2014-02-26,3,6064.0,649,0,0.0,0,470,5852
114,2014-02-26,3,4513.0,598,0,0.0,0,416,3908
115,2014-02-26,3,5366.0,472,0,0.0,0,723,5385
116,2014-02-26,3,5536.0,666,0,0.0,0,669,4619
117,2014-02-26,3,3536.0,497,0,0.0,0,569,3850
118,2014-02-26,3,5296.0,505,0,0.0,0,326,4833
119,2014-02-26,3,5083.0,651,0,0.0,0,535,4266
120,2014-02-26,3,5108.0,539,0,0.0,0,690,5251
121,2014-02-26,3,3522.0,429,0,0.0,0,617,3505
122,2014-02-26,3,4451.0,601,0,0.0,0,1547,5837
123,2014-02-26,3,6196.0,877,0,0.0,0,241,5746
124,2014-02-26,3,3528.0,504,0,0.0,0,420,3381
125,2014-02-26,3,9417.0,1428,0,0.0,0,689,8988
126,2014-02-26,3,5594.0,608,0,0.0,0,464,4396
127,2014-02-26,3,4156.0,530,0,0.0,0,1561,5746
128,2014-02-26,3,5305.0,499,0,0.0,0,438,5583
129,2014-02-26,3,6957.0,1027,0,0.0,0,425,5079
130,2014-02-26,3,4371.0,550,0,0.0,0,407,4225
131,2014-02-26,3,5142.0,626,0,0.0,0,589,4765
132,2014-02-26,3,4787.0,514,0,0.0,0,499,5220
133,2014-02-26,3,4578.0,608,0,0.0,0,617,2986
134,2014-02-26,3,4350.0,470,0,0.0,0,338,3360
135,2014-02-26,3,4278.0,423,0,0.0,0,678,4304
136,2014-02-26,3,3972.0,364,0,0.0,0,634,4371
137,2014-02-26,3,6768.0,883,0,0.0,0,366,4663
138,2014-02-26,3,5471.0,591,0,0.0,0,397,4034
139,2014-02-26,3,5234.0,474,0,0.0,0,639,4839
140,2014-02-26,3,6592.0,944,0,0.0,0,771,5040
141,2014-02-26,3,3943.0,496,0,0.0,0,714,4699
142,2014-02-26,3,5578.0,730,0,0.0,0,883,5406
143,2014-02-26,3,4510.0,462,0,0.0,0,424,4365
144,2014-02-26,3,6034.0,630,0,0.0,0,881,7004
145,2014-02-26,3,6117.0,1054,0,0.0,0,1231,6954
146,2014-02-26,3,5488.0,604,0,0.0,0,237,2402
147,2014-02-26,3,5673.0,716,0,0.0,0,692,5847
148,2014-02-26,3,6997.0,733,0,0.0,0,719,6497
149,2014-02-26,3,4272.0,453,0,0.0,0,622,4358
150,2014-02-26,3,6410.0,645,0,0.0,0,374,4249
151,2014-02-26,3,4601.0,519,0,0.0,0,460,4576
152,2014-02-26,3,5342.0,728,0,0.0,0,454,4052
153,2014-02-26,3,5042.0,605,0,0.0,0,716,5205
154,2014-02-26,3,5854.0,579,0,0.0,0,308,3251
155,2014-02-26,3,4500.0,522,0,0.0,0,524,4409
156,2014-02-26,3,5164.0,627,0,0.0,0,970,5849
157,2014-02-26,3,8413.0,1003,0,0.0,0,612,8128
158,2014-02-26,3,6247.0,403,0,0.0,0,235,3967
159,2014-02-26,3,5354.0,533,0,0.0,0,2402,7112
160,2014-02-26,3,3597.0,418,0,0.0,0,792,5161
161,2014-02-26,3,6859.0,903,0,0.0,0,336,2508
162,2014-02-26,3,4850.0,400,0,0.0,0,172,5312
163,2014-02-26,3,6104.0,816,0,0.0,0,247,4926
164,2014-02-26,3,4708.0,578,0,0.0,0,246,1796
165,2014-02-26,3,3987.0,421,0,0.0,0,344,3901
166,2014-02-26,3,4604.0,708,0,0.0,0,652,4544
167,2014-02-26,3,6265.0,906,0,0.0,0,402,5666
168,2014-02-26,3,5894.0,661,0,0.0,0,830,5277
169,2014-02-26,3,5701.0,666,0,0.0,0,855,6092
170,2014-02-26,3,4612.0,551,0,0.0,0,402,4100
171,2014-02-26,3,6116.0,762,0,0.0,0,618,6353
172,2014-02-26,3,5790.0,791,0,0.0,0,289,3884
173,2014-02-26,3,5906.0,886,0,0.0,0,514,5512
174,2014-02-26,3,5028.0,438,0,0.0,0,730,4186
175,2014-02-26,3,4447.0,603,0,0.0,0,663,4382
176,2014-02-26,3,3842.0,571,0,0.0,0,519,4693
177,2014-02-26,3,3615.0,500,0,0.0,0,570,4197
178,2014-02-26,3,7294.0,754,0,0.0,0,573,6177
179,2014-02-26,3,5316.0,797,0,0.0,0,359,3977
180,2014-02-26,3,5436.0,713,0,0.0,0,883,6253
181,2014-02-26,3,4476.0,569,0,0.0,0,442,4359
182,2014-02-26,3,3877.0,354,0,0.0,0,879,5106
183,2014-02-26,3,3601.0,533,0,0.0,0,857,5854
184,2014-02-26,3,5873.0,628,0,0.0,0,694,5488
185,2014-02-26,3,4741.0,395,0,0.0,0,1626,5954
186,2014-02-26,3,2692.0,319,0,0.0,0,1186,4494
187,2014-02-26,3,4854.0,701,0,0.0,0,1049,6441
188,2014-02-26,3,3505.0,367,0,0.0,0,1305,6001
189,2014-02-26,3,8752.0,887,0,0.0,0,409,4344
190,2014-02-26,3,5675.0,628,0,0.0,0,630,5936
191,2014-02-26,3,5442.0,657,0,0.0,0,401,4560
192,2014-02-26,3,5637.0,442,0,0.0,0,692,6018
193,2014-02-26,3,4119.0,741,0,0.0,0,377,2386
194,2014-02-26,3,4135.0,425,0,0.0,0,1354,4853
195,2014-02-26,3,10639.0,1457,0,0.0,0,514,4860
196,2014-02-26,3,3740.0,609,0,0.0,0,914,6226
197,2014-02-26,3,5033.0,734,0,0.0,0,535,5918
198,2014-02-26,3,1574.0,219,0,0.0,0,469,3291
199,2014-02-26,3,5836.0,543,0,0.0,0,663,5906
200,2014-02-26,3,7926.0,1049,0,0.0,0,564,5640
201,2014-02-26,3,4842.0,517,0,0.0,0,701,4451
202,2014-02-26,3,5017.0,446,0,0.0,0,574,4382
203,2014-02-26,3,5881.0,874,0,0.0,0,639,5910
204,2014-02-26,3,5301.0,497,0,0.0,0,727,5019
205,2014-02-26,3,4412.0,728,0,0.0,0,3069,7603
206,2014-02-26,3,5645.0,711,0,0.0,0,362,3351
207,2014-02-26,3,8418.0,1171,0,0.0,0,926,7717
208,2014-02-26,3,2294.0,337,0,0.0,0,765,2404
209,2014-02-26,3,4207.0,480,0,0.0,0,539,5198
210,2014-02-26,3,2609.0,270,0,0.0,0,629,2994
211,2014-02-26,3,11255.0,1409,0,0.0,0,655,7228
212,2014-02-26,3,4171.0,472,0,0.0,0,242,2244
213,2014-02-26,3,6671.0,586,0,0.0,0,256,2500
214,2014-02-26,3,9005.0,791,0,0.0,0,749,7865
215,2014-02-26,3,4200.0,381,0,0.0,0,865,4632
216,2014-02-26,3,6342.0,879,0,0.0,0,676,5333
217,2014-02-26,3,3568.0,539,0,0.0,0,167,2098
218,2014-02-26,3,4583.0,679,0,0.0,0,269,3874
219,2014-02-26,3,3091.0,454,0,0.0,0,728,3219
220,2014-02-26,3,4636.0,677,0,0.0,0,680,3693
221,2014-02-26,3,3609.0,392,0,0.0,0,577,4421
222,2014-02-26,3,4315.0,528,0,0.0,0,661,4586
223,2014-02-26,3,5159.0,635,0,0.0,0,464,5320
224,2014-02-26,3,4689.0,391,0,0.0,0,557,4699
225,2014-02-26,3,3491.0,429,0,0.0,0,1034,5534
226,2014-02-26,3,5456.0,608,0,0.0,0,519,5252
227,2014-02-26,3,6336.0,667,0,0.0,0,473,4376
228,2014-02-26,3,5301.0,453,0,0.0,0,926,6723
229,2014-02-26,3,6370.0,640,0,0.0,0,506,6390
230,2014-02-26,3,5851.0,794,0,0.0,0,629,4125
231,2014-02-26,3,3190.0,303,0,0.0,0,569,4277
232,2014-02-26,3,1939.0,235,0,0.0,0,431,3271
233,2014-02-26,3,7343.0,899,0,0.0,0,1762,10100
234,2014-02-26,3,7571.0,817,0,0.0,0,1080,9352
235,2014-02-26,3,3908.0,394,0,0.0,0,322,4545
236,2014-02-26,3,5727.0,816,0,0.0,0,498,5124
237,2014-02-26,3,3939.0,549,0,0.0,0,513,2994
238,2014-02-26,3,7210.0,1126,0,0.0,0,693,6205
239,2014-02-26,3,3523.0,423,0,0.0,0,432,3042
240,2014-02-26,3,4226.0,439,0,0.0,0,815,4930
241,2014-02-26,3,4944.0,613,0,0.0,0,488,4840
242,2014-02-26,3,2288.0,244,0,0.0,0,305,1366
243,2014-02-26,3,4977.0,720,0,0.0,0,1039,6086
244,2014-02-26,3,3321.0,419,0,0.0,0,654,4339
245,2014-02-26,3,7821.0,994,0,0.0,0,252,2740
246,2014-02-26,3,5514.0,813,0,0.0,0,765,5843
247,2014-02-26,3,5143.0,468,0,0.0,0,804,7186
248,2014-02-26,3,6185.0,891,0,0.0,0,336,3363
249,2014-02-26,3,3737.0,441,0,0.0,0,303,3333
250,2014-02-26,3,5867.0,532,0,0.0,0,264,3886
251,2014-02-26,3,14253.0,2061,0,0.0,0,657,9455
252,2014-02-26,3,8287.0,762,0,0.0,0,681,7014
253,2014-02-26,3,4184.0,589,0,0.0,0,545,5228
254,2014-02-26,3,2241.0,220,0,0.0,0,871,2327
255,2014-02-26,3,4628.0,534,0,0.0,0,1921,6325
256,2014-02-26,3,9495.0,1462,0,0.0,0,352,3765
257,2014-02-26,3,4043.0,587,0,0.0,0,279,2540
258,2014-02-26,3,4269.0,413,0,0.0,0,789,6128
259,2014-02-26,3,11151.0,2391,0,0.0,0,1188,9652
260,2014-02-26,3,5544.0,821,0,0.0,0,866,5559
261,2014-02-26,3,8359.0,743,0,0.0,0,423,1822
262,2014-02-26,3,16506.0,2807,0,0.0,0,448,6111
263,2014-02-26,3,2589.0,270,0,0.0,0,1010,3909
264,2014-02-26,3,4897.0,784,0,0.0,0,292,2902
265,2014-02-26,3,3493.0,424,0,0.0,0,151,2231
266,2014-02-26,3,3450.0,504,0,0.0,0,524,3511
267,2014-02-26,3,5665.0,767,0,0.0,0,1053,7767
268,2014-02-26,3,3631.0,505,0,0.0,0,916,5546
269,2014-02-26,3,6525.0,1032,0,0.0,0,399,4197
270,2014-02-26,3,7476.0,1032,0,0.0,0,721,7219
271,2014-02-26,3,5612.0,694,0,0.0,0,1347,7537
272,2014-02-26,3,4446.0,539,0,0.0,0,361,3941
273,2014-02-26,3,4876.0,599,0,0.0,0,418,4338
274,2014-02-26,3,2990.0,815,0,0.0,0,1053,4123
275,2014-02-26,3,6694.0,729,0,0.0,0,745,6131
276,2014-02-26,3,3404.0,480,0,0.0,0,606,3550
277,2014-02-26,3,4870.0,453,0,0.0,0,310,3753
278,2014-02-26,3,5600.0,710,0,0.0,0,296,3125
279,2014-02-26,3,5203.0,474,0,0.0,0,578,7479
280,2014-02-26,3,5702.0,549,0,0.0,0,470,5096
281,2014-02-26,3,4402.0,459,0,0.0,0,606,3579
282,2014-02-26,3,3525.0,597,0,0.0,0,435,4889
283,2014-02-26,3,5676.0,650,0,0.0,0,865,4911
284,2014-02-26,3,3583.0,363,0,0.0,0,690,4556
285,2014-02-26,3,3876.0,429,0,0.0,0,763,5142
286,2014-02-26,3,4097.0,407,0,0.0,0,548,4171
287,2014-02-26,3,6452.0,721,0,0.0,0,1604,8728
288,2014-02-26,3,3993.0,307,0,0.0,0,411,4634
289,2014-02-26,3,4843.0,485,0,0.0,0,897,5392
290,2014-02-26,3,6233.0,722,0,0.0,0,581,7703
291,2014-02-26,3,5480.0,660,0,0.0,0,375,3928
292,2014-02-26,3,5108.0,680,0,0.0,0,996,5429
293,2014-02-26,3,4203.0,634,0,0.0,0,622,5602
294,2014-02-26,3,5142.0,766,0,0.0,0,750,5915
295,2014-02-26,3,4367.0,630,0,0.0,0,1243,6318
296,2014-02-26,3,5094.0,686,0,0.0,0,535,5258
297,2014-02-26,3,5433.0,653,0,0.0,0,755,6061
298,2014-02-26,3,5591.0,507,0,0.0,0,2061,8907
299,2014-02-26,3,4152.0,453,0,0.0,0,620,4360
300,2014-02-26,3,4546.0,668,0,0.0,0,330,3666
301,2014-02-26,3,4945.0,570,0,0.0,0,323,4692
302,2014-02-26,3,2267.0,233,0,0.0,0,1101,2828
303,2014-02-26,3,4525.0,590,0,0.0,0,641,4587
304,2014-02-26,3,5193.0,967,0,0.0,0,2142,6519
305,2014-02-26,3,3871.0,401,0,0.0,0,541,5245
306,2014-02-26,3,4168.0,479,0,0.0,0,338,3584
307,2014-02-26,3,1640.0,222,0,0.0,0,690,3533
308,2014-02-26,3,6176.0,752,0,0.0,0,435,4791
309,2014-02-26,3,5077.0,539,0,0.0,0,352,3872
310,2014-02-26,3,6569.0,632,0,0.0,0,590,5286
311,2014-02-26,3,5521.0,796,0,0.0,0,381,4366
312,2014-02-26,3,3532.0,395,0,0.0,0,443,4419
313,2014-02-26,3,4848.0,544,0,0.0,0,760,3704
314,2014-02-26,3,4522.0,550,0,0.0,0,754,4606
315,2014-02-26,3,3198.0,415,0,0.0,0,1114,4154
316,2014-02-26,3,7033.0,748,0,0.0,0,341,4076
317,2014-02-26,3,4396.0,511,0,0.0,0,633,3673
318,2014-02-26,3,5004.0,528,0,0.0,0,417,4080
319,2014-02-26,3,6700.0,775,0,0.0,0,555,5155
320,2014-02-26,3,11091.0,1755,0,0.0,0,777,8606
321,2014-02-26,3,3568.0,416,0,0.0,0,979,5454
322,2014-02-26,3,3504.0,458,0,0.0,0,548,4046
323,2014-02-26,3,5280.0,501,0,0.0,0,874,4760
324,2014-02-26,3,3955.0,589,0,0.0,0,631,4808
325,2014-02-26,3,4653.0,528,0,0.0,0,660,4912
326,2014-02-26,3,3466.0,319,0,0.0,0,859,5258
327,2014-02-26,3,5613.0,781,0,0.0,0,1317,8059
328,2014-02-26,3,4248.0,541,0,0.0,0,391,3314
329,2014-02-26,3,6059.0,606,0,0.0,0,457,3661
330,2014-02-26,3,4022.0,445,0,0.0,0,686,3868
331,2014-02-26,3,5277.0,786,0,0.0,0,250,2032
332,2014-02-26,3,3196.0,474,0,0.0,0,702,2507
333,2014-02-26,3,7770.0,1124,0,0.0,0,251,2860
334,2014-02-26,3,4268.0,512,0,0.0,0,621,5136
335,2014-02-26,3,11860.0,2425,0,0.0,0,546,6895
336,2014-02-26,3,11067.0,1761,0,0.0,0,331,4164
337,2014-02-26,3,3870.0,336,0,0.0,0,469,3639
338,2014-02-26,3,4721.0,481,0,0.0,0,198,2358
339,2014-02-26,3,4835.0,684,0,0.0,0,678,4257
340,2014-02-26,3,4680.0,617,0,0.0,0,476,3768
341,2014-02-26,3,4837.0,713,0,0.0,0,489,4232
342,2014-02-26,3,8744.0,735,0,0.0,0,531,4962
343,2014-02-26,3,5679.0,610,0,0.0,0,757,4599
344,2014-02-26,3,5934.0,913,0,0.0,0,430,5156
345,2014-02-26,3,4342.0,481,0,0.0,0,263,2724
346,2014-02-26,3,6145.0,601,0,0.0,0,428,4881
347,2014-02-26,3,3956.0,346,0,0.0,0,830,4779
348,2014-02-26,3,7674.0,701,0,0.0,0,287,5417
349,2014-02-26,3,6370.0,690,0,0.0,0,893,5712
350,2014-02-26,3,4819.0,397,0,0.0,0,392,3929
351,2014-02-26,3,4775.0,468,0,0.0,0,357,3705
352,2014-02-26,3,4888.0,528,0,0.0,0,836,4778
353,2014-02-26,3,5320.0,1514,0,0.0,0,605,4825
354,2014-02-26,3,5985.0,636,0,0.0,0,865,6839
355,2014-02-26,3,6846.0,930,0,0.0,0,892,7524
356,2014-02-26,3,4642.0,378,0,0.0,0,561,4495
357,2014-02-26,3,5159.0,768,0,0.0,0,537,5750
358,2014-02-26,3,7492.0,973,0,0.0,0,661,6922
359,2014-02-26,3,6819.0,641,0,0.0,0,273,3554
360,2014-02-26,3,5243.0,637,0,0.0,0,766,5996
361,2014-02-26,3,4120.0,452,0,0.0,0,539,5570
362,2014-02-26,3,7147.0,947,0,0.0,0,541,6702
363,2014-02-26,3,5665.0,814,0,0.0,0,429,4177
364,2014-02-26,3,3959.0,522,0,0.0,0,264,2607
365,2014-02-26,3,4049.0,474,0,0.0,0,987,6846
366,2014-02-26,3,4111.0,473,0,0.0,0,460,4404
367,2014-02-26,3,2863.0,382,0,0.0,0,353,2684
368,2014-02-26,3,6991.0,607,0,0.0,0,340,4388
369,2014-02-26,3,4958.0,465,0,0.0,0,450,5500
370,2014-02-26,3,5623.0,519,0,0.0,0,412,4336
371,2014-02-26,3,5075.0,428,0,0.0,0,632,4733
372,2014-02-26,3,6319.0,632,0,0.0,0,812,7862
373,2014-02-26,3,3808.0,293,0,0.0,0,816,4874
374,2014-02-26,3,5951.0,780,0,0.0,0,514,4380
375,2014-02-26,3,5821.0,532,0,0.0,0,732,6550
376,2014-02-26,3,5791.0,768,0,0.0,0,627,6828
377,2014-02-26,3,5180.0,788,0,0.0,0,801,4970
378,2014-02-26,3,4853.0,839,0,0.0,0,936,5765
379,2014-02-26,3,2744.0,403,0,0.0,0,704,2118
380,2014-02-26,3,11653.0,1246,0,0.0,0,267,3607
381,2014-02-26,3,7596.0,936,0,0.0,0,616,6179
382,2014-02-26,3,5044.0,454,0,0.0,0,612,4785
383,2014-02-26,3,13428.0,1839,0,0.0,0,1180,12208
384,2014-02-26,3,6459.0,816,0,0.0,0,615,6207
385,2014-02-26,3,5358.0,519,0,0.0,0,592,6141
386,2014-02-26,3,6220.0,550,0,0.0,0,673,8843
387,2014-02-26,3,8556.0,1226,0,0.0,0,2260,8695
388,2014-02-26,3,8215.0,947,0,0.0,0,732,10599
389,2014-02-26,3,8080.0,1185,0,0.0,0,703,7266
390,2014-02-26,3,9755.0,994,0,0.0,0,288,3497
391,2014-02-26,3,4840.0,651,0,0.0,0,346,4902
392,2014-02-26,3,5734.0,666,0,0.0,0,814,5429
393,2014-02-26,3,5729.0,629,0,0.0,0,530,4251
394,2014-02-26,3,5706.0,539,0,0.0,0,555,5557
395,2014-02-26,3,4026.0,558,0,0.0,0,458,3756
396,2014-02-26,3,6676.0,842,0,0.0,0,932,8036
397,2014-02-26,3,4401.0,721,0,0.0,0,574,3908
398,2014-02-26,3,3950.0,476,0,0.0,0,886,5047
399,2014-02-26,3,4049.0,492,0,0.0,0,374,4250
400,2014-02-26,3,5991.0,977,0,0.0,0,691,6809
401,2014-02-26,3,5059.0,552,0,0.0,0,862,4763
402,2014-02-26,3,3181.0,423,0,0.0,0,702,4667
403,2014-02-26,3,7186.0,782,0,0.0,0,499,4556
404,2014-02-26,3,4529.0,604,0,0.0,0,547,3593
405,2014-02-26,3,2725.0,402,0,0.0,0,361,4307
406,2014-02-26,3,4330.0,391,0,0.0,0,516,4274
407,2014-02-26,3,2619.0,243,0,0.0,0,761,4215
408,2014-02-26,3,3167.0,373,0,0.0,0,502,4617
409,2014-02-26,3,4782.0,488,0,0.0,0,431,3998
410,2014-02-26,3,5954.0,818,0,0.0,0,305,3515
411,2014-02-26,3,6931.0,584,0,0.0,0,328,2909
412,2014-02-26,3,6129.0,528,0,0.0,0,1285,7693
413,2014-02-26,3,6215.0,876,0,0.0,0,1140,6786
414,2014-02-26,3,4918.0,423,0,0.0,0,587,5241
415,2014-02-26,3,5766.0,570,0,0.0,0,422,3949
416,2014-02-26,3,8515.0,1216,0,0.0,0,371,2827
417,2014-02-26,3,6230.0,773,0,0.0,0,767,6220
418,2014-02-26,3,4718.0,565,0,0.0,0,2681,6074
419,2014-02-26,3,4034.0,726,0,0.0,0,806,4324
420,2014-02-26,3,3405.0,335,0,0.0,0,830,3404
421,2014-02-26,3,5940.0,684,0,0.0,0,396,4201
422,2014-02-26,3,3719.0,433,0,0.0,0,842,4432
423,2014-02-26,3,7988.0,1525,0,0.0,0,499,5136
424,2014-02-26,3,5183.0,674,0,0.0,0,1587,4918
425,2014-02-26,3,3153.0,471,0,0.0,0,637,2908
426,2014-02-26,3,4732.0,680,0,0.0,0,1199,5852
427,2014-02-26,3,5414.0,628,0,0.0,0,745,5773
428,2014-02-26,3,5160.0,469,0,0.0,0,1005,6479
429,2014-02-26,3,4044.0,377,0,0.0,0,624,4582
430,2014-02-26,3,6532.0,604,0,0.0,0,765,7277
431,2014-02-26,3,7993.0,963,0,0.0,0,427,4444
432,2014-02-26,3,9336.0,1459,0,0.0,0,637,7088
433,2014-02-26,3,4095.0,577,0,0.0,0,1468,5321
434,2014-02-26,3,7803.0,619,0,0.0,0,656,6911
435,2014-02-26,3,4205.0,528,0,0.0,0,866,4324
436,2014-02-26,3,4133.0,516,0,0.0,0,769,4708
437,2014-02-26,3,5140.0,617,0,0.0,0,532,5921
438,2014-02-26,3,3400.0,414,0,0.0,0,1474,6565
439,2014-02-26,3,4874.0,737,0,0.0,0,1102,7135
440,2014-02-26,3,3692.0,512,0,0.0,0,662,3338
441,2014-02-26,3,5498.0,714,0,0.0,0,493,4424
442,2014-02-26,3,2881.0,357,0,0.0,0,1149,4121
443,2014-02-26,3,3587.0,362,0,0.0,0,472,2099
444,2014-02-26,3,9280.0,1273,0,0.0,0,1264,10404
445,2014-02-26,3,8411.0,1294,0,0.0,0,917,6354
446,2014-02-26,3,4580.0,609,0,0.0,0,710,4840
447,2014-02-26,3,4171.0,548,0,0.0,0,729,5065
448,2014-02-26,3,6947.0,654,0,0.0,0,908,7830
449,2014-02-26,3,8806.0,1393,0,0.0,0,401,3921
450,2014-02-26,3,5800.0,783,0,0.0,0,425,4749
451,2014-02-26,3,3878.0,373,0,0.0,0,763,4439
452,2014-02-26,3,3280.0,346,0,0.0,0,436,4180
453,2014-02-26,3,5333.0,704,0,0.0,0,1669,6085
454,2014-02-26,3,4620.0,700,0,0.0,0,496,3958
455,2014-02-26,3,5378.0,372,0,0.0,0,733,5698
456,2014-02-26,3,5152.0,843,0,0.0,0,301,2236
457,2014-02-26,3,3883.0,363,0,0.0,0,445,3919
458,2014-02-26,3,5149.0,528,0,0.0,0,740,6047
459,2014-02-26,3,6702.0,964,0,0.0,0,568,5767
460,2014-02-26,3,2385.0,266,0,0.0,0,590,3305
461,2014-02-26,3,3360.0,384,0,0.0,0,249,3386
462,2014-02-26,3,3538.0,538,0,0.0,0,488,3262
463,2014-02-26,3,5184.0,868,0,0.0,0,1478,6771
464,2014-02-26,3,6994.0,939,0,0.0,0,468,3922
465,2014-02-26,3,5284.0,467,0,0.0,0,172,3138
466,2014-02-26,3,6213.0,724,0,0.0,0,878,8441
467,2014-02-26,3,10119.0,1359,0,0.0,0,239,1652
468,2014-02-26,3,5322.0,657,0,0.0,0,262,2898
469,2014-02-26,3,7927.0,1138,0,0.0,0,309,2661
470,2014-02-26,3,11143.0,1746,0,0.0,0,908,8862
471,2014-02-26,3,4427.0,433,0,0.0,0,425,4546
472,2014-02-26,3,3966.0,569,0,0.0,0,466,5203
473,2014-02-26,3,3166.0,512,0,0.0,0,2402,2714
474,2014-02-26,3,6030.0,637,0,0.0,0,717,7048
475,2014-02-26,3,5806.0,998,0,0.0,0,441,3730
476,2014-02-26,3,4489.0,561,0,0.0,0,570,5140
477,2014-02-26,3,5429.0,393,0,0.0,0,570,5325
478,2014-02-26,3,5374.0,666,0,0.0,0,421,4607
479,2014-02-26,3,8487.0,1124,0,0.0,0,508,5793
480,2014-02-26,3,4152.0,619,0,0.0,0,802,4580
481,2014-02-26,3,4320.0,405,0,0.0,0,374,3280
482,2014-02-26,3,5568.0,685,0,0.0,0,376,4579
483,2014-02-26,3,3351.0,520,0,0.0,0,506,3942
484,2014-02-26,3,4787.0,562,0,0.0,0,428,4347
485,2014-02-26,3,3514.0,365,0,0.0,0,753,4708
486,2014-02-26,3,3111.0,426,0,0.0,0,1807,4682
487,2014-02-26,3,4720.0,497,0,0.0,0,749,5296
488,2014-02-26,3,2757.0,331,0,0.0,0,465,3029
489,2014-02-26,3,5374.0,550,0,0.0,0,942,6579
490,2014-02-26,3,6924.0,965,0,0.0,0,240,3976
491,2014-02-26,3,4850.0,397,0,0.0,0,1105,6715
492,2014-02-26,3,5068.0,891,0,0.0,0,637,6680
493,2014-02-26,3,6880.0,738,0,0.0,0,653,6351
494,2014-02-26,3,6520.0,969,0,0.0,0,852,6928
495,2014-02-26,3,3221.0,299,0,0.0,0,618,4018
496,2014-02-26,3,5588.0,670,0,0.0,0,589,5385
497,2014-02-26,3,6889.0,958,0,0.0,0,316,3391
498,2014-02-26,3,5742.0,799,0,0.0,0,906,6070
499,2014-02-26,3,4287.0,649,0,0.0,0,455,4396
500,2014-02-26,3,4209.0,346,0,0.0,0,614,3729
501,2014-02-26,3,4776.0,637,0,0.0,0,523,3370
502,2014-02-26,3,7852.0,1272,0,0.0,0,391,3851
503,2014-02-26,3,4380.0,329,0,0.0,0,715,4858
504,2014-02-26,3,4815.0,812,0,0.0,0,891,5984
505,2014-02-26,3,3586.0,543,0,0.0,0,567,3308
506,2014-02-26,3,6040.0,791,0,0.0,0,634,5306
507,2014-02-26,3,6114.0,539,0,0.0,0,818,6491
508,2014-02-26,3,5297.0,633,0,0.0,0,405,4603
509,2014-02-26,3,4665.0,458,0,0.0,0,713,5700
510,2014-02-26,3,7428.0,914,0,0.0,0,506,4115
511,2014-02-26,3,4512.0,722,0,0.0,0,959,6484
512,2014-02-26,3,4511.0,1222,0,0.0,0,355,4079
513,2014-02-26,3,13243.0,1677,0,0.0,0,216,5394
514,2014-02-26,3,4247.0,527,0,0.0,0,899,7480
515,2014-02-26,3,6220.0,602,0,0.0,0,1762,8170
516,2014-02-26,3,4357.0,670,0,0.0,0,765,4500
517,2014-02-26,3,3863.0,486,0,0.0,0,606,5548
518,2014-02-26,3,4446.0,421,0,0.0,0,324,3753
519,2014-02-26,3,3308.0,429,0,0.0,0,856,5586
520,2014-02-26,3,3459.0,371,0,0.0,0,924,3078
521,2014-02-26,3,4938.0,430,0,0.0,0,622,4256
522,2014-02-26,3,5955.0,527,0,0.0,0,685,6977
523,2014-02-26,3,10425.0,1391,0,0.0,0,1468,11632
524,2014-02-26,3,6180.0,755,0,0.0,0,445,4462
525,2014-02-26,3,7571.0,746,0,0.0,0,298,2505
526,2014-02-26,3,9348.0,1420,0,0.0,0,593,6237
527,2014-02-26,3,8729.0,889,0,0.0,0,439,4040
528,2014-02-26,3,7812.0,848,0,0.0,0,944,8092
529,2014-02-26,3,5319.0,609,0,0.0,0,329,3492
530,2014-02-26,3,2433.0,360,0,0.0,0,927,3446
531,2014-02-26,3,3675.0,544,0,0.0,0,495,5288
532,2014-02-26,3,14177.0,1804,0,0.0,0,385,4172
533,2014-02-26,3,7576.0,788,0,0.0,0,872,7382
534,2014-02-26,3,4778.0,409,0,0.0,0,434,4623
535,2014-02-26,3,8456.0,1086,0,0.0,0,374,4336
536,2014-02-26,3,6631.0,804,0,0.0,0,1079,7709
537,2014-02-26,3,4643.0,566,0,0.0,0,685,5331
538,2014-02-26,3,3118.0,523,0,0.0,0,598,3497
539,2014-02-26,3,8981.0,1005,0,0.0,0,593,6709
540,2014-02-26,3,4052.0,337,0,0.0,0,430,4816
541,2014-02-26,3,5062.0,740,0,0.0,0,905,6174
542,2014-02-26,3,5328.0,504,0,0.0,0,424,4474
543,2014-02-26,3,1728.0,197,0,0.0,0,473,2413
544,2014-02-26,3,10021.0,1525,0,0.0,0,272,2603
545,2014-02-26,3,7896.0,921,0,0.0,0,394,4012
546,2014-02-26,3,10597.0,1407,0,0.0,0,946,10580
547,2014-02-26,3,5064.0,393,0,0.0,0,685,5608
548,2014-02-26,3,3314.0,327,0,0.0,0,302,3414
549,2014-02-26,3,3721.0,532,0,0.0,0,440,3632
550,2014-02-26,3,4631.0,421,0,0.0,0,558,3690
551,2014-02-26,3,5650.0,928,0,0.0,0,406,5012
552,2014-02-26,3,5004.0,556,0,0.0,0,293,4920
553,2014-02-26,3,3972.0,462,0,0.0,0,438,3947
554,2014-02-26,3,3797.0,528,0,0.0,0,294,2782
555,2014-02-26,3,3758.0,405,0,0.0,0,829,5321
556,2014-02-26,3,5862.0,744,0,0.0,0,467,4725
557,2014-02-26,3,3707.0,637,0,0.0,0,427,1012
558,2014-02-26,3,2336.0,402,0,0.0,0,418,2127
559,2014-02-26,3,5098.0,696,0,0.0,0,460,3591
560,2014-02-26,3,9506.0,1275,0,0.0,0,655,6650
561,2014-02-26,3,4785.0,571,0,0.0,0,1050,5985
562,2014-02-26,3,16296.0,2928,0,0.0,0,800,10232
563,2014-02-26,3,4829.0,648,0,0.0,0,788,5820
564,2014-02-26,3,5221.0,538,0,0.0,0,533,4178
565,2014-02-26,3,5125.0,732,0,0.0,0,663,4859
566,2014-02-26,3,3747.0,453,0,0.0,0,1208,6139
567,2014-02-26,3,3881.0,575,0,0.0,0,660,4691
568,2014-02-26,3,3479.0,352,0,0.0,0,815,4358
569,2014-02-26,3,4037.0,659,0,0.0,0,569,4892
570,2014-02-26,3,4634.0,712,0,0.0,0,862,4786
571,2014-02-26,3,5853.0,445,0,0.0,0,495,5256
572,2014-02-26,3,5104.0,469,0,0.0,0,454,6055
573,2014-02-26,3,3438.0,317,0,0.0,0,436,3322
574,2014-02-26,3,6546.0,560,0,0.0,0,631,7103
575,2014-02-26,3,3779.0,440,0,0.0,0,837,5470
576,2014-02-26,3,5158.0,761,0,0.0,0,693,5406
577,2014-02-26,3,4139.0,557,0,0.0,0,510,4519
578,2014-02-26,3,5277.0,558,0,0.0,0,563,5444
579,2014-02-26,3,6248.0,772,0,0.0,0,550,5983
580,2014-02-26,3,8096.0,1412,0,0.0,0,638,8432
581,2014-02-26,3,4188.0,562,0,0.0,0,454,4745
582,2014-02-26,3,5175.0,699,0,0.0,0,942,6019
583,2014-02-26,3,3605.0,404,0,0.0,0,539,3934
584,2014-02-26,3,3896.0,398,0,0.0,0,846,5811
585,2014-02-26,3,5063.0,908,0,0.0,0,90,2613
586,2014-02-26,3,11826.0,1998,0,0.0,0,1155,9244
587,2014-02-26,3,6208.0,496,0,0.0,0,907,7281
588,2014-02-26,3,4552.0,561,0,0.0,0,506,4201
589,2014-02-26,3,3641.0,448,0,0.0,0,730,4516
590,2014-02-26,3,3722.0,350,0,0.0,0,426,2533
591,2014-02-26,3,5093.0,515,0,0.0,0,271,1817
592,2014-02-26,3,4491.0,651,0,0.0,0,392,3104
593,2014-02-26,3,6772.0,977,0,0.0,0,690,6314
594,2014-02-26,3,3557.0,442,0,0.0,0,405,3700
595,2014-02-26,3,11518.0,1380,0,0.0,0,746,8934
596,2014-02-26,3,3171.0,585,0,0.0,0,584,3169
597,2014-02-26,3,4294.0,673,0,0.0,0,1003,6109
598,2014-02-26,3,4377.0,623,0,0.0,0,2363,4245
599,2014-02-26,3,6649.0,703,0,0.0,0,496,6117
600,2014-02-26,3,4368.0,442,0,0.0,0,735,5774
601,2014-02-26,3,3981.0,336,0,0.0,0,616,5250
602,2014-02-26,3,5514.0,588,0,0.0,0,545,6353
603,2014-02-26,3,5145.0,822,0,0.0,0,908,5389
604,2014-02-26,3,6800.0,508,0,0.0,0,737,5902
605,2014-02-26,3,4522.0,386,0,0.0,0,945,5446
606,2014-02-26,3,4501.0,576,0,0.0,0,512,4359
607,2014-02-26,3,2396.0,295,0,0.0,0,530,2724
608,2014-02-26,3,6564.0,781,0,0.0,0,458,4461
609,2014-02-26,3,4028.0,497,0,0.0,0,538,3583
610,2014-02-26,3,2881.0,432,0,0.0,0,433,2036
611,2014-02-26,3,5042.0,437,0,0.0,0,691,5602
612,2014-02-26,3,5197.0,305,0,0.0,0,609,4630
613,2014-02-26,3,4984.0,800,0,0.0,0,639,6552
614,2014-02-26,3,5349.0,828,0,0.0,0,1241,6665
615,2014-02-26,3,6822.0,991,0,0.0,0,833,6660
616,2014-02-26,3,7074.0,764,0,0.0,0,541,6512
617,2014-02-26,3,4865.0,493,0,0.0,0,440,4609
618,2014-02-26,3,4744.0,417,0,0.0,0,197,1003
619,2014-02-26,3,3352.0,401,0,0.0,0,721,4570
620,2014-02-26,3,6544.0,618,0,0.0,0,459,6233
621,2014-02-26,3,5816.0,865,0,0.0,0,1224,6682
622,2014-02-26,3,3414.0,392,0,0.0,0,460,3191
623,2014-02-26,3,6819.0,930,0,0.0,0,1025,6469
624,2014-02-26,3,6332.0,712,0,0.0,0,674,5023
625,2014-02-26,3,6020.0,657,0,0.0,0,772,4336
626,2014-02-26,3,5948.0,587,0,0.0,0,1461,8710
627,2014-02-26,3,4437.0,514,0,0.0,0,1249,6012
628,2014-02-26,3,4387.0,644,0,0.0,0,518,4827
629,2014-02-26,3,5800.0,583,0,0.0,0,540,5194
630,2014-02-26,3,6211.0,813,0,0.0,0,1240,7060
631,2014-02-26,3,3978.0,523,0,0.0,0,610,3750
632,2014-02-26,3,5562.0,773,0,0.0,0,410,4184
633,2014-02-26,3,5889.0,496,0,0.0,0,602,5896
634,2014-02-26,3,4646.0,524,0,0.0,0,787,6752
635,2014-02-26,3,3779.0,438,0,0.0,0,708,5772
636,2014-02-26,3,2910.0,457,0,0.0,0,645,5168
637,2014-02-26,3,7282.0,694,0,0.0,0,415,4565
638,2014-02-26,3,4185.0,394,0,0.0,0,1191,6260
639,2014-02-26,3,4812.0,564,0,0.0,0,547,3453
640,2014-02-26,3,8628.0,764,0,0.0,0,437,3756
641,2014-02-26,3,4757.0,489,0,0.0,0,484,5724
642,2014-02-26,3,2940.0,455,0,0.0,0,705,3094
643,2014-02-26,3,5672.0,819,0,0.0,0,601,6305
644,2014-02-26,3,7205.0,881,0,0.0,0,632,6848
645,2014-02-26,3,7406.0,1055,0,0.0,0,352,1864
646,2014-02-26,3,4250.0,668,0,0.0,0,358,3611
647,2014-02-26,3,4013.0,554,0,0.0,0,451,1771
648,2014-02-26,3,4363.0,468,0,0.0,0,867,5315
649,2014-02-26,3,2710.0,342,0,0.0,0,612,3339
650,2014-02-26,3,4720.0,567,0,0.0,0,541,5069
651,2014-02-26,3,8480.0,1111,0,0.0,0,544,2640
652,2014-02-26,3,4045.0,496,0,0.0,0,281,3276
653,2014-02-26,3,4945.0,495,0,0.0,0,369,3155
654,2014-02-26,3,5148.0,632,0,0.0,0,540,6453
655,2014-02-26,3,5900.0,571,0,0.0,0,592,6438
656,2014-02-26,3,2480.0,326,0,0.0,0,888,3230
657,2014-02-26,3,4715.0,674,0,0.0,0,2231,5593
658,2014-02-26,3,4408.0,517,0,0.0,0,1291,5663
659,2014-02-26,3,4186.0,603,0,0.0,0,593,5120
660,2014-02-26,3,3152.0,443,0,0.0,0,708,4021
661,2014-02-26,3,4966.0,474,0,0.0,0,620,5976
662,2014-02-26,3,5358.0,570,0,0.0,0,1295,7514
663,2014-02-26,3,3776.0,589,0,0.0,0,531,4512
664,2014-02-26,3,3292.0,496,0,0.0,0,721,4753
665,2014-02-26,3,6397.0,1216,0,0.0,0,1505,9299
666,2014-02-26,3,4374.0,480,0,0.0,0,772,6785
667,2014-02-26,3,5853.0,619,0,0.0,0,442,4794
668,2014-02-26,3,6687.0,1002,0,0.0,0,627,7703
669,2014-02-26,3,3728.0,340,0,0.0,0,488,4122
670,2014-02-26,3,4778.0,619,0,0.0,0,513,4834
671,2014-02-26,3,5268.0,551,0,0.0,0,412,3921
672,2014-02-26,3,6212.0,1096,0,0.0,0,913,6630
673,2014-02-26,3,4879.0,475,0,0.0,0,620,5712
674,2014-02-26,3,6754.0,983,0,0.0,0,884,6388
675,2014-02-26,3,2784.0,347,0,0.0,0,660,3798
676,2014-02-26,3,6148.0,1594,0,0.0,0,926,5149
677,2014-02-26,3,6159.0,538,0,0.0,0,609,6010
678,2014-02-26,3,4960.0,690,0,0.0,0,377,3398
679,2014-02-26,3,8018.0,971,0,0.0,0,957,8504
680,2014-02-26,3,3381.0,602,0,0.0,0,584,4057
681,2014-02-26,3,3295.0,505,0,0.0,0,824,3228
682,2014-02-26,3,9724.0,1644,0,0.0,0,652,7790
683,2014-02-26,3,7612.0,790,0,0.0,0,454,4566
684,2014-02-26,3,5925.0,497,0,0.0,0,513,5797
685,2014-02-26,3,5032.0,546,0,0.0,0,446,4163
686,2014-02-26,3,4978.0,679,0,0.0,0,346,3727
687,2014-02-26,3,7323.0,756,0,0.0,0,427,4415
688,2014-02-26,3,2667.0,303,0,0.0,0,866,4108
689,2014-02-26,3,5118.0,576,0,0.0,0,761,5873
690,2014-02-26,3,4824.0,765,0,0.0,0,452,4278
691,2014-02-26,3,7637.0,641,0,0.0,0,513,5731
692,2014-02-26,3,4917.0,657,0,0.0,0,474,3523
693,2014-02-26,3,3688.0,330,0,0.0,0,599,5277
694,2014-02-26,3,6254.0,723,0,0.0,0,435,3858
695,2014-02-26,3,4029.0,469,0,0.0,0,346,2821
696,2014-02-26,3,5634.0,854,0,0.0,0,1091,6588
697,2014-02-26,3,8214.0,890,0,0.0,0,573,6204
698,2014-02-26,3,13492.0,1793,0,0.0,0,1000,11826
699,2014-02-26,3,6126.0,831,0,0.0,0,377,3944
700,2014-02-26,3,3608.0,515,0,0.0,0,158,1429
701,2014-02-26,3,3767.0,503,0,0.0,0,557,2857
702,2014-02-26,3,2614.0,249,0,0.0,0,642,3993
703,2014-02-26,3,3195.0,389,0,0.0,0,584,4080
704,2014-02-26,3,8066.0,963,0,0.0,0,751,8068
705,2014-02-26,3,6315.0,885,0,0.0,0,312,3318
706,2014-02-26,3,4283.0,419,0,0.0,0,480,5351
707,2014-02-26,3,6285.0,769,0,0.0,0,1005,6826
708,2014-02-26,3,2402.0,327,0,0.0,0,621,4266
709,2014-02-26,3,9544.0,1375,0,0.0,0,573,4832
710,2014-02-26,3,3401.0,281,0,0.0,0,529,4063
711,2014-02-26,3,5075.0,458,0,0.0,0,980,5783
712,2014-02-26,3,4712.0,505,0,0.0,0,491,4449
713,2014-02-26,3,7733.0,1130,0,0.0,0,416,2590
714,2014-02-26,3,3600.0,302,0,0.0,0,667,3487
715,2014-02-26,3,5480.0,694,0,0.0,0,821,5370
716,2014-02-26,3,3947.0,371,0,0.0,0,393,3378
717,2014-02-26,3,3597.0,457,0,0.0,0,409,5208
718,2014-02-26,3,6015.0,747,0,0.0,0,719,7001
719,2014-02-26,3,3499.0,306,0,0.0,0,830,5371
720,2014-02-26,3,5375.0,623,0,0.0,0,336,2960
721,2014-02-26,3,6035.0,662,0,0.0,0,577,6268
722,2014-02-26,3,7794.0,1353,0,0.0,0,770,6845
723,2014-02-26,3,4423.0,410,0,0.0,0,893,5289
724,2014-02-26,3,6383.0,679,0,0.0,0,446,4404
725,2014-02-26,3,4287.0,476,0,0.0,0,631,5377
726,2014-02-26,3,7153.0,769,0,0.0,0,509,4581
727,2014-02-26,3,3826.0,427,0,0.0,0,1127,5378
728,2014-02-26,3,4296.0,416,0,0.0,0,374,3202
729,2014-02-26,3,7686.0,898,0,0.0,0,364,4277
730,2014-02-26,3,5773.0,820,0,0.0,0,308,4406
731,2014-02-26,3,7538.0,955,0,0.0,0,813,6557
732,2014-02-26,3,3615.0,477,0,0.0,0,425,4680
733,2014-02-26,3,15968.0,3690,0,0.0,0,676,8485
734,2014-02-26,3,5116.0,564,0,0.0,0,1135,6866
735,2014-02-26,3,3261.0,388,0,0.0,0,720,4413
736,2014-02-26,3,3665.0,390,0,0.0,0,830,4943
737,2014-02-26,3,4876.0,766,0,0.0,0,344,3931
738,2014-02-26,3,6990.0,632,0,0.0,0,531,5942
739,2014-02-26,3,6070.0,572,0,0.0,0,706,6804
740,2014-02-26,3,5141.0,433,0,0.0,0,667,6422
741,2014-02-26,3,5040.0,726,0,0.0,0,689,6195
742,2014-02-26,3,5443.0,674,0,0.0,0,546,5722
743,2014-02-26,3,2929.0,356,0,0.0,0,696,4434
744,2014-02-26,3,5905.0,712,0,0.0,0,491,5828
745,2014-02-26,3,5908.0,743,0,0.0,0,686,5476
746,2014-02-26,3,4426.0,423,0,0.0,0,793,6021
747,2014-02-26,3,5253.0,490,0,0.0,0,701,6407
748,2014-02-26,3,4991.0,445,0,0.0,0,664,3913
749,2014-02-26,3,4183.0,580,0,0.0,0,402,3254
750,2014-02-26,3,3375.0,324,0,0.0,0,584,3879
751,2014-02-26,3,3530.0,544,0,0.0,0,993,4721
752,2014-02-26,3,4159.0,423,0,0.0,0,412,5555
753,2014-02-26,3,6656.0,662,0,0.0,0,342,4230
754,2014-02-26,3,4534.0,659,0,0.0,0,384,5843
755,2014-02-26,3,7427.0,739,0,0.0,0,489,3901
756,2014-02-26,3,11583.0,1829,0,0.0,0,400,4931
757,2014-02-26,3,5077.0,493,0,0.0,0,487,4017
758,2014-02-26,3,4394.0,663,0,0.0,0,442,3405
759,2014-02-26,3,6099.0,772,0,0.0,0,540,5521
760,2014-02-26,3,6295.0,1075,0,0.0,0,511,5580
761,2014-02-26,3,7075.0,853,0,0.0,0,444,4322
762,2014-02-26,3,2950.0,305,0,0.0,0,342,3371
763,2014-02-26,3,4776.0,481,0,0.0,0,453,3916
764,2014-02-26,3,3786.0,489,0,0.0,0,432,2753
765,2014-02-26,3,7999.0,731,0,0.0,0,766,6011
766,2014-02-26,3,4434.0,388,0,0.0,0,336,4442
767,2014-02-26,3,4625.0,524,0,0.0,0,1036,5793
768,2014-02-26,3,9775.0,1137,0,0.0,0,586,7531
769,2014-02-26,3,9127.0,2903,0,0.0,0,579,6033
770,2014-02-26,3,5626.0,732,0,0.0,0,1278,5131
771,2014-02-26,3,5143.0,626,0,0.0,0,395,4397
772,2014-02-26,3,3197.0,465,0,0.0,0,836,2565
773,2014-02-26,3,4542.0,727,0,0.0,0,292,3773
774,2014-02-26,3,4287.0,609,0,0.0,0,685,4739
775,2014-02-26,3,6591.0,549,0,0.0,0,868,6667
776,2014-02-26,3,4439.0,539,0,0.0,0,557,3648
777,2014-02-26,3,3526.0,317,0,0.0,0,414,3603
778,2014-02-26,3,4193.0,670,0,0.0,0,1060,4836
779,2014-02-26,3,4937.0,582,0,0.0,0,677,5371
780,2014-02-26,3,4484.0,599,0,0.0,0,366,3960
781,2014-02-26,3,3903.0,590,0,0.0,0,511,3155
782,2014-02-26,3,4179.0,445,0,0.0,0,671,5101
783,2014-02-26,3,4633.0,530,0,0.0,0,564,4633
784,2014-02-26,3,7396.0,908,0,0.0,0,455,5143
785,2014-02-26,3,4752.0,453,0,0.0,0,444,4660
786,2014-02-26,3,2465.0,457,0,0.0,0,487,3396
787,2014-02-26,3,7340.0,930,0,0.0,0,275,2828
788,2014-02-26,3,14740.0,1604,0,0.0,0,468,7012
789,2014-02-26,3,3081.0,466,0,0.0,0,552,2926
790,2014-02-26,3,5511.0,554,0,0.0,0,404,5021
791,2014-02-26,3,5826.0,702,0,0.0,0,776,5958
792,2014-02-26,3,6022.0,692,0,0.0,0,709,5262
793,2014-02-26,3,3049.0,330,0,0.0,0,554,4145
794,2014-02-26,3,2724.0,506,0,0.0,0,632,2474
795,2014-02-26,3,4268.0,485,0,0.0,0,1278,5733
796,2014-02-26,3,5262.0,587,0,0.0,0,513,5789
797,2014-02-26,3,3078.0,330,0,0.0,0,238,2115
798,2014-02-26,3,5056.0,790,0,0.0,0,346,4926
799,2014-02-26,3,8544.0,807,0,0.0,0,548,5016
800,2014-02-26,3,5309.0,539,0,0.0,0,639,5008
801,2014-02-26,3,3110.0,316,0,0.0,0,401,3083
802,2014-02-26,3,4438.0,368,0,0.0,0,517,4565
803,2014-02-26,3,3401.0,340,0,0.0,0,499,4578
804,2014-02-26,3,4324.0,383,0,0.0,0,396,3691
805,2014-02-26,3,3806.0,409,0,0.0,0,663,5260
806,2014-02-26,3,5313.0,455,0,0.0,0,546,5007
807,2014-02-26,3,7233.0,826,0,0.0,0,595,7769
808,2014-02-26,3,5483.0,480,0,0.0,0,716,5653
809,2014-02-26,3,7491.0,783,0,0.0,0,1513,9218
810,2014-02-26,3,4874.0,457,0,0.0,0,527,4599
811,2014-02-26,3,3151.0,600,0,0.0,0,630,3757
812,2014-02-26,3,4916.0,699,0,0.0,0,744,5942
813,2014-02-26,3,5365.0,624,0,0.0,0,395,3032
814,2014-02-26,3,6048.0,539,0,0.0,0,614,6273
815,2014-02-26,3,7456.0,829,0,0.0,0,318,3781
816,2014-02-26,3,4181.0,646,0,0.0,0,939,4858
817,2014-02-26,3,18600.0,2841,0,0.0,0,1040,16130
818,2014-02-26,3,4339.0,504,0,0.0,0,820,4980
819,2014-02-26,3,4805.0,459,0,0.0,0,320,3697
820,2014-02-26,3,10390.0,1035,0,0.0,0,600,8484
821,2014-02-26,3,5937.0,802,0,0.0,0,627,6141
822,2014-02-26,3,5285.0,480,0,0.0,0,950,5704
823,2014-02-26,3,4371.0,487,0,0.0,0,593,4424
824,2014-02-26,3,5919.0,847,0,0.0,0,516,4642
825,2014-02-26,3,3393.0,445,0,0.0,0,310,3773
826,2014-02-26,3,8801.0,880,0,0.0,0,707,7553
827,2014-02-26,3,8779.0,1258,0,0.0,0,481,5001
828,2014-02-26,3,4392.0,578,0,0.0,0,570,4748
829,2014-02-26,3,4482.0,681,0,0.0,0,539,4239
830,2014-02-26,3,5431.0,541,0,0.0,0,584,3540
831,2014-02-26,3,11961.0,1687,0,0.0,0,355,3873
832,2014-02-26,3,4408.0,430,0,0.0,0,619,5939
833,2014-02-26,3,4306.0,495,0,0.0,0,492,4542
834,2014-02-26,3,4744.0,575,0,0.0,0,1046,6078
835,2014-02-26,3,3776.0,543,0,0.0,0,1210,6304
836,2014-02-26,3,4617.0,619,0,0.0,0,482,4261
837,2014-02-26,3,5244.0,658,0,0.0,0,443,4881
838,2014-02-26,3,6243.0,716,0,0.0,0,362,3901
839,2014-02-26,3,4568.0,652,0,0.0,0,550,5557
840,2014-02-26,3,6531.0,1047,0,0.0,0,333,3600
841,2014-02-26,3,2028.0,351,0,0.0,0,306,2138
842,2014-02-26,3,13658.0,930,0,0.0,0,705,9387
843,2014-02-26,3,6763.0,861,0,0.0,0,487,4305
844,2014-02-26,3,3069.0,418,0,0.0,0,442,2782
845,2014-02-26,3,4281.0,330,0,0.0,0,450,3559
846,2014-02-26,3,6360.0,701,0,0.0,0,1376,8186
847,2014-02-26,3,6109.0,932,0,0.0,0,414,6065
848,2014-02-26,3,4789.0,640,0,0.0,0,862,4311
849,2014-02-26,3,6060.0,760,0,0.0,0,965,6318
850,2014-02-26,3,4269.0,517,0,0.0,0,711,5893
851,2014-02-26,3,4459.0,452,0,0.0,0,1155,6214
852,2014-02-26,3,3839.0,550,0,0.0,0,316,3896
853,2014-02-26,3,7189.0,888,0,0.0,0,526,6492
854,2014-02-26,3,4376.0,541,0,0.0,0,700,4817
855,2014-02-26,3,4186.0,490,0,0.0,0,1015,5782
856,2014-02-26,3,5065.0,812,0,0.0,0,646,4979
857,2014-02-26,3,5182.0,759,0,0.0,0,776,6412
858,2014-02-26,3,3996.0,407,0,0.0,0,621,3964
859,2014-02-26,3,5898.0,616,0,0.0,0,1044,6079
860,2014-02-26,3,3966.0,575,0,0.0,0,1085,4899
861,2014-02-26,3,3113.0,520,0,0.0,0,415,2956
862,2014-02-26,3,6912.0,996,0,0.0,0,581,6651
863,2014-02-26,3,6072.0,806,0,0.0,0,266,4297
864,2014-02-26,3,3446.0,536,0,0.0,0,664,4547
865,2014-02-26,3,8163.0,678,0,0.0,0,466,4721
866,2014-02-26,3,4713.0,336,0,0.0,0,505,5916
867,2014-02-26,3,3453.0,334,0,0.0,0,797,3317
868,2014-02-26,3,6445.0,523,0,0.0,0,828,6991
869,2014-02-26,3,4067.0,732,0,0.0,0,737,4145
870,2014-02-26,3,5925.0,811,0,0.0,0,255,3439
871,2014-02-26,3,4915.0,410,0,0.0,0,421,4163
872,2014-02-26,3,8821.0,978,0,0.0,0,626,7048
873,2014-02-26,3,3339.0,422,0,0.0,0,690,4275
874,2014-02-26,3,3332.0,416,0,0.0,0,593,3970
875,2014-02-26,3,4137.0,458,0,0.0,0,989,5739
876,2014-02-26,3,6593.0,834,0,0.0,0,306,3047
877,2014-02-26,3,5464.0,856,0,0.0,0,1021,6430
878,2014-02-26,3,7239.0,753,0,0.0,0,375,5263
879,2014-02-26,3,2484.0,260,0,0.0,0,356,3907
880,2014-02-26,3,6224.0,756,0,0.0,0,302,3199
881,2014-02-26,3,3439.0,589,0,0.0,0,567,2998
882,2014-02-26,3,5705.0,815,0,0.0,0,414,4677
883,2014-02-26,3,4813.0,581,0,0.0,0,1011,5757
884,2014-02-26,3,3938.0,417,0,0.0,0,663,3052
885,2014-02-26,3,4832.0,725,0,0.0,0,301,2699
886,2014-02-26,3,5648.0,705,0,0.0,0,460,5162
887,2014-02-26,3,4753.0,416,0,0.0,0,1090,6264
888,2014-02-26,3,5338.0,570,0,0.0,0,274,3518
889,2014-02-26,3,2990.0,383,0,0.0,0,910,4457
890,2014-02-26,3,3686.0,337,0,0.0,0,445,4237
891,2014-02-26,3,6628.0,1011,0,0.0,0,492,5798
892,2014-02-26,3,4992.0,619,0,0.0,0,807,5898
893,2014-02-26,3,5790.0,844,0,0.0,0,1316,6285
894,2014-02-26,3,6268.0,941,0,0.0,0,348,4643
895,2014-02-26,3,7765.0,779,0,0.0,0,1561,9599
896,2014-02-26,3,5636.0,936,0,0.0,0,311,4036
897,2014-02-26,3,1933.0,247,0,0.0,0,504,3344
898,2014-02-26,3,4845.0,617,0,0.0,0,479,4710
899,2014-02-26,3,4029.0,485,0,0.0,0,588,3311
900,2014-02-26,3,4282.0,491,0,0.0,0,529,5040
901,2014-02-26,3,5596.0,545,0,0.0,0,812,5682
902,2014-02-26,3,4108.0,614,0,0.0,0,1059,6880
903,2014-02-26,3,9132.0,716,0,0.0,0,499,5924
904,2014-02-26,3,3979.0,403,0,0.0,0,907,5918
905,2014-02-26,3,5831.0,950,0,0.0,0,711,7286
906,2014-02-26,3,7403.0,1045,0,0.0,0,300,2969
907,2014-02-26,3,5177.0,753,0,0.0,0,524,4679
908,2014-02-26,3,2632.0,290,0,0.0,0,401,3371
909,2014-02-26,3,7078.0,811,0,0.0,0,386,3647
910,2014-02-26,3,3646.0,432,0,0.0,0,746,5470
911,2014-02-26,3,7863.0,794,0,0.0,0,1385,8321
912,2014-02-26,3,4447.0,645,0,0.0,0,636,2750
913,2014-02-26,3,6984.0,992,0,0.0,0,799,6261
914,2014-02-26,3,8070.0,1070,0,0.0,0,641,6268
915,2014-02-26,3,4259.0,375,0,0.0,0,295,2461
916,2014-02-26,3,4222.0,621,0,0.0,0,897,5418
917,2014-02-26,3,5864.0,760,0,0.0,0,562,5721
918,2014-02-26,3,3909.0,497,0,0.0,0,414,3263
919,2014-02-26,3,4297.0,633,0,0.0,0,792,5264
920,2014-02-26,3,4579.0,532,0,0.0,0,423,2801
921,2014-02-26,3,7285.0,962,0,0.0,0,761,6094
922,2014-02-26,3,6111.0,656,0,0.0,0,418,4645
923,2014-02-26,3,4399.0,571,0,0.0,0,373,3845
924,2014-02-26,3,3609.0,416,0,0.0,0,505,3196
925,2014-02-26,3,4781.0,1050,0,0.0,0,581,5556
926,2014-02-26,3,6397.0,548,0,0.0,0,511,4851
927,2014-02-26,3,4734.0,737,0,0.0,0,861,5241
928,2014-02-26,3,6360.0,581,0,0.0,0,716,6075
929,2014-02-26,3,4858.0,661,0,0.0,0,578,4799
930,2014-02-26,3,4503.0,861,0,0.0,0,697,3970
931,2014-02-26,3,2077.0,307,0,0.0,0,468,2704
932,2014-02-26,3,6669.0,725,0,0.0,0,842,6053
933,2014-02-26,3,5896.0,856,0,0.0,0,457,5596
934,2014-02-26,3,5062.0,599,0,0.0,0,981,6475
935,2014-02-26,3,4755.0,555,0,0.0,0,512,3784
936,2014-02-26,3,6180.0,866,0,0.0,0,338,4071
937,2014-02-26,3,4723.0,419,0,0.0,0,587,5665
938,2014-02-26,3,7021.0,796,0,0.0,0,381,4003
939,2014-02-26,3,5275.0,544,0,0.0,0,511,4521
940,2014-02-26,3,5148.0,622,0,0.0,0,505,4789
941,2014-02-26,3,3933.0,480,0,0.0,0,438,3179
942,2014-02-26,3,4297.0,350,0,0.0,0,604,4807
943,2014-02-26,3,5553.0,486,0,0.0,0,604,4135
944,2014-02-26,3,5552.0,992,0,0.0,0,233,4320
945,2014-02-26,3,3726.0,512,0,0.0,0,518,2319
946,2014-02-26,3,2812.0,422,0,0.0,0,1119,4251
948,2014-02-26,3,6313.0,1670,0,0.0,0,2358,5896
949,2014-02-26,3,3945.0,448,0,0.0,0,263,6098
950,2014-02-26,3,4189.0,523,0,0.0,0,418,4185
951,2014-02-26,3,5273.0,587,0,0.0,0,730,5333
952,2014-02-26,3,5146.0,464,0,0.0,0,812,5336
953,2014-02-26,3,3797.0,466,0,0.0,0,355,4120
954,2014-02-26,3,5564.0,878,0,0.0,0,346,3763
955,2014-02-26,3,5235.0,526,0,0.0,0,988,6304
956,2014-02-26,3,3426.0,551,0,0.0,0,3332,3669
957,2014-02-26,3,6621.0,827,0,0.0,0,363,4563
958,2014-02-26,3,3275.0,507,0,0.0,0,673,3950
959,2014-02-26,3,5539.0,670,0,0.0,0,578,5193
960,2014-02-26,3,4456.0,419,0,0.0,0,524,4184
961,2014-02-26,3,5206.0,609,0,0.0,0,998,7894
962,2014-02-26,3,5033.0,757,0,0.0,0,376,4954
963,2014-02-26,3,7782.0,832,0,0.0,0,397,3541
964,2014-02-26,3,6595.0,1096,0,0.0,0,677,6818
965,2014-02-26,3,6513.0,809,0,0.0,0,623,6997
966,2014-02-26,3,4833.0,635,0,0.0,0,776,4230
967,2014-02-26,3,6588.0,802,0,0.0,0,756,7150
968,2014-02-26,3,5666.0,741,0,0.0,0,726,5808
969,2014-02-26,3,2971.0,593,0,0.0,0,749,3053
970,2014-02-26,3,3124.0,427,0,0.0,0,771,2934
971,2014-02-26,3,5948.0,752,0,0.0,0,498,7138
972,2014-02-26,3,2404.0,335,0,0.0,0,605,3279
973,2014-02-26,3,4775.0,677,0,0.0,0,1978,6171
974,2014-02-26,3,10287.0,1499,0,0.0,0,1054,7896
975,2014-02-26,3,5733.0,690,0,0.0,0,441,5071
976,2014-02-26,3,5345.0,653,0,0.0,0,794,6486
977,2014-02-26,3,3382.0,399,0,0.0,0,515,4439
978,2014-02-26,3,5449.0,862,0,0.0,0,643,5984
979,2014-02-26,3,3827.0,497,0,0.0,0,710,4946
980,2014-02-26,3,6729.0,603,0,0.0,0,559,5671
981,2014-02-26,3,5509.0,583,0,0.0,0,2358,5793
982,2014-02-26,3,5157.0,496,0,0.0,0,619,5920
983,2014-02-26,3,9389.0,1369,0,0.0,0,1033,9715
984,2014-02-26,3,4362.0,644,0,0.0,0,589,3599
985,2014-02-26,3,4947.0,581,0,0.0,0,674,5759
986,2014-02-26,3,4481.0,699,0,0.0,0,508,5058
987,2014-02-26,3,5030.0,773,0,0.0,0,438,4497
988,2014-02-26,3,3850.0,663,0,0.0,0,677,4225
989,2014-02-26,3,4622.0,566,0,0.0,0,231,2887
990,2014-02-26,3,3887.0,393,0,0.0,0,485,4334
991,2014-02-26,3,5023.0,506,0,0.0,0,578,4261
992,2014-02-26,3,5699.0,764,0,0.0,0,315,3266
993,2014-02-26,3,4502.0,530,0,0.0,0,909,5314
994,2014-02-26,3,3344.0,381,0,0.0,0,1065,4150
995,2014-02-26,3,7144.0,653,0,0.0,0,1214,7383
996,2014-02-26,3,4398.0,532,0,0.0,0,587,5111
997,2014-02-26,3,3504.0,332,0,0.0,0,617,4909
998,2014-02-26,3,2846.0,419,0,0.0,0,2111,5357
999,2014-02-26,3,6017.0,476,0,0.0,0,592,7351
1000,2014-02-26,3,6054.0,624,0,0.0,0,804,5508
1001,2014-02-26,3,3333.0,448,0,0.0,0,912,5839
1002,2014-02-26,3,4555.0,561,0,0.0,0,580,5098
1003,2014-02-26,3,6019.0,732,0,0.0,0,566,5449
1004,2014-02-26,3,3596.0,344,0,0.0,0,871,5175
1005,2014-02-26,3,4666.0,729,0,0.0,0,698,5073
1006,2014-02-26,3,4400.0,677,0,0.0,0,784,4313
1007,2014-02-26,3,4302.0,632,0,0.0,0,449,4773
1008,2014-02-26,3,3775.0,568,0,0.0,0,469,4511
1009,2014-02-26,3,3877.0,433,0,0.0,0,565,4685
1010,2014-02-26,3,5917.0,619,0,0.0,0,728,7758
1011,2014-02-26,3,5564.0,791,0,0.0,0,1187,7082
1012,2014-02-26,3,4652.0,449,0,0.0,0,761,5201
1013,2014-02-26,3,3501.0,445,0,0.0,0,905,4498
1014,2014-02-26,3,9504.0,1141,0,0.0,0,540,7578
1015,2014-02-26,3,5106.0,475,0,0.0,0,545,4843
1016,2014-02-26,3,3897.0,459,0,0.0,0,584,4844
1017,2014-02-26,3,5740.0,908,0,0.0,0,186,2437
1018,2014-02-26,3,8475.0,1136,0,0.0,0,467,4959
1019,2014-02-26,3,5884.0,600,0,0.0,0,713,6857
1020,2014-02-26,3,6669.0,910,0,0.0,0,578,5854
1021,2014-02-26,3,6516.0,885,0,0.0,0,421,4484
1022,2014-02-26,3,5002.0,699,0,0.0,0,452,4260
1023,2014-02-26,3,4560.0,521,0,0.0,0,482,5153
1024,2014-02-26,3,4654.0,646,0,0.0,0,438,5419
1025,2014-02-26,3,6345.0,774,0,0.0,0,1506,7949
1026,2014-02-26,3,8458.0,1125,0,0.0,0,552,5241
1027,2014-02-26,3,8548.0,1336,0,0.0,0,500,5489
1028,2014-02-26,3,3318.0,448,0,0.0,0,466,3905
1029,2014-02-26,3,4233.0,739,0,0.0,0,706,4554
1030,2014-02-26,3,2107.0,228,0,0.0,0,330,2454
1031,2014-02-26,3,3617.0,362,0,0.0,0,471,4113
1032,2014-02-26,3,6272.0,734,0,0.0,0,477,5389
1033,2014-02-26,3,11025.0,1145,0,0.0,0,1290,11478
1034,2014-02-26,3,4585.0,593,0,0.0,0,1058,6350
1035,2014-02-26,3,3350.0,437,0,0.0,0,608,3408
1036,2014-02-26,3,4621.0,455,0,0.0,0,853,5442
1037,2014-02-26,3,5328.0,780,0,0.0,0,506,5216
1038,2014-02-26,3,3858.0,383,0,0.0,0,807,5405
1039,2014-02-26,3,7546.0,1034,0,0.0,0,936,6580
1040,2014-02-26,3,7335.0,893,0,0.0,0,819,7430
1041,2014-02-26,3,4535.0,586,0,0.0,0,599,4041
1042,2014-02-26,3,3670.0,486,0,0.0,0,292,3004
1043,2014-02-26,3,5535.0,861,0,0.0,0,552,5885
1044,2014-02-26,3,4856.0,714,0,0.0,0,708,4432
1045,2014-02-26,3,5580.0,724,0,0.0,0,326,3596
1046,2014-02-26,3,5586.0,492,0,0.0,0,883,6985
1047,2014-02-26,3,4447.0,539,0,0.0,0,744,5070
1048,2014-02-26,3,5042.0,421,0,0.0,0,267,3514
1049,2014-02-26,3,3234.0,608,0,0.0,0,523,4130
1050,2014-02-26,3,6491.0,503,0,0.0,0,763,5029
1051,2014-02-26,3,5422.0,920,0,0.0,0,1231,6666
1052,2014-02-26,3,6271.0,756,0,0.0,0,664,5935
1053,2014-02-26,3,7309.0,894,0,0.0,0,457,6422
1054,2014-02-26,3,4900.0,555,0,0.0,0,1189,5468
1055,2014-02-26,3,5273.0,804,0,0.0,0,648,8048
1056,2014-02-26,3,2739.0,303,0,0.0,0,284,2173
1057,2014-02-26,3,4067.0,490,0,0.0,0,306,4984
1058,2014-02-26,3,7272.0,804,0,0.0,0,389,4499
1059,2014-02-26,3,6322.0,973,0,0.0,0,412,5149
1060,2014-02-26,3,6317.0,831,0,0.0,0,647,6205
1061,2014-02-26,3,5995.0,517,0,0.0,0,1270,7770
1062,2014-02-26,3,4634.0,484,0,0.0,0,742,5168
1063,2014-02-26,3,3056.0,448,0,0.0,0,379,3174
1064,2014-02-26,3,8563.0,1090,0,0.0,0,368,4899
1065,2014-02-26,3,3730.0,507,0,0.0,0,1141,4391
1066,2014-02-26,3,11315.0,1197,0,0.0,0,621,7260
1067,2014-02-26,3,4498.0,411,0,0.0,0,283,2949
1068,2014-02-26,3,3326.0,239,0,0.0,0,1063,5225
1069,2014-02-26,3,5665.0,922,0,0.0,0,376,3228
1070,2014-02-26,3,5093.0,675,0,0.0,0,446,3634
1071,2014-02-26,3,5011.0,634,0,0.0,0,743,5486
1072,2014-02-26,3,6641.0,711,0,0.0,0,702,4430
1073,2014-02-26,3,5867.0,870,0,0.0,0,535,6506
1074,2014-02-26,3,3496.0,430,0,0.0,0,807,5155
1075,2014-02-26,3,9627.0,1030,0,0.0,0,639,7715
1076,2014-02-26,3,2698.0,482,0,0.0,0,315,4211
1077,2014-02-26,3,3580.0,450,0,0.0,0,1007,5181
1078,2014-02-26,3,4556.0,415,0,0.0,0,413,3499
1079,2014-02-26,3,5918.0,560,0,0.0,0,745,6660
1080,2014-02-26,3,8319.0,733,0,0.0,0,553,5599
1081,2014-02-26,3,6109.0,1031,0,0.0,0,552,4646
1082,2014-02-26,3,5412.0,885,0,0.0,0,906,5846
1083,2014-02-26,3,3821.0,306,0,0.0,0,327,3456
1084,2014-02-26,3,4218.0,646,0,0.0,0,336,3461
1085,2014-02-26,3,5459.0,661,0,0.0,0,426,5233
1086,2014-02-26,3,4711.0,635,0,0.0,0,555,5000
1087,2014-02-26,3,4542.0,487,0,0.0,0,1110,6382
1088,2014-02-26,3,5789.0,611,0,0.0,0,318,3366
1089,2014-02-26,3,9350.0,1025,0,0.0,0,947,7853
1090,2014-02-26,3,5400.0,811,0,0.0,0,2253,5497
1091,2014-02-26,3,5960.0,559,0,0.0,0,312,3885
1092,2014-02-26,3,10603.0,1102,0,0.0,0,291,1952
1093,2014-02-26,3,6333.0,710,0,0.0,0,340,3818
1094,2014-02-26,3,3448.0,330,0,0.0,0,519,3612
1095,2014-02-26,3,4034.0,609,0,0.0,0,478,4127
1096,2014-02-26,3,3631.0,535,0,0.0,0,649,4455
1097,2014-02-26,3,8833.0,2348,0,0.0,0,1341,8576
1098,2014-02-26,3,4062.0,646,0,0.0,0,536,5447
1099,2014-02-26,3,5460.0,718,0,0.0,0,721,6205
1100,2014-02-26,3,3637.0,534,0,0.0,0,1017,5944
1101,2014-02-26,3,6639.0,812,0,0.0,0,494,4778
1102,2014-02-26,3,6643.0,727,0,0.0,0,571,4797
1103,2014-02-26,3,3582.0,314,0,0.0,0,440,4465
1104,2014-02-26,3,3787.0,336,0,0.0,0,454,3900
1105,2014-02-26,3,3142.0,405,0,0.0,0,640,4414
1106,2014-02-26,3,3976.0,510,0,0.0,0,739,3479
1107,2014-02-26,3,3860.0,504,0,0.0,0,613,4826
1108,2014-02-26,3,3836.0,501,0,0.0,0,829,5909
1109,2014-02-26,3,4372.0,438,0,0.0,0,862,5794
1110,2014-02-26,3,2505.0,401,0,0.0,0,336,4084
1111,2014-02-26,3,4516.0,446,0,0.0,0,2172,4006
1112,2014-02-26,3,6613.0,654,0,0.0,0,381,2953
1113,2014-02-26,3,5022.0,630,0,0.0,0,848,6379
1114,2014-02-26,3,17170.0,2807,0,0.0,0,503,7848
1115,2014-02-26,3,4259.0,342,0,0.0,0,289,3887
1,2014-02-19,3,4935.0,547,1,1.0,1,488,4700
2,2014-02-19,3,6419.0,774,1,1.0,1,732,6495
3,2014-02-19,3,8156.0,812,1,1.0,1,665,7504
4,2014-02-19,3,9010.0,1278,1,1.0,1,1157,10094
5,2014-02-19,3,5307.0,603,1,1.0,1,1360,6364
6,2014-02-19,3,5552.0,646,1,1.0,1,920,6252
7,2014-02-19,3,7834.0,855,1,1.0,1,624,8505
8,2014-02-19,3,5299.0,631,1,1.0,1,469,5091
9,2014-02-19,3,6526.0,560,1,1.0,1,514,7019
10,2014-02-19,3,5561.0,600,1,1.0,1,3202,6818
11,2014-02-19,3,7587.0,1106,1,1.0,1,925,8214
12,2014-02-19,3,7975.0,911,1,1.0,1,853,8615
13,2014-02-19,3,5254.0,377,1,1.0,1,421,4122
14,2014-02-19,3,6511.0,695,1,1.0,1,405,6860
15,2014-02-19,3,6976.0,611,1,1.0,1,608,7496
16,2014-02-19,3,8806.0,982,1,1.0,1,651,7744
17,2014-02-19,3,6823.0,833,1,1.0,1,669,7396
18,2014-02-19,3,6948.0,756,1,1.0,1,1038,7821
19,2014-02-19,3,6412.0,652,1,1.0,1,748,4533
20,2014-02-19,3,8108.0,899,1,1.0,1,757,8842
21,2014-02-19,3,5669.0,522,1,1.0,1,845,7224
22,2014-02-19,3,4140.0,446,1,1.0,1,610,5787
23,2014-02-19,3,5731.0,452,1,1.0,1,415,4797
24,2014-02-19,3,9249.0,858,1,1.0,1,524,8469
25,2014-02-19,3,16406.0,2105,1,1.0,1,690,10132
26,2014-02-19,3,6175.0,494,1,1.0,1,1161,8803
27,2014-02-19,3,9354.0,997,1,1.0,1,517,7914
28,2014-02-19,3,6141.0,668,1,1.0,1,708,5778
29,2014-02-19,3,6712.0,604,1,1.0,1,683,7792
30,2014-02-19,3,5192.0,825,1,1.0,1,980,6753
31,2014-02-19,3,5859.0,576,1,1.0,1,498,5234
32,2014-02-19,3,4697.0,526,1,1.0,1,666,4345
33,2014-02-19,3,8511.0,809,1,1.0,1,464,7557
34,2014-02-19,3,8188.0,986,1,1.0,1,537,7449
35,2014-02-19,3,9519.0,722,1,1.0,1,770,8738
36,2014-02-19,3,9112.0,1095,1,1.0,1,774,9722
37,2014-02-19,3,5717.0,595,1,1.0,1,813,7447
38,2014-02-19,3,6061.0,566,1,1.0,1,1026,7268
39,2014-02-19,3,5653.0,721,1,1.0,1,756,5544
40,2014-02-19,3,4395.0,592,1,1.0,1,857,5733
41,2014-02-19,3,5296.0,383,1,1.0,1,575,6440
42,2014-02-19,3,11478.0,1247,1,1.0,1,602,9105
43,2014-02-19,3,7345.0,627,1,1.0,1,861,8161
44,2014-02-19,3,5921.0,700,1,1.0,1,346,4514
45,2014-02-19,3,5303.0,374,1,1.0,1,598,6815
46,2014-02-19,3,5448.0,651,1,1.0,1,688,5445
47,2014-02-19,3,7603.0,962,1,1.0,1,1059,7435
48,2014-02-19,3,3826.0,440,1,1.0,1,925,5252
49,2014-02-19,3,7135.0,474,1,1.0,1,662,6850
50,2014-02-19,3,4282.0,341,1,1.0,1,791,4807
51,2014-02-19,3,5851.0,416,1,1.0,1,495,6639
52,2014-02-19,3,8165.0,539,1,1.0,1,556,8054
53,2014-02-19,3,5281.0,549,1,1.0,1,678,5255
54,2014-02-19,3,8101.0,741,1,1.0,1,1298,9652
55,2014-02-19,3,5097.0,595,1,1.0,1,681,4354
56,2014-02-19,3,5332.0,393,1,1.0,1,1010,6353
57,2014-02-19,3,10951.0,1046,1,1.0,1,1022,11027
58,2014-02-19,3,6073.0,485,1,1.0,1,737,6270
59,2014-02-19,3,5801.0,610,1,1.0,1,704,6095
60,2014-02-19,3,8932.0,811,1,1.0,1,796,9527
61,2014-02-19,3,4944.0,592,1,1.0,1,870,6560
62,2014-02-19,3,7161.0,791,1,1.0,1,1067,7931
63,2014-02-19,3,6829.0,609,1,1.0,1,668,7665
64,2014-02-19,3,10463.0,743,1,1.0,1,680,10496
65,2014-02-19,3,5102.0,435,1,1.0,1,593,5877
66,2014-02-19,3,5930.0,477,1,1.0,1,-405,3833
67,2014-02-19,3,8936.0,902,1,1.0,1,569,7303
68,2014-02-19,3,6679.0,1048,1,1.0,1,1180,8403
69,2014-02-19,3,8926.0,1150,1,1.0,1,853,10899
70,2014-02-19,3,7151.0,683,1,1.0,1,843,7901
71,2014-02-19,3,8585.0,684,1,1.0,1,612,8906
72,2014-02-19,3,4870.0,513,1,1.0,1,572,4787
73,2014-02-19,3,4827.0,527,1,1.0,1,1266,7500
74,2014-02-19,3,6664.0,893,1,1.0,1,572,6135
75,2014-02-19,3,5059.0,535,1,1.0,1,569,5177
76,2014-02-19,3,7774.0,834,1,1.0,1,406,6476
77,2014-02-19,3,6527.0,599,1,1.0,1,523,5754
78,2014-02-19,3,3716.0,488,1,1.0,1,732,4664
79,2014-02-19,3,5932.0,617,1,1.0,1,350,6087
80,2014-02-19,3,7006.0,525,1,1.0,1,551,7528
81,2014-02-19,3,5998.0,496,1,1.0,1,1106,7657
82,2014-02-19,3,9366.0,865,1,1.0,1,763,9729
83,2014-02-19,3,3836.0,335,1,1.0,1,658,4991
84,2014-02-19,3,13803.0,1479,1,1.0,1,760,11341
85,2014-02-19,3,6238.0,866,1,1.0,1,1128,8253
86,2014-02-19,3,5392.0,630,1,1.0,1,410,4073
87,2014-02-19,3,6488.0,817,1,1.0,1,1014,7234
88,2014-02-19,3,7034.0,737,1,1.0,1,811,7096
89,2014-02-19,3,6361.0,634,1,1.0,1,1049,7633
90,2014-02-19,3,8795.0,1051,1,1.0,1,1038,8347
91,2014-02-19,3,6685.0,759,1,1.0,1,867,9633
92,2014-02-19,3,6103.0,537,1,1.0,1,666,8635
93,2014-02-19,3,5946.0,588,1,1.0,1,477,6548
94,2014-02-19,3,7119.0,614,1,1.0,1,664,7434
95,2014-02-19,3,7558.0,801,1,1.0,1,633,8941
96,2014-02-19,3,5887.0,617,1,1.0,1,502,4101
97,2014-02-19,3,6710.0,665,1,1.0,1,807,6736
98,2014-02-19,3,4868.0,416,1,1.0,1,770,5111
99,2014-02-19,3,5707.0,482,1,1.0,1,548,5928
100,2014-02-19,3,6646.0,582,1,1.0,1,568,7640
101,2014-02-19,3,8045.0,767,1,1.0,1,816,8651
102,2014-02-19,3,7764.0,1089,1,1.0,1,764,6899
103,2014-02-19,3,4449.0,424,1,1.0,1,1456,5543
104,2014-02-19,3,9662.0,1248,1,1.0,1,858,10793
105,2014-02-19,3,4347.0,544,1,1.0,1,477,5384
106,2014-02-19,3,8946.0,876,1,1.0,1,528,7862
107,2014-02-19,3,7239.0,900,1,1.0,1,479,6620
108,2014-02-19,3,9766.0,757,1,1.0,1,968,11190
109,2014-02-19,3,6369.0,713,1,1.0,1,440,5875
110,2014-02-19,3,4215.0,562,1,1.0,1,691,6157
111,2014-02-19,3,7309.0,589,1,1.0,1,790,6973
112,2014-02-19,3,6362.0,737,1,1.0,1,743,6893
113,2014-02-19,3,8657.0,791,1,1.0,1,545,7931
114,2014-02-19,3,5946.0,621,1,1.0,1,566,6112
115,2014-02-19,3,6342.0,495,1,1.0,1,370,6223
116,2014-02-19,3,7236.0,752,1,1.0,1,944,7527
117,2014-02-19,3,4022.0,506,1,1.0,1,752,4143
118,2014-02-19,3,7812.0,644,1,1.0,1,961,9100
119,2014-02-19,3,6177.0,673,1,1.0,1,873,7293
120,2014-02-19,3,7709.0,655,1,1.0,1,781,8451
121,2014-02-19,3,4146.0,468,1,1.0,1,1635,5450
122,2014-02-19,3,5210.0,648,1,1.0,1,641,5673
123,2014-02-19,3,10229.0,1147,1,1.0,1,591,8872
124,2014-02-19,3,3960.0,492,1,1.0,1,1070,6507
125,2014-02-19,3,10755.0,1482,1,1.0,1,863,11820
126,2014-02-19,3,6218.0,551,1,1.0,1,464,6765
127,2014-02-19,3,5711.0,674,1,1.0,1,860,6583
128,2014-02-19,3,7874.0,631,1,1.0,1,692,8178
129,2014-02-19,3,8951.0,1059,1,1.0,1,795,10941
130,2014-02-19,3,5638.0,619,1,1.0,1,588,4301
131,2014-02-19,3,5525.0,580,1,1.0,1,753,5117
132,2014-02-19,3,5638.0,544,1,1.0,1,417,6157
133,2014-02-19,3,5853.0,717,1,1.0,1,972,6905
134,2014-02-19,3,4949.0,520,1,1.0,1,541,5983
135,2014-02-19,3,5439.0,488,1,1.0,1,261,5072
136,2014-02-19,3,6966.0,498,1,1.0,1,612,6342
137,2014-02-19,3,6767.0,811,1,1.0,1,1053,8372
138,2014-02-19,3,7414.0,710,1,1.0,1,416,6412
139,2014-02-19,3,6681.0,512,1,1.0,1,553,6565
140,2014-02-19,3,7690.0,996,1,1.0,1,1244,9043
141,2014-02-19,3,6202.0,635,1,1.0,1,538,5840
142,2014-02-19,3,4934.0,603,1,1.0,1,840,7909
143,2014-02-19,3,6188.0,550,1,1.0,1,805,7191
144,2014-02-19,3,7505.0,665,1,1.0,1,298,4782
145,2014-02-19,3,9071.0,1220,1,1.0,1,384,6360
146,2014-02-19,3,8185.0,681,1,1.0,1,678,8200
147,2014-02-19,3,8403.0,869,1,1.0,1,345,4772
148,2014-02-19,3,8849.0,817,1,1.0,1,675,8259
149,2014-02-19,3,5940.0,478,1,1.0,1,731,6189
150,2014-02-19,3,8638.0,811,1,1.0,1,804,8495
151,2014-02-19,3,6703.0,647,1,1.0,1,522,7234
152,2014-02-19,3,6857.0,739,1,1.0,1,934,7290
153,2014-02-19,3,9960.0,747,1,1.0,1,720,9262
154,2014-02-19,3,8526.0,706,1,1.0,1,676,8728
155,2014-02-19,3,6849.0,620,1,1.0,1,779,4731
156,2014-02-19,3,7684.0,758,1,1.0,1,320,7770
157,2014-02-19,3,10102.0,989,1,1.0,1,1325,10401
158,2014-02-19,3,8073.0,521,1,1.0,1,758,8179
159,2014-02-19,3,7670.0,684,1,1.0,1,644,8241
160,2014-02-19,3,6130.0,526,1,1.0,1,549,5546
161,2014-02-19,3,6801.0,797,1,1.0,1,690,7707
162,2014-02-19,3,8072.0,551,1,1.0,1,808,7770
163,2014-02-19,3,6907.0,850,1,1.0,1,576,6722
164,2014-02-19,3,6338.0,666,1,1.0,1,726,6031
165,2014-02-19,3,4280.0,410,1,1.0,1,652,4653
166,2014-02-19,3,5676.0,748,1,1.0,1,1056,7734
167,2014-02-19,3,10762.0,1150,1,1.0,1,924,9413
168,2014-02-19,3,8202.0,777,1,1.0,1,607,7945
169,2014-02-19,3,7479.0,694,1,1.0,1,900,8961
170,2014-02-19,3,4921.0,554,1,1.0,1,565,5013
171,2014-02-19,3,8756.0,901,1,1.0,1,858,8627
172,2014-02-19,3,6776.0,817,1,1.0,1,1073,7836
173,2014-02-19,3,8239.0,1044,1,1.0,1,497,7310
174,2014-02-19,3,5579.0,445,1,1.0,1,528,5768
175,2014-02-19,3,5286.0,615,1,1.0,1,1410,6725
176,2014-02-19,3,5239.0,683,1,1.0,1,961,5338
177,2014-02-19,3,4730.0,576,1,1.0,1,1019,5828
178,2014-02-19,3,10101.0,925,1,1.0,1,1227,10136
179,2014-02-19,3,7221.0,942,1,1.0,1,1078,8833
180,2014-02-19,3,7072.0,821,1,1.0,1,627,6375
181,2014-02-19,3,7671.0,748,1,1.0,1,1017,7572
182,2014-02-19,3,5598.0,426,1,1.0,1,485,5583
183,2014-02-19,3,4583.0,548,1,1.0,1,670,4530
184,2014-02-19,3,6905.0,603,1,1.0,1,998,7070
185,2014-02-19,3,7647.0,582,1,1.0,1,1051,7059
186,2014-02-19,3,3880.0,399,1,1.0,1,532,4447
187,2014-02-19,3,6104.0,720,1,1.0,1,894,6976
188,2014-02-19,3,5379.0,452,1,1.0,1,1125,7636
189,2014-02-19,3,9650.0,859,1,1.0,1,893,10563
190,2014-02-19,3,7600.0,655,1,1.0,1,501,6988
191,2014-02-19,3,5626.0,584,1,1.0,1,1068,7744
192,2014-02-19,3,6708.0,488,1,1.0,1,564,6939
193,2014-02-19,3,6985.0,971,1,1.0,1,1288,7172
194,2014-02-19,3,4683.0,408,1,1.0,1,907,6170
195,2014-02-19,3,11511.0,1362,1,1.0,1,462,7993
196,2014-02-19,3,4696.0,646,1,1.0,1,866,5829
197,2014-02-19,3,6848.0,841,1,1.0,1,961,7143
198,2014-02-19,3,3442.0,356,1,1.0,1,878,3561
199,2014-02-19,3,8037.0,638,1,1.0,1,651,7655
200,2014-02-19,3,8065.0,1010,1,1.0,1,464,6808
201,2014-02-19,3,4781.0,403,1,1.0,1,751,6177
202,2014-02-19,3,6298.0,487,1,1.0,1,852,6959
203,2014-02-19,3,7730.0,1004,1,1.0,1,698,6774
204,2014-02-19,3,6078.0,560,1,1.0,1,339,7825
205,2014-02-19,3,7019.0,918,1,1.0,1,507,5873
206,2014-02-19,3,6862.0,779,1,1.0,1,509,7092
207,2014-02-19,3,10637.0,1245,1,1.0,1,378,5201
208,2014-02-19,3,2649.0,376,1,1.0,1,699,4134
209,2014-02-19,3,5684.0,546,1,1.0,1,552,6660
210,2014-02-19,3,3234.0,344,1,1.0,1,1233,5671
211,2014-02-19,3,12886.0,1511,1,1.0,1,671,9351
212,2014-02-19,3,5134.0,491,1,1.0,1,808,5262
213,2014-02-19,3,9342.0,726,1,1.0,1,771,8190
214,2014-02-19,3,9200.0,650,1,1.0,1,1092,9688
215,2014-02-19,3,6679.0,504,1,1.0,1,550,7299
216,2014-02-19,3,7220.0,850,1,1.0,1,671,7581
217,2014-02-19,3,4605.0,641,1,1.0,1,1153,7375
218,2014-02-19,3,5745.0,773,1,1.0,1,1055,7385
219,2014-02-19,3,3237.0,427,1,1.0,1,649,3466
220,2014-02-19,3,5841.0,749,1,1.0,1,1695,6323
221,2014-02-19,3,5311.0,502,1,1.0,1,515,5958
222,2014-02-19,3,5145.0,589,1,1.0,1,1158,7161
223,2014-02-19,3,8160.0,812,1,1.0,1,912,7810
224,2014-02-19,3,7129.0,477,1,1.0,1,867,9269
225,2014-02-19,3,4805.0,510,1,1.0,1,871,5832
226,2014-02-19,3,8225.0,786,1,1.0,1,1135,8967
227,2014-02-19,3,6340.0,603,1,1.0,1,557,6153
228,2014-02-19,3,7871.0,599,1,1.0,1,1100,8475
229,2014-02-19,3,8397.0,705,1,1.0,1,678,8667
230,2014-02-19,3,7097.0,865,1,1.0,1,882,7191
231,2014-02-19,3,4758.0,374,1,1.0,1,1121,7897
232,2014-02-19,3,2809.0,275,1,1.0,1,526,3521
233,2014-02-19,3,9523.0,1066,1,1.0,1,1435,11523
234,2014-02-19,3,11837.0,1095,1,1.0,1,876,11014
235,2014-02-19,3,7538.0,556,1,1.0,1,816,6175
236,2014-02-19,3,7566.0,923,1,1.0,1,728,6447
237,2014-02-19,3,4230.0,560,1,1.0,1,499,5415
238,2014-02-19,3,8040.0,1136,1,1.0,1,902,8397
239,2014-02-19,3,4406.0,441,1,1.0,1,1020,7251
240,2014-02-19,3,5307.0,496,1,1.0,1,719,5371
241,2014-02-19,3,5686.0,671,1,1.0,1,660,6991
242,2014-02-19,3,4261.0,357,1,1.0,1,367,4420
243,2014-02-19,3,7643.0,969,1,1.0,1,774,7567
244,2014-02-19,3,5548.0,512,1,1.0,1,1288,5867
245,2014-02-19,3,9771.0,1160,1,1.0,1,675,9214
246,2014-02-19,3,6662.0,889,1,1.0,1,443,6740
247,2014-02-19,3,8631.0,682,1,1.0,1,831,7910
248,2014-02-19,3,7448.0,981,1,1.0,1,763,7485
249,2014-02-19,3,5255.0,519,1,1.0,1,529,4903
250,2014-02-19,3,8878.0,676,1,1.0,1,573,7732
251,2014-02-19,3,18443.0,2374,1,1.0,1,732,13006
252,2014-02-19,3,11362.0,816,1,1.0,1,636,9600
253,2014-02-19,3,6231.0,721,1,1.0,1,790,6949
254,2014-02-19,3,3281.0,272,1,1.0,1,811,4360
255,2014-02-19,3,6524.0,666,1,1.0,1,989,6094
256,2014-02-19,3,9677.0,1265,1,1.0,1,692,9663
257,2014-02-19,3,5317.0,630,1,1.0,1,856,6354
258,2014-02-19,3,4798.0,403,1,1.0,1,613,5488
259,2014-02-19,3,13307.0,2452,1,1.0,1,403,5941
260,2014-02-19,3,6578.0,921,1,1.0,1,689,6351
261,2014-02-19,3,13524.0,914,1,1.0,1,812,12146
262,2014-02-19,3,18667.0,2957,1,1.0,1,746,13733
263,2014-02-19,3,2809.0,322,1,1.0,1,1336,4236
264,2014-02-19,3,7664.0,1031,1,1.0,1,883,8078
265,2014-02-19,3,4783.0,517,1,1.0,1,337,5648
266,2014-02-19,3,4464.0,559,1,1.0,1,637,3265
267,2014-02-19,3,8400.0,959,1,1.0,1,892,5224
268,2014-02-19,3,5806.0,687,1,1.0,1,492,4295
269,2014-02-19,3,10715.0,1338,1,1.0,1,984,9361
270,2014-02-19,3,9230.0,1188,1,1.0,1,796,9768
271,2014-02-19,3,9712.0,919,1,1.0,1,464,6121
272,2014-02-19,3,7160.0,684,1,1.0,1,1710,6892
273,2014-02-19,3,7237.0,711,1,1.0,1,513,7037
274,2014-02-19,3,3358.0,883,1,1.0,1,559,5585
275,2014-02-19,3,7806.0,789,1,1.0,1,630,7140
276,2014-02-19,3,4460.0,527,1,1.0,1,1644,5844
277,2014-02-19,3,6620.0,500,1,1.0,1,318,4473
278,2014-02-19,3,6755.0,743,1,1.0,1,697,8085
279,2014-02-19,3,9005.0,656,1,1.0,1,1005,9152
280,2014-02-19,3,5818.0,465,1,1.0,1,1058,6383
281,2014-02-19,3,6169.0,530,1,1.0,1,630,6003
282,2014-02-19,3,4901.0,720,1,1.0,1,751,6060
283,2014-02-19,3,6254.0,654,1,1.0,1,1038,7124
284,2014-02-19,3,6202.0,460,1,1.0,1,1089,6913
285,2014-02-19,3,5637.0,496,1,1.0,1,738,6591
286,2014-02-19,3,5460.0,437,1,1.0,1,644,5332
287,2014-02-19,3,7320.0,749,1,1.0,1,838,9677
288,2014-02-19,3,5327.0,381,1,1.0,1,785,4711
289,2014-02-19,3,7062.0,568,1,1.0,1,688,6597
290,2014-02-19,3,6807.0,693,1,1.0,1,1803,6773
291,2014-02-19,3,8403.0,855,1,1.0,1,668,7827
292,2014-02-19,3,6153.0,754,1,1.0,1,994,7613
293,2014-02-19,3,6508.0,837,1,1.0,1,356,5127
294,2014-02-19,3,6879.0,930,1,1.0,1,620,6474
295,2014-02-19,3,5573.0,699,1,1.0,1,1135,6075
296,2014-02-19,3,7871.0,803,1,1.0,1,1066,7313
297,2014-02-19,3,7721.0,773,1,1.0,1,928,7807
298,2014-02-19,3,7750.0,603,1,1.0,1,769,8477
299,2014-02-19,3,4323.0,506,1,1.0,1,430,4598
300,2014-02-19,3,7087.0,871,1,1.0,1,1054,6278
301,2014-02-19,3,5447.0,574,1,1.0,1,597,6059
302,2014-02-19,3,3767.0,316,1,1.0,1,644,4552
303,2014-02-19,3,6039.0,662,1,1.0,1,403,5513
304,2014-02-19,3,7562.0,1083,1,1.0,1,293,4654
305,2014-02-19,3,6209.0,530,1,1.0,1,784,6724
306,2014-02-19,3,3853.0,418,1,1.0,1,923,6249
307,2014-02-19,3,2930.0,294,1,1.0,1,639,2901
308,2014-02-19,3,9654.0,926,1,1.0,1,630,8981
309,2014-02-19,3,7841.0,584,1,1.0,1,845,7615
310,2014-02-19,3,8257.0,693,1,1.0,1,589,5943
311,2014-02-19,3,7162.0,942,1,1.0,1,880,7241
312,2014-02-19,3,6001.0,528,1,1.0,1,727,5861
313,2014-02-19,3,6929.0,642,1,1.0,1,352,5234
314,2014-02-19,3,5772.0,603,1,1.0,1,706,3771
315,2014-02-19,3,4279.0,464,1,1.0,1,826,4572
316,2014-02-19,3,10072.0,834,1,1.0,1,795,11080
317,2014-02-19,3,4934.0,544,1,1.0,1,1671,4103
318,2014-02-19,3,8249.0,659,1,1.0,1,542,8635
319,2014-02-19,3,8112.0,791,1,1.0,1,807,7946
320,2014-02-19,3,13044.0,1889,1,1.0,1,635,10932
321,2014-02-19,3,5413.0,517,1,1.0,1,417,5203
322,2014-02-19,3,5530.0,565,1,1.0,1,512,4864
323,2014-02-19,3,6966.0,591,1,1.0,1,831,6735
324,2014-02-19,3,6204.0,753,1,1.0,1,416,5765
325,2014-02-19,3,7088.0,656,1,1.0,1,688,7564
326,2014-02-19,3,4321.0,373,1,1.0,1,867,6562
327,2014-02-19,3,7424.0,907,1,1.0,1,721,8132
328,2014-02-19,3,4525.0,543,1,1.0,1,733,4821
329,2014-02-19,3,7553.0,645,1,1.0,1,726,8477
330,2014-02-19,3,4234.0,445,1,1.0,1,335,3897
331,2014-02-19,3,7575.0,989,1,1.0,1,640,6636
332,2014-02-19,3,4331.0,577,1,1.0,1,498,5453
333,2014-02-19,3,9363.0,1244,1,1.0,1,575,10098
334,2014-02-19,3,4914.0,523,1,1.0,1,744,6317
335,2014-02-19,3,17227.0,3075,1,1.0,1,1147,13502
336,2014-02-19,3,16116.0,2153,1,1.0,1,541,8704
337,2014-02-19,3,5246.0,365,1,1.0,1,726,6874
338,2014-02-19,3,8164.0,625,1,1.0,1,925,7526
339,2014-02-19,3,5368.0,659,1,1.0,1,1010,7167
340,2014-02-19,3,6537.0,703,1,1.0,1,552,6641
341,2014-02-19,3,5722.0,768,1,1.0,1,562,5762
342,2014-02-19,3,9534.0,734,1,1.0,1,528,8395
343,2014-02-19,3,7047.0,651,1,1.0,1,491,7640
344,2014-02-19,3,8596.0,1170,1,1.0,1,989,8875
345,2014-02-19,3,4693.0,494,1,1.0,1,448,5007
346,2014-02-19,3,7796.0,650,1,1.0,1,749,5948
347,2014-02-19,3,4455.0,372,1,1.0,1,496,5204
348,2014-02-19,3,8936.0,703,1,1.0,1,882,9173
349,2014-02-19,3,7315.0,780,1,1.0,1,513,7378
350,2014-02-19,3,6734.0,481,1,1.0,1,396,6259
351,2014-02-19,3,5747.0,473,1,1.0,1,700,6174
352,2014-02-19,3,6246.0,591,1,1.0,1,508,7553
353,2014-02-19,3,5310.0,1459,1,1.0,1,596,5041
354,2014-02-19,3,7949.0,677,1,1.0,1,569,7750
355,2014-02-19,3,8199.0,979,1,1.0,1,684,8965
356,2014-02-19,3,6098.0,434,1,1.0,1,556,6290
357,2014-02-19,3,7675.0,1017,1,1.0,1,1279,8781
358,2014-02-19,3,10052.0,1117,1,1.0,1,1137,10618
359,2014-02-19,3,6718.0,568,1,1.0,1,1209,7909
360,2014-02-19,3,7169.0,785,1,1.0,1,1083,7860
361,2014-02-19,3,6144.0,618,1,1.0,1,483,6918
362,2014-02-19,3,9335.0,1125,1,1.0,1,416,6542
363,2014-02-19,3,6856.0,887,1,1.0,1,738,6623
364,2014-02-19,3,4178.0,571,1,1.0,1,673,5314
365,2014-02-19,3,6200.0,607,1,1.0,1,919,6474
366,2014-02-19,3,6887.0,633,1,1.0,1,1127,8355
367,2014-02-19,3,5803.0,562,1,1.0,1,738,6335
368,2014-02-19,3,11168.0,794,1,1.0,1,587,8791
369,2014-02-19,3,6354.0,542,1,1.0,1,1386,9316
370,2014-02-19,3,7341.0,576,1,1.0,1,255,4854
371,2014-02-19,3,7146.0,544,1,1.0,1,1105,6694
372,2014-02-19,3,8375.0,734,1,1.0,1,951,10480
373,2014-02-19,3,4398.0,314,1,1.0,1,3202,4747
374,2014-02-19,3,7490.0,890,1,1.0,1,607,7709
375,2014-02-19,3,10089.0,764,1,1.0,1,1065,9437
376,2014-02-19,3,8111.0,920,1,1.0,1,1077,8624
377,2014-02-19,3,7184.0,860,1,1.0,1,657,7106
378,2014-02-19,3,5972.0,899,1,1.0,1,800,7989
379,2014-02-19,3,3806.0,444,1,1.0,1,647,4861
380,2014-02-19,3,14721.0,1438,1,1.0,1,3164,17019
381,2014-02-19,3,9706.0,1074,1,1.0,1,898,9173
382,2014-02-19,3,8283.0,646,1,1.0,1,889,9219
383,2014-02-19,3,17861.0,2264,1,1.0,1,913,14172
384,2014-02-19,3,9002.0,1008,1,1.0,1,684,8773
385,2014-02-19,3,8413.0,721,1,1.0,1,704,8452
386,2014-02-19,3,9920.0,711,1,1.0,1,512,8427
387,2014-02-19,3,10984.0,1260,1,1.0,1,664,10273
388,2014-02-19,3,10844.0,1130,1,1.0,1,532,7175
389,2014-02-19,3,11711.0,1340,1,1.0,1,3032,9128
390,2014-02-19,3,13931.0,1236,1,1.0,1,499,9235
391,2014-02-19,3,5871.0,699,1,1.0,1,1657,6896
392,2014-02-19,3,8017.0,748,1,1.0,1,1163,8835
393,2014-02-19,3,6106.0,624,1,1.0,1,410,5846
394,2014-02-19,3,7981.0,603,1,1.0,1,359,5673
395,2014-02-19,3,3789.0,536,1,1.0,1,1329,4809
396,2014-02-19,3,10147.0,1089,1,1.0,1,1039,9644
397,2014-02-19,3,5245.0,712,1,1.0,1,282,3046
398,2014-02-19,3,5705.0,601,1,1.0,1,1001,8319
399,2014-02-19,3,5171.0,524,1,1.0,1,592,5359
400,2014-02-19,3,9683.0,1313,1,1.0,1,703,8417
401,2014-02-19,3,7309.0,645,1,1.0,1,517,6179
402,2014-02-19,3,5569.0,545,1,1.0,1,656,5379
403,2014-02-19,3,7752.0,748,1,1.0,1,1635,8068
404,2014-02-19,3,5513.0,619,1,1.0,1,771,5846
405,2014-02-19,3,4832.0,522,1,1.0,1,544,4175
406,2014-02-19,3,5754.0,447,1,1.0,1,1175,8448
407,2014-02-19,3,3833.0,302,1,1.0,1,579,4658
408,2014-02-19,3,5041.0,452,1,1.0,1,724,5730
409,2014-02-19,3,5734.0,589,1,1.0,1,341,4783
410,2014-02-19,3,7372.0,878,1,1.0,1,620,7114
411,2014-02-19,3,8517.0,663,1,1.0,1,670,9102
412,2014-02-19,3,8281.0,584,1,1.0,1,496,7241
413,2014-02-19,3,6893.0,887,1,1.0,1,450,9470
414,2014-02-19,3,5854.0,430,1,1.0,1,1445,7767
415,2014-02-19,3,5659.0,463,1,1.0,1,434,6525
416,2014-02-19,3,10580.0,1341,1,1.0,1,524,7291
417,2014-02-19,3,7849.0,884,1,1.0,1,595,7976
418,2014-02-19,3,5634.0,567,1,1.0,1,474,4909
419,2014-02-19,3,5754.0,904,1,1.0,1,870,6509
420,2014-02-19,3,4115.0,373,1,1.0,1,526,3731
421,2014-02-19,3,7789.0,816,1,1.0,1,782,8676
422,2014-02-19,3,4571.0,471,1,1.0,1,971,7263
423,2014-02-19,3,9416.0,1651,1,1.0,1,699,9941
424,2014-02-19,3,5784.0,716,1,1.0,1,655,7289
425,2014-02-19,3,3264.0,436,1,1.0,1,497,5084
426,2014-02-19,3,5872.0,709,1,1.0,1,542,5333
427,2014-02-19,3,7893.0,787,1,1.0,1,610,7215
428,2014-02-19,3,5893.0,488,1,1.0,1,437,5939
429,2014-02-19,3,5467.0,390,1,1.0,1,887,5855
430,2014-02-19,3,8829.0,679,1,1.0,1,624,8054
431,2014-02-19,3,9572.0,962,1,1.0,1,586,9350
432,2014-02-19,3,11643.0,1559,1,1.0,1,583,9814
433,2014-02-19,3,4621.0,570,1,1.0,1,572,6077
434,2014-02-19,3,8562.0,619,1,1.0,1,410,8009
435,2014-02-19,3,3946.0,460,1,1.0,1,1344,4159
436,2014-02-19,3,6072.0,641,1,1.0,1,787,5769
437,2014-02-19,3,7984.0,748,1,1.0,1,655,6928
438,2014-02-19,3,5148.0,554,1,1.0,1,807,6125
439,2014-02-19,3,7280.0,904,1,1.0,1,750,7168
440,2014-02-19,3,5111.0,576,1,1.0,1,261,3822
441,2014-02-19,3,6432.0,665,1,1.0,1,566,7136
442,2014-02-19,3,4265.0,446,1,1.0,1,590,4396
443,2014-02-19,3,5618.0,483,1,1.0,1,1093,7268
444,2014-02-19,3,11404.0,1382,1,1.0,1,496,7117
445,2014-02-19,3,8647.0,1239,1,1.0,1,174,5114
446,2014-02-19,3,5454.0,681,1,1.0,1,744,5104
447,2014-02-19,3,5229.0,625,1,1.0,1,930,7230
448,2014-02-19,3,9260.0,790,1,1.0,1,905,8623
449,2014-02-19,3,11810.0,1631,1,1.0,1,507,8645
450,2014-02-19,3,7527.0,911,1,1.0,1,763,8443
451,2014-02-19,3,5449.0,481,1,1.0,1,906,5559
452,2014-02-19,3,4738.0,408,1,1.0,1,709,5538
453,2014-02-19,3,6361.0,721,1,1.0,1,981,6825
454,2014-02-19,3,7479.0,922,1,1.0,1,622,5643
455,2014-02-19,3,7355.0,468,1,1.0,1,753,9032
456,2014-02-19,3,6249.0,815,1,1.0,1,549,6977
457,2014-02-19,3,4752.0,383,1,1.0,1,746,5900
458,2014-02-19,3,6512.0,619,1,1.0,1,655,7576
459,2014-02-19,3,9019.0,1082,1,1.0,1,449,7357
460,2014-02-19,3,4253.0,335,1,1.0,1,769,3738
461,2014-02-19,3,5161.0,469,1,1.0,1,828,5808
462,2014-02-19,3,4679.0,606,1,1.0,1,484,6234
463,2014-02-19,3,6197.0,987,1,1.0,1,299,3697
464,2014-02-19,3,8761.0,1084,1,1.0,1,769,9545
465,2014-02-19,3,8077.0,630,1,1.0,1,1003,8378
466,2014-02-19,3,8620.0,828,1,1.0,1,772,7645
467,2014-02-19,3,13150.0,1579,1,1.0,1,507,7798
468,2014-02-19,3,6666.0,729,1,1.0,1,637,7529
469,2014-02-19,3,11206.0,1478,1,1.0,1,1215,12751
470,2014-02-19,3,12368.0,1628,1,1.0,1,938,12526
471,2014-02-19,3,7680.0,574,1,1.0,1,1879,9358
472,2014-02-19,3,5289.0,726,1,1.0,1,728,6104
473,2014-02-19,3,3461.0,505,1,1.0,1,701,4626
474,2014-02-19,3,8592.0,838,1,1.0,1,1084,8719
475,2014-02-19,3,6867.0,974,1,1.0,1,791,6793
476,2014-02-19,3,6341.0,685,1,1.0,1,492,7117
477,2014-02-19,3,5757.0,389,1,1.0,1,482,6222
478,2014-02-19,3,7046.0,727,1,1.0,1,1504,7362
479,2014-02-19,3,11153.0,1252,1,1.0,1,1675,12650
480,2014-02-19,3,5998.0,718,1,1.0,1,396,4949
481,2014-02-19,3,5847.0,502,1,1.0,1,705,5673
482,2014-02-19,3,7340.0,792,1,1.0,1,849,8325
483,2014-02-19,3,5206.0,641,1,1.0,1,807,4599
484,2014-02-19,3,7025.0,666,1,1.0,1,667,7270
485,2014-02-19,3,5333.0,442,1,1.0,1,789,5612
486,2014-02-19,3,5140.0,541,1,1.0,1,871,5650
487,2014-02-19,3,7499.0,662,1,1.0,1,866,7057
488,2014-02-19,3,3721.0,373,1,1.0,1,591,4554
489,2014-02-19,3,8640.0,703,1,1.0,1,1043,7526
490,2014-02-19,3,8038.0,1045,1,1.0,1,889,8708
491,2014-02-19,3,6885.0,514,1,1.0,1,576,7534
492,2014-02-19,3,7414.0,1070,1,1.0,1,1610,10494
493,2014-02-19,3,9024.0,844,1,1.0,1,613,8485
494,2014-02-19,3,8205.0,1178,1,1.0,1,679,8127
495,2014-02-19,3,5781.0,431,1,1.0,1,1253,7368
496,2014-02-19,3,7738.0,801,1,1.0,1,576,6669
497,2014-02-19,3,9161.0,1155,1,1.0,1,705,9006
498,2014-02-19,3,6298.0,814,1,1.0,1,402,5959
499,2014-02-19,3,4909.0,681,1,1.0,1,639,5718
500,2014-02-19,3,5139.0,369,1,1.0,1,531,4890
501,2014-02-19,3,6522.0,689,1,1.0,1,704,6841
502,2014-02-19,3,10798.0,1471,1,1.0,1,1385,10765
503,2014-02-19,3,6953.0,430,1,1.0,1,978,7910
504,2014-02-19,3,6027.0,914,1,1.0,1,613,6913
505,2014-02-19,3,5250.0,635,1,1.0,1,425,5751
506,2014-02-19,3,8842.0,1002,1,1.0,1,866,7108
507,2014-02-19,3,8768.0,638,1,1.0,1,714,9553
508,2014-02-19,3,6779.0,673,1,1.0,1,662,8309
509,2014-02-19,3,6517.0,526,1,1.0,1,838,6517
510,2014-02-19,3,9017.0,886,1,1.0,1,1534,9994
511,2014-02-19,3,5937.0,801,1,1.0,1,936,6781
512,2014-02-19,3,5209.0,1307,1,1.0,1,717,4788
513,2014-02-19,3,17565.0,1997,1,1.0,1,820,15330
514,2014-02-19,3,6129.0,660,1,1.0,1,668,6464
515,2014-02-19,3,8877.0,682,1,1.0,1,592,9470
516,2014-02-19,3,6031.0,794,1,1.0,1,469,5532
517,2014-02-19,3,8822.0,788,1,1.0,1,529,5579
518,2014-02-19,3,5931.0,500,1,1.0,1,867,6497
519,2014-02-19,3,4647.0,464,1,1.0,1,425,5986
520,2014-02-19,3,3736.0,366,1,1.0,1,1308,3570
521,2014-02-19,3,5082.0,396,1,1.0,1,847,4595
522,2014-02-19,3,8945.0,614,1,1.0,1,825,7983
523,2014-02-19,3,12730.0,1504,1,1.0,1,530,8874
524,2014-02-19,3,8360.0,838,1,1.0,1,657,8545
525,2014-02-19,3,9500.0,823,1,1.0,1,476,7455
526,2014-02-19,3,12740.0,1568,1,1.0,1,915,11563
527,2014-02-19,3,9860.0,912,1,1.0,1,1563,11748
528,2014-02-19,3,11573.0,926,1,1.0,1,668,8906
529,2014-02-19,3,7798.0,723,1,1.0,1,909,7715
530,2014-02-19,3,2703.0,357,1,1.0,1,945,3378
531,2014-02-19,3,4577.0,579,1,1.0,1,425,4563
532,2014-02-19,3,11338.0,1295,1,1.0,1,275,4913
533,2014-02-19,3,9033.0,905,1,1.0,1,509,5782
534,2014-02-19,3,7470.0,566,1,1.0,1,1824,7187
535,2014-02-19,3,8233.0,930,1,1.0,1,1242,9099
536,2014-02-19,3,7969.0,876,1,1.0,1,764,8940
537,2014-02-19,3,5567.0,614,1,1.0,1,780,5169
538,2014-02-19,3,3613.0,548,1,1.0,1,1198,4278
539,2014-02-19,3,9941.0,1043,1,1.0,1,569,8294
540,2014-02-19,3,5220.0,378,1,1.0,1,789,7333
541,2014-02-19,3,6346.0,846,1,1.0,1,414,5734
542,2014-02-19,3,6294.0,538,1,1.0,1,915,6506
543,2014-02-19,3,3994.0,323,1,1.0,1,484,4697
544,2014-02-19,3,15146.0,1850,1,1.0,1,719,11296
545,2014-02-19,3,11872.0,1154,1,1.0,1,374,6646
546,2014-02-19,3,13908.0,1562,1,1.0,1,1636,14848
547,2014-02-19,3,6190.0,426,1,1.0,1,405,5362
548,2014-02-19,3,5282.0,412,1,1.0,1,1498,5749
549,2014-02-19,3,4778.0,553,1,1.0,1,388,5314
550,2014-02-19,3,5806.0,474,1,1.0,1,652,6874
551,2014-02-19,3,6114.0,971,1,1.0,1,578,7905
552,2014-02-19,3,9903.0,789,1,1.0,1,604,6648
553,2014-02-19,3,6089.0,520,1,1.0,1,572,6621
554,2014-02-19,3,4261.0,518,1,1.0,1,674,5101
555,2014-02-19,3,4755.0,421,1,1.0,1,593,5484
556,2014-02-19,3,7148.0,843,1,1.0,1,505,7406
557,2014-02-19,3,5180.0,785,1,1.0,1,363,4223
558,2014-02-19,3,3164.0,439,1,1.0,1,628,3593
559,2014-02-19,3,6012.0,775,1,1.0,1,754,5642
560,2014-02-19,3,13576.0,1555,1,1.0,1,464,7517
561,2014-02-19,3,7143.0,684,1,1.0,1,702,7169
562,2014-02-19,3,19137.0,3151,1,1.0,1,1446,18981
563,2014-02-19,3,5598.0,702,1,1.0,1,630,5906
564,2014-02-19,3,5147.0,439,1,1.0,1,563,6195
565,2014-02-19,3,7739.0,918,1,1.0,1,1415,8278
566,2014-02-19,3,4925.0,526,1,1.0,1,615,4846
567,2014-02-19,3,5953.0,705,1,1.0,1,844,6119
568,2014-02-19,3,4398.0,376,1,1.0,1,778,6526
569,2014-02-19,3,5034.0,727,1,1.0,1,764,5637
570,2014-02-19,3,5302.0,721,1,1.0,1,771,5214
571,2014-02-19,3,6407.0,462,1,1.0,1,1327,9273
572,2014-02-19,3,7255.0,584,1,1.0,1,468,6254
573,2014-02-19,3,4181.0,334,1,1.0,1,1007,5687
574,2014-02-19,3,8995.0,655,1,1.0,1,645,8902
575,2014-02-19,3,6606.0,614,1,1.0,1,421,5429
576,2014-02-19,3,7070.0,936,1,1.0,1,1803,6136
577,2014-02-19,3,4976.0,614,1,1.0,1,610,5553
578,2014-02-19,3,7132.0,611,1,1.0,1,535,7703
579,2014-02-19,3,8370.0,874,1,1.0,1,684,9223
580,2014-02-19,3,9182.0,1386,1,1.0,1,484,8855
581,2014-02-19,3,5924.0,635,1,1.0,1,575,6194
582,2014-02-19,3,7395.0,898,1,1.0,1,3419,6943
583,2014-02-19,3,4659.0,450,1,1.0,1,753,5212
584,2014-02-19,3,5211.0,433,1,1.0,1,528,5187
585,2014-02-19,3,6634.0,935,1,1.0,1,946,9415
586,2014-02-19,3,15995.0,2335,1,1.0,1,388,7361
587,2014-02-19,3,8370.0,598,1,1.0,1,1035,8824
588,2014-02-19,3,5524.0,630,1,1.0,1,341,6524
589,2014-02-19,3,5978.0,570,1,1.0,1,2266,5917
590,2014-02-19,3,4817.0,346,1,1.0,1,689,6577
591,2014-02-19,3,5869.0,493,1,1.0,1,1076,7742
592,2014-02-19,3,4420.0,552,1,1.0,1,1011,5980
593,2014-02-19,3,8380.0,1073,1,1.0,1,475,7590
594,2014-02-19,3,4815.0,512,1,1.0,1,443,5086
595,2014-02-19,3,13959.0,1649,1,1.0,1,403,7885
596,2014-02-19,3,4210.0,618,1,1.0,1,802,4699
597,2014-02-19,3,4909.0,668,1,1.0,1,607,5734
598,2014-02-19,3,5468.0,750,1,1.0,1,1401,5246
599,2014-02-19,3,8747.0,791,1,1.0,1,961,9858
600,2014-02-19,3,7072.0,583,1,1.0,1,437,6612
601,2014-02-19,3,4671.0,382,1,1.0,1,1016,6651
602,2014-02-19,3,6820.0,661,1,1.0,1,823,8417
603,2014-02-19,3,8038.0,1054,1,1.0,1,966,8216
604,2014-02-19,3,8031.0,552,1,1.0,1,609,8672
605,2014-02-19,3,7728.0,513,1,1.0,1,784,7680
606,2014-02-19,3,6302.0,651,1,1.0,1,901,7305
607,2014-02-19,3,4311.0,427,1,1.0,1,874,4141
608,2014-02-19,3,9754.0,941,1,1.0,1,851,9472
609,2014-02-19,3,4602.0,523,1,1.0,1,624,4847
610,2014-02-19,3,4388.0,526,1,1.0,1,238,3455
611,2014-02-19,3,5522.0,464,1,1.0,1,655,5765
612,2014-02-19,3,6900.0,405,1,1.0,1,652,7850
613,2014-02-19,3,6728.0,1017,1,1.0,1,738,8744
614,2014-02-19,3,6682.0,862,1,1.0,1,870,5894
615,2014-02-19,3,9998.0,1183,1,1.0,1,421,7838
616,2014-02-19,3,9357.0,855,1,1.0,1,480,8111
617,2014-02-19,3,6211.0,566,1,1.0,1,766,6018
618,2014-02-19,3,6398.0,511,1,1.0,1,873,7503
619,2014-02-19,3,5286.0,503,1,1.0,1,1183,5568
620,2014-02-19,3,7647.0,674,1,1.0,1,548,7627
621,2014-02-19,3,6171.0,848,1,1.0,1,404,6066
622,2014-02-19,3,4354.0,440,1,1.0,1,726,5659
623,2014-02-19,3,7059.0,820,1,1.0,1,555,7495
624,2014-02-19,3,7116.0,651,1,1.0,1,1505,8915
625,2014-02-19,3,7080.0,634,1,1.0,1,471,5487
626,2014-02-19,3,9865.0,786,1,1.0,1,1446,11252
627,2014-02-19,3,6810.0,639,1,1.0,1,771,7420
628,2014-02-19,3,6274.0,772,1,1.0,1,685,6286
629,2014-02-19,3,6835.0,632,1,1.0,1,517,6643
630,2014-02-19,3,7564.0,815,1,1.0,1,726,7132
631,2014-02-19,3,5431.0,605,1,1.0,1,255,2989
632,2014-02-19,3,6612.0,839,1,1.0,1,708,7026
633,2014-02-19,3,5608.0,446,1,1.0,1,345,5304
634,2014-02-19,3,7144.0,660,1,1.0,1,731,7524
635,2014-02-19,3,6436.0,597,1,1.0,1,620,5821
636,2014-02-19,3,6727.0,786,1,1.0,1,547,4940
637,2014-02-19,3,8696.0,679,1,1.0,1,924,9082
638,2014-02-19,3,6030.0,486,1,1.0,1,617,6319
639,2014-02-19,3,5648.0,562,1,1.0,1,553,5669
640,2014-02-19,3,11898.0,843,1,1.0,1,1080,12199
641,2014-02-19,3,6345.0,559,1,1.0,1,1265,7825
642,2014-02-19,3,4245.0,550,1,1.0,1,676,4111
643,2014-02-19,3,6958.0,873,1,1.0,1,464,6328
644,2014-02-19,3,7934.0,857,1,1.0,1,791,9278
645,2014-02-19,3,11075.0,1335,1,1.0,1,743,9915
646,2014-02-19,3,4880.0,658,1,1.0,1,772,2853
647,2014-02-19,3,5522.0,676,1,1.0,1,582,6894
648,2014-02-19,3,6084.0,546,1,1.0,1,964,7264
649,2014-02-19,3,4221.0,432,1,1.0,1,515,4397
650,2014-02-19,3,6226.0,608,1,1.0,1,638,6804
651,2014-02-19,3,7824.0,911,1,1.0,1,480,8237
652,2014-02-19,3,6636.0,630,1,1.0,1,979,6629
653,2014-02-19,3,6338.0,511,1,1.0,1,624,6485
654,2014-02-19,3,7077.0,705,1,1.0,1,637,6442
655,2014-02-19,3,6750.0,600,1,1.0,1,412,6055
656,2014-02-19,3,3308.0,395,1,1.0,1,966,4337
657,2014-02-19,3,5756.0,757,1,1.0,1,515,5604
658,2014-02-19,3,6758.0,641,1,1.0,1,799,6670
659,2014-02-19,3,6670.0,758,1,1.0,1,830,6558
660,2014-02-19,3,4857.0,533,1,1.0,1,736,4234
661,2014-02-19,3,7542.0,614,1,1.0,1,674,7539
662,2014-02-19,3,9084.0,782,1,1.0,1,328,4938
663,2014-02-19,3,4896.0,634,1,1.0,1,720,6106
664,2014-02-19,3,4752.0,630,1,1.0,1,820,6270
665,2014-02-19,3,9106.0,1327,1,1.0,1,1121,8908
666,2014-02-19,3,7006.0,644,1,1.0,1,668,7154
667,2014-02-19,3,9594.0,757,1,1.0,1,671,9024
668,2014-02-19,3,8990.0,1134,1,1.0,1,554,7738
669,2014-02-19,3,4140.0,353,1,1.0,1,493,3530
670,2014-02-19,3,7104.0,698,1,1.0,1,418,7324
671,2014-02-19,3,5988.0,610,1,1.0,1,1947,4222
672,2014-02-19,3,8158.0,1349,1,1.0,1,773,7976
673,2014-02-19,3,7069.0,575,1,1.0,1,797,6773
674,2014-02-19,3,9070.0,1144,1,1.0,1,654,8679
675,2014-02-19,3,4287.0,437,1,1.0,1,932,5624
676,2014-02-19,3,7079.0,1652,1,1.0,1,674,7290
677,2014-02-19,3,8852.0,650,1,1.0,1,530,8478
678,2014-02-19,3,7452.0,885,1,1.0,1,513,7061
679,2014-02-19,3,10621.0,1142,1,1.0,1,688,9893
680,2014-02-19,3,4704.0,712,1,1.0,1,343,4217
681,2014-02-19,3,3602.0,462,1,1.0,1,391,2953
682,2014-02-19,3,12949.0,1947,1,1.0,1,533,7704
683,2014-02-19,3,8813.0,855,1,1.0,1,955,9626
684,2014-02-19,3,7414.0,564,1,1.0,1,897,9404
685,2014-02-19,3,6671.0,579,1,1.0,1,483,6057
686,2014-02-19,3,6619.0,791,1,1.0,1,619,7088
687,2014-02-19,3,7694.0,700,1,1.0,1,467,6318
688,2014-02-19,3,3745.0,359,1,1.0,1,528,3589
689,2014-02-19,3,7398.0,697,1,1.0,1,872,8065
690,2014-02-19,3,5754.0,818,1,1.0,1,673,7136
691,2014-02-19,3,8177.0,609,1,1.0,1,540,7447
692,2014-02-19,3,7325.0,851,1,1.0,1,859,8021
693,2014-02-19,3,7708.0,566,1,1.0,1,982,7608
694,2014-02-19,3,8137.0,791,1,1.0,1,693,8170
695,2014-02-19,3,5469.0,533,1,1.0,1,733,6479
696,2014-02-19,3,7767.0,991,1,1.0,1,452,6792
697,2014-02-19,3,10806.0,989,1,1.0,1,455,6676
698,2014-02-19,3,15687.0,1927,1,1.0,1,769,13186
699,2014-02-19,3,9058.0,1004,1,1.0,1,782,8443
700,2014-02-19,3,5121.0,591,1,1.0,1,1776,5695
701,2014-02-19,3,6149.0,645,1,1.0,1,710,6226
702,2014-02-19,3,4155.0,335,1,1.0,1,477,3911
703,2014-02-19,3,3712.0,388,1,1.0,1,560,4605
704,2014-02-19,3,9598.0,1013,1,1.0,1,481,7741
705,2014-02-19,3,8591.0,1000,1,1.0,1,687,9517
706,2014-02-19,3,5588.0,487,1,1.0,1,633,6110
707,2014-02-19,3,7852.0,892,1,1.0,1,498,7195
708,2014-02-19,3,3741.0,395,1,1.0,1,454,4380
709,2014-02-19,3,11855.0,1588,1,1.0,1,641,7025
710,2014-02-19,3,5100.0,371,1,1.0,1,948,6204
711,2014-02-19,3,8220.0,562,1,1.0,1,733,7567
712,2014-02-19,3,5265.0,471,1,1.0,1,554,7766
713,2014-02-19,3,10870.0,1410,1,1.0,1,1168,10960
714,2014-02-19,3,3880.0,310,1,1.0,1,482,4929
715,2014-02-19,3,7655.0,757,1,1.0,1,628,6678
716,2014-02-19,3,5199.0,391,1,1.0,1,739,6475
717,2014-02-19,3,6187.0,624,1,1.0,1,1175,6138
718,2014-02-19,3,8617.0,915,1,1.0,1,769,7944
719,2014-02-19,3,5148.0,418,1,1.0,1,572,5393
720,2014-02-19,3,8141.0,774,1,1.0,1,2661,7611
721,2014-02-19,3,7266.0,727,1,1.0,1,932,8187
722,2014-02-19,3,10574.0,1599,1,1.0,1,1003,10827
723,2014-02-19,3,7222.0,588,1,1.0,1,609,6801
724,2014-02-19,3,5484.0,607,1,1.0,1,1235,7869
725,2014-02-19,3,4495.0,496,1,1.0,1,507,5365
726,2014-02-19,3,10902.0,1018,1,1.0,1,540,7844
727,2014-02-19,3,4695.0,491,1,1.0,1,678,5022
728,2014-02-19,3,4634.0,425,1,1.0,1,577,5505
729,2014-02-19,3,10750.0,1093,1,1.0,1,436,6164
730,2014-02-19,3,7445.0,920,1,1.0,1,2895,7344
731,2014-02-19,3,10136.0,1026,1,1.0,1,774,9257
732,2014-02-19,3,4161.0,481,1,1.0,1,642,4843
733,2014-02-19,3,13850.0,3160,1,1.0,1,942,13543
734,2014-02-19,3,6382.0,560,1,1.0,1,645,6640
735,2014-02-19,3,6487.0,625,1,1.0,1,567,5727
736,2014-02-19,3,4843.0,436,1,1.0,1,389,4643
737,2014-02-19,3,6393.0,947,1,1.0,1,902,7457
738,2014-02-19,3,8800.0,700,1,1.0,1,852,8730
739,2014-02-19,3,10539.0,759,1,1.0,1,503,7574
740,2014-02-19,3,7202.0,496,1,1.0,1,764,6576
741,2014-02-19,3,8068.0,949,1,1.0,1,484,6676
742,2014-02-19,3,8338.0,865,1,1.0,1,450,6732
743,2014-02-19,3,4020.0,399,1,1.0,1,678,3909
744,2014-02-19,3,6873.0,775,1,1.0,1,567,5857
745,2014-02-19,3,8607.0,836,1,1.0,1,734,8068
746,2014-02-19,3,5988.0,494,1,1.0,1,1185,6824
747,2014-02-19,3,7411.0,642,1,1.0,1,630,7594
748,2014-02-19,3,5516.0,450,1,1.0,1,1066,7373
749,2014-02-19,3,5935.0,730,1,1.0,1,1025,6571
750,2014-02-19,3,5120.0,380,1,1.0,1,1023,6634
751,2014-02-19,3,4709.0,616,1,1.0,1,691,4931
752,2014-02-19,3,5468.0,480,1,1.0,1,683,7131
753,2014-02-19,3,9232.0,776,1,1.0,1,813,9336
754,2014-02-19,3,5988.0,800,1,1.0,1,573,7532
755,2014-02-19,3,9738.0,834,1,1.0,1,574,8123
756,2014-02-19,3,15462.0,2134,1,1.0,1,690,11357
757,2014-02-19,3,6435.0,592,1,1.0,1,857,7237
758,2014-02-19,3,5414.0,710,1,1.0,1,532,4916
759,2014-02-19,3,8034.0,872,1,1.0,1,693,7197
760,2014-02-19,3,6956.0,1046,1,1.0,1,468,7092
761,2014-02-19,3,8551.0,963,1,1.0,1,342,5353
762,2014-02-19,3,3766.0,372,1,1.0,1,811,3812
763,2014-02-19,3,5361.0,558,1,1.0,1,563,5299
764,2014-02-19,3,3644.0,410,1,1.0,1,678,4064
765,2014-02-19,3,8759.0,715,1,1.0,1,769,8946
766,2014-02-19,3,5829.0,506,1,1.0,1,833,6180
767,2014-02-19,3,6261.0,591,1,1.0,1,585,6478
768,2014-02-19,3,12613.0,1236,1,1.0,1,810,11161
769,2014-02-19,3,9686.0,2936,1,1.0,1,555,9230
770,2014-02-19,3,6899.0,771,1,1.0,1,403,5917
771,2014-02-19,3,5798.0,591,1,1.0,1,1024,7478
772,2014-02-19,3,4341.0,534,1,1.0,1,600,4592
773,2014-02-19,3,5926.0,825,1,1.0,1,909,6277
774,2014-02-19,3,5238.0,688,1,1.0,1,814,7822
775,2014-02-19,3,8105.0,550,1,1.0,1,777,8234
776,2014-02-19,3,4946.0,563,1,1.0,1,818,6010
777,2014-02-19,3,3507.0,310,1,1.0,1,748,3926
778,2014-02-19,3,6443.0,866,1,1.0,1,763,6651
779,2014-02-19,3,7343.0,678,1,1.0,1,660,6677
780,2014-02-19,3,6298.0,718,1,1.0,1,510,6820
781,2014-02-19,3,5419.0,743,1,1.0,1,343,4469
782,2014-02-19,3,5660.0,510,1,1.0,1,671,6186
783,2014-02-19,3,6361.0,597,1,1.0,1,596,6858
784,2014-02-19,3,8370.0,850,1,1.0,1,610,8349
785,2014-02-19,3,6920.0,513,1,1.0,1,679,8023
786,2014-02-19,3,4041.0,609,1,1.0,1,445,3496
787,2014-02-19,3,9478.0,1135,1,1.0,1,629,10121
788,2014-02-19,3,18395.0,1740,1,1.0,1,531,9927
789,2014-02-19,3,3173.0,515,1,1.0,1,612,3192
790,2014-02-19,3,7009.0,627,1,1.0,1,708,8668
791,2014-02-19,3,7049.0,800,1,1.0,1,721,7450
792,2014-02-19,3,8818.0,738,1,1.0,1,1340,11388
793,2014-02-19,3,4606.0,437,1,1.0,1,672,5327
794,2014-02-19,3,2546.0,453,1,1.0,1,1099,4379
795,2014-02-19,3,5247.0,525,1,1.0,1,503,5717
796,2014-02-19,3,7795.0,677,1,1.0,1,968,6605
797,2014-02-19,3,3705.0,343,1,1.0,1,297,2697
798,2014-02-19,3,8265.0,982,1,1.0,1,401,5548
799,2014-02-19,3,11025.0,972,1,1.0,1,941,11375
800,2014-02-19,3,5770.0,524,1,1.0,1,494,5567
801,2014-02-19,3,4671.0,408,1,1.0,1,709,4285
802,2014-02-19,3,6979.0,536,1,1.0,1,672,6764
803,2014-02-19,3,5281.0,421,1,1.0,1,452,5468
804,2014-02-19,3,5434.0,446,1,1.0,1,556,5898
805,2014-02-19,3,5398.0,523,1,1.0,1,837,5554
806,2014-02-19,3,8041.0,564,1,1.0,1,786,7551
807,2014-02-19,3,10383.0,1005,1,1.0,1,875,10743
808,2014-02-19,3,7571.0,545,1,1.0,1,746,7601
809,2014-02-19,3,10466.0,889,1,1.0,1,627,6613
810,2014-02-19,3,6080.0,494,1,1.0,1,537,6462
811,2014-02-19,3,3711.0,630,1,1.0,1,769,3284
812,2014-02-19,3,7077.0,814,1,1.0,1,634,7164
813,2014-02-19,3,5967.0,694,1,1.0,1,442,5894
814,2014-02-19,3,8276.0,682,1,1.0,1,897,8692
815,2014-02-19,3,9259.0,878,1,1.0,1,636,8962
816,2014-02-19,3,4738.0,716,1,1.0,1,769,5528
817,2014-02-19,3,22607.0,3164,1,1.0,1,496,10229
818,2014-02-19,3,6851.0,640,1,1.0,1,566,6828
819,2014-02-19,3,6410.0,589,1,1.0,1,438,6636
820,2014-02-19,3,11962.0,1070,1,1.0,1,1152,11498
821,2014-02-19,3,7172.0,878,1,1.0,1,341,5249
822,2014-02-19,3,8740.0,646,1,1.0,1,651,8683
823,2014-02-19,3,5761.0,522,1,1.0,1,866,6504
824,2014-02-19,3,6774.0,891,1,1.0,1,671,6834
825,2014-02-19,3,4375.0,476,1,1.0,1,935,7041
826,2014-02-19,3,8234.0,743,1,1.0,1,514,7419
827,2014-02-19,3,10599.0,1324,1,1.0,1,447,6898
828,2014-02-19,3,6107.0,651,1,1.0,1,905,7433
829,2014-02-19,3,6171.0,806,1,1.0,1,942,6966
830,2014-02-19,3,6831.0,606,1,1.0,1,602,6410
831,2014-02-19,3,14901.0,1733,1,1.0,1,528,8235
832,2014-02-19,3,6531.0,515,1,1.0,1,840,7573
833,2014-02-19,3,5729.0,507,1,1.0,1,860,7479
834,2014-02-19,3,6010.0,635,1,1.0,1,1005,7699
835,2014-02-19,3,5158.0,648,1,1.0,1,553,4121
836,2014-02-19,3,6782.0,784,1,1.0,1,850,7759
838,2014-02-19,3,7971.0,788,1,1.0,1,1201,8959
839,2014-02-19,3,6398.0,756,1,1.0,1,617,5859
840,2014-02-19,3,8533.0,1145,1,1.0,1,523,6907
841,2014-02-19,3,3074.0,424,1,1.0,1,569,3639
842,2014-02-19,3,15914.0,1041,1,1.0,1,733,13165
843,2014-02-19,3,9470.0,1075,1,1.0,1,696,9891
844,2014-02-19,3,5291.0,544,1,1.0,1,1138,5930
845,2014-02-19,3,4561.0,353,1,1.0,1,639,6972
846,2014-02-19,3,9339.0,866,1,1.0,1,1208,8542
847,2014-02-19,3,7019.0,943,1,1.0,1,743,7889
848,2014-02-19,3,6562.0,769,1,1.0,1,612,8772
849,2014-02-19,3,8351.0,946,1,1.0,1,681,8712
850,2014-02-19,3,6059.0,625,1,1.0,1,816,5866
851,2014-02-19,3,6185.0,478,1,1.0,1,711,5982
852,2014-02-19,3,4811.0,574,1,1.0,1,592,5296
853,2014-02-19,3,9338.0,1032,1,1.0,1,579,8483
854,2014-02-19,3,7323.0,699,1,1.0,1,3010,7713
855,2014-02-19,3,6253.0,654,1,1.0,1,407,5962
856,2014-02-19,3,7445.0,960,1,1.0,1,608,8383
857,2014-02-19,3,6454.0,868,1,1.0,1,644,7703
858,2014-02-19,3,4756.0,399,1,1.0,1,501,4626
859,2014-02-19,3,6908.0,625,1,1.0,1,744,7546
860,2014-02-19,3,5178.0,622,1,1.0,1,786,6848
861,2014-02-19,3,3737.0,520,1,1.0,1,2521,4197
862,2014-02-19,3,7952.0,1027,1,1.0,1,533,7402
863,2014-02-19,3,7147.0,846,1,1.0,1,637,8292
864,2014-02-19,3,4492.0,632,1,1.0,1,581,5099
865,2014-02-19,3,8736.0,633,1,1.0,1,689,8320
866,2014-02-19,3,6888.0,446,1,1.0,1,760,6938
867,2014-02-19,3,4060.0,351,1,1.0,1,571,3642
868,2014-02-19,3,9321.0,619,1,1.0,1,384,6346
869,2014-02-19,3,6233.0,905,1,1.0,1,2272,5685
870,2014-02-19,3,6777.0,903,1,1.0,1,538,7978
871,2014-02-19,3,4775.0,381,1,1.0,1,897,6980
872,2014-02-19,3,9072.0,870,1,1.0,1,532,7682
873,2014-02-19,3,3927.0,474,1,1.0,1,411,3580
874,2014-02-19,3,4536.0,461,1,1.0,1,511,3908
875,2014-02-19,3,5487.0,472,1,1.0,1,880,6399
876,2014-02-19,3,10269.0,1062,1,1.0,1,1393,11387
877,2014-02-19,3,6722.0,898,1,1.0,1,1003,7120
878,2014-02-19,3,10650.0,901,1,1.0,1,613,10186
879,2014-02-19,3,3542.0,315,1,1.0,1,535,4676
880,2014-02-19,3,7528.0,820,1,1.0,1,460,6552
881,2014-02-19,3,4836.0,714,1,1.0,1,514,5012
882,2014-02-19,3,5784.0,737,1,1.0,1,657,6106
883,2014-02-19,3,5282.0,528,1,1.0,1,678,4821
884,2014-02-19,3,5757.0,528,1,1.0,1,492,4527
885,2014-02-19,3,4962.0,672,1,1.0,1,606,5205
886,2014-02-19,3,6928.0,653,1,1.0,1,878,7626
887,2014-02-19,3,7489.0,564,1,1.0,1,707,6553
888,2014-02-19,3,7545.0,662,1,1.0,1,244,4029
889,2014-02-19,3,4034.0,456,1,1.0,1,655,5442
890,2014-02-19,3,5354.0,415,1,1.0,1,421,5319
891,2014-02-19,3,7167.0,1005,1,1.0,1,416,6110
892,2014-02-19,3,8444.0,760,1,1.0,1,629,7265
893,2014-02-19,3,6381.0,837,1,1.0,1,857,6629
894,2014-02-19,3,9351.0,1086,1,1.0,1,439,6936
895,2014-02-19,3,9406.0,882,1,1.0,1,636,8875
896,2014-02-19,3,6094.0,930,1,1.0,1,669,7933
897,2014-02-19,3,2784.0,328,1,1.0,1,1016,4837
898,2014-02-19,3,6851.0,694,1,1.0,1,717,7338
899,2014-02-19,3,5928.0,557,1,1.0,1,512,5378
900,2014-02-19,3,5848.0,518,1,1.0,1,1609,7802
901,2014-02-19,3,7421.0,644,1,1.0,1,748,8159
902,2014-02-19,3,4675.0,600,1,1.0,1,558,4340
903,2014-02-19,3,10531.0,744,1,1.0,1,400,5121
904,2014-02-19,3,6107.0,494,1,1.0,1,792,5599
905,2014-02-19,3,9975.0,1469,1,1.0,1,895,10982
906,2014-02-19,3,11176.0,1344,1,1.0,1,499,7530
907,2014-02-19,3,5713.0,728,1,1.0,1,1043,7426
908,2014-02-19,3,4793.0,389,1,1.0,1,548,4808
909,2014-02-19,3,11488.0,1111,1,1.0,1,720,10041
910,2014-02-19,3,5862.0,563,1,1.0,1,673,5657
911,2014-02-19,3,9414.0,852,1,1.0,1,952,12065
912,2014-02-19,3,4793.0,669,1,1.0,1,669,6889
913,2014-02-19,3,9535.0,1254,1,1.0,1,794,10172
914,2014-02-19,3,9300.0,1049,1,1.0,1,855,10236
915,2014-02-19,3,5917.0,440,1,1.0,1,534,6154
916,2014-02-19,3,5889.0,710,1,1.0,1,647,6842
917,2014-02-19,3,6870.0,764,1,1.0,1,763,6567
918,2014-02-19,3,5664.0,581,1,1.0,1,1058,5954
919,2014-02-19,3,6097.0,747,1,1.0,1,749,6398
920,2014-02-19,3,4989.0,523,1,1.0,1,662,6412
921,2014-02-19,3,9896.0,1158,1,1.0,1,604,9037
922,2014-02-19,3,7721.0,685,1,1.0,1,520,6852
923,2014-02-19,3,5088.0,645,1,1.0,1,907,6004
924,2014-02-19,3,4910.0,458,1,1.0,1,426,6438
925,2014-02-19,3,6927.0,1177,1,1.0,1,730,7797
926,2014-02-19,3,7457.0,517,1,1.0,1,1105,6722
927,2014-02-19,3,7050.0,887,1,1.0,1,403,6256
928,2014-02-19,3,7955.0,689,1,1.0,1,740,9375
929,2014-02-19,3,6033.0,726,1,1.0,1,416,6211
930,2014-02-19,3,6491.0,1029,1,1.0,1,569,7262
931,2014-02-19,3,2893.0,330,1,1.0,1,710,3729
932,2014-02-19,3,7767.0,783,1,1.0,1,719,8196
933,2014-02-19,3,8677.0,1032,1,1.0,1,715,8023
934,2014-02-19,3,6452.0,651,1,1.0,1,597,7217
935,2014-02-19,3,5599.0,552,1,1.0,1,542,5851
936,2014-02-19,3,7367.0,900,1,1.0,1,716,6889
937,2014-02-19,3,7991.0,600,1,1.0,1,1543,7144
938,2014-02-19,3,9000.0,926,1,1.0,1,590,8361
939,2014-02-19,3,5414.0,523,1,1.0,1,572,6571
940,2014-02-19,3,7649.0,742,1,1.0,1,1469,7260
941,2014-02-19,3,5735.0,581,1,1.0,1,549,5827
942,2014-02-19,3,6499.0,469,1,1.0,1,490,6943
943,2014-02-19,3,6802.0,584,1,1.0,1,857,7987
944,2014-02-19,3,7679.0,1136,1,1.0,1,660,8586
945,2014-02-19,3,4153.0,509,1,1.0,1,661,4842
946,2014-02-19,3,4146.0,587,1,1.0,1,629,5647
947,2014-02-19,3,9600.0,1249,1,1.0,1,1025,9290
948,2014-02-19,3,6392.0,1639,1,1.0,1,576,7790
949,2014-02-19,3,5753.0,544,1,1.0,1,548,5366
950,2014-02-19,3,6346.0,615,1,1.0,1,654,6716
951,2014-02-19,3,7930.0,727,1,1.0,1,689,8562
952,2014-02-19,3,6379.0,481,1,1.0,1,382,5217
953,2014-02-19,3,5761.0,587,1,1.0,1,826,6158
954,2014-02-19,3,7398.0,1041,1,1.0,1,846,8382
955,2014-02-19,3,4824.0,464,1,1.0,1,296,3365
956,2014-02-19,3,3965.0,548,1,1.0,1,925,5648
957,2014-02-19,3,7748.0,858,1,1.0,1,477,7185
958,2014-02-19,3,4244.0,579,1,1.0,1,622,3379
959,2014-02-19,3,7070.0,773,1,1.0,1,603,8065
960,2014-02-19,3,7712.0,564,1,1.0,1,947,7706
961,2014-02-19,3,6269.0,671,1,1.0,1,752,7083
962,2014-02-19,3,7320.0,919,1,1.0,1,633,6313
963,2014-02-19,3,11815.0,1011,1,1.0,1,667,9509
964,2014-02-19,3,10455.0,1406,1,1.0,1,788,8870
965,2014-02-19,3,9679.0,1009,1,1.0,1,769,9981
966,2014-02-19,3,5234.0,629,1,1.0,1,578,5165
967,2014-02-19,3,8145.0,871,1,1.0,1,779,9050
968,2014-02-19,3,7429.0,891,1,1.0,1,658,7095
969,2014-02-19,3,3705.0,619,1,1.0,1,388,3354
970,2014-02-19,3,3765.0,453,1,1.0,1,415,3007
971,2014-02-19,3,9087.0,1026,1,1.0,1,491,7225
972,2014-02-19,3,3558.0,403,1,1.0,1,824,2621
973,2014-02-19,3,5984.0,792,1,1.0,1,588,7308
974,2014-02-19,3,11203.0,1591,1,1.0,1,995,10944
975,2014-02-19,3,7672.0,738,1,1.0,1,677,7605
976,2014-02-19,3,8158.0,795,1,1.0,1,414,5741
977,2014-02-19,3,5357.0,534,1,1.0,1,866,6233
978,2014-02-19,3,7455.0,1000,1,1.0,1,394,4762
979,2014-02-19,3,6399.0,625,1,1.0,1,794,6517
980,2014-02-19,3,6921.0,542,1,1.0,1,781,8579
981,2014-02-19,3,7401.0,730,1,1.0,1,977,6399
982,2014-02-19,3,8871.0,722,1,1.0,1,887,9338
983,2014-02-19,3,10523.0,1364,1,1.0,1,399,6400
984,2014-02-19,3,6502.0,721,1,1.0,1,783,6269
985,2014-02-19,3,7364.0,710,1,1.0,1,1541,8883
986,2014-02-19,3,6436.0,806,1,1.0,1,525,6752
987,2014-02-19,3,6958.0,879,1,1.0,1,461,6113
988,2014-02-19,3,4587.0,693,1,1.0,1,609,5526
989,2014-02-19,3,5720.0,607,1,1.0,1,629,5194
990,2014-02-19,3,6893.0,547,1,1.0,1,635,7166
991,2014-02-19,3,4831.0,476,1,1.0,1,1179,5506
992,2014-02-19,3,6619.0,790,1,1.0,1,438,6443
993,2014-02-19,3,6695.0,656,1,1.0,1,574,5764
994,2014-02-19,3,5041.0,450,1,1.0,1,275,3658
995,2014-02-19,3,9270.0,763,1,1.0,1,692,9182
996,2014-02-19,3,7136.0,721,1,1.0,1,763,7452
997,2014-02-19,3,5358.0,393,1,1.0,1,652,5576
998,2014-02-19,3,4592.0,541,1,1.0,1,502,4712
999,2014-02-19,3,9552.0,630,1,1.0,1,459,8185
1000,2014-02-19,3,7068.0,658,1,1.0,1,454,6750
1001,2014-02-19,3,5658.0,598,1,1.0,1,1130,6963
1002,2014-02-19,3,6635.0,768,1,1.0,1,1742,6459
1003,2014-02-19,3,7756.0,754,1,1.0,1,700,6653
1004,2014-02-19,3,4869.0,412,1,1.0,1,749,8016
1005,2014-02-19,3,5419.0,824,1,1.0,1,576,6066
1006,2014-02-19,3,6053.0,840,1,1.0,1,633,8269
1007,2014-02-19,3,6480.0,732,1,1.0,1,864,7894
1008,2014-02-19,3,5549.0,708,1,1.0,1,677,5463
1009,2014-02-19,3,4719.0,453,1,1.0,1,509,4671
1010,2014-02-19,3,9157.0,790,1,1.0,1,505,7611
1011,2014-02-19,3,8196.0,942,1,1.0,1,570,7843
1012,2014-02-19,3,5629.0,512,1,1.0,1,698,6150
1013,2014-02-19,3,4598.0,485,1,1.0,1,607,3874
1014,2014-02-19,3,12308.0,1331,1,1.0,1,1266,13644
1015,2014-02-19,3,6805.0,472,1,1.0,1,394,5751
1016,2014-02-19,3,5475.0,487,1,1.0,1,1254,5690
1017,2014-02-19,3,7693.0,1005,1,1.0,1,777,7673
1018,2014-02-19,3,10959.0,1252,1,1.0,1,811,10321
1019,2014-02-19,3,8853.0,739,1,1.0,1,609,10050
1020,2014-02-19,3,9542.0,1218,1,1.0,1,641,9892
1021,2014-02-19,3,7930.0,964,1,1.0,1,822,9227
1022,2014-02-19,3,7134.0,834,1,1.0,1,1375,9038
1023,2014-02-19,3,6610.0,641,1,1.0,1,508,7584
1024,2014-02-19,3,6346.0,802,1,1.0,1,502,6324
1025,2014-02-19,3,8730.0,956,1,1.0,1,755,7269
1026,2014-02-19,3,9043.0,1103,1,1.0,1,770,9331
1027,2014-02-19,3,13879.0,1702,1,1.0,1,1058,12866
1028,2014-02-19,3,4688.0,541,1,1.0,1,560,5184
1029,2014-02-19,3,6468.0,913,1,1.0,1,529,6009
1030,2014-02-19,3,3608.0,345,1,1.0,1,558,4122
1031,2014-02-19,3,4546.0,419,1,1.0,1,542,4622
1032,2014-02-19,3,9015.0,965,1,1.0,1,834,9513
1033,2014-02-19,3,13880.0,1306,1,1.0,1,775,12190
1034,2014-02-19,3,7012.0,694,1,1.0,1,714,6419
1035,2014-02-19,3,4964.0,555,1,1.0,1,1228,5711
1036,2014-02-19,3,3809.0,367,1,1.0,1,603,5288
1037,2014-02-19,3,7271.0,903,1,1.0,1,639,7255
1038,2014-02-19,3,5481.0,444,1,1.0,1,522,6594
1039,2014-02-19,3,8035.0,1047,1,1.0,1,1023,8284
1040,2014-02-19,3,8443.0,821,1,1.0,1,645,8958
1041,2014-02-19,3,5843.0,688,1,1.0,1,422,4846
1042,2014-02-19,3,4324.0,543,1,1.0,1,850,6207
1043,2014-02-19,3,8437.0,1070,1,1.0,1,791,9282
1044,2014-02-19,3,7227.0,898,1,1.0,1,560,6957
1045,2014-02-19,3,6243.0,782,1,1.0,1,198,4237
1046,2014-02-19,3,9163.0,669,1,1.0,1,463,7003
1047,2014-02-19,3,4596.0,523,1,1.0,1,491,5522
1048,2014-02-19,3,7091.0,527,1,1.0,1,888,8630
1049,2014-02-19,3,3761.0,647,1,1.0,1,1290,5214
1050,2014-02-19,3,7219.0,507,1,1.0,1,1460,7584
1051,2014-02-19,3,8323.0,1118,1,1.0,1,467,1909
1052,2014-02-19,3,7437.0,720,1,1.0,1,961,7963
1053,2014-02-19,3,10481.0,1143,1,1.0,1,1454,10272
1054,2014-02-19,3,5394.0,555,1,1.0,1,689,5313
1055,2014-02-19,3,8418.0,1052,1,1.0,1,694,9034
1056,2014-02-19,3,3746.0,352,1,1.0,1,490,3513
1057,2014-02-19,3,6268.0,572,1,1.0,1,626,6218
1058,2014-02-19,3,7590.0,738,1,1.0,1,987,8252
1059,2014-02-19,3,8584.0,1102,1,1.0,1,720,9197
1060,2014-02-19,3,7321.0,897,1,1.0,1,585,7468
1061,2014-02-19,3,6666.0,507,1,1.0,1,534,6776
1062,2014-02-19,3,6742.0,592,1,1.0,1,671,6050
1063,2014-02-19,3,4008.0,513,1,1.0,1,624,3860
1064,2014-02-19,3,9243.0,1080,1,1.0,1,503,7809
1065,2014-02-19,3,3576.0,428,1,1.0,1,527,4701
1066,2014-02-19,3,11046.0,1057,1,1.0,1,681,8980
1067,2014-02-19,3,5867.0,480,1,1.0,1,905,7080
1068,2014-02-19,3,4502.0,307,1,1.0,1,501,4904
1069,2014-02-19,3,8331.0,1102,1,1.0,1,647,7370
1070,2014-02-19,3,6908.0,849,1,1.0,1,550,7953
1071,2014-02-19,3,6164.0,705,1,1.0,1,670,7513
1072,2014-02-19,3,7567.0,688,1,1.0,1,1019,7138
1073,2014-02-19,3,7365.0,944,1,1.0,1,1157,7633
1074,2014-02-19,3,5206.0,510,1,1.0,1,511,6304
1075,2014-02-19,3,9837.0,1041,1,1.0,1,451,7400
1076,2014-02-19,3,3634.0,550,1,1.0,1,713,4221
1077,2014-02-19,3,4888.0,517,1,1.0,1,508,5815
1078,2014-02-19,3,7963.0,579,1,1.0,1,518,7077
1079,2014-02-19,3,10133.0,726,1,1.0,1,1213,10825
1080,2014-02-19,3,10494.0,849,1,1.0,1,734,9761
1081,2014-02-19,3,8511.0,1257,1,1.0,1,634,7626
1082,2014-02-19,3,7202.0,1059,1,1.0,1,578,7380
1083,2014-02-19,3,5092.0,363,1,1.0,1,1237,6879
1084,2014-02-19,3,5659.0,755,1,1.0,1,517,6251
1085,2014-02-19,3,8455.0,813,1,1.0,1,743,7951
1086,2014-02-19,3,8434.0,895,1,1.0,1,757,7825
1087,2014-02-19,3,5692.0,559,1,1.0,1,1593,7050
1088,2014-02-19,3,5828.0,533,1,1.0,1,776,5466
1089,2014-02-19,3,9590.0,944,1,1.0,1,1628,11488
1090,2014-02-19,3,7981.0,962,1,1.0,1,585,7181
1091,2014-02-19,3,8532.0,649,1,1.0,1,754,9156
1092,2014-02-19,3,11540.0,1110,1,1.0,1,433,8641
1093,2014-02-19,3,7571.0,797,1,1.0,1,554,6742
1094,2014-02-19,3,4461.0,348,1,1.0,1,626,4207
1095,2014-02-19,3,5210.0,666,1,1.0,1,367,4310
1096,2014-02-19,3,5162.0,624,1,1.0,1,654,5872
1097,2014-02-19,3,9301.0,2356,1,1.0,1,682,9913
1098,2014-02-19,3,5708.0,751,1,1.0,1,489,6189
1099,2014-02-19,3,6598.0,775,1,1.0,1,864,7975
1100,2014-02-19,3,5784.0,662,1,1.0,1,669,3705
1101,2014-02-19,3,9569.0,914,1,1.0,1,557,7973
1102,2014-02-19,3,6226.0,668,1,1.0,1,671,7612
1103,2014-02-19,3,5609.0,401,1,1.0,1,1058,6784
1104,2014-02-19,3,5412.0,395,1,1.0,1,673,5416
1105,2014-02-19,3,4283.0,501,1,1.0,1,528,4734
1106,2014-02-19,3,4764.0,569,1,1.0,1,552,4654
1107,2014-02-19,3,6315.0,661,1,1.0,1,946,7675
1108,2014-02-19,3,6906.0,615,1,1.0,1,641,5513
1109,2014-02-19,3,4975.0,436,1,1.0,1,1000,6792
1110,2014-02-19,3,5312.0,595,1,1.0,1,995,6660
1111,2014-02-19,3,5637.0,509,1,1.0,1,895,6578
1112,2014-02-19,3,10995.0,860,1,1.0,1,1069,11797
1113,2014-02-19,3,5586.0,650,1,1.0,1,1896,6943
1114,2014-02-19,3,19369.0,2781,1,1.0,1,748,14154
1115,2014-02-19,3,6977.0,440,1,1.0,1,1163,7660
1,2014-02-12,3,3662.0,508,0,0.0,0,495,3515
2,2014-02-12,3,4848.0,654,0,0.0,0,846,4710
3,2014-02-12,3,5675.0,710,0,0.0,0,620,4354
4,2014-02-12,3,8244.0,1214,0,0.0,0,389,3815
5,2014-02-12,3,4475.0,604,0,0.0,0,575,4561
6,2014-02-12,3,4605.0,569,0,0.0,0,267,2503
7,2014-02-12,3,6626.0,820,0,0.0,0,537,5938
8,2014-02-12,3,4076.0,552,0,0.0,0,651,622
9,2014-02-12,3,5070.0,499,0,0.0,0,445,5324
10,2014-02-12,3,4723.0,578,0,0.0,0,690,4542
11,2014-02-12,3,6948.0,1140,0,0.0,0,827,6632
12,2014-02-12,3,5842.0,825,0,0.0,0,646,5322
13,2014-02-12,3,2826.0,267,0,0.0,0,345,3241
14,2014-02-12,3,4690.0,598,0,0.0,0,429,4036
15,2014-02-12,3,4613.0,555,0,0.0,0,613,6175
16,2014-02-12,3,7117.0,941,0,0.0,0,816,5887
17,2014-02-12,3,5041.0,765,0,0.0,0,641,4547
18,2014-02-12,3,5350.0,676,0,0.0,0,502,5050
19,2014-02-12,3,5068.0,565,0,0.0,0,362,4264
20,2014-02-12,3,6413.0,851,0,0.0,0,561,6974
21,2014-02-12,3,3542.0,400,0,0.0,0,305,3416
22,2014-02-12,3,2954.0,428,0,0.0,0,577,4091
23,2014-02-12,3,3902.0,370,0,0.0,0,905,7217
24,2014-02-12,3,7490.0,756,0,0.0,0,910,6982
26,2014-02-12,3,3962.0,402,0,0.0,0,509,6101
27,2014-02-12,3,7376.0,979,0,0.0,0,682,7380
28,2014-02-12,3,4273.0,540,0,0.0,0,507,4454
29,2014-02-12,3,5526.0,577,0,0.0,0,525,5465
30,2014-02-12,3,4893.0,759,0,0.0,0,946,5070
31,2014-02-12,3,4293.0,492,0,0.0,0,497,4297
32,2014-02-12,3,3168.0,428,0,0.0,0,622,3910
33,2014-02-12,3,6289.0,737,0,0.0,0,908,6853
34,2014-02-12,3,6053.0,918,0,0.0,0,429,4038
35,2014-02-12,3,6339.0,597,0,0.0,0,523,5399
36,2014-02-12,3,7083.0,931,0,0.0,0,406,4356
37,2014-02-12,3,4571.0,560,0,0.0,0,562,5425
38,2014-02-12,3,4109.0,409,0,0.0,0,879,6362
39,2014-02-12,3,3942.0,582,0,0.0,0,236,2907
40,2014-02-12,3,3807.0,550,0,0.0,0,325,2587
41,2014-02-12,3,4086.0,316,0,0.0,0,476,4591
42,2014-02-12,3,9347.0,1167,0,0.0,0,592,6747
43,2014-02-12,3,5690.0,580,0,0.0,0,625,7684
44,2014-02-12,3,4358.0,571,0,0.0,0,431,3575
45,2014-02-12,3,3577.0,333,0,0.0,0,328,3553
46,2014-02-12,3,3324.0,507,0,0.0,0,847,5394
47,2014-02-12,3,6264.0,934,0,0.0,0,942,4917
48,2014-02-12,3,4286.0,502,0,0.0,0,1075,5124
49,2014-02-12,3,4732.0,403,0,0.0,0,670,5392
50,2014-02-12,3,2808.0,267,0,0.0,0,460,3723
51,2014-02-12,3,4875.0,394,0,0.0,0,530,5171
52,2014-02-12,3,5952.0,427,0,0.0,0,613,7104
53,2014-02-12,3,4493.0,533,0,0.0,0,645,4178
54,2014-02-12,3,5352.0,582,0,0.0,0,574,5697
55,2014-02-12,3,3721.0,512,0,0.0,0,839,5150
56,2014-02-12,3,4617.0,371,0,0.0,0,665,5880
57,2014-02-12,3,9166.0,924,0,0.0,0,655,7099
58,2014-02-12,3,4185.0,407,0,0.0,0,185,1931
59,2014-02-12,3,4727.0,513,0,0.0,0,310,4048
60,2014-02-12,3,7280.0,761,0,0.0,0,668,7782
61,2014-02-12,3,4153.0,537,0,0.0,0,638,4322
62,2014-02-12,3,5682.0,689,0,0.0,0,530,5015
63,2014-02-12,3,5444.0,572,0,0.0,0,675,3582
64,2014-02-12,3,7364.0,602,0,0.0,0,782,8057
65,2014-02-12,3,3937.0,385,0,0.0,0,857,5192
66,2014-02-12,3,4476.0,416,0,0.0,0,1033,6946
67,2014-02-12,3,6378.0,770,0,0.0,0,1468,8021
68,2014-02-12,3,6566.0,1102,0,0.0,0,622,4271
69,2014-02-12,3,7459.0,965,0,0.0,0,620,5906
70,2014-02-12,3,4955.0,594,0,0.0,0,878,5114
71,2014-02-12,3,7046.0,668,0,0.0,0,348,3344
72,2014-02-12,3,3090.0,381,0,0.0,0,833,4408
73,2014-02-12,3,3799.0,491,0,0.0,0,922,5858
74,2014-02-12,3,5097.0,800,0,0.0,0,581,4905
75,2014-02-12,3,4222.0,521,0,0.0,0,492,5029
76,2014-02-12,3,6715.0,785,0,0.0,0,515,5252
77,2014-02-12,3,5169.0,500,0,0.0,0,706,5835
78,2014-02-12,3,2627.0,432,0,0.0,0,425,3337
79,2014-02-12,3,3386.0,458,0,0.0,0,452,3808
80,2014-02-12,3,4933.0,435,0,0.0,0,775,5847
81,2014-02-12,3,5919.0,513,0,0.0,0,539,4434
82,2014-02-12,3,7078.0,763,0,0.0,0,779,7637
83,2014-02-12,3,2873.0,306,0,0.0,0,655,4290
84,2014-02-12,3,11555.0,1481,0,0.0,0,862,9048
85,2014-02-12,3,5040.0,767,0,0.0,0,402,4412
86,2014-02-12,3,3545.0,548,0,0.0,0,514,3839
87,2014-02-12,3,5170.0,769,0,0.0,0,592,5126
88,2014-02-12,3,4992.0,609,0,0.0,0,687,4715
89,2014-02-12,3,5160.0,586,0,0.0,0,1128,6427
90,2014-02-12,3,7086.0,989,0,0.0,0,741,6644
91,2014-02-12,3,5566.0,707,0,0.0,0,708,4521
92,2014-02-12,3,4042.0,435,0,0.0,0,804,4421
93,2014-02-12,3,4773.0,571,0,0.0,0,925,7056
94,2014-02-12,3,5209.0,557,0,0.0,0,316,4411
95,2014-02-12,3,6629.0,815,0,0.0,0,507,4990
96,2014-02-12,3,4509.0,569,0,0.0,0,318,2782
97,2014-02-12,3,4897.0,579,0,0.0,0,507,4616
98,2014-02-12,3,3585.0,349,0,0.0,0,1017,6099
99,2014-02-12,3,3801.0,391,0,0.0,0,501,3582
100,2014-02-12,3,5986.0,562,0,0.0,0,666,4896
101,2014-02-12,3,5415.0,672,0,0.0,0,367,3697
102,2014-02-12,3,5343.0,894,0,0.0,0,388,3938
103,2014-02-12,3,3464.0,362,0,0.0,0,565,3098
104,2014-02-12,3,8343.0,1182,0,0.0,0,646,5341
105,2014-02-12,3,3590.0,535,0,0.0,0,813,5711
106,2014-02-12,3,8254.0,844,0,0.0,0,699,5770
107,2014-02-12,3,5992.0,881,0,0.0,0,628,6236
108,2014-02-12,3,8510.0,694,0,0.0,0,873,9373
109,2014-02-12,3,5451.0,683,0,0.0,0,812,6268
110,2014-02-12,3,3675.0,561,0,0.0,0,592,3869
111,2014-02-12,3,4376.0,434,0,0.0,0,573,4881
112,2014-02-12,3,5241.0,745,0,0.0,0,687,4945
113,2014-02-12,3,6196.0,641,0,0.0,0,969,6458
114,2014-02-12,3,4085.0,533,0,0.0,0,275,2725
115,2014-02-12,3,5355.0,448,0,0.0,0,912,7469
116,2014-02-12,3,6044.0,703,0,0.0,0,3238,8079
117,2014-02-12,3,2840.0,461,0,0.0,0,721,4206
118,2014-02-12,3,5503.0,504,0,0.0,0,752,6838
119,2014-02-12,3,5024.0,653,0,0.0,0,1642,5531
120,2014-02-12,3,5372.0,533,0,0.0,0,276,1609
121,2014-02-12,3,3355.0,455,0,0.0,0,407,3704
122,2014-02-12,3,4637.0,598,0,0.0,0,270,3855
123,2014-02-12,3,7333.0,912,0,0.0,0,498,5566
124,2014-02-12,3,3787.0,496,0,0.0,0,413,3591
125,2014-02-12,3,10275.0,1515,0,0.0,0,546,6732
126,2014-02-12,3,5020.0,484,0,0.0,0,492,4666
127,2014-02-12,3,3862.0,544,0,0.0,0,570,9068
128,2014-02-12,3,6032.0,548,0,0.0,0,601,7382
129,2014-02-12,3,7377.0,976,0,0.0,0,895,6333
130,2014-02-12,3,4656.0,560,0,0.0,0,256,1569
131,2014-02-12,3,4239.0,517,0,0.0,0,561,4674
132,2014-02-12,3,5067.0,502,0,0.0,0,605,5080
133,2014-02-12,3,4776.0,695,0,0.0,0,256,2886
134,2014-02-12,3,4382.0,478,0,0.0,0,528,4982
135,2014-02-12,3,4258.0,464,0,0.0,0,712,4669
136,2014-02-12,3,4991.0,415,0,0.0,0,917,7626
137,2014-02-12,3,6329.0,850,0,0.0,0,650,6552
138,2014-02-12,3,6070.0,652,0,0.0,0,690,6446
139,2014-02-12,3,5321.0,467,0,0.0,0,487,4760
140,2014-02-12,3,6553.0,970,0,0.0,0,529,7138
141,2014-02-12,3,4071.0,559,0,0.0,0,653,4658
142,2014-02-12,3,4130.0,552,0,0.0,0,847,4993
143,2014-02-12,3,4595.0,464,0,0.0,0,501,3832
144,2014-02-12,3,5957.0,613,0,0.0,0,942,6035
145,2014-02-12,3,5842.0,965,0,0.0,0,706,5718
146,2014-02-12,3,5795.0,635,0,0.0,0,899,6584
147,2014-02-12,3,6653.0,774,0,0.0,0,420,4660
148,2014-02-12,3,6931.0,755,0,0.0,0,454,5805
149,2014-02-12,3,4056.0,403,0,0.0,0,950,5703
150,2014-02-12,3,5938.0,663,0,0.0,0,590,6670
151,2014-02-12,3,5983.0,625,0,0.0,0,449,7303
152,2014-02-12,3,4487.0,585,0,0.0,0,685,5120
153,2014-02-12,3,5785.0,604,0,0.0,0,499,5798
154,2014-02-12,3,6289.0,608,0,0.0,0,372,5284
155,2014-02-12,3,4928.0,562,0,0.0,0,689,5717
156,2014-02-12,3,5328.0,609,0,0.0,0,574,5218
157,2014-02-12,3,8212.0,952,0,0.0,0,754,7816
158,2014-02-12,3,7226.0,487,0,0.0,0,453,5540
159,2014-02-12,3,5208.0,535,0,0.0,0,694,6146
160,2014-02-12,3,3725.0,440,0,0.0,0,392,4337
161,2014-02-12,3,6210.0,764,0,0.0,0,685,5404
162,2014-02-12,3,4626.0,386,0,0.0,0,461,4901
163,2014-02-12,3,6309.0,837,0,0.0,0,1122,6504
164,2014-02-12,3,4456.0,542,0,0.0,0,403,3925
165,2014-02-12,3,3645.0,405,0,0.0,0,354,3505
166,2014-02-12,3,5363.0,808,0,0.0,0,760,5231
167,2014-02-12,3,7976.0,1064,0,0.0,0,1343,7554
168,2014-02-12,3,6168.0,677,0,0.0,0,711,5832
169,2014-02-12,3,5561.0,646,0,0.0,0,752,5033
170,2014-02-12,3,3790.0,480,0,0.0,0,287,2543
171,2014-02-12,3,6243.0,728,0,0.0,0,743,7024
172,2014-02-12,3,5823.0,757,0,0.0,0,409,3492
173,2014-02-12,3,7308.0,1001,0,0.0,0,232,3425
174,2014-02-12,3,5050.0,436,0,0.0,0,706,4836
175,2014-02-12,3,4328.0,589,0,0.0,0,209,2628
176,2014-02-12,3,4588.0,609,0,0.0,0,540,3888
177,2014-02-12,3,3499.0,473,0,0.0,0,341,3476
178,2014-02-12,3,7441.0,759,0,0.0,0,591,6388
179,2014-02-12,3,6260.0,889,0,0.0,0,870,5697
180,2014-02-12,3,5763.0,748,0,0.0,0,684,5675
181,2014-02-12,3,4822.0,578,0,0.0,0,833,6116
182,2014-02-12,3,4124.0,344,0,0.0,0,443,4167
183,2014-02-12,3,3693.0,526,0,0.0,0,310,2589
184,2014-02-12,3,5464.0,533,0,0.0,0,727,5180
185,2014-02-12,3,4256.0,396,0,0.0,0,670,5821
186,2014-02-12,3,2450.0,289,0,0.0,0,812,3857
187,2014-02-12,3,5009.0,678,0,0.0,0,491,4694
188,2014-02-12,3,3498.0,341,0,0.0,0,856,5498
189,2014-02-12,3,6568.0,748,0,0.0,0,610,6438
190,2014-02-12,3,6487.0,630,0,0.0,0,760,5391
191,2014-02-12,3,4860.0,584,0,0.0,0,930,6010
192,2014-02-12,3,5591.0,444,0,0.0,0,1086,6979
193,2014-02-12,3,3943.0,698,0,0.0,0,510,4110
194,2014-02-12,3,3685.0,351,0,0.0,0,664,4437
195,2014-02-12,3,8233.0,1162,0,0.0,0,382,3904
196,2014-02-12,3,4801.0,692,0,0.0,0,874,6585
197,2014-02-12,3,5526.0,785,0,0.0,0,468,5400
198,2014-02-12,3,1801.0,249,0,0.0,0,633,2527
199,2014-02-12,3,5744.0,487,0,0.0,0,393,4876
200,2014-02-12,3,6983.0,973,0,0.0,0,202,1515
201,2014-02-12,3,3610.0,338,0,0.0,0,643,4439
202,2014-02-12,3,4550.0,433,0,0.0,0,611,5578
203,2014-02-12,3,5908.0,910,0,0.0,0,625,4101
204,2014-02-12,3,4749.0,498,0,0.0,0,418,3786
205,2014-02-12,3,4831.0,739,0,0.0,0,299,3090
206,2014-02-12,3,6401.0,794,0,0.0,0,491,5752
207,2014-02-12,3,9071.0,1243,0,0.0,0,417,4638
208,2014-02-12,3,2006.0,322,0,0.0,0,718,2654
209,2014-02-12,3,4022.0,475,0,0.0,0,417,3217
210,2014-02-12,3,2396.0,257,0,0.0,0,730,3168
211,2014-02-12,3,10617.0,1382,0,0.0,0,448,4865
212,2014-02-12,3,4062.0,493,0,0.0,0,581,5400
213,2014-02-12,3,6006.0,587,0,0.0,0,678,6257
214,2014-02-12,3,6457.0,548,0,0.0,0,685,6520
215,2014-02-12,3,3898.0,319,0,0.0,0,427,5512
216,2014-02-12,3,4847.0,751,0,0.0,0,663,6037
217,2014-02-12,3,4340.0,614,0,0.0,0,329,4278
218,2014-02-12,3,4819.0,743,0,0.0,0,430,5377
219,2014-02-12,3,2452.0,373,0,0.0,0,803,3151
220,2014-02-12,3,4027.0,605,0,0.0,0,407,3865
221,2014-02-12,3,4293.0,479,0,0.0,0,720,4668
222,2014-02-12,3,4304.0,532,0,0.0,0,1001,5706
223,2014-02-12,3,5838.0,678,0,0.0,0,588,6384
224,2014-02-12,3,4434.0,368,0,0.0,0,563,7170
225,2014-02-12,3,4367.0,468,0,0.0,0,513,4573
226,2014-02-12,3,5117.0,600,0,0.0,0,723,5542
227,2014-02-12,3,4943.0,503,0,0.0,0,473,4074
228,2014-02-12,3,5893.0,523,0,0.0,0,523,4658
229,2014-02-12,3,6271.0,596,0,0.0,0,663,6655
230,2014-02-12,3,5696.0,833,0,0.0,0,463,4713
231,2014-02-12,3,3583.0,318,0,0.0,0,559,3891
232,2014-02-12,3,2581.0,260,0,0.0,0,713,2886
233,2014-02-12,3,8269.0,994,0,0.0,0,537,4898
234,2014-02-12,3,8298.0,840,0,0.0,0,1149,10668
235,2014-02-12,3,4159.0,436,0,0.0,0,644,4178
236,2014-02-12,3,6015.0,805,0,0.0,0,490,4752
237,2014-02-12,3,3990.0,544,0,0.0,0,462,5550
238,2014-02-12,3,6142.0,1021,0,0.0,0,456,5037
239,2014-02-12,3,3357.0,358,0,0.0,0,722,4271
240,2014-02-12,3,4381.0,448,0,0.0,0,380,2833
241,2014-02-12,3,5293.0,619,0,0.0,0,610,7114
242,2014-02-12,3,2584.0,254,0,0.0,0,806,2883
243,2014-02-12,3,5012.0,753,0,0.0,0,609,5981
244,2014-02-12,3,3419.0,442,0,0.0,0,412,4096
245,2014-02-12,3,8324.0,1047,0,0.0,0,534,4733
246,2014-02-12,3,5439.0,810,0,0.0,0,1007,5894
247,2014-02-12,3,6251.0,547,0,0.0,0,493,5513
248,2014-02-12,3,6655.0,997,0,0.0,0,610,6528
249,2014-02-12,3,3742.0,448,0,0.0,0,308,3389
250,2014-02-12,3,6804.0,557,0,0.0,0,659,7152
251,2014-02-12,3,16607.0,2239,0,0.0,0,767,11800
252,2014-02-12,3,7086.0,641,0,0.0,0,496,5759
253,2014-02-12,3,4539.0,623,0,0.0,0,682,4624
254,2014-02-12,3,2173.0,208,0,0.0,0,669,3609
255,2014-02-12,3,4366.0,547,0,0.0,0,575,4730
256,2014-02-12,3,7588.0,1208,0,0.0,0,510,5263
257,2014-02-12,3,4039.0,566,0,0.0,0,710,3889
258,2014-02-12,3,4795.0,453,0,0.0,0,324,5664
259,2014-02-12,3,11310.0,2402,0,0.0,0,306,3950
260,2014-02-12,3,5660.0,828,0,0.0,0,517,3313
261,2014-02-12,3,9251.0,812,0,0.0,0,769,9484
262,2014-02-12,3,15520.0,2795,0,0.0,0,777,10998
263,2014-02-12,3,2738.0,311,0,0.0,0,1093,3131
264,2014-02-12,3,5806.0,879,0,0.0,0,808,5294
265,2014-02-12,3,4191.0,533,0,0.0,0,3522,4796
266,2014-02-12,3,3151.0,480,0,0.0,0,468,3446
267,2014-02-12,3,5911.0,800,0,0.0,0,584,8475
268,2014-02-12,3,4026.0,577,0,0.0,0,1061,5902
269,2014-02-12,3,7308.0,1110,0,0.0,0,962,8101
270,2014-02-12,3,8012.0,1078,0,0.0,0,1082,7149
271,2014-02-12,3,6393.0,716,0,0.0,0,1273,7231
272,2014-02-12,3,4399.0,563,0,0.0,0,1041,6669
273,2014-02-12,3,4586.0,569,0,0.0,0,337,4360
274,2014-02-12,3,3146.0,886,0,0.0,0,392,4054
275,2014-02-12,3,6007.0,664,0,0.0,0,565,4831
276,2014-02-12,3,3583.0,485,0,0.0,0,615,2816
277,2014-02-12,3,5373.0,458,0,0.0,0,855,6194
278,2014-02-12,3,5579.0,758,0,0.0,0,476,4567
279,2014-02-12,3,6348.0,528,0,0.0,0,396,4308
280,2014-02-12,3,4454.0,434,0,0.0,0,616,5311
281,2014-02-12,3,4410.0,446,0,0.0,0,1111,5045
282,2014-02-12,3,3883.0,643,0,0.0,0,944,5690
283,2014-02-12,3,5316.0,618,0,0.0,0,903,6191
284,2014-02-12,3,3372.0,340,0,0.0,0,607,4286
285,2014-02-12,3,4387.0,405,0,0.0,0,1064,5940
286,2014-02-12,3,3856.0,390,0,0.0,0,570,3992
287,2014-02-12,3,6489.0,671,0,0.0,0,466,5624
288,2014-02-12,3,4233.0,335,0,0.0,0,270,3167
289,2014-02-12,3,5044.0,512,0,0.0,0,143,1921
290,2014-02-12,3,4652.0,577,0,0.0,0,653,5211
291,2014-02-12,3,6807.0,776,0,0.0,0,503,5762
292,2014-02-12,3,4759.0,670,0,0.0,0,367,3418
293,2014-02-12,3,5125.0,741,0,0.0,0,346,4149
294,2014-02-12,3,5602.0,805,0,0.0,0,701,5281
295,2014-02-12,3,4183.0,581,0,0.0,0,570,3717
296,2014-02-12,3,5824.0,766,0,0.0,0,887,5677
297,2014-02-12,3,5827.0,680,0,0.0,0,786,5190
298,2014-02-12,3,6112.0,519,0,0.0,0,676,5458
299,2014-02-12,3,4269.0,470,0,0.0,0,885,5385
300,2014-02-12,3,5526.0,782,0,0.0,0,478,4660
301,2014-02-12,3,5089.0,592,0,0.0,0,1019,6354
302,2014-02-12,3,2124.0,239,0,0.0,0,481,3154
303,2014-02-12,3,5165.0,619,0,0.0,0,882,6536
304,2014-02-12,3,6098.0,1048,0,0.0,0,396,5346
305,2014-02-12,3,3650.0,412,0,0.0,0,525,4201
306,2014-02-12,3,3984.0,453,0,0.0,0,634,3811
307,2014-02-12,3,2113.0,259,0,0.0,0,433,2157
308,2014-02-12,3,7871.0,848,0,0.0,0,1958,9570
309,2014-02-12,3,4864.0,482,0,0.0,0,1475,7959
310,2014-02-12,3,7061.0,650,0,0.0,0,932,6806
311,2014-02-12,3,5711.0,834,0,0.0,0,683,5150
312,2014-02-12,3,4016.0,453,0,0.0,0,936,6098
313,2014-02-12,3,5056.0,582,0,0.0,0,1135,6947
314,2014-02-12,3,4105.0,521,0,0.0,0,619,3955
315,2014-02-12,3,3552.0,439,0,0.0,0,441,4988
316,2014-02-12,3,6918.0,706,0,0.0,0,600,6250
317,2014-02-12,3,3764.0,451,0,0.0,0,456,4027
318,2014-02-12,3,5491.0,575,0,0.0,0,586,5255
319,2014-02-12,3,6881.0,800,0,0.0,0,1297,6606
320,2014-02-12,3,12334.0,1908,0,0.0,0,268,3877
321,2014-02-12,3,4141.0,485,0,0.0,0,730,4448
322,2014-02-12,3,3567.0,451,0,0.0,0,651,4431
323,2014-02-12,3,6478.0,567,0,0.0,0,1182,6545
324,2014-02-12,3,4441.0,644,0,0.0,0,982,5069
325,2014-02-12,3,4846.0,585,0,0.0,0,433,3462
326,2014-02-12,3,3420.0,308,0,0.0,0,426,1541
327,2014-02-12,3,5757.0,804,0,0.0,0,384,3949
328,2014-02-12,3,4044.0,513,0,0.0,0,1383,4338
329,2014-02-12,3,5256.0,551,0,0.0,0,2527,6964
330,2014-02-12,3,2875.0,361,0,0.0,0,519,2896
331,2014-02-12,3,5977.0,836,0,0.0,0,488,4809
332,2014-02-12,3,3620.0,544,0,0.0,0,1280,4081
333,2014-02-12,3,8109.0,1196,0,0.0,0,307,3143
334,2014-02-12,3,4491.0,519,0,0.0,0,722,5235
335,2014-02-12,3,13033.0,2661,0,0.0,0,530,6140
336,2014-02-12,3,10991.0,1756,0,0.0,0,324,4201
337,2014-02-12,3,4083.0,333,0,0.0,0,625,5507
338,2014-02-12,3,5607.0,553,0,0.0,0,393,4855
339,2014-02-12,3,4314.0,630,0,0.0,0,674,4650
340,2014-02-12,3,5290.0,678,0,0.0,0,1054,6529
341,2014-02-12,3,4465.0,689,0,0.0,0,682,5072
342,2014-02-12,3,8374.0,704,0,0.0,0,271,2621
343,2014-02-12,3,5330.0,577,0,0.0,0,423,3862
344,2014-02-12,3,6016.0,957,0,0.0,0,400,3510
345,2014-02-12,3,3819.0,428,0,0.0,0,781,5173
346,2014-02-12,3,5771.0,601,0,0.0,0,738,5361
347,2014-02-12,3,3120.0,296,0,0.0,0,253,3465
348,2014-02-12,3,6492.0,609,0,0.0,0,654,7089
349,2014-02-12,3,6792.0,774,0,0.0,0,482,5241
350,2014-02-12,3,4566.0,372,0,0.0,0,1779,7311
351,2014-02-12,3,4496.0,427,0,0.0,0,394,4236
352,2014-02-12,3,5325.0,550,0,0.0,0,412,4762
353,2014-02-12,3,5222.0,1430,0,0.0,0,219,3149
354,2014-02-12,3,6219.0,586,0,0.0,0,171,2577
355,2014-02-12,3,7815.0,1059,0,0.0,0,1686,10405
356,2014-02-12,3,4471.0,384,0,0.0,0,778,4506
357,2014-02-12,3,5710.0,905,0,0.0,0,442,5053
358,2014-02-12,3,8146.0,983,0,0.0,0,558,5718
359,2014-02-12,3,5294.0,517,0,0.0,0,500,6068
360,2014-02-12,3,5330.0,710,0,0.0,0,672,4530
361,2014-02-12,3,4701.0,543,0,0.0,0,512,4407
362,2014-02-12,3,7073.0,1060,0,0.0,0,926,7554
363,2014-02-12,3,5758.0,848,0,0.0,0,524,5732
364,2014-02-12,3,3724.0,515,0,0.0,0,1358,6768
365,2014-02-12,3,4006.0,518,0,0.0,0,273,3394
366,2014-02-12,3,5587.0,622,0,0.0,0,1107,5798
367,2014-02-12,3,3551.0,437,0,0.0,0,838,5346
368,2014-02-12,3,6536.0,574,0,0.0,0,496,4775
369,2014-02-12,3,5649.0,493,0,0.0,0,260,3555
370,2014-02-12,3,5326.0,484,0,0.0,0,428,4917
371,2014-02-12,3,4670.0,455,0,0.0,0,456,4273
372,2014-02-12,3,6659.0,680,0,0.0,0,593,6800
373,2014-02-12,3,3678.0,287,0,0.0,0,478,3326
374,2014-02-12,3,6650.0,845,0,0.0,0,599,6322
375,2014-02-12,3,7473.0,688,0,0.0,0,472,4857
376,2014-02-12,3,6235.0,846,0,0.0,0,829,6303
377,2014-02-12,3,5694.0,833,0,0.0,0,605,5309
378,2014-02-12,3,5156.0,914,0,0.0,0,2172,6941
379,2014-02-12,3,3187.0,460,0,0.0,0,759,2552
380,2014-02-12,3,11684.0,1268,0,0.0,0,373,5456
381,2014-02-12,3,7505.0,931,0,0.0,0,585,6177
382,2014-02-12,3,5676.0,517,0,0.0,0,1417,8170
383,2014-02-12,3,14310.0,2008,0,0.0,0,501,6508
384,2014-02-12,3,7108.0,914,0,0.0,0,261,3254
385,2014-02-12,3,5138.0,509,0,0.0,0,722,5882
386,2014-02-12,3,7162.0,629,0,0.0,0,889,6785
387,2014-02-12,3,6672.0,1020,0,0.0,0,367,3152
388,2014-02-12,3,8120.0,984,0,0.0,0,942,8089
389,2014-02-12,3,8261.0,1188,0,0.0,0,482,4563
391,2014-02-12,3,4884.0,627,0,0.0,0,1071,5576
392,2014-02-12,3,5766.0,631,0,0.0,0,1045,5772
393,2014-02-12,3,5075.0,523,0,0.0,0,576,4721
394,2014-02-12,3,6300.0,562,0,0.0,0,1031,5748
395,2014-02-12,3,2994.0,461,0,0.0,0,807,818
396,2014-02-12,3,8158.0,991,0,0.0,0,1048,7858
397,2014-02-12,3,4555.0,684,0,0.0,0,797,4456
398,2014-02-12,3,3795.0,491,0,0.0,0,456,3826
399,2014-02-12,3,4349.0,504,0,0.0,0,496,4937
400,2014-02-12,3,7323.0,1094,0,0.0,0,603,6776
401,2014-02-12,3,5790.0,649,0,0.0,0,543,3893
402,2014-02-12,3,4259.0,489,0,0.0,0,358,4152
403,2014-02-12,3,5965.0,670,0,0.0,0,704,5022
404,2014-02-12,3,4756.0,609,0,0.0,0,745,4483
405,2014-02-12,3,2913.0,367,0,0.0,0,1104,6028
406,2014-02-12,3,4868.0,389,0,0.0,0,947,5579
407,2014-02-12,3,2673.0,242,0,0.0,0,824,3327
408,2014-02-12,3,3279.0,368,0,0.0,0,553,3707
409,2014-02-12,3,3658.0,431,0,0.0,0,609,5000
410,2014-02-12,3,4916.0,734,0,0.0,0,536,4880
411,2014-02-12,3,7003.0,575,0,0.0,0,810,6835
412,2014-02-12,3,6627.0,506,0,0.0,0,461,4549
413,2014-02-12,3,5715.0,812,0,0.0,0,257,3303
414,2014-02-12,3,4685.0,410,0,0.0,0,529,4887
415,2014-02-12,3,4649.0,439,0,0.0,0,887,5847
416,2014-02-12,3,8324.0,1245,0,0.0,0,731,7367
417,2014-02-12,3,6546.0,764,0,0.0,0,513,6689
418,2014-02-12,3,4426.0,524,0,0.0,0,462,4507
419,2014-02-12,3,4246.0,752,0,0.0,0,463,4251
420,2014-02-12,3,3378.0,358,0,0.0,0,541,4331
421,2014-02-12,3,6581.0,754,0,0.0,0,355,4104
422,2014-02-12,3,3850.0,436,0,0.0,0,828,4541
423,2014-02-12,3,7723.0,1566,0,0.0,0,790,7058
424,2014-02-12,3,5415.0,673,0,0.0,0,740,5007
425,2014-02-12,3,3090.0,411,0,0.0,0,421,3812
426,2014-02-12,3,4195.0,628,0,0.0,0,807,4934
427,2014-02-12,3,5205.0,650,0,0.0,0,464,6119
428,2014-02-12,3,4573.0,392,0,0.0,0,627,3790
429,2014-02-12,3,3624.0,324,0,0.0,0,470,5973
430,2014-02-12,3,6733.0,592,0,0.0,0,711,7246
431,2014-02-12,3,7089.0,852,0,0.0,0,448,4822
432,2014-02-12,3,9393.0,1466,0,0.0,0,634,7034
433,2014-02-12,3,4576.0,544,0,0.0,0,440,3920
434,2014-02-12,3,7085.0,595,0,0.0,0,401,4560
435,2014-02-12,3,3190.0,413,0,0.0,0,465,3241
436,2014-02-12,3,4416.0,555,0,0.0,0,814,5013
437,2014-02-12,3,4734.0,502,0,0.0,0,420,4019
438,2014-02-12,3,4160.0,472,0,0.0,0,784,5399
439,2014-02-12,3,5457.0,742,0,0.0,0,617,5103
440,2014-02-12,3,4114.0,569,0,0.0,0,427,3686
441,2014-02-12,3,4111.0,554,0,0.0,0,471,2160
442,2014-02-12,3,2900.0,398,0,0.0,0,750,3892
443,2014-02-12,3,4467.0,434,0,0.0,0,700,3775
444,2014-02-12,3,8766.0,1057,0,0.0,0,1092,9662
445,2014-02-12,3,6374.0,1080,0,0.0,0,647,6007
446,2014-02-12,3,4305.0,622,0,0.0,0,1730,5161
447,2014-02-12,3,4556.0,565,0,0.0,0,831,4851
448,2014-02-12,3,7425.0,736,0,0.0,0,631,6165
449,2014-02-12,3,9140.0,1419,0,0.0,0,835,7994
450,2014-02-12,3,5562.0,790,0,0.0,0,777,6637
451,2014-02-12,3,4391.0,407,0,0.0,0,409,3675
452,2014-02-12,3,3631.0,398,0,0.0,0,645,3885
453,2014-02-12,3,5964.0,764,0,0.0,0,621,4767
454,2014-02-12,3,5338.0,735,0,0.0,0,649,5174
455,2014-02-12,3,6116.0,405,0,0.0,0,785,6348
456,2014-02-12,3,4907.0,832,0,0.0,0,571,5311
457,2014-02-12,3,3855.0,377,0,0.0,0,727,4240
458,2014-02-12,3,5616.0,578,0,0.0,0,590,5257
459,2014-02-12,3,7087.0,1041,0,0.0,0,502,5667
460,2014-02-12,3,2838.0,277,0,0.0,0,460,2314
461,2014-02-12,3,3435.0,394,0,0.0,0,526,4411
462,2014-02-12,3,4158.0,592,0,0.0,0,474,5034
463,2014-02-12,3,5175.0,887,0,0.0,0,535,4265
464,2014-02-12,3,8017.0,1044,0,0.0,0,314,4001
465,2014-02-12,3,5123.0,478,0,0.0,0,606,6064
466,2014-02-12,3,6213.0,728,0,0.0,0,922,6485
467,2014-02-12,3,11040.0,1483,0,0.0,0,823,7929
468,2014-02-12,3,4818.0,617,0,0.0,0,363,4656
469,2014-02-12,3,8731.0,1232,0,0.0,0,488,5409
470,2014-02-12,3,9561.0,1431,0,0.0,0,407,5125
471,2014-02-12,3,6140.0,518,0,0.0,0,430,5612
472,2014-02-12,3,4240.0,638,0,0.0,0,429,4020
473,2014-02-12,3,2698.0,412,0,0.0,0,482,3396
474,2014-02-12,3,6614.0,719,0,0.0,0,805,4666
475,2014-02-12,3,4704.0,772,0,0.0,0,404,4176
476,2014-02-12,3,4870.0,630,0,0.0,0,1001,5924
477,2014-02-12,3,4212.0,310,0,0.0,0,423,4349
478,2014-02-12,3,5373.0,643,0,0.0,0,543,5262
479,2014-02-12,3,9155.0,1135,0,0.0,0,932,9755
480,2014-02-12,3,4848.0,659,0,0.0,0,600,3970
481,2014-02-12,3,3874.0,409,0,0.0,0,498,5027
482,2014-02-12,3,5897.0,736,0,0.0,0,585,5948
483,2014-02-12,3,3853.0,587,0,0.0,0,424,4746
484,2014-02-12,3,5135.0,569,0,0.0,0,653,6355
485,2014-02-12,3,3589.0,343,0,0.0,0,559,3141
486,2014-02-12,3,3454.0,448,0,0.0,0,760,4654
487,2014-02-12,3,4812.0,544,0,0.0,0,555,5220
488,2014-02-12,3,2716.0,346,0,0.0,0,871,4080
489,2014-02-12,3,5744.0,598,0,0.0,0,499,4426
490,2014-02-12,3,6918.0,986,0,0.0,0,525,5180
491,2014-02-12,3,4359.0,432,0,0.0,0,961,5013
492,2014-02-12,3,6035.0,971,0,0.0,0,364,4773
493,2014-02-12,3,5469.0,684,0,0.0,0,422,5139
494,2014-02-12,3,6103.0,973,0,0.0,0,666,6000
495,2014-02-12,3,3187.0,297,0,0.0,0,507,3871
496,2014-02-12,3,5761.0,706,0,0.0,0,518,5299
497,2014-02-12,3,8155.0,1087,0,0.0,0,813,7516
498,2014-02-12,3,5845.0,797,0,0.0,0,1029,6026
499,2014-02-12,3,3855.0,627,0,0.0,0,861,5946
500,2014-02-12,3,3901.0,319,0,0.0,0,477,4271
501,2014-02-12,3,4398.0,594,0,0.0,0,423,3075
502,2014-02-12,3,8459.0,1338,0,0.0,0,548,7964
503,2014-02-12,3,3964.0,334,0,0.0,0,1345,9317
504,2014-02-12,3,5232.0,839,0,0.0,0,551,5256
505,2014-02-12,3,4032.0,555,0,0.0,0,595,5109
506,2014-02-12,3,6459.0,850,0,0.0,0,946,6571
507,2014-02-12,3,5566.0,525,0,0.0,0,956,5641
508,2014-02-12,3,5326.0,641,0,0.0,0,676,5615
509,2014-02-12,3,5044.0,518,0,0.0,0,664,6030
510,2014-02-12,3,7154.0,857,0,0.0,0,630,6444
511,2014-02-12,3,5015.0,789,0,0.0,0,991,5253
512,2014-02-12,3,4610.0,1237,0,0.0,0,366,2795
513,2014-02-12,3,14876.0,1834,0,0.0,0,291,5891
514,2014-02-12,3,4568.0,526,0,0.0,0,259,2736
515,2014-02-12,3,6715.0,602,0,0.0,0,1689,9826
516,2014-02-12,3,4513.0,664,0,0.0,0,601,4797
517,2014-02-12,3,4555.0,578,0,0.0,0,486,4601
518,2014-02-12,3,4015.0,425,0,0.0,0,739,4457
519,2014-02-12,3,3371.0,415,0,0.0,0,547,4685
520,2014-02-12,3,3026.0,379,0,0.0,0,295,2501
521,2014-02-12,3,3141.0,308,0,0.0,0,630,4967
522,2014-02-12,3,6093.0,530,0,0.0,0,402,4404
523,2014-02-12,3,10705.0,1438,0,0.0,0,573,6686
524,2014-02-12,3,6558.0,753,0,0.0,0,399,4444
525,2014-02-12,3,7917.0,760,0,0.0,0,549,5392
526,2014-02-12,3,8460.0,1276,0,0.0,0,363,2720
527,2014-02-12,3,8963.0,936,0,0.0,0,1174,8037
528,2014-02-12,3,7744.0,796,0,0.0,0,262,3167
529,2014-02-12,3,6237.0,666,0,0.0,0,1083,6391
530,2014-02-12,3,1826.0,266,0,0.0,0,555,3335
531,2014-02-12,3,3946.0,553,0,0.0,0,1024,5034
532,2014-02-12,3,9136.0,1178,0,0.0,0,523,4936
533,2014-02-12,3,7664.0,818,0,0.0,0,782,7320
534,2014-02-12,3,5314.0,428,0,0.0,0,978,6449
535,2014-02-12,3,7162.0,903,0,0.0,0,749,6377
536,2014-02-12,3,6446.0,776,0,0.0,0,445,5162
537,2014-02-12,3,5023.0,581,0,0.0,0,839,4695
538,2014-02-12,3,3290.0,551,0,0.0,0,935,3694
539,2014-02-12,3,9004.0,963,0,0.0,0,910,8693
540,2014-02-12,3,3928.0,342,0,0.0,0,1070,5343
541,2014-02-12,3,5300.0,759,0,0.0,0,303,2279
542,2014-02-12,3,4578.0,488,0,0.0,0,303,3581
543,2014-02-12,3,1806.0,187,0,0.0,0,483,3162
544,2014-02-12,3,10545.0,1531,0,0.0,0,354,5020
545,2014-02-12,3,8203.0,952,0,0.0,0,345,3956
546,2014-02-12,3,10432.0,1396,0,0.0,0,420,7002
547,2014-02-12,3,4065.0,341,0,0.0,0,412,3977
548,2014-02-12,3,3435.0,312,0,0.0,0,665,3151
549,2014-02-12,3,4120.0,550,0,0.0,0,246,2455
550,2014-02-12,3,4660.0,405,0,0.0,0,793,5025
551,2014-02-12,3,5604.0,923,0,0.0,0,1059,7485
552,2014-02-12,3,5317.0,585,0,0.0,0,2164,8112
553,2014-02-12,3,4942.0,495,0,0.0,0,538,3628
554,2014-02-12,3,3456.0,523,0,0.0,0,913,4511
555,2014-02-12,3,3371.0,346,0,0.0,0,467,3719
556,2014-02-12,3,6053.0,769,0,0.0,0,395,4710
557,2014-02-12,3,3630.0,651,0,0.0,0,367,2559
558,2014-02-12,3,2538.0,423,0,0.0,0,805,3045
559,2014-02-12,3,4943.0,741,0,0.0,0,444,4533
560,2014-02-12,3,10556.0,1378,0,0.0,0,526,4908
561,2014-02-12,3,5453.0,604,0,0.0,0,459,4914
562,2014-02-12,3,17255.0,3071,0,0.0,0,550,7772
563,2014-02-12,3,4703.0,678,0,0.0,0,594,4276
564,2014-02-12,3,4121.0,369,0,0.0,0,689,4780
565,2014-02-12,3,5935.0,834,0,0.0,0,611,4950
566,2014-02-12,3,3388.0,458,0,0.0,0,804,4453
567,2014-02-12,3,4055.0,632,0,0.0,0,595,5063
568,2014-02-12,3,3523.0,355,0,0.0,0,382,4135
569,2014-02-12,3,4024.0,654,0,0.0,0,671,4213
570,2014-02-12,3,3921.0,606,0,0.0,0,434,3578
571,2014-02-12,3,5129.0,421,0,0.0,0,370,3879
572,2014-02-12,3,5055.0,481,0,0.0,0,982,6906
573,2014-02-12,3,3084.0,281,0,0.0,0,274,2088
574,2014-02-12,3,6922.0,555,0,0.0,0,465,4296
575,2014-02-12,3,3418.0,389,0,0.0,0,498,4532
576,2014-02-12,3,5049.0,815,0,0.0,0,406,4255
577,2014-02-12,3,3807.0,533,0,0.0,0,793,5758
578,2014-02-12,3,5398.0,547,0,0.0,0,412,4545
579,2014-02-12,3,6006.0,734,0,0.0,0,759,7238
580,2014-02-12,3,7706.0,1382,0,0.0,0,556,5834
581,2014-02-12,3,4257.0,581,0,0.0,0,1346,5191
582,2014-02-12,3,4996.0,737,0,0.0,0,396,3905
583,2014-02-12,3,3716.0,378,0,0.0,0,1145,3268
584,2014-02-12,3,3698.0,384,0,0.0,0,584,4195
585,2014-02-12,3,5183.0,893,0,0.0,0,463,4374
586,2014-02-12,3,12692.0,2142,0,0.0,0,815,7933
587,2014-02-12,3,6644.0,528,0,0.0,0,582,6533
588,2014-02-12,3,4552.0,566,0,0.0,0,1608,5858
589,2014-02-12,3,3988.0,498,0,0.0,0,369,3540
590,2014-02-12,3,3955.0,334,0,0.0,0,989,6132
591,2014-02-12,3,4942.0,466,0,0.0,0,875,5630
592,2014-02-12,3,3420.0,507,0,0.0,0,459,5162
593,2014-02-12,3,7277.0,1011,0,0.0,0,868,6379
594,2014-02-12,3,3996.0,452,0,0.0,0,618,5401
595,2014-02-12,3,11532.0,1487,0,0.0,0,229,3763
596,2014-02-12,3,3554.0,600,0,0.0,0,956,4791
597,2014-02-12,3,4124.0,657,0,0.0,0,583,4188
598,2014-02-12,3,3796.0,619,0,0.0,0,777,4962
599,2014-02-12,3,6832.0,721,0,0.0,0,348,4237
600,2014-02-12,3,4947.0,499,0,0.0,0,778,5016
601,2014-02-12,3,3328.0,328,0,0.0,0,320,2658
602,2014-02-12,3,5139.0,565,0,0.0,0,1389,6607
603,2014-02-12,3,5566.0,929,0,0.0,0,548,4957
604,2014-02-12,3,6562.0,507,0,0.0,0,450,5439
605,2014-02-12,3,5325.0,417,0,0.0,0,359,5711
606,2014-02-12,3,5065.0,599,0,0.0,0,584,5475
607,2014-02-12,3,2623.0,334,0,0.0,0,328,2459
608,2014-02-12,3,7086.0,805,0,0.0,0,1086,7628
609,2014-02-12,3,3862.0,479,0,0.0,0,395,2489
610,2014-02-12,3,3434.0,476,0,0.0,0,704,4237
611,2014-02-12,3,4832.0,421,0,0.0,0,626,5503
612,2014-02-12,3,4672.0,330,0,0.0,0,407,5551
613,2014-02-12,3,5313.0,874,0,0.0,0,566,5807
614,2014-02-12,3,5583.0,807,0,0.0,0,856,5345
615,2014-02-12,3,7588.0,1084,0,0.0,0,793,6998
616,2014-02-12,3,7094.0,791,0,0.0,0,1592,9497
617,2014-02-12,3,5598.0,555,0,0.0,0,801,4911
618,2014-02-12,3,4330.0,401,0,0.0,0,360,3804
619,2014-02-12,3,3535.0,394,0,0.0,0,368,2774
620,2014-02-12,3,5831.0,576,0,0.0,0,439,6417
621,2014-02-12,3,4748.0,712,0,0.0,0,530,4659
622,2014-02-12,3,3644.0,426,0,0.0,0,737,4317
623,2014-02-12,3,6102.0,823,0,0.0,0,845,5688
624,2014-02-12,3,6303.0,659,0,0.0,0,637,3108
625,2014-02-12,3,5086.0,565,0,0.0,0,1147,6002
626,2014-02-12,3,6800.0,647,0,0.0,0,492,6439
627,2014-02-12,3,5111.0,573,0,0.0,0,454,5841
628,2014-02-12,3,5455.0,749,0,0.0,0,517,5171
629,2014-02-12,3,6221.0,620,0,0.0,0,1517,8061
630,2014-02-12,3,6751.0,847,0,0.0,0,801,6330
631,2014-02-12,3,4111.0,560,0,0.0,0,1259,5676
632,2014-02-12,3,5371.0,798,0,0.0,0,294,3907
633,2014-02-12,3,5335.0,437,0,0.0,0,623,5128
634,2014-02-12,3,5440.0,572,0,0.0,0,428,4381
635,2014-02-12,3,4331.0,505,0,0.0,0,653,6121
636,2014-02-12,3,3858.0,533,0,0.0,0,469,4594
637,2014-02-12,3,6554.0,582,0,0.0,0,326,4089
638,2014-02-12,3,4733.0,424,0,0.0,0,635,3904
639,2014-02-12,3,3477.0,424,0,0.0,0,390,3359
640,2014-02-12,3,8392.0,722,0,0.0,0,885,9051
641,2014-02-12,3,4636.0,479,0,0.0,0,776,4250
642,2014-02-12,3,3549.0,510,0,0.0,0,582,3186
643,2014-02-12,3,6500.0,912,0,0.0,0,1273,7429
644,2014-02-12,3,6836.0,835,0,0.0,0,733,7371
645,2014-02-12,3,8206.0,1150,0,0.0,0,1446,9055
646,2014-02-12,3,4214.0,633,0,0.0,0,1030,5775
647,2014-02-12,3,4510.0,622,0,0.0,0,548,5071
648,2014-02-12,3,4555.0,487,0,0.0,0,405,4483
649,2014-02-12,3,3281.0,384,0,0.0,0,1147,4796
650,2014-02-12,3,4794.0,557,0,0.0,0,490,4495
651,2014-02-12,3,6570.0,812,0,0.0,0,507,4738
652,2014-02-12,3,4460.0,523,0,0.0,0,595,4732
653,2014-02-12,3,4344.0,417,0,0.0,0,611,4968
654,2014-02-12,3,5697.0,696,0,0.0,0,651,2800
655,2014-02-12,3,5985.0,564,0,0.0,0,700,5331
656,2014-02-12,3,2748.0,337,0,0.0,0,526,3227
657,2014-02-12,3,4576.0,651,0,0.0,0,728,4672
658,2014-02-12,3,5019.0,555,0,0.0,0,560,4008
659,2014-02-12,3,5148.0,717,0,0.0,0,664,4677
660,2014-02-12,3,3394.0,429,0,0.0,0,508,3468
661,2014-02-12,3,6506.0,550,0,0.0,0,315,3554
662,2014-02-12,3,6356.0,640,0,0.0,0,472,5071
663,2014-02-12,3,4025.0,646,0,0.0,0,865,5041
664,2014-02-12,3,3545.0,507,0,0.0,0,486,3706
665,2014-02-12,3,7323.0,1261,0,0.0,0,816,6261
666,2014-02-12,3,4428.0,485,0,0.0,0,499,4156
667,2014-02-12,3,6005.0,630,0,0.0,0,276,4860
668,2014-02-12,3,7109.0,1026,0,0.0,0,851,7134
669,2014-02-12,3,3172.0,298,0,0.0,0,703,4513
670,2014-02-12,3,5076.0,611,0,0.0,0,396,5330
671,2014-02-12,3,4322.0,526,0,0.0,0,503,4182
672,2014-02-12,3,6085.0,1124,0,0.0,0,1510,8155
673,2014-02-12,3,5243.0,507,0,0.0,0,547,5255
674,2014-02-12,3,6503.0,967,0,0.0,0,809,7901
675,2014-02-12,3,3043.0,379,0,0.0,0,1115,5419
676,2014-02-12,3,6288.0,1568,0,0.0,0,453,3978
677,2014-02-12,3,6220.0,581,0,0.0,0,816,7093
678,2014-02-12,3,5174.0,732,0,0.0,0,271,3475
679,2014-02-12,3,8056.0,1007,0,0.0,0,435,4622
680,2014-02-12,3,4578.0,763,0,0.0,0,355,3563
681,2014-02-12,3,2476.0,449,0,0.0,0,806,3055
682,2014-02-12,3,10282.0,1729,0,0.0,0,512,5540
683,2014-02-12,3,7935.0,873,0,0.0,0,878,9746
684,2014-02-12,3,5409.0,455,0,0.0,0,777,6960
685,2014-02-12,3,4857.0,543,0,0.0,0,412,4629
686,2014-02-12,3,4907.0,668,0,0.0,0,405,4286
687,2014-02-12,3,6639.0,665,0,0.0,0,113,2880
688,2014-02-12,3,3173.0,337,0,0.0,0,550,3789
689,2014-02-12,3,5125.0,619,0,0.0,0,680,5773
690,2014-02-12,3,4847.0,831,0,0.0,0,1500,5600
691,2014-02-12,3,5974.0,491,0,0.0,0,869,6674
692,2014-02-12,3,5134.0,748,0,0.0,0,919,5878
693,2014-02-12,3,3998.0,367,0,0.0,0,1066,6675
694,2014-02-12,3,5958.0,635,0,0.0,0,913,6156
695,2014-02-12,3,3642.0,396,0,0.0,0,1276,6222
696,2014-02-12,3,6427.0,912,0,0.0,0,380,3978
697,2014-02-12,3,8568.0,892,0,0.0,0,1463,10212
698,2014-02-12,3,13856.0,1856,0,0.0,0,15,4022
699,2014-02-12,3,6706.0,871,0,0.0,0,518,5273
700,2014-02-12,3,3426.0,520,0,0.0,0,414,3286
701,2014-02-12,3,4375.0,537,0,0.0,0,1305,4891
702,2014-02-12,3,3058.0,273,0,0.0,0,1524,5012
703,2014-02-12,3,2895.0,343,0,0.0,0,532,2778
704,2014-02-12,3,8615.0,1005,0,0.0,0,540,5092
705,2014-02-12,3,6355.0,891,0,0.0,0,657,5522
706,2014-02-12,3,3918.0,416,0,0.0,0,1000,5166
707,2014-02-12,3,6894.0,844,0,0.0,0,325,4300
708,2014-02-12,3,3539.0,407,0,0.0,0,519,3526
709,2014-02-12,3,9577.0,1415,0,0.0,0,739,8407
710,2014-02-12,3,3516.0,306,0,0.0,0,832,5208
711,2014-02-12,3,5419.0,442,0,0.0,0,874,4336
712,2014-02-12,3,5234.0,482,0,0.0,0,1047,4502
713,2014-02-12,3,8282.0,1212,0,0.0,0,804,6342
714,2014-02-12,3,3201.0,276,0,0.0,0,379,3194
715,2014-02-12,3,5465.0,689,0,0.0,0,284,4287
716,2014-02-12,3,3885.0,347,0,0.0,0,885,4958
717,2014-02-12,3,3641.0,475,0,0.0,0,347,4124
718,2014-02-12,3,6438.0,805,0,0.0,0,253,3640
719,2014-02-12,3,4477.0,383,0,0.0,0,763,4443
720,2014-02-12,3,6495.0,711,0,0.0,0,461,4875
721,2014-02-12,3,5968.0,710,0,0.0,0,583,5565
722,2014-02-12,3,8629.0,1509,0,0.0,0,632,7445
723,2014-02-12,3,5051.0,443,0,0.0,0,408,4447
724,2014-02-12,3,5467.0,628,0,0.0,0,830,6625
725,2014-02-12,3,4566.0,508,0,0.0,0,343,3933
726,2014-02-12,3,9589.0,1095,0,0.0,0,412,3298
727,2014-02-12,3,3683.0,423,0,0.0,0,547,3788
728,2014-02-12,3,3457.0,358,0,0.0,0,417,3770
729,2014-02-12,3,8003.0,944,0,0.0,0,1685,11189
730,2014-02-12,3,6234.0,886,0,0.0,0,894,5717
731,2014-02-12,3,7109.0,901,0,0.0,0,936,7964
732,2014-02-12,3,3799.0,484,0,0.0,0,433,4309
733,2014-02-12,3,13010.0,3236,0,0.0,0,412,5619
734,2014-02-12,3,4291.0,502,0,0.0,0,939,6973
735,2014-02-12,3,3543.0,440,0,0.0,0,271,2733
736,2014-02-12,3,3796.0,409,0,0.0,0,686,4065
737,2014-02-12,3,5389.0,844,0,0.0,0,1372,6662
738,2014-02-12,3,6434.0,582,0,0.0,0,867,8623
739,2014-02-12,3,7309.0,622,0,0.0,0,496,5110
740,2014-02-12,3,5263.0,412,0,0.0,0,429,6271
741,2014-02-12,3,6821.0,875,0,0.0,0,866,6415
742,2014-02-12,3,6109.0,740,0,0.0,0,1133,5781
743,2014-02-12,3,2878.0,383,0,0.0,0,332,3428
744,2014-02-12,3,6250.0,760,0,0.0,0,999,6034
745,2014-02-12,3,6290.0,736,0,0.0,0,653,4579
746,2014-02-12,3,3977.0,379,0,0.0,0,632,2901
747,2014-02-12,3,5948.0,625,0,0.0,0,133,3129
748,2014-02-12,3,3901.0,374,0,0.0,0,555,4312
749,2014-02-12,3,4626.0,686,0,0.0,0,1203,5778
750,2014-02-12,3,3799.0,340,0,0.0,0,624,3966
751,2014-02-12,3,3761.0,547,0,0.0,0,527,5328
752,2014-02-12,3,4024.0,386,0,0.0,0,2120,4585
753,2014-02-12,3,6500.0,656,0,0.0,0,679,6958
754,2014-02-12,3,5483.0,764,0,0.0,0,701,6163
755,2014-02-12,3,8212.0,744,0,0.0,0,278,2580
756,2014-02-12,3,12616.0,1929,0,0.0,0,386,5542
757,2014-02-12,3,4517.0,495,0,0.0,0,481,4698
758,2014-02-12,3,4278.0,646,0,0.0,0,1935,5786
759,2014-02-12,3,5464.0,736,0,0.0,0,496,4372
760,2014-02-12,3,6676.0,1059,0,0.0,0,781,5797
761,2014-02-12,3,7573.0,942,0,0.0,0,149,4003
762,2014-02-12,3,1935.0,271,0,0.0,0,769,3767
763,2014-02-12,3,4500.0,466,0,0.0,0,364,4377
764,2014-02-12,3,2992.0,382,0,0.0,0,401,2490
765,2014-02-12,3,6736.0,655,0,0.0,0,891,5497
766,2014-02-12,3,4934.0,476,0,0.0,0,226,2280
767,2014-02-12,3,4577.0,558,0,0.0,0,488,5004
768,2014-02-12,3,10240.0,1185,0,0.0,0,753,8092
769,2014-02-12,3,9514.0,2906,0,0.0,0,689,7918
770,2014-02-12,3,5507.0,690,0,0.0,0,610,5006
771,2014-02-12,3,5252.0,652,0,0.0,0,647,4828
772,2014-02-12,3,3059.0,449,0,0.0,0,324,2310
773,2014-02-12,3,6395.0,781,0,0.0,0,358,4006
774,2014-02-12,3,4994.0,744,0,0.0,0,662,2870
775,2014-02-12,3,7418.0,555,0,0.0,0,333,4713
776,2014-02-12,3,3484.0,442,0,0.0,0,321,2983
777,2014-02-12,3,2664.0,272,0,0.0,0,1048,4625
778,2014-02-12,3,4895.0,704,0,0.0,0,811,5302
779,2014-02-12,3,5568.0,627,0,0.0,0,443,5064
780,2014-02-12,3,4812.0,663,0,0.0,0,403,2659
781,2014-02-12,3,3799.0,659,0,0.0,0,257,2505
782,2014-02-12,3,3876.0,442,0,0.0,0,339,3563
783,2014-02-12,3,5001.0,592,0,0.0,0,344,4237
784,2014-02-12,3,6195.0,798,0,0.0,0,251,3492
785,2014-02-12,3,3780.0,385,0,0.0,0,928,6141
786,2014-02-12,3,3063.0,534,0,0.0,0,491,2985
787,2014-02-12,3,9107.0,1047,0,0.0,0,409,3767
788,2014-02-12,3,16544.0,1728,0,0.0,0,955,14494
789,2014-02-12,3,3286.0,459,0,0.0,0,325,2958
790,2014-02-12,3,5492.0,560,0,0.0,0,231,2808
791,2014-02-12,3,5886.0,710,0,0.0,0,352,3746
792,2014-02-12,3,4952.0,576,0,0.0,0,540,5975
793,2014-02-12,3,2512.0,308,0,0.0,0,621,4402
794,2014-02-12,3,3001.0,509,0,0.0,0,848,1176
795,2014-02-12,3,2932.0,404,0,0.0,0,579,3620
796,2014-02-12,3,5711.0,620,0,0.0,0,637,5568
797,2014-02-12,3,2561.0,288,0,0.0,0,604,4095
798,2014-02-12,3,7040.0,965,0,0.0,0,1056,7508
799,2014-02-12,3,8459.0,839,0,0.0,0,659,7002
800,2014-02-12,3,4598.0,446,0,0.0,0,398,3424
801,2014-02-12,3,3388.0,400,0,0.0,0,552,3439
802,2014-02-12,3,5073.0,466,0,0.0,0,445,4860
803,2014-02-12,3,4157.0,405,0,0.0,0,359,3344
804,2014-02-12,3,4153.0,371,0,0.0,0,686,3973
805,2014-02-12,3,3875.0,428,0,0.0,0,417,4840
806,2014-02-12,3,4502.0,414,0,0.0,0,505,4409
807,2014-02-12,3,8311.0,919,0,0.0,0,648,6633
808,2014-02-12,3,6301.0,585,0,0.0,0,560,4779
809,2014-02-12,3,7213.0,674,0,0.0,0,1213,8424
810,2014-02-12,3,4556.0,426,0,0.0,0,144,3166
811,2014-02-12,3,3800.0,680,0,0.0,0,505,3389
812,2014-02-12,3,5615.0,741,0,0.0,0,506,4067
813,2014-02-12,3,5005.0,625,0,0.0,0,547,5120
814,2014-02-12,3,6565.0,565,0,0.0,0,470,5409
815,2014-02-12,3,7234.0,783,0,0.0,0,883,7602
816,2014-02-12,3,4110.0,678,0,0.0,0,708,4601
817,2014-02-12,3,20459.0,3208,0,0.0,0,560,7936
818,2014-02-12,3,4509.0,544,0,0.0,0,569,6271
819,2014-02-12,3,4939.0,491,0,0.0,0,623,4304
820,2014-02-12,3,9427.0,980,0,0.0,0,580,5740
821,2014-02-12,3,5859.0,817,0,0.0,0,378,4918
822,2014-02-12,3,5556.0,529,0,0.0,0,793,5286
823,2014-02-12,3,4296.0,502,0,0.0,0,1158,4363
824,2014-02-12,3,6324.0,913,0,0.0,0,321,3889
825,2014-02-12,3,3102.0,401,0,0.0,0,485,3363
826,2014-02-12,3,7175.0,716,0,0.0,0,681,5518
827,2014-02-12,3,8649.0,1214,0,0.0,0,740,8339
828,2014-02-12,3,4221.0,569,0,0.0,0,675,5164
829,2014-02-12,3,4532.0,674,0,0.0,0,521,4845
830,2014-02-12,3,5469.0,578,0,0.0,0,534,5939
831,2014-02-12,3,10358.0,1500,0,0.0,0,300,3129
832,2014-02-12,3,4303.0,450,0,0.0,0,515,4285
833,2014-02-12,3,4547.0,463,0,0.0,0,885,4735
834,2014-02-12,3,4440.0,563,0,0.0,0,309,4257
835,2014-02-12,3,4031.0,611,0,0.0,0,593,3817
836,2014-02-12,3,5298.0,726,0,0.0,0,288,3700
838,2014-02-12,3,7132.0,797,0,0.0,0,755,5745
839,2014-02-12,3,4607.0,639,0,0.0,0,927,5554
840,2014-02-12,3,6837.0,1070,0,0.0,0,637,6334
841,2014-02-12,3,2716.0,417,0,0.0,0,1115,3838
842,2014-02-12,3,15246.0,962,0,0.0,0,573,10210
843,2014-02-12,3,7141.0,929,0,0.0,0,475,4820
844,2014-02-12,3,3732.0,462,0,0.0,0,514,3676
845,2014-02-12,3,3386.0,271,0,0.0,0,890,4680
846,2014-02-12,3,6777.0,728,0,0.0,0,427,4814
847,2014-02-12,3,5463.0,912,0,0.0,0,426,5039
848,2014-02-12,3,4770.0,646,0,0.0,0,527,5628
849,2014-02-12,3,6610.0,823,0,0.0,0,655,6607
850,2014-02-12,3,5008.0,545,0,0.0,0,1114,6583
851,2014-02-12,3,4752.0,430,0,0.0,0,302,3287
852,2014-02-12,3,3529.0,560,0,0.0,0,873,4461
853,2014-02-12,3,7964.0,963,0,0.0,0,2076,10686
854,2014-02-12,3,4727.0,594,0,0.0,0,460,4067
855,2014-02-12,3,4464.0,525,0,0.0,0,394,4171
856,2014-02-12,3,5433.0,875,0,0.0,0,581,5119
857,2014-02-12,3,5753.0,789,0,0.0,0,832,6163
858,2014-02-12,3,3850.0,390,0,0.0,0,905,3494
859,2014-02-12,3,5826.0,625,0,0.0,0,825,6346
860,2014-02-12,3,4176.0,596,0,0.0,0,766,4690
861,2014-02-12,3,2855.0,520,0,0.0,0,347,1449
862,2014-02-12,3,7105.0,1072,0,0.0,0,604,5750
863,2014-02-12,3,6675.0,875,0,0.0,0,564,6434
864,2014-02-12,3,3444.0,568,0,0.0,0,791,2322
865,2014-02-12,3,5835.0,540,0,0.0,0,502,5167
866,2014-02-12,3,4824.0,367,0,0.0,0,370,4968
867,2014-02-12,3,2747.0,296,0,0.0,0,843,3082
868,2014-02-12,3,7369.0,547,0,0.0,0,759,7495
869,2014-02-12,3,4285.0,744,0,0.0,0,517,4299
870,2014-02-12,3,6329.0,876,0,0.0,0,464,5493
871,2014-02-12,3,4150.0,366,0,0.0,0,852,5126
872,2014-02-12,3,7140.0,791,0,0.0,0,726,7516
873,2014-02-12,3,3853.0,509,0,0.0,0,423,3268
874,2014-02-12,3,3316.0,408,0,0.0,0,768,3645
875,2014-02-12,3,3534.0,367,0,0.0,0,691,5862
876,2014-02-12,3,7437.0,953,0,0.0,0,932,7203
877,2014-02-12,3,5353.0,872,0,0.0,0,917,5715
878,2014-02-12,3,7942.0,847,0,0.0,0,958,7112
879,2014-02-12,3,2736.0,274,0,0.0,0,827,3245
880,2014-02-12,3,6009.0,745,0,0.0,0,420,3613
881,2014-02-12,3,3585.0,606,0,0.0,0,314,2602
882,2014-02-12,3,5216.0,726,0,0.0,0,486,4159
883,2014-02-12,3,3707.0,441,0,0.0,0,1209,7116
884,2014-02-12,3,3975.0,426,0,0.0,0,1378,6000
885,2014-02-12,3,4771.0,646,0,0.0,0,603,3710
886,2014-02-12,3,5262.0,576,0,0.0,0,516,4592
887,2014-02-12,3,4977.0,460,0,0.0,0,289,2875
888,2014-02-12,3,5425.0,581,0,0.0,0,590,5824
889,2014-02-12,3,3370.0,410,0,0.0,0,471,4525
890,2014-02-12,3,3871.0,324,0,0.0,0,421,3870
891,2014-02-12,3,6337.0,982,0,0.0,0,837,5777
892,2014-02-12,3,6180.0,668,0,0.0,0,924,6324
893,2014-02-12,3,5547.0,791,0,0.0,0,1120,7393
894,2014-02-12,3,6378.0,945,0,0.0,0,1135,6870
895,2014-02-12,3,7281.0,757,0,0.0,0,693,7107
896,2014-02-12,3,5895.0,964,0,0.0,0,466,5010
897,2014-02-12,3,2152.0,265,0,0.0,0,537,2819
898,2014-02-12,3,5645.0,701,0,0.0,0,669,5006
899,2014-02-12,3,4167.0,517,0,0.0,0,977,5552
900,2014-02-12,3,4774.0,488,0,0.0,0,371,5308
901,2014-02-12,3,6146.0,571,0,0.0,0,460,4649
902,2014-02-12,3,4400.0,599,0,0.0,0,352,3352
903,2014-02-12,3,8402.0,654,0,0.0,0,364,4696
904,2014-02-12,3,4282.0,426,0,0.0,0,734,6841
905,2014-02-12,3,8408.0,1398,0,0.0,0,491,4207
906,2014-02-12,3,9061.0,1180,0,0.0,0,492,5601
907,2014-02-12,3,5117.0,698,0,0.0,0,703,4619
908,2014-02-12,3,3365.0,316,0,0.0,0,1281,4394
909,2014-02-12,3,7665.0,838,0,0.0,0,619,6617
910,2014-02-12,3,3789.0,461,0,0.0,0,699,4689
911,2014-02-12,3,7674.0,812,0,0.0,0,423,3859
912,2014-02-12,3,4738.0,653,0,0.0,0,418,3641
913,2014-02-12,3,6474.0,1004,0,0.0,0,419,3605
914,2014-02-12,3,7196.0,1039,0,0.0,0,437,4231
915,2014-02-12,3,3672.0,352,0,0.0,0,267,3992
916,2014-02-12,3,4124.0,610,0,0.0,0,689,5882
917,2014-02-12,3,5634.0,688,0,0.0,0,380,2949
918,2014-02-12,3,4463.0,568,0,0.0,0,914,6088
919,2014-02-12,3,4625.0,641,0,0.0,0,554,4177
920,2014-02-12,3,4382.0,497,0,0.0,0,476,3967
921,2014-02-12,3,8656.0,1064,0,0.0,0,974,7401
922,2014-02-12,3,6205.0,639,0,0.0,0,314,4331
923,2014-02-12,3,4630.0,603,0,0.0,0,368,4301
924,2014-02-12,3,3586.0,410,0,0.0,0,1455,6182
925,2014-02-12,3,5527.0,1055,0,0.0,0,667,5889
926,2014-02-12,3,4736.0,431,0,0.0,0,1001,6629
927,2014-02-12,3,4916.0,774,0,0.0,0,1326,6249
928,2014-02-12,3,5134.0,517,0,0.0,0,507,4793
929,2014-02-12,3,5142.0,721,0,0.0,0,475,4192
930,2014-02-12,3,4811.0,909,0,0.0,0,495,5248
931,2014-02-12,3,2634.0,349,0,0.0,0,458,1668
932,2014-02-12,3,6121.0,679,0,0.0,0,417,4421
933,2014-02-12,3,6166.0,913,0,0.0,0,824,5354
934,2014-02-12,3,5400.0,650,0,0.0,0,466,5579
935,2014-02-12,3,4667.0,580,0,0.0,0,976,3692
936,2014-02-12,3,6227.0,836,0,0.0,0,877,5541
937,2014-02-12,3,4954.0,465,0,0.0,0,320,4802
938,2014-02-12,3,7335.0,831,0,0.0,0,791,7076
939,2014-02-12,3,4016.0,441,0,0.0,0,564,5125
940,2014-02-12,3,6015.0,646,0,0.0,0,346,2633
941,2014-02-12,3,3707.0,499,0,0.0,0,267,2830
942,2014-02-12,3,4197.0,387,0,0.0,0,1367,7205
943,2014-02-12,3,5338.0,509,0,0.0,0,942,5579
944,2014-02-12,3,5973.0,1014,0,0.0,0,385,4140
945,2014-02-12,3,3911.0,577,0,0.0,0,579,3914
946,2014-02-12,3,3456.0,483,0,0.0,0,1018,4097
947,2014-02-12,3,7029.0,1099,0,0.0,0,830,7641
948,2014-02-12,3,6140.0,1641,0,0.0,0,638,4984
949,2014-02-12,3,4530.0,495,0,0.0,0,993,6894
950,2014-02-12,3,4122.0,502,0,0.0,0,586,2396
951,2014-02-12,3,5991.0,630,0,0.0,0,1056,8134
952,2014-02-12,3,4799.0,447,0,0.0,0,536,4799
953,2014-02-12,3,4175.0,495,0,0.0,0,2402,5448
954,2014-02-12,3,5636.0,905,0,0.0,0,830,5839
955,2014-02-12,3,3641.0,396,0,0.0,0,987,5705
956,2014-02-12,3,3767.0,517,0,0.0,0,293,4209
957,2014-02-12,3,6354.0,828,0,0.0,0,342,4393
958,2014-02-12,3,3718.0,557,0,0.0,0,390,2774
959,2014-02-12,3,5934.0,727,0,0.0,0,443,3156
960,2014-02-12,3,6023.0,519,0,0.0,0,549,4811
961,2014-02-12,3,5092.0,591,0,0.0,0,652,6045
962,2014-02-12,3,5157.0,766,0,0.0,0,293,3513
963,2014-02-12,3,8372.0,866,0,0.0,0,871,8678
964,2014-02-12,3,7541.0,1231,0,0.0,0,530,4874
965,2014-02-12,3,7268.0,882,0,0.0,0,995,6786
966,2014-02-12,3,3718.0,565,0,0.0,0,918,5009
967,2014-02-12,3,5849.0,740,0,0.0,0,819,5759
968,2014-02-12,3,6519.0,897,0,0.0,0,786,4738
969,2014-02-12,3,2965.0,553,0,0.0,0,672,3846
970,2014-02-12,3,3463.0,448,0,0.0,0,563,3962
971,2014-02-12,3,5885.0,788,0,0.0,0,416,5238
972,2014-02-12,3,2875.0,369,0,0.0,0,1278,4352
973,2014-02-12,3,4625.0,721,0,0.0,0,1029,6458
974,2014-02-12,3,9561.0,1510,0,0.0,0,359,3589
975,2014-02-12,3,5796.0,633,0,0.0,0,428,4255
976,2014-02-12,3,6217.0,716,0,0.0,0,516,6660
977,2014-02-12,3,3715.0,419,0,0.0,0,1151,5967
978,2014-02-12,3,5980.0,920,0,0.0,0,581,5132
979,2014-02-12,3,4169.0,517,0,0.0,0,480,4286
980,2014-02-12,3,4870.0,465,0,0.0,0,444,4843
981,2014-02-12,3,5176.0,622,0,0.0,0,632,6131
982,2014-02-12,3,5947.0,564,0,0.0,0,891,5657
983,2014-02-12,3,10120.0,1434,0,0.0,0,422,3242
984,2014-02-12,3,4208.0,602,0,0.0,0,1382,6184
985,2014-02-12,3,5615.0,669,0,0.0,0,570,5741
986,2014-02-12,3,4718.0,737,0,0.0,0,228,2631
987,2014-02-12,3,5663.0,814,0,0.0,0,528,4545
988,2014-02-12,3,3725.0,640,0,0.0,0,540,3664
989,2014-02-12,3,4378.0,574,0,0.0,0,602,4776
990,2014-02-12,3,4600.0,451,0,0.0,0,707,4336
991,2014-02-12,3,4052.0,393,0,0.0,0,281,3072
992,2014-02-12,3,5321.0,699,0,0.0,0,757,5524
993,2014-02-12,3,5729.0,637,0,0.0,0,614,4007
994,2014-02-12,3,3672.0,413,0,0.0,0,621,2807
995,2014-02-12,3,7312.0,662,0,0.0,0,908,8039
996,2014-02-12,3,5073.0,629,0,0.0,0,540,5107
997,2014-02-12,3,3388.0,323,0,0.0,0,389,4437
998,2014-02-12,3,3645.0,493,0,0.0,0,515,3171
999,2014-02-12,3,7128.0,544,0,0.0,0,501,5517
1000,2014-02-12,3,5167.0,555,0,0.0,0,486,4874
1001,2014-02-12,3,3967.0,551,0,0.0,0,518,2481
1002,2014-02-12,3,4895.0,620,0,0.0,0,666,5449
1003,2014-02-12,3,5217.0,654,0,0.0,0,552,5087
1004,2014-02-12,3,3815.0,360,0,0.0,0,364,2136
1005,2014-02-12,3,4932.0,778,0,0.0,0,613,6115
1006,2014-02-12,3,4773.0,760,0,0.0,0,1084,6674
1007,2014-02-12,3,4951.0,668,0,0.0,0,815,5419
1008,2014-02-12,3,4083.0,645,0,0.0,0,552,5314
1009,2014-02-12,3,4175.0,420,0,0.0,0,878,5180
1010,2014-02-12,3,5683.0,616,0,0.0,0,428,5353
1011,2014-02-12,3,6398.0,839,0,0.0,0,585,5479
1012,2014-02-12,3,4867.0,458,0,0.0,0,641,6323
1013,2014-02-12,3,3083.0,398,0,0.0,0,717,5119
1014,2014-02-12,3,11158.0,1338,0,0.0,0,405,3714
1015,2014-02-12,3,4071.0,410,0,0.0,0,378,4748
1016,2014-02-12,3,3959.0,417,0,0.0,0,537,6363
1017,2014-02-12,3,6235.0,964,0,0.0,0,403,4399
1018,2014-02-12,3,9160.0,1211,0,0.0,0,850,8889
1019,2014-02-12,3,6454.0,605,0,0.0,0,423,5093
1020,2014-02-12,3,7180.0,990,0,0.0,0,614,6133
1021,2014-02-12,3,7645.0,952,0,0.0,0,957,7161
1022,2014-02-12,3,5559.0,730,0,0.0,0,1695,7061
1023,2014-02-12,3,4217.0,510,0,0.0,0,953,5087
1024,2014-02-12,3,4431.0,665,0,0.0,0,663,6245
1025,2014-02-12,3,6420.0,805,0,0.0,0,304,4437
1026,2014-02-12,3,6748.0,997,0,0.0,0,455,2588
1027,2014-02-12,3,10186.0,1375,0,0.0,0,535,5949
1028,2014-02-12,3,3509.0,458,0,0.0,0,899,6174
1029,2014-02-12,3,4894.0,760,0,0.0,0,645,3450
1030,2014-02-12,3,2773.0,290,0,0.0,0,529,3184
1031,2014-02-12,3,2929.0,317,0,0.0,0,316,2456
1032,2014-02-12,3,7540.0,894,0,0.0,0,482,5295
1033,2014-02-12,3,11352.0,1206,0,0.0,0,673,8047
1034,2014-02-12,3,5661.0,660,0,0.0,0,1407,8351
1035,2014-02-12,3,3691.0,536,0,0.0,0,602,3887
1036,2014-02-12,3,3814.0,420,0,0.0,0,369,3631
1037,2014-02-12,3,5593.0,855,0,0.0,0,664,7015
1038,2014-02-12,3,4336.0,417,0,0.0,0,354,2901
1039,2014-02-12,3,6426.0,944,0,0.0,0,767,6007
1040,2014-02-12,3,7027.0,780,0,0.0,0,825,6466
1041,2014-02-12,3,4549.0,576,0,0.0,0,616,4807
1042,2014-02-12,3,3166.0,469,0,0.0,0,545,3737
1043,2014-02-12,3,6532.0,1037,0,0.0,0,932,9408
1044,2014-02-12,3,4922.0,723,0,0.0,0,300,3055
1045,2014-02-12,3,5697.0,789,0,0.0,0,367,4425
1046,2014-02-12,3,6938.0,583,0,0.0,0,716,6798
1047,2014-02-12,3,4691.0,486,0,0.0,0,764,4377
1048,2014-02-12,3,4732.0,418,0,0.0,0,532,5153
1049,2014-02-12,3,3481.0,616,0,0.0,0,396,4448
1050,2014-02-12,3,5517.0,416,0,0.0,0,892,6187
1051,2014-02-12,3,6062.0,943,0,0.0,0,456,4347
1052,2014-02-12,3,5841.0,700,0,0.0,0,526,4798
1053,2014-02-12,3,6909.0,915,0,0.0,0,582,6369
1054,2014-02-12,3,4821.0,580,0,0.0,0,717,5037
1055,2014-02-12,3,6349.0,868,0,0.0,0,355,3701
1056,2014-02-12,3,2941.0,314,0,0.0,0,804,2522
1057,2014-02-12,3,4591.0,512,0,0.0,0,547,5325
1058,2014-02-12,3,5476.0,684,0,0.0,0,576,6580
1059,2014-02-12,3,6730.0,1000,0,0.0,0,905,6541
1060,2014-02-12,3,6108.0,807,0,0.0,0,832,6317
1061,2014-02-12,3,5644.0,485,0,0.0,0,444,4857
1062,2014-02-12,3,4510.0,459,0,0.0,0,474,5177
1063,2014-02-12,3,3280.0,495,0,0.0,0,538,3236
1064,2014-02-12,3,7859.0,977,0,0.0,0,1007,5811
1065,2014-02-12,3,3420.0,457,0,0.0,0,489,3112
1066,2014-02-12,3,9611.0,1081,0,0.0,0,468,4659
1067,2014-02-12,3,4476.0,418,0,0.0,0,583,2505
1068,2014-02-12,3,3945.0,274,0,0.0,0,234,2811
1069,2014-02-12,3,6463.0,1006,0,0.0,0,388,4255
1070,2014-02-12,3,5209.0,713,0,0.0,0,791,6578
1071,2014-02-12,3,4768.0,651,0,0.0,0,568,4337
1072,2014-02-12,3,6242.0,619,0,0.0,0,1003,6394
1073,2014-02-12,3,6302.0,911,0,0.0,0,1072,6418
1074,2014-02-12,3,3494.0,452,0,0.0,0,658,4220
1075,2014-02-12,3,8748.0,967,0,0.0,0,413,3710
1076,2014-02-12,3,2786.0,508,0,0.0,0,1045,2526
1077,2014-02-12,3,3424.0,422,0,0.0,0,619,1998
1078,2014-02-12,3,4890.0,430,0,0.0,0,702,5327
1079,2014-02-12,3,5936.0,563,0,0.0,0,474,4938
1080,2014-02-12,3,8696.0,759,0,0.0,0,2382,8336
1081,2014-02-12,3,6604.0,1126,0,0.0,0,386,5170
1082,2014-02-12,3,5758.0,936,0,0.0,0,1049,6512
1083,2014-02-12,3,4147.0,325,0,0.0,0,1983,6704
1084,2014-02-12,3,5240.0,746,0,0.0,0,289,2248
1085,2014-02-12,3,6317.0,724,0,0.0,0,514,5021
1086,2014-02-12,3,5291.0,705,0,0.0,0,919,6172
1087,2014-02-12,3,4803.0,525,0,0.0,0,654,4648
1088,2014-02-12,3,4333.0,465,0,0.0,0,589,4305
1089,2014-02-12,3,7727.0,871,0,0.0,0,722,7392
1090,2014-02-12,3,6271.0,946,0,0.0,0,606,5262
1091,2014-02-12,3,5669.0,546,0,0.0,0,445,5700
1092,2014-02-12,3,9377.0,983,0,0.0,0,836,7503
1093,2014-02-12,3,7366.0,812,0,0.0,0,306,4400
1094,2014-02-12,3,3478.0,314,0,0.0,0,525,3853
1095,2014-02-12,3,4284.0,657,0,0.0,0,441,4533
1096,2014-02-12,3,4030.0,561,0,0.0,0,643,3708
1097,2014-02-12,3,9414.0,2533,0,0.0,0,842,7545
1098,2014-02-12,3,4311.0,657,0,0.0,0,700,4864
1099,2014-02-12,3,6140.0,807,0,0.0,0,642,6407
1100,2014-02-12,3,4263.0,623,0,0.0,0,562,5415
1101,2014-02-12,3,7351.0,866,0,0.0,0,445,5060
1102,2014-02-12,3,5988.0,680,0,0.0,0,517,4625
1103,2014-02-12,3,3484.0,288,0,0.0,0,846,4564
1104,2014-02-12,3,3898.0,323,0,0.0,0,570,4412
1105,2014-02-12,3,3372.0,406,0,0.0,0,759,5130
1106,2014-02-12,3,4206.0,529,0,0.0,0,911,5338
1107,2014-02-12,3,4234.0,521,0,0.0,0,413,3741
1108,2014-02-12,3,4832.0,533,0,0.0,0,1104,5062
1109,2014-02-12,3,3652.0,394,0,0.0,0,370,3863
1110,2014-02-12,3,3179.0,429,0,0.0,0,1128,5458
1111,2014-02-12,3,4889.0,433,0,0.0,0,291,3446
1112,2014-02-12,3,6779.0,647,0,0.0,0,510,4663
1113,2014-02-12,3,5347.0,648,0,0.0,0,383,4254
1114,2014-02-12,3,17462.0,2826,0,0.0,0,895,12037
1115,2014-02-12,3,3982.0,319,0,0.0,0,676,6198
1,2014-02-05,3,5031.0,581,1,1.0,1,516,5181
2,2014-02-05,3,7198.0,820,1,1.0,1,584,5772
3,2014-02-05,3,8124.0,834,1,1.0,1,795,7019
4,2014-02-05,3,10046.0,1386,1,1.0,1,812,10589
5,2014-02-05,3,6486.0,700,1,1.0,1,536,4711
6,2014-02-05,3,6017.0,695,1,1.0,1,1480,7279
7,2014-02-05,3,8998.0,922,1,1.0,1,921,7545
8,2014-02-05,3,6595.0,757,1,1.0,1,469,5610
9,2014-02-05,3,7514.0,643,1,1.0,1,941,6838
10,2014-02-05,3,5062.0,590,1,1.0,1,1997,3337
11,2014-02-05,3,9024.0,1219,1,1.0,1,548,7810
12,2014-02-05,3,9489.0,1036,1,1.0,1,831,7561
13,2014-02-05,3,6058.0,441,1,1.0,1,538,5875
14,2014-02-05,3,5842.0,634,1,1.0,1,1053,7365
15,2014-02-05,3,7593.0,665,1,1.0,1,467,7182
16,2014-02-05,3,8487.0,915,1,1.0,1,1301,7762
17,2014-02-05,3,8126.0,926,1,1.0,1,909,6607
18,2014-02-05,3,7434.0,826,1,1.0,1,785,6803
19,2014-02-05,3,7119.0,708,1,1.0,1,774,9141
20,2014-02-05,3,8352.0,964,1,1.0,1,683,7988
21,2014-02-05,3,6339.0,582,1,1.0,1,802,6233
22,2014-02-05,3,4805.0,505,1,1.0,1,1183,7477
23,2014-02-05,3,6132.0,465,1,1.0,1,1214,7503
24,2014-02-05,3,11179.0,973,1,1.0,1,440,8062
26,2014-02-05,3,7733.0,555,1,1.0,1,1810,6379
27,2014-02-05,3,11685.0,1189,1,1.0,1,504,7678
28,2014-02-05,3,5635.0,603,1,1.0,1,588,5694
29,2014-02-05,3,7699.0,684,1,1.0,1,708,7470
30,2014-02-05,3,6529.0,937,1,1.0,1,722,5366
31,2014-02-05,3,5940.0,578,1,1.0,1,762,6076
32,2014-02-05,3,4577.0,508,1,1.0,1,945,4572
33,2014-02-05,3,9160.0,838,1,1.0,1,777,9040
34,2014-02-05,3,7865.0,974,1,1.0,1,1011,7771
35,2014-02-05,3,11133.0,736,1,1.0,1,1117,9484
36,2014-02-05,3,9588.0,1110,1,1.0,1,820,9168
37,2014-02-05,3,7061.0,722,1,1.0,1,399,5773
38,2014-02-05,3,6337.0,529,1,1.0,1,957,7317
39,2014-02-05,3,6837.0,791,1,1.0,1,629,4939
40,2014-02-05,3,5184.0,650,1,1.0,1,431,4972
41,2014-02-05,3,5495.0,403,1,1.0,1,827,6700
42,2014-02-05,3,11022.0,1206,1,1.0,1,831,10140
43,2014-02-05,3,8601.0,714,1,1.0,1,640,7626
44,2014-02-05,3,6246.0,681,1,1.0,1,454,5437
45,2014-02-05,3,5578.0,386,1,1.0,1,871,6772
46,2014-02-05,3,6398.0,743,1,1.0,1,674,6299
47,2014-02-05,3,8346.0,1080,1,1.0,1,920,8348
48,2014-02-05,3,4588.0,494,1,1.0,1,695,5148
49,2014-02-05,3,7869.0,526,1,1.0,1,726,7248
50,2014-02-05,3,4572.0,340,1,1.0,1,430,3640
51,2014-02-05,3,6111.0,431,1,1.0,1,516,7465
52,2014-02-05,3,9276.0,570,1,1.0,1,744,8765
53,2014-02-05,3,6169.0,627,1,1.0,1,747,5573
54,2014-02-05,3,8137.0,725,1,1.0,1,913,8083
55,2014-02-05,3,5564.0,615,1,1.0,1,1135,7955
56,2014-02-05,3,6508.0,408,1,1.0,1,465,6563
57,2014-02-05,3,12888.0,1141,1,1.0,1,1623,14630
58,2014-02-05,3,7068.0,517,1,1.0,1,749,7849
59,2014-02-05,3,6726.0,685,1,1.0,1,841,5465
60,2014-02-05,3,9652.0,861,1,1.0,1,1079,8191
61,2014-02-05,3,4997.0,617,1,1.0,1,595,4249
62,2014-02-05,3,7357.0,792,1,1.0,1,765,7582
63,2014-02-05,3,7176.0,619,1,1.0,1,469,5823
64,2014-02-05,3,9871.0,726,1,1.0,1,711,10165
65,2014-02-05,3,5731.0,491,1,1.0,1,486,4559
66,2014-02-05,3,5974.0,490,1,1.0,1,1383,7661
67,2014-02-05,3,9609.0,932,1,1.0,1,802,8000
68,2014-02-05,3,7152.0,1139,1,1.0,1,732,6610
69,2014-02-05,3,9876.0,1164,1,1.0,1,830,9123
70,2014-02-05,3,7338.0,767,1,1.0,1,1139,8133
71,2014-02-05,3,10738.0,799,1,1.0,1,891,9789
72,2014-02-05,3,5457.0,563,1,1.0,1,752,6394
73,2014-02-05,3,5668.0,551,1,1.0,1,583,4713
74,2014-02-05,3,6347.0,871,1,1.0,1,887,6552
75,2014-02-05,3,5711.0,592,1,1.0,1,671,4864
76,2014-02-05,3,8947.0,878,1,1.0,1,694,9517
77,2014-02-05,3,7447.0,662,1,1.0,1,564,7699
78,2014-02-05,3,3884.0,513,1,1.0,1,719,4332
79,2014-02-05,3,6124.0,580,1,1.0,1,922,6753
80,2014-02-05,3,6838.0,489,1,1.0,1,464,7150
81,2014-02-05,3,6234.0,527,1,1.0,1,832,7442
82,2014-02-05,3,10061.0,893,1,1.0,1,1004,8210
83,2014-02-05,3,3772.0,361,1,1.0,1,514,3330
84,2014-02-05,3,14895.0,1622,1,1.0,1,1703,13243
85,2014-02-05,3,7107.0,914,1,1.0,1,1239,8368
86,2014-02-05,3,5300.0,673,1,1.0,1,810,5235
87,2014-02-05,3,6950.0,804,1,1.0,1,654,6891
88,2014-02-05,3,7096.0,693,1,1.0,1,496,6152
89,2014-02-05,3,6827.0,693,1,1.0,1,925,7594
90,2014-02-05,3,9105.0,1108,1,1.0,1,347,3231
91,2014-02-05,3,6563.0,721,1,1.0,1,513,6867
92,2014-02-05,3,7221.0,561,1,1.0,1,672,6571
93,2014-02-05,3,6210.0,598,1,1.0,1,849,7954
94,2014-02-05,3,8060.0,652,1,1.0,1,719,7101
95,2014-02-05,3,8612.0,910,1,1.0,1,863,8933
96,2014-02-05,3,7000.0,672,1,1.0,1,534,5051
97,2014-02-05,3,7416.0,689,1,1.0,1,528,7184
98,2014-02-05,3,4743.0,405,1,1.0,1,548,5712
99,2014-02-05,3,5636.0,504,1,1.0,1,408,3987
100,2014-02-05,3,8102.0,664,1,1.0,1,756,10182
101,2014-02-05,3,7782.0,769,1,1.0,1,709,7783
102,2014-02-05,3,7803.0,1154,1,1.0,1,853,7036
103,2014-02-05,3,4078.0,386,1,1.0,1,370,5024
104,2014-02-05,3,10113.0,1265,1,1.0,1,861,10378
105,2014-02-05,3,4926.0,617,1,1.0,1,341,4042
106,2014-02-05,3,9102.0,825,1,1.0,1,978,8706
107,2014-02-05,3,7477.0,959,1,1.0,1,747,9776
108,2014-02-05,3,10664.0,815,1,1.0,1,728,10530
109,2014-02-05,3,7080.0,757,1,1.0,1,770,6623
110,2014-02-05,3,5024.0,619,1,1.0,1,845,5995
111,2014-02-05,3,7804.0,570,1,1.0,1,863,6339
112,2014-02-05,3,6942.0,813,1,1.0,1,999,6781
113,2014-02-05,3,8879.0,821,1,1.0,1,474,6713
114,2014-02-05,3,5828.0,658,1,1.0,1,544,6028
115,2014-02-05,3,7896.0,574,1,1.0,1,914,6829
116,2014-02-05,3,7619.0,820,1,1.0,1,1139,7161
117,2014-02-05,3,4217.0,526,1,1.0,1,600,4180
118,2014-02-05,3,8330.0,642,1,1.0,1,673,8296
119,2014-02-05,3,7331.0,732,1,1.0,1,589,7136
120,2014-02-05,3,7607.0,654,1,1.0,1,595,8141
121,2014-02-05,3,5149.0,512,1,1.0,1,406,3874
122,2014-02-05,3,6035.0,678,1,1.0,1,1332,6572
123,2014-02-05,3,10528.0,1176,1,1.0,1,467,7219
124,2014-02-05,3,4749.0,560,1,1.0,1,953,5215
125,2014-02-05,3,12692.0,1707,1,1.0,1,239,4748
126,2014-02-05,3,7055.0,611,1,1.0,1,1153,8737
127,2014-02-05,3,5700.0,695,1,1.0,1,918,7525
128,2014-02-05,3,7648.0,608,1,1.0,1,519,6489
129,2014-02-05,3,10667.0,1235,1,1.0,1,563,7693
130,2014-02-05,3,5346.0,591,1,1.0,1,746,6155
131,2014-02-05,3,6561.0,651,1,1.0,1,760,6934
132,2014-02-05,3,6261.0,571,1,1.0,1,574,6226
133,2014-02-05,3,7836.0,842,1,1.0,1,796,6182
134,2014-02-05,3,5025.0,532,1,1.0,1,2232,4883
135,2014-02-05,3,6223.0,505,1,1.0,1,734,6023
136,2014-02-05,3,7608.0,544,1,1.0,1,692,7795
137,2014-02-05,3,8710.0,957,1,1.0,1,627,9033
138,2014-02-05,3,8311.0,787,1,1.0,1,758,7166
139,2014-02-05,3,7224.0,533,1,1.0,1,763,6954
140,2014-02-05,3,7703.0,1004,1,1.0,1,735,8080
141,2014-02-05,3,6698.0,676,1,1.0,1,1820,7177
142,2014-02-05,3,4759.0,586,1,1.0,1,1464,5545
143,2014-02-05,3,7378.0,612,1,1.0,1,983,7417
144,2014-02-05,3,7983.0,670,1,1.0,1,663,7991
145,2014-02-05,3,9410.0,1257,1,1.0,1,635,8545
146,2014-02-05,3,8046.0,673,1,1.0,1,1040,8883
147,2014-02-05,3,10062.0,988,1,1.0,1,811,9882
148,2014-02-05,3,8912.0,834,1,1.0,1,548,8401
149,2014-02-05,3,6776.0,523,1,1.0,1,689,5959
150,2014-02-05,3,8696.0,833,1,1.0,1,713,9046
151,2014-02-05,3,6946.0,659,1,1.0,1,1085,7925
152,2014-02-05,3,7382.0,765,1,1.0,1,673,5039
153,2014-02-05,3,8938.0,707,1,1.0,1,1058,8390
154,2014-02-05,3,9194.0,720,1,1.0,1,638,8411
155,2014-02-05,3,7337.0,645,1,1.0,1,607,6276
156,2014-02-05,3,8828.0,810,1,1.0,1,618,7361
157,2014-02-05,3,11358.0,1115,1,1.0,1,775,9960
158,2014-02-05,3,9448.0,548,1,1.0,1,509,7954
159,2014-02-05,3,8055.0,660,1,1.0,1,875,7865
160,2014-02-05,3,6119.0,565,1,1.0,1,553,6493
161,2014-02-05,3,7101.0,791,1,1.0,1,946,7481
162,2014-02-05,3,8344.0,549,1,1.0,1,653,7275
163,2014-02-05,3,6580.0,772,1,1.0,1,1243,8620
164,2014-02-05,3,7545.0,700,1,1.0,1,839,6930
165,2014-02-05,3,4759.0,511,1,1.0,1,1018,6004
166,2014-02-05,3,7107.0,888,1,1.0,1,1098,7471
167,2014-02-05,3,12351.0,1374,1,1.0,1,1438,10918
168,2014-02-05,3,8622.0,771,1,1.0,1,328,5289
169,2014-02-05,3,7842.0,739,1,1.0,1,416,5382
170,2014-02-05,3,5435.0,531,1,1.0,1,748,5124
171,2014-02-05,3,9232.0,907,1,1.0,1,1107,9221
172,2014-02-05,3,7060.0,894,1,1.0,1,577,7470
173,2014-02-05,3,8702.0,1024,1,1.0,1,557,8371
174,2014-02-05,3,5796.0,416,1,1.0,1,550,5072
175,2014-02-05,3,6151.0,683,1,1.0,1,840,6272
176,2014-02-05,3,5916.0,687,1,1.0,1,926,7977
177,2014-02-05,3,5097.0,575,1,1.0,1,566,4437
178,2014-02-05,3,11462.0,976,1,1.0,1,980,11049
179,2014-02-05,3,8641.0,1052,1,1.0,1,511,6252
180,2014-02-05,3,7528.0,863,1,1.0,1,662,7531
181,2014-02-05,3,8379.0,781,1,1.0,1,999,7362
182,2014-02-05,3,5437.0,404,1,1.0,1,724,6859
183,2014-02-05,3,4876.0,561,1,1.0,1,671,5548
184,2014-02-05,3,7578.0,619,1,1.0,1,1311,7809
185,2014-02-05,3,6649.0,465,1,1.0,1,893,6678
186,2014-02-05,3,4114.0,378,1,1.0,1,576,4704
187,2014-02-05,3,6467.0,828,1,1.0,1,1515,7464
188,2014-02-05,3,5601.0,456,1,1.0,1,617,7416
189,2014-02-05,3,10291.0,867,1,1.0,1,703,9788
190,2014-02-05,3,7587.0,685,1,1.0,1,830,7853
191,2014-02-05,3,5890.0,624,1,1.0,1,818,6509
192,2014-02-05,3,7326.0,529,1,1.0,1,918,7850
193,2014-02-05,3,7376.0,999,1,1.0,1,568,6757
194,2014-02-05,3,4962.0,407,1,1.0,1,776,5773
195,2014-02-05,3,12573.0,1434,1,1.0,1,874,11307
196,2014-02-05,3,5530.0,717,1,1.0,1,1083,5972
197,2014-02-05,3,8746.0,973,1,1.0,1,524,6954
198,2014-02-05,3,3460.0,364,1,1.0,1,1002,4659
199,2014-02-05,3,8741.0,595,1,1.0,1,302,5690
200,2014-02-05,3,8352.0,1000,1,1.0,1,589,6494
201,2014-02-05,3,5503.0,373,1,1.0,1,3738,5584
202,2014-02-05,3,6174.0,480,1,1.0,1,453,5540
203,2014-02-05,3,9195.0,1184,1,1.0,1,744,6752
204,2014-02-05,3,5932.0,555,1,1.0,1,780,6866
205,2014-02-05,3,7556.0,959,1,1.0,1,1291,8494
206,2014-02-05,3,7946.0,882,1,1.0,1,806,7433
207,2014-02-05,3,13333.0,1458,1,1.0,1,850,10944
208,2014-02-05,3,2740.0,363,1,1.0,1,351,3899
209,2014-02-05,3,5830.0,592,1,1.0,1,526,5234
210,2014-02-05,3,3960.0,351,1,1.0,1,985,5873
211,2014-02-05,3,15119.0,1619,1,1.0,1,753,10462
212,2014-02-05,3,6533.0,574,1,1.0,1,877,4949
213,2014-02-05,3,9844.0,736,1,1.0,1,523,8616
214,2014-02-05,3,9200.0,665,1,1.0,1,864,10000
215,2014-02-05,3,7534.0,500,1,1.0,1,297,4520
216,2014-02-05,3,7512.0,905,1,1.0,1,770,7495
217,2014-02-05,3,4640.0,668,1,1.0,1,1200,6554
218,2014-02-05,3,5967.0,773,1,1.0,1,614,3122
219,2014-02-05,3,3679.0,446,1,1.0,1,778,4116
220,2014-02-05,3,5596.0,722,1,1.0,1,647,5496
221,2014-02-05,3,5761.0,530,1,1.0,1,470,5204
222,2014-02-05,3,5431.0,600,1,1.0,1,1294,6206
223,2014-02-05,3,8764.0,808,1,1.0,1,877,9672
224,2014-02-05,3,7031.0,474,1,1.0,1,636,6380
225,2014-02-05,3,5316.0,575,1,1.0,1,911,6701
226,2014-02-05,3,7538.0,693,1,1.0,1,665,6568
227,2014-02-05,3,6744.0,598,1,1.0,1,780,7172
228,2014-02-05,3,7876.0,540,1,1.0,1,629,7863
229,2014-02-05,3,9332.0,742,1,1.0,1,694,6293
230,2014-02-05,3,7921.0,940,1,1.0,1,515,7326
231,2014-02-05,3,5039.0,393,1,1.0,1,505,5438
232,2014-02-05,3,2924.0,250,1,1.0,1,619,3115
233,2014-02-05,3,10102.0,1060,1,1.0,1,2560,9955
234,2014-02-05,3,13886.0,1148,1,1.0,1,468,6737
235,2014-02-05,3,6945.0,565,1,1.0,1,661,6986
236,2014-02-05,3,7224.0,887,1,1.0,1,730,7665
237,2014-02-05,3,4346.0,545,1,1.0,1,1438,5706
238,2014-02-05,3,9155.0,1291,1,1.0,1,938,7727
239,2014-02-05,3,4985.0,445,1,1.0,1,676,5606
240,2014-02-05,3,4732.0,453,1,1.0,1,550,5954
241,2014-02-05,3,6787.0,722,1,1.0,1,601,7865
242,2014-02-05,3,4327.0,344,1,1.0,1,897,4122
243,2014-02-05,3,9511.0,1096,1,1.0,1,458,6874
244,2014-02-05,3,5502.0,520,1,1.0,1,611,5250
245,2014-02-05,3,9194.0,1076,1,1.0,1,195,4466
246,2014-02-05,3,7522.0,987,1,1.0,1,657,6544
247,2014-02-05,3,9467.0,710,1,1.0,1,585,9155
248,2014-02-05,3,8995.0,1150,1,1.0,1,813,8260
249,2014-02-05,3,4857.0,501,1,1.0,1,1257,6443
250,2014-02-05,3,10511.0,713,1,1.0,1,680,7758
251,2014-02-05,3,21067.0,2566,1,1.0,1,790,16180
252,2014-02-05,3,12976.0,854,1,1.0,1,1158,11773
253,2014-02-05,3,7481.0,796,1,1.0,1,498,5397
254,2014-02-05,3,3024.0,238,1,1.0,1,1233,4243
255,2014-02-05,3,6497.0,660,1,1.0,1,997,6943
256,2014-02-05,3,11279.0,1398,1,1.0,1,538,8240
257,2014-02-05,3,5661.0,651,1,1.0,1,971,7149
258,2014-02-05,3,5452.0,466,1,1.0,1,735,5701
259,2014-02-05,3,12924.0,2621,1,1.0,1,516,8125
260,2014-02-05,3,6822.0,914,1,1.0,1,440,7762
261,2014-02-05,3,16781.0,1092,1,1.0,1,608,9499
262,2014-02-05,3,19773.0,2992,1,1.0,1,716,12922
263,2014-02-05,3,3458.0,336,1,1.0,1,1132,4761
264,2014-02-05,3,8704.0,1135,1,1.0,1,2141,8655
265,2014-02-05,3,5597.0,531,1,1.0,1,853,4537
266,2014-02-05,3,4937.0,603,1,1.0,1,676,4887
267,2014-02-05,3,8718.0,968,1,1.0,1,1402,11140
268,2014-02-05,3,6350.0,741,1,1.0,1,991,7595
269,2014-02-05,3,10361.0,1311,1,1.0,1,991,9909
270,2014-02-05,3,9041.0,1193,1,1.0,1,734,10156
271,2014-02-05,3,10012.0,982,1,1.0,1,727,9147
272,2014-02-05,3,7673.0,704,1,1.0,1,700,7259
273,2014-02-05,3,7629.0,750,1,1.0,1,730,6532
274,2014-02-05,3,3306.0,853,1,1.0,1,656,4751
275,2014-02-05,3,8482.0,777,1,1.0,1,1015,8657
276,2014-02-05,3,4966.0,596,1,1.0,1,637,5718
277,2014-02-05,3,7451.0,553,1,1.0,1,791,7672
278,2014-02-05,3,8066.0,867,1,1.0,1,1155,7798
279,2014-02-05,3,8958.0,648,1,1.0,1,3016,10527
280,2014-02-05,3,5856.0,473,1,1.0,1,504,6124
281,2014-02-05,3,5564.0,485,1,1.0,1,949,6776
282,2014-02-05,3,5024.0,685,1,1.0,1,1644,5828
283,2014-02-05,3,6777.0,700,1,1.0,1,418,6167
284,2014-02-05,3,6218.0,478,1,1.0,1,460,5684
285,2014-02-05,3,5104.0,421,1,1.0,1,1741,5152
286,2014-02-05,3,5688.0,476,1,1.0,1,1276,6983
287,2014-02-05,3,8285.0,811,1,1.0,1,533,7279
288,2014-02-05,3,5924.0,413,1,1.0,1,812,7211
289,2014-02-05,3,7007.0,550,1,1.0,1,589,7448
290,2014-02-05,3,8015.0,737,1,1.0,1,2098,7461
291,2014-02-05,3,8932.0,905,1,1.0,1,484,6451
292,2014-02-05,3,6216.0,724,1,1.0,1,548,5570
293,2014-02-05,3,7041.0,872,1,1.0,1,684,7038
294,2014-02-05,3,6606.0,863,1,1.0,1,545,6413
295,2014-02-05,3,5770.0,663,1,1.0,1,453,5651
296,2014-02-05,3,7726.0,780,1,1.0,1,989,9119
297,2014-02-05,3,8169.0,774,1,1.0,1,776,7495
298,2014-02-05,3,7785.0,627,1,1.0,1,700,8728
299,2014-02-05,3,5235.0,512,1,1.0,1,1077,6611
300,2014-02-05,3,6895.0,839,1,1.0,1,588,7798
301,2014-02-05,3,5813.0,640,1,1.0,1,1953,4340
302,2014-02-05,3,3748.0,304,1,1.0,1,480,5183
303,2014-02-05,3,7176.0,726,1,1.0,1,1286,8509
304,2014-02-05,3,8165.0,1139,1,1.0,1,718,7074
305,2014-02-05,3,5449.0,466,1,1.0,1,983,7725
306,2014-02-05,3,4793.0,475,1,1.0,1,909,6194
307,2014-02-05,3,2509.0,267,1,1.0,1,649,3397
308,2014-02-05,3,11302.0,1052,1,1.0,1,728,9384
309,2014-02-05,3,8140.0,637,1,1.0,1,671,7437
310,2014-02-05,3,8336.0,670,1,1.0,1,794,8588
311,2014-02-05,3,7963.0,971,1,1.0,1,533,6130
312,2014-02-05,3,6083.0,519,1,1.0,1,558,6470
313,2014-02-05,3,7781.0,718,1,1.0,1,819,7833
314,2014-02-05,3,6454.0,674,1,1.0,1,325,3642
315,2014-02-05,3,5042.0,505,1,1.0,1,713,3607
316,2014-02-05,3,10653.0,918,1,1.0,1,545,9504
317,2014-02-05,3,5496.0,550,1,1.0,1,640,6048
318,2014-02-05,3,8926.0,759,1,1.0,1,524,7434
319,2014-02-05,3,7822.0,808,1,1.0,1,821,7527
320,2014-02-05,3,16967.0,2153,1,1.0,1,960,12318
321,2014-02-05,3,6032.0,583,1,1.0,1,880,7621
322,2014-02-05,3,5414.0,567,1,1.0,1,871,6433
323,2014-02-05,3,7829.0,618,1,1.0,1,751,7352
324,2014-02-05,3,6465.0,780,1,1.0,1,515,7156
325,2014-02-05,3,6754.0,662,1,1.0,1,408,8691
326,2014-02-05,3,4621.0,335,1,1.0,1,856,7330
327,2014-02-05,3,7882.0,953,1,1.0,1,531,5554
328,2014-02-05,3,5096.0,575,1,1.0,1,874,6397
329,2014-02-05,3,7297.0,646,1,1.0,1,925,5898
330,2014-02-05,3,4015.0,429,1,1.0,1,565,5317
331,2014-02-05,3,7009.0,914,1,1.0,1,661,5954
332,2014-02-05,3,4354.0,560,1,1.0,1,695,5397
333,2014-02-05,3,10190.0,1298,1,1.0,1,456,7857
334,2014-02-05,3,6383.0,596,1,1.0,1,699,6270
335,2014-02-05,3,19837.0,3184,1,1.0,1,1949,13599
336,2014-02-05,3,15924.0,2078,1,1.0,1,1785,15567
337,2014-02-05,3,4906.0,368,1,1.0,1,769,6250
338,2014-02-05,3,7573.0,596,1,1.0,1,591,8530
339,2014-02-05,3,5472.0,655,1,1.0,1,837,5099
340,2014-02-05,3,8839.0,882,1,1.0,1,551,7026
341,2014-02-05,3,5768.0,814,1,1.0,1,370,5775
342,2014-02-05,3,11646.0,839,1,1.0,1,653,9630
343,2014-02-05,3,7728.0,669,1,1.0,1,346,6005
344,2014-02-05,3,9257.0,1217,1,1.0,1,1455,10743
345,2014-02-05,3,5228.0,521,1,1.0,1,665,4083
346,2014-02-05,3,6580.0,609,1,1.0,1,791,6986
347,2014-02-05,3,4896.0,377,1,1.0,1,529,4511
348,2014-02-05,3,8702.0,709,1,1.0,1,1472,10277
349,2014-02-05,3,7944.0,775,1,1.0,1,593,8238
350,2014-02-05,3,7095.0,463,1,1.0,1,477,6725
351,2014-02-05,3,6533.0,537,1,1.0,1,722,6481
352,2014-02-05,3,6512.0,589,1,1.0,1,936,6922
353,2014-02-05,3,6069.0,1498,1,1.0,1,386,5814
354,2014-02-05,3,8331.0,701,1,1.0,1,523,7989
355,2014-02-05,3,9947.0,1186,1,1.0,1,1327,9912
356,2014-02-05,3,5552.0,433,1,1.0,1,614,6877
357,2014-02-05,3,9248.0,1154,1,1.0,1,1559,8188
358,2014-02-05,3,10460.0,1128,1,1.0,1,704,10098
359,2014-02-05,3,6723.0,567,1,1.0,1,686,7154
360,2014-02-05,3,7498.0,753,1,1.0,1,531,8270
361,2014-02-05,3,7013.0,618,1,1.0,1,955,7930
362,2014-02-05,3,9737.0,1196,1,1.0,1,617,8306
363,2014-02-05,3,7176.0,980,1,1.0,1,558,7078
364,2014-02-05,3,4678.0,528,1,1.0,1,847,4907
365,2014-02-05,3,5923.0,604,1,1.0,1,1314,7029
366,2014-02-05,3,6325.0,609,1,1.0,1,542,8088
367,2014-02-05,3,6111.0,583,1,1.0,1,1211,7048
368,2014-02-05,3,10594.0,743,1,1.0,1,655,9588
369,2014-02-05,3,7089.0,528,1,1.0,1,742,6455
370,2014-02-05,3,8195.0,603,1,1.0,1,588,9656
371,2014-02-05,3,7949.0,576,1,1.0,1,580,7071
372,2014-02-05,3,8776.0,757,1,1.0,1,706,8822
373,2014-02-05,3,5075.0,331,1,1.0,1,585,4320
374,2014-02-05,3,8097.0,880,1,1.0,1,737,7344
375,2014-02-05,3,11842.0,908,1,1.0,1,804,10196
376,2014-02-05,3,9156.0,1016,1,1.0,1,515,6377
377,2014-02-05,3,8727.0,996,1,1.0,1,503,7167
378,2014-02-05,3,7637.0,1053,1,1.0,1,481,6530
379,2014-02-05,3,4332.0,512,1,1.0,1,655,4980
380,2014-02-05,3,17869.0,1661,1,1.0,1,576,7220
381,2014-02-05,3,9509.0,1042,1,1.0,1,801,8252
382,2014-02-05,3,8359.0,672,1,1.0,1,501,7124
383,2014-02-05,3,18099.0,2187,1,1.0,1,687,11680
384,2014-02-05,3,9908.0,1060,1,1.0,1,748,8579
385,2014-02-05,3,8531.0,705,1,1.0,1,1062,8557
386,2014-02-05,3,10605.0,764,1,1.0,1,1222,9832
387,2014-02-05,3,10236.0,1257,1,1.0,1,649,9051
388,2014-02-05,3,11211.0,1141,1,1.0,1,686,10276
389,2014-02-05,3,12508.0,1424,1,1.0,1,1532,12820
390,2014-02-05,3,14098.0,1250,1,1.0,1,1116,13825
391,2014-02-05,3,6409.0,749,1,1.0,1,536,7262
392,2014-02-05,3,8160.0,745,1,1.0,1,592,7436
393,2014-02-05,3,6434.0,620,1,1.0,1,704,5989
394,2014-02-05,3,7671.0,554,1,1.0,1,1611,10472
395,2014-02-05,3,3856.0,508,1,1.0,1,621,4946
396,2014-02-05,3,10668.0,1091,1,1.0,1,617,8533
397,2014-02-05,3,7083.0,915,1,1.0,1,990,8651
398,2014-02-05,3,6197.0,637,1,1.0,1,787,6592
399,2014-02-05,3,6147.0,598,1,1.0,1,579,6857
400,2014-02-05,3,10370.0,1349,1,1.0,1,371,6083
401,2014-02-05,3,8293.0,779,1,1.0,1,563,6758
402,2014-02-05,3,5951.0,610,1,1.0,1,635,5120
403,2014-02-05,3,8348.0,766,1,1.0,1,371,5817
404,2014-02-05,3,5986.0,660,1,1.0,1,637,5783
405,2014-02-05,3,5647.0,535,1,1.0,1,1471,6240
406,2014-02-05,3,6260.0,416,1,1.0,1,752,6038
407,2014-02-05,3,4170.0,316,1,1.0,1,955,301
408,2014-02-05,3,4822.0,464,1,1.0,1,838,5885
409,2014-02-05,3,6006.0,559,1,1.0,1,680,5746
410,2014-02-05,3,7498.0,921,1,1.0,1,586,5844
411,2014-02-05,3,8727.0,637,1,1.0,1,586,9502
412,2014-02-05,3,9033.0,601,1,1.0,1,658,8803
413,2014-02-05,3,8377.0,1018,1,1.0,1,632,6969
414,2014-02-05,3,6378.0,425,1,1.0,1,964,7170
415,2014-02-05,3,5925.0,471,1,1.0,1,669,6789
416,2014-02-05,3,12468.0,1517,1,1.0,1,738,10800
417,2014-02-05,3,7838.0,809,1,1.0,1,943,9066
418,2014-02-05,3,6840.0,597,1,1.0,1,478,6081
419,2014-02-05,3,5758.0,901,1,1.0,1,414,4899
420,2014-02-05,3,4350.0,359,1,1.0,1,859,4920
421,2014-02-05,3,8156.0,855,1,1.0,1,714,8666
422,2014-02-05,3,4907.0,474,1,1.0,1,908,5840
423,2014-02-05,3,10295.0,1600,1,1.0,1,509,7635
424,2014-02-05,3,6744.0,781,1,1.0,1,881,6486
425,2014-02-05,3,3292.0,422,1,1.0,1,526,5114
426,2014-02-05,3,6634.0,748,1,1.0,1,881,5967
427,2014-02-05,3,9108.0,839,1,1.0,1,474,7551
428,2014-02-05,3,6258.0,497,1,1.0,1,575,6403
429,2014-02-05,3,5460.0,417,1,1.0,1,644,4275
430,2014-02-05,3,7771.0,635,1,1.0,1,681,9355
431,2014-02-05,3,9733.0,929,1,1.0,1,433,7567
432,2014-02-05,3,11947.0,1579,1,1.0,1,560,8283
433,2014-02-05,3,6039.0,658,1,1.0,1,646,4121
434,2014-02-05,3,9481.0,654,1,1.0,1,477,7255
435,2014-02-05,3,3805.0,430,1,1.0,1,505,4348
436,2014-02-05,3,6639.0,720,1,1.0,1,562,7286
437,2014-02-05,3,7341.0,662,1,1.0,1,864,7180
438,2014-02-05,3,6083.0,577,1,1.0,1,1326,6749
439,2014-02-05,3,7716.0,944,1,1.0,1,1245,9046
440,2014-02-05,3,5989.0,631,1,1.0,1,330,4246
441,2014-02-05,3,7025.0,671,1,1.0,1,599,6586
442,2014-02-05,3,4532.0,438,1,1.0,1,513,4531
443,2014-02-05,3,5648.0,512,1,1.0,1,638,4608
444,2014-02-05,3,10995.0,1243,1,1.0,1,732,11317
445,2014-02-05,3,7696.0,1118,1,1.0,1,639,8400
446,2014-02-05,3,6291.0,772,1,1.0,1,490,7223
447,2014-02-05,3,6048.0,652,1,1.0,1,1362,7462
448,2014-02-05,3,9395.0,794,1,1.0,1,713,9445
449,2014-02-05,3,13383.0,1685,1,1.0,1,699,10039
450,2014-02-05,3,8882.0,985,1,1.0,1,757,8364
451,2014-02-05,3,5427.0,437,1,1.0,1,697,6654
452,2014-02-05,3,5535.0,479,1,1.0,1,630,5526
453,2014-02-05,3,7793.0,802,1,1.0,1,589,6757
454,2014-02-05,3,7002.0,882,1,1.0,1,424,5988
455,2014-02-05,3,8202.0,460,1,1.0,1,277,6120
456,2014-02-05,3,6897.0,898,1,1.0,1,556,7375
457,2014-02-05,3,4739.0,377,1,1.0,1,916,6217
458,2014-02-05,3,8036.0,657,1,1.0,1,653,7213
459,2014-02-05,3,11319.0,1275,1,1.0,1,618,9223
460,2014-02-05,3,4047.0,352,1,1.0,1,1444,4500
461,2014-02-05,3,4911.0,460,1,1.0,1,365,3370
462,2014-02-05,3,5163.0,625,1,1.0,1,556,4333
463,2014-02-05,3,7154.0,1106,1,1.0,1,699,5297
464,2014-02-05,3,11306.0,1290,1,1.0,1,885,10675
465,2014-02-05,3,8215.0,592,1,1.0,1,727,9766
466,2014-02-05,3,9064.0,861,1,1.0,1,862,7738
467,2014-02-05,3,13733.0,1594,1,1.0,1,836,13019
468,2014-02-05,3,6914.0,728,1,1.0,1,644,7387
469,2014-02-05,3,13442.0,1671,1,1.0,1,362,5784
470,2014-02-05,3,13275.0,1668,1,1.0,1,1008,12743
471,2014-02-05,3,8025.0,578,1,1.0,1,689,9485
472,2014-02-05,3,5579.0,744,1,1.0,1,388,5707
473,2014-02-05,3,4067.0,533,1,1.0,1,714,2819
474,2014-02-05,3,9232.0,871,1,1.0,1,694,7905
475,2014-02-05,3,7157.0,1008,1,1.0,1,1492,7328
476,2014-02-05,3,7082.0,787,1,1.0,1,342,4738
477,2014-02-05,3,6332.0,381,1,1.0,1,652,6238
478,2014-02-05,3,7948.0,747,1,1.0,1,623,7959
479,2014-02-05,3,12481.0,1341,1,1.0,1,807,10551
480,2014-02-05,3,6001.0,709,1,1.0,1,967,7718
481,2014-02-05,3,6007.0,498,1,1.0,1,701,6706
482,2014-02-05,3,8410.0,903,1,1.0,1,695,6431
483,2014-02-05,3,6156.0,737,1,1.0,1,630,5207
484,2014-02-05,3,6365.0,638,1,1.0,1,1385,9521
485,2014-02-05,3,4549.0,416,1,1.0,1,713,6562
486,2014-02-05,3,5163.0,605,1,1.0,1,665,5988
487,2014-02-05,3,6818.0,630,1,1.0,1,418,7086
488,2014-02-05,3,4228.0,426,1,1.0,1,1087,6271
489,2014-02-05,3,9647.0,786,1,1.0,1,568,7052
490,2014-02-05,3,8349.0,1140,1,1.0,1,666,8920
491,2014-02-05,3,6778.0,519,1,1.0,1,550,6840
492,2014-02-05,3,9124.0,1201,1,1.0,1,1082,9206
493,2014-02-05,3,9065.0,830,1,1.0,1,467,6438
494,2014-02-05,3,8747.0,1147,1,1.0,1,838,8271
495,2014-02-05,3,5443.0,383,1,1.0,1,851,6512
496,2014-02-05,3,8261.0,835,1,1.0,1,681,7813
497,2014-02-05,3,9289.0,1094,1,1.0,1,508,7268
498,2014-02-05,3,6715.0,896,1,1.0,1,589,6736
499,2014-02-05,3,5472.0,714,1,1.0,1,710,5892
500,2014-02-05,3,5416.0,382,1,1.0,1,2002,7097
501,2014-02-05,3,7496.0,773,1,1.0,1,763,5341
502,2014-02-05,3,11640.0,1634,1,1.0,1,546,8313
503,2014-02-05,3,6808.0,464,1,1.0,1,534,6789
504,2014-02-05,3,6688.0,1002,1,1.0,1,548,6145
505,2014-02-05,3,5222.0,659,1,1.0,1,728,4451
506,2014-02-05,3,9410.0,1019,1,1.0,1,1601,11089
507,2014-02-05,3,8741.0,646,1,1.0,1,945,8337
508,2014-02-05,3,7336.0,678,1,1.0,1,552,7529
509,2014-02-05,3,7481.0,594,1,1.0,1,494,7011
510,2014-02-05,3,9256.0,936,1,1.0,1,844,7775
511,2014-02-05,3,6270.0,831,1,1.0,1,510,5995
512,2014-02-05,3,5748.0,1359,1,1.0,1,1030,7135
513,2014-02-05,3,19580.0,2181,1,1.0,1,504,10064
514,2014-02-05,3,6354.0,650,1,1.0,1,661,6235
515,2014-02-05,3,8882.0,662,1,1.0,1,668,11117
516,2014-02-05,3,6172.0,772,1,1.0,1,364,4368
517,2014-02-05,3,6671.0,718,1,1.0,1,626,7964
518,2014-02-05,3,6027.0,496,1,1.0,1,589,6028
519,2014-02-05,3,5267.0,511,1,1.0,1,564,6284
520,2014-02-05,3,3894.0,389,1,1.0,1,514,4064
521,2014-02-05,3,4833.0,356,1,1.0,1,1139,7940
522,2014-02-05,3,8257.0,598,1,1.0,1,485,7120
523,2014-02-05,3,13932.0,1632,1,1.0,1,649,9885
524,2014-02-05,3,7860.0,865,1,1.0,1,652,8046
525,2014-02-05,3,9978.0,845,1,1.0,1,3421,9443
526,2014-02-05,3,12016.0,1581,1,1.0,1,1031,11658
527,2014-02-05,3,11485.0,1009,1,1.0,1,409,7557
528,2014-02-05,3,12379.0,1027,1,1.0,1,1475,11802
529,2014-02-05,3,7897.0,734,1,1.0,1,428,7315
530,2014-02-05,3,2679.0,349,1,1.0,1,1453,5297
531,2014-02-05,3,4933.0,576,1,1.0,1,905,6399
532,2014-02-05,3,11401.0,1300,1,1.0,1,729,10585
533,2014-02-05,3,10116.0,871,1,1.0,1,335,4474
534,2014-02-05,3,8451.0,531,1,1.0,1,613,7303
535,2014-02-05,3,8890.0,973,1,1.0,1,612,9024
536,2014-02-05,3,8869.0,902,1,1.0,1,735,9838
537,2014-02-05,3,6236.0,698,1,1.0,1,592,6282
538,2014-02-05,3,4663.0,633,1,1.0,1,650,4521
539,2014-02-05,3,11764.0,1150,1,1.0,1,892,10627
540,2014-02-05,3,5891.0,415,1,1.0,1,489,5985
541,2014-02-05,3,6991.0,939,1,1.0,1,763,7464
542,2014-02-05,3,7053.0,550,1,1.0,1,523,7487
543,2014-02-05,3,4003.0,312,1,1.0,1,1010,4401
544,2014-02-05,3,16366.0,1964,1,1.0,1,448,8254
545,2014-02-05,3,12559.0,1203,1,1.0,1,582,8533
546,2014-02-05,3,12830.0,1489,1,1.0,1,711,10236
547,2014-02-05,3,5563.0,417,1,1.0,1,915,7453
548,2014-02-05,3,5790.0,401,1,1.0,1,662,5643
549,2014-02-05,3,4728.0,559,1,1.0,1,1704,5883
550,2014-02-05,3,6009.0,433,1,1.0,1,1046,7576
551,2014-02-05,3,7287.0,1036,1,1.0,1,1171,7906
552,2014-02-05,3,10654.0,834,1,1.0,1,1080,7421
553,2014-02-05,3,5919.0,545,1,1.0,1,671,6870
554,2014-02-05,3,4732.0,594,1,1.0,1,689,5734
555,2014-02-05,3,5538.0,453,1,1.0,1,471,4127
556,2014-02-05,3,7728.0,898,1,1.0,1,892,8939
557,2014-02-05,3,5502.0,832,1,1.0,1,587,5122
558,2014-02-05,3,3791.0,512,1,1.0,1,496,3694
559,2014-02-05,3,7398.0,836,1,1.0,1,1390,7365
560,2014-02-05,3,14538.0,1692,1,1.0,1,457,7165
561,2014-02-05,3,7576.0,708,1,1.0,1,484,5632
562,2014-02-05,3,18962.0,3138,1,1.0,1,319,8346
563,2014-02-05,3,5682.0,695,1,1.0,1,876,5960
564,2014-02-05,3,5806.0,457,1,1.0,1,930,7220
565,2014-02-05,3,7966.0,930,1,1.0,1,408,6706
566,2014-02-05,3,5786.0,558,1,1.0,1,757,5839
567,2014-02-05,3,6622.0,750,1,1.0,1,1020,7944
568,2014-02-05,3,4652.0,383,1,1.0,1,1201,7691
569,2014-02-05,3,4955.0,721,1,1.0,1,692,5721
570,2014-02-05,3,5084.0,713,1,1.0,1,738,5224
571,2014-02-05,3,7434.0,546,1,1.0,1,838,7550
572,2014-02-05,3,8400.0,609,1,1.0,1,925,7108
573,2014-02-05,3,5141.0,397,1,1.0,1,595,4945
574,2014-02-05,3,10531.0,709,1,1.0,1,525,8335
575,2014-02-05,3,6738.0,603,1,1.0,1,760,6201
576,2014-02-05,3,7675.0,961,1,1.0,1,678,7272
577,2014-02-05,3,5626.0,637,1,1.0,1,662,5420
578,2014-02-05,3,8442.0,693,1,1.0,1,461,6542
579,2014-02-05,3,9937.0,964,1,1.0,1,1043,8632
580,2014-02-05,3,9884.0,1488,1,1.0,1,619,8504
581,2014-02-05,3,6328.0,630,1,1.0,1,1386,6168
582,2014-02-05,3,6766.0,816,1,1.0,1,550,7122
583,2014-02-05,3,4251.0,446,1,1.0,1,986,5832
584,2014-02-05,3,5560.0,430,1,1.0,1,655,5307
585,2014-02-05,3,7332.0,1037,1,1.0,1,931,7767
586,2014-02-05,3,17041.0,2433,1,1.0,1,682,11021
587,2014-02-05,3,9014.0,582,1,1.0,1,521,7362
588,2014-02-05,3,5921.0,680,1,1.0,1,769,6531
589,2014-02-05,3,5880.0,560,1,1.0,1,442,5952
590,2014-02-05,3,5305.0,370,1,1.0,1,572,5587
591,2014-02-05,3,6245.0,515,1,1.0,1,816,5702
592,2014-02-05,3,5314.0,610,1,1.0,1,1063,5487
593,2014-02-05,3,9096.0,1096,1,1.0,1,1395,11997
594,2014-02-05,3,4660.0,485,1,1.0,1,635,5253
595,2014-02-05,3,15940.0,1819,1,1.0,1,444,7477
596,2014-02-05,3,4368.0,642,1,1.0,1,746,5431
597,2014-02-05,3,4598.0,624,1,1.0,1,406,4897
598,2014-02-05,3,5970.0,791,1,1.0,1,3151,4623
599,2014-02-05,3,9134.0,818,1,1.0,1,688,9584
600,2014-02-05,3,7367.0,597,1,1.0,1,842,7772
601,2014-02-05,3,4833.0,356,1,1.0,1,387,5383
602,2014-02-05,3,7465.0,628,1,1.0,1,1079,7059
603,2014-02-05,3,8071.0,1051,1,1.0,1,614,7828
604,2014-02-05,3,8949.0,625,1,1.0,1,528,7686
605,2014-02-05,3,7996.0,523,1,1.0,1,864,6697
606,2014-02-05,3,7121.0,747,1,1.0,1,909,7318
607,2014-02-05,3,5520.0,479,1,1.0,1,963,3428
608,2014-02-05,3,10304.0,989,1,1.0,1,526,7704
609,2014-02-05,3,4798.0,536,1,1.0,1,242,3024
610,2014-02-05,3,4797.0,534,1,1.0,1,581,3787
611,2014-02-05,3,6341.0,517,1,1.0,1,457,5485
612,2014-02-05,3,7392.0,408,1,1.0,1,1306,8489
613,2014-02-05,3,7174.0,998,1,1.0,1,502,7313
614,2014-02-05,3,6597.0,839,1,1.0,1,407,5088
615,2014-02-05,3,11063.0,1321,1,1.0,1,1076,8741
616,2014-02-05,3,9800.0,872,1,1.0,1,1087,10063
617,2014-02-05,3,8122.0,678,1,1.0,1,696,6486
618,2014-02-05,3,7056.0,475,1,1.0,1,803,6799
619,2014-02-05,3,5530.0,483,1,1.0,1,968,6716
620,2014-02-05,3,8235.0,706,1,1.0,1,466,6767
621,2014-02-05,3,6673.0,855,1,1.0,1,421,6890
622,2014-02-05,3,5005.0,491,1,1.0,1,837,6414
623,2014-02-05,3,7144.0,863,1,1.0,1,498,7027
624,2014-02-05,3,7577.0,694,1,1.0,1,749,9445
625,2014-02-05,3,6776.0,644,1,1.0,1,916,5838
626,2014-02-05,3,10835.0,869,1,1.0,1,1383,10791
627,2014-02-05,3,6694.0,639,1,1.0,1,803,6661
628,2014-02-05,3,7788.0,924,1,1.0,1,491,5370
629,2014-02-05,3,8036.0,712,1,1.0,1,435,5683
630,2014-02-05,3,9551.0,984,1,1.0,1,962,9391
631,2014-02-05,3,6174.0,701,1,1.0,1,807,5828
632,2014-02-05,3,7425.0,919,1,1.0,1,825,6265
633,2014-02-05,3,6491.0,471,1,1.0,1,1834,8196
634,2014-02-05,3,7545.0,718,1,1.0,1,980,8001
635,2014-02-05,3,7005.0,674,1,1.0,1,755,6260
636,2014-02-05,3,7525.0,823,1,1.0,1,669,5167
637,2014-02-05,3,8969.0,651,1,1.0,1,1071,9538
638,2014-02-05,3,6196.0,492,1,1.0,1,503,6040
639,2014-02-05,3,5874.0,563,1,1.0,1,587,4929
640,2014-02-05,3,12285.0,877,1,1.0,1,620,9615
641,2014-02-05,3,7488.0,617,1,1.0,1,661,7271
642,2014-02-05,3,4773.0,551,1,1.0,1,631,3709
643,2014-02-05,3,8379.0,1005,1,1.0,1,709,7774
644,2014-02-05,3,9626.0,971,1,1.0,1,1250,11226
645,2014-02-05,3,11552.0,1311,1,1.0,1,386,5540
646,2014-02-05,3,5699.0,790,1,1.0,1,913,6113
647,2014-02-05,3,6578.0,764,1,1.0,1,507,7746
648,2014-02-05,3,6393.0,585,1,1.0,1,496,6299
649,2014-02-05,3,4581.0,463,1,1.0,1,424,3643
650,2014-02-05,3,6329.0,627,1,1.0,1,630,7200
651,2014-02-05,3,7800.0,957,1,1.0,1,398,6314
652,2014-02-05,3,7086.0,682,1,1.0,1,606,7455
653,2014-02-05,3,6215.0,501,1,1.0,1,1220,7790
654,2014-02-05,3,7907.0,806,1,1.0,1,656,6628
655,2014-02-05,3,9192.0,724,1,1.0,1,826,9528
656,2014-02-05,3,3648.0,356,1,1.0,1,897,3613
657,2014-02-05,3,6136.0,790,1,1.0,1,483,4533
658,2014-02-05,3,6737.0,588,1,1.0,1,689,5209
659,2014-02-05,3,7014.0,790,1,1.0,1,458,5923
660,2014-02-05,3,5018.0,533,1,1.0,1,747,4630
661,2014-02-05,3,7153.0,575,1,1.0,1,614,7509
662,2014-02-05,3,11332.0,877,1,1.0,1,528,6459
663,2014-02-05,3,5244.0,673,1,1.0,1,3738,6353
664,2014-02-05,3,5946.0,655,1,1.0,1,403,5729
665,2014-02-05,3,9725.0,1378,1,1.0,1,802,8994
666,2014-02-05,3,8304.0,662,1,1.0,1,716,7971
667,2014-02-05,3,9768.0,834,1,1.0,1,801,9074
668,2014-02-05,3,10155.0,1268,1,1.0,1,641,9296
669,2014-02-05,3,3825.0,308,1,1.0,1,639,5065
670,2014-02-05,3,7523.0,718,1,1.0,1,1239,8607
671,2014-02-05,3,6295.0,611,1,1.0,1,344,4106
672,2014-02-05,3,8880.0,1312,1,1.0,1,1606,9927
673,2014-02-05,3,7492.0,563,1,1.0,1,830,8064
674,2014-02-05,3,9556.0,1168,1,1.0,1,456,7161
675,2014-02-05,3,4896.0,442,1,1.0,1,877,6116
676,2014-02-05,3,7634.0,1614,1,1.0,1,416,6021
677,2014-02-05,3,9509.0,663,1,1.0,1,532,6980
678,2014-02-05,3,8346.0,920,1,1.0,1,938,8130
679,2014-02-05,3,10669.0,1086,1,1.0,1,622,6087
680,2014-02-05,3,5214.0,796,1,1.0,1,784,7030
681,2014-02-05,3,3329.0,413,1,1.0,1,627,3084
682,2014-02-05,3,14400.0,1996,1,1.0,1,512,7421
683,2014-02-05,3,10484.0,935,1,1.0,1,1655,10556
684,2014-02-05,3,7625.0,591,1,1.0,1,716,7071
685,2014-02-05,3,7178.0,603,1,1.0,1,930,7437
686,2014-02-05,3,7468.0,832,1,1.0,1,527,6362
687,2014-02-05,3,8612.0,710,1,1.0,1,430,7033
688,2014-02-05,3,4248.0,399,1,1.0,1,518,4242
689,2014-02-05,3,8156.0,706,1,1.0,1,609,7193
690,2014-02-05,3,7041.0,899,1,1.0,1,993,6731
691,2014-02-05,3,9577.0,668,1,1.0,1,1028,9949
692,2014-02-05,3,8116.0,943,1,1.0,1,639,7419
693,2014-02-05,3,7791.0,555,1,1.0,1,617,7043
694,2014-02-05,3,8768.0,824,1,1.0,1,673,8726
695,2014-02-05,3,6361.0,574,1,1.0,1,581,4699
696,2014-02-05,3,8654.0,1043,1,1.0,1,511,7573
697,2014-02-05,3,11450.0,1016,1,1.0,1,946,10732
698,2014-02-05,3,16750.0,2046,1,1.0,1,556,9090
699,2014-02-05,3,8243.0,900,1,1.0,1,727,7548
700,2014-02-05,3,5024.0,587,1,1.0,1,498,4131
701,2014-02-05,3,6899.0,706,1,1.0,1,982,6530
702,2014-02-05,3,5501.0,383,1,1.0,1,891,4422
703,2014-02-05,3,3392.0,379,1,1.0,1,710,3673
704,2014-02-05,3,11541.0,1107,1,1.0,1,631,9821
705,2014-02-05,3,10053.0,1093,1,1.0,1,442,6670
706,2014-02-05,3,5675.0,490,1,1.0,1,415,5552
707,2014-02-05,3,9045.0,954,1,1.0,1,339,5145
708,2014-02-05,3,4132.0,432,1,1.0,1,466,4024
709,2014-02-05,3,12261.0,1482,1,1.0,1,907,10985
710,2014-02-05,3,4822.0,373,1,1.0,1,1008,6449
711,2014-02-05,3,7868.0,535,1,1.0,1,693,6474
712,2014-02-05,3,7970.0,620,1,1.0,1,844,8705
713,2014-02-05,3,11305.0,1354,1,1.0,1,1067,10089
714,2014-02-05,3,4660.0,316,1,1.0,1,827,4758
715,2014-02-05,3,8772.0,853,1,1.0,1,863,7645
716,2014-02-05,3,6386.0,447,1,1.0,1,1014,7681
717,2014-02-05,3,6620.0,632,1,1.0,1,412,5476
718,2014-02-05,3,8053.0,842,1,1.0,1,619,6641
719,2014-02-05,3,5548.0,416,1,1.0,1,609,5148
720,2014-02-05,3,8765.0,825,1,1.0,1,510,6784
721,2014-02-05,3,7332.0,746,1,1.0,1,542,7405
722,2014-02-05,3,11136.0,1627,1,1.0,1,994,10123
723,2014-02-05,3,7100.0,531,1,1.0,1,956,6680
724,2014-02-05,3,6250.0,657,1,1.0,1,728,6747
725,2014-02-05,3,5685.0,582,1,1.0,1,917,7911
726,2014-02-05,3,14029.0,1265,1,1.0,1,803,9993
727,2014-02-05,3,5365.0,496,1,1.0,1,857,6014
728,2014-02-05,3,4341.0,399,1,1.0,1,775,7600
729,2014-02-05,3,11331.0,1134,1,1.0,1,807,10697
730,2014-02-05,3,8707.0,1024,1,1.0,1,914,7390
731,2014-02-05,3,10642.0,1059,1,1.0,1,814,9983
732,2014-02-05,3,5174.0,582,1,1.0,1,560,3781
733,2014-02-05,3,14998.0,3381,1,1.0,1,266,7214
734,2014-02-05,3,6780.0,605,1,1.0,1,768,7369
735,2014-02-05,3,7063.0,627,1,1.0,1,614,6186
736,2014-02-05,3,6258.0,525,1,1.0,1,619,6436
737,2014-02-05,3,7636.0,992,1,1.0,1,381,5535
738,2014-02-05,3,9015.0,694,1,1.0,1,937,9215
739,2014-02-05,3,10333.0,786,1,1.0,1,1071,10880
740,2014-02-05,3,8398.0,506,1,1.0,1,675,7541
741,2014-02-05,3,9426.0,1059,1,1.0,1,980,7975
742,2014-02-05,3,8776.0,904,1,1.0,1,492,7734
743,2014-02-05,3,4213.0,462,1,1.0,1,879,3892
744,2014-02-05,3,7938.0,871,1,1.0,1,410,6501
745,2014-02-05,3,10237.0,990,1,1.0,1,1209,8700
746,2014-02-05,3,6426.0,472,1,1.0,1,430,4636
747,2014-02-05,3,8660.0,715,1,1.0,1,397,6015
748,2014-02-05,3,6762.0,507,1,1.0,1,668,7208
749,2014-02-05,3,6354.0,704,1,1.0,1,733,6767
750,2014-02-05,3,4965.0,405,1,1.0,1,696,6002
751,2014-02-05,3,5415.0,663,1,1.0,1,786,5565
752,2014-02-05,3,6858.0,521,1,1.0,1,732,6774
753,2014-02-05,3,9532.0,820,1,1.0,1,701,10021
754,2014-02-05,3,9876.0,1161,1,1.0,1,1192,8820
755,2014-02-05,3,11068.0,910,1,1.0,1,716,10391
756,2014-02-05,3,16319.0,2211,1,1.0,1,802,12146
757,2014-02-05,3,6973.0,575,1,1.0,1,517,6078
758,2014-02-05,3,5979.0,734,1,1.0,1,1170,7410
759,2014-02-05,3,8528.0,860,1,1.0,1,456,6430
760,2014-02-05,3,7251.0,1100,1,1.0,1,771,8084
761,2014-02-05,3,10315.0,1122,1,1.0,1,1304,10245
762,2014-02-05,3,3867.0,382,1,1.0,1,722,5831
763,2014-02-05,3,6461.0,584,1,1.0,1,621,5792
764,2014-02-05,3,3539.0,392,1,1.0,1,424,4224
765,2014-02-05,3,8742.0,723,1,1.0,1,747,8412
766,2014-02-05,3,6553.0,517,1,1.0,1,871,5208
767,2014-02-05,3,7023.0,652,1,1.0,1,596,6444
768,2014-02-05,3,15219.0,1477,1,1.0,1,1019,14076
769,2014-02-05,3,11333.0,3224,1,1.0,1,981,10892
770,2014-02-05,3,7119.0,780,1,1.0,1,1020,7493
771,2014-02-05,3,6942.0,743,1,1.0,1,304,4877
772,2014-02-05,3,3998.0,526,1,1.0,1,876,3752
773,2014-02-05,3,6444.0,824,1,1.0,1,487,3840
774,2014-02-05,3,6136.0,781,1,1.0,1,412,5615
775,2014-02-05,3,8421.0,584,1,1.0,1,662,8330
776,2014-02-05,3,5094.0,568,1,1.0,1,613,5622
777,2014-02-05,3,3888.0,332,1,1.0,1,452,5056
778,2014-02-05,3,6844.0,871,1,1.0,1,1145,8465
779,2014-02-05,3,7912.0,738,1,1.0,1,809,6150
780,2014-02-05,3,7415.0,844,1,1.0,1,760,6855
781,2014-02-05,3,6598.0,851,1,1.0,1,499,5247
782,2014-02-05,3,5824.0,515,1,1.0,1,995,7387
783,2014-02-05,3,6652.0,695,1,1.0,1,1103,6646
784,2014-02-05,3,9705.0,924,1,1.0,1,306,4819
785,2014-02-05,3,6927.0,534,1,1.0,1,514,6592
786,2014-02-05,3,4394.0,645,1,1.0,1,578,3697
787,2014-02-05,3,10604.0,1173,1,1.0,1,564,8970
788,2014-02-05,3,19745.0,1829,1,1.0,1,646,11917
789,2014-02-05,3,3229.0,471,1,1.0,1,796,4295
790,2014-02-05,3,7479.0,634,1,1.0,1,699,7957
791,2014-02-05,3,8031.0,863,1,1.0,1,1272,9067
792,2014-02-05,3,9211.0,729,1,1.0,1,987,7732
793,2014-02-05,3,5971.0,484,1,1.0,1,904,4960
794,2014-02-05,3,3071.0,568,1,1.0,1,1509,3867
795,2014-02-05,3,5609.0,550,1,1.0,1,933,7316
796,2014-02-05,3,8510.0,732,1,1.0,1,507,5906
797,2014-02-05,3,3871.0,382,1,1.0,1,1003,4919
798,2014-02-05,3,8599.0,1073,1,1.0,1,772,7689
799,2014-02-05,3,10743.0,972,1,1.0,1,489,7697
800,2014-02-05,3,6067.0,512,1,1.0,1,850,6125
801,2014-02-05,3,5059.0,428,1,1.0,1,828,5634
802,2014-02-05,3,7641.0,560,1,1.0,1,662,7202
803,2014-02-05,3,6740.0,544,1,1.0,1,349,5877
804,2014-02-05,3,5321.0,453,1,1.0,1,696,5489
805,2014-02-05,3,6084.0,551,1,1.0,1,958,6852
806,2014-02-05,3,7871.0,570,1,1.0,1,1131,7298
807,2014-02-05,3,9801.0,920,1,1.0,1,477,7319
808,2014-02-05,3,7938.0,634,1,1.0,1,470,6945
809,2014-02-05,3,10903.0,900,1,1.0,1,598,8799
810,2014-02-05,3,6246.0,471,1,1.0,1,711,6110
811,2014-02-05,3,4125.0,687,1,1.0,1,743,3352
812,2014-02-05,3,7344.0,836,1,1.0,1,739,7458
813,2014-02-05,3,6402.0,683,1,1.0,1,709,6236
814,2014-02-05,3,9567.0,730,1,1.0,1,518,7106
815,2014-02-05,3,10545.0,967,1,1.0,1,591,9120
816,2014-02-05,3,4931.0,708,1,1.0,1,287,3882
817,2014-02-05,3,24189.0,3348,1,1.0,1,699,11221
818,2014-02-05,3,6961.0,640,1,1.0,1,1116,6678
819,2014-02-05,3,6777.0,569,1,1.0,1,388,4889
820,2014-02-05,3,12559.0,1132,1,1.0,1,416,6229
821,2014-02-05,3,7502.0,905,1,1.0,1,1076,8057
822,2014-02-05,3,8068.0,633,1,1.0,1,561,6797
823,2014-02-05,3,6653.0,620,1,1.0,1,483,4782
824,2014-02-05,3,9651.0,1166,1,1.0,1,451,6749
825,2014-02-05,3,5100.0,531,1,1.0,1,952,6443
826,2014-02-05,3,9888.0,834,1,1.0,1,934,9622
827,2014-02-05,3,10342.0,1297,1,1.0,1,574,8662
828,2014-02-05,3,5634.0,633,1,1.0,1,1052,7131
829,2014-02-05,3,5714.0,700,1,1.0,1,677,6206
830,2014-02-05,3,8362.0,716,1,1.0,1,517,5902
831,2014-02-05,3,15385.0,1774,1,1.0,1,653,9489
832,2014-02-05,3,7701.0,565,1,1.0,1,938,6059
833,2014-02-05,3,6148.0,505,1,1.0,1,496,5751
834,2014-02-05,3,6227.0,685,1,1.0,1,781,5392
835,2014-02-05,3,5380.0,693,1,1.0,1,873,5724
836,2014-02-05,3,6857.0,888,1,1.0,1,998,7011
838,2014-02-05,3,8392.0,818,1,1.0,1,598,8198
839,2014-02-05,3,6822.0,771,1,1.0,1,610,5718
840,2014-02-05,3,9277.0,1240,1,1.0,1,866,8382
841,2014-02-05,3,3265.0,446,1,1.0,1,686,4354
842,2014-02-05,3,18989.0,1135,1,1.0,1,711,12284
843,2014-02-05,3,9995.0,1159,1,1.0,1,728,9177
844,2014-02-05,3,5587.0,591,1,1.0,1,1158,7897
845,2014-02-05,3,5084.0,333,1,1.0,1,513,6657
846,2014-02-05,3,9738.0,889,1,1.0,1,489,10491
847,2014-02-05,3,7606.0,1027,1,1.0,1,944,8183
848,2014-02-05,3,7236.0,778,1,1.0,1,664,7275
849,2014-02-05,3,8557.0,942,1,1.0,1,433,6499
850,2014-02-05,3,7359.0,685,1,1.0,1,968,6778
851,2014-02-05,3,5339.0,472,1,1.0,1,623,6824
852,2014-02-05,3,4783.0,568,1,1.0,1,529,5432
853,2014-02-05,3,9356.0,1029,1,1.0,1,946,9718
854,2014-02-05,3,7696.0,737,1,1.0,1,998,6636
855,2014-02-05,3,6691.0,612,1,1.0,1,584,6317
856,2014-02-05,3,8282.0,1042,1,1.0,1,884,6946
857,2014-02-05,3,7317.0,854,1,1.0,1,448,6689
858,2014-02-05,3,5242.0,439,1,1.0,1,2339,4661
859,2014-02-05,3,7115.0,700,1,1.0,1,849,7713
860,2014-02-05,3,5735.0,669,1,1.0,1,562,5192
861,2014-02-05,3,3558.0,505,1,1.0,1,860,4431
862,2014-02-05,3,9133.0,1129,1,1.0,1,791,8564
863,2014-02-05,3,9001.0,968,1,1.0,1,365,6312
864,2014-02-05,3,4475.0,602,1,1.0,1,1064,6356
865,2014-02-05,3,8471.0,657,1,1.0,1,861,9336
866,2014-02-05,3,7541.0,489,1,1.0,1,843,5732
867,2014-02-05,3,4401.0,379,1,1.0,1,543,4858
868,2014-02-05,3,8639.0,583,1,1.0,1,521,7689
869,2014-02-05,3,7569.0,983,1,1.0,1,576,6742
870,2014-02-05,3,7369.0,918,1,1.0,1,664,7459
871,2014-02-05,3,5530.0,377,1,1.0,1,740,8685
872,2014-02-05,3,9298.0,894,1,1.0,1,401,5933
873,2014-02-05,3,4419.0,501,1,1.0,1,828,2945
874,2014-02-05,3,4334.0,465,1,1.0,1,1245,6287
875,2014-02-05,3,6036.0,522,1,1.0,1,631,4784
876,2014-02-05,3,11069.0,1059,1,1.0,1,1198,9590
877,2014-02-05,3,7161.0,978,1,1.0,1,1939,6647
878,2014-02-05,3,9619.0,864,1,1.0,1,676,9238
879,2014-02-05,3,4095.0,331,1,1.0,1,1155,5038
880,2014-02-05,3,7856.0,806,1,1.0,1,988,10007
881,2014-02-05,3,5296.0,775,1,1.0,1,841,7227
882,2014-02-05,3,6425.0,790,1,1.0,1,419,5391
883,2014-02-05,3,5091.0,500,1,1.0,1,471,6077
884,2014-02-05,3,5730.0,509,1,1.0,1,465,4745
885,2014-02-05,3,4876.0,677,1,1.0,1,699,4447
886,2014-02-05,3,7735.0,695,1,1.0,1,695,7429
887,2014-02-05,3,6535.0,529,1,1.0,1,674,7321
888,2014-02-05,3,7664.0,727,1,1.0,1,1983,8477
889,2014-02-05,3,4095.0,405,1,1.0,1,870,3967
890,2014-02-05,3,5875.0,414,1,1.0,1,877,6033
891,2014-02-05,3,7800.0,1048,1,1.0,1,683,7618
892,2014-02-05,3,8377.0,840,1,1.0,1,571,6986
893,2014-02-05,3,8026.0,998,1,1.0,1,774,7712
894,2014-02-05,3,10842.0,1211,1,1.0,1,612,8531
895,2014-02-05,3,9915.0,882,1,1.0,1,723,8161
896,2014-02-05,3,7093.0,1068,1,1.0,1,658,8135
897,2014-02-05,3,3234.0,328,1,1.0,1,709,4230
898,2014-02-05,3,8337.0,877,1,1.0,1,590,6702
899,2014-02-05,3,6678.0,648,1,1.0,1,981,5923
900,2014-02-05,3,6083.0,555,1,1.0,1,663,5226
901,2014-02-05,3,7878.0,672,1,1.0,1,371,5419
902,2014-02-05,3,5567.0,693,1,1.0,1,779,6756
903,2014-02-05,3,12472.0,819,1,1.0,1,813,10409
904,2014-02-05,3,5905.0,471,1,1.0,1,998,6635
905,2014-02-05,3,11189.0,1583,1,1.0,1,550,8249
906,2014-02-05,3,11486.0,1295,1,1.0,1,875,11058
907,2014-02-05,3,5731.0,737,1,1.0,1,805,6955
908,2014-02-05,3,5343.0,412,1,1.0,1,989,6763
909,2014-02-05,3,13017.0,1163,1,1.0,1,301,6463
910,2014-02-05,3,5869.0,582,1,1.0,1,596,6004
911,2014-02-05,3,10903.0,947,1,1.0,1,2530,9811
912,2014-02-05,3,5931.0,716,1,1.0,1,533,8316
913,2014-02-05,3,9530.0,1152,1,1.0,1,778,9656
914,2014-02-05,3,10405.0,1188,1,1.0,1,492,7365
915,2014-02-05,3,5672.0,416,1,1.0,1,787,6536
916,2014-02-05,3,5300.0,683,1,1.0,1,684,5422
917,2014-02-05,3,7409.0,761,1,1.0,1,442,6756
918,2014-02-05,3,6347.0,689,1,1.0,1,583,5483
919,2014-02-05,3,6494.0,779,1,1.0,1,561,5298
920,2014-02-05,3,6708.0,599,1,1.0,1,962,7033
921,2014-02-05,3,10467.0,1209,1,1.0,1,650,10926
922,2014-02-05,3,7851.0,729,1,1.0,1,1189,8327
923,2014-02-05,3,5576.0,622,1,1.0,1,854,5992
924,2014-02-05,3,5758.0,486,1,1.0,1,501,5087
925,2014-02-05,3,6828.0,1146,1,1.0,1,837,7550
926,2014-02-05,3,7632.0,501,1,1.0,1,979,6330
927,2014-02-05,3,7501.0,896,1,1.0,1,1198,8600
928,2014-02-05,3,9661.0,788,1,1.0,1,1002,8932
929,2014-02-05,3,6701.0,791,1,1.0,1,960,7896
930,2014-02-05,3,7339.0,1209,1,1.0,1,732,6991
931,2014-02-05,3,3650.0,392,1,1.0,1,786,3968
932,2014-02-05,3,8339.0,812,1,1.0,1,1032,7540
933,2014-02-05,3,8672.0,1060,1,1.0,1,757,8579
934,2014-02-05,3,7966.0,735,1,1.0,1,670,7649
935,2014-02-05,3,6361.0,625,1,1.0,1,604,5755
936,2014-02-05,3,7700.0,945,1,1.0,1,588,7520
937,2014-02-05,3,6781.0,560,1,1.0,1,735,7213
938,2014-02-05,3,10558.0,1003,1,1.0,1,752,8329
939,2014-02-05,3,6460.0,617,1,1.0,1,881,5362
940,2014-02-05,3,8048.0,767,1,1.0,1,609,7410
941,2014-02-05,3,6279.0,630,1,1.0,1,502,4399
942,2014-02-05,3,6581.0,454,1,1.0,1,559,6260
943,2014-02-05,3,6540.0,537,1,1.0,1,653,6891
944,2014-02-05,3,7581.0,1156,1,1.0,1,551,7476
945,2014-02-05,3,4350.0,569,1,1.0,1,646,4851
946,2014-02-05,3,4169.0,536,1,1.0,1,676,3975
947,2014-02-05,3,9976.0,1249,1,1.0,1,1025,10252
948,2014-02-05,3,6845.0,1678,1,1.0,1,836,6863
949,2014-02-05,3,6371.0,581,1,1.0,1,846,5012
950,2014-02-05,3,6527.0,601,1,1.0,1,726,6363
951,2014-02-05,3,7486.0,706,1,1.0,1,768,8183
952,2014-02-05,3,6390.0,482,1,1.0,1,667,7062
953,2014-02-05,3,6140.0,578,1,1.0,1,441,5580
954,2014-02-05,3,8329.0,1095,1,1.0,1,681,7413
955,2014-02-05,3,4794.0,477,1,1.0,1,2936,5738
956,2014-02-05,3,4270.0,584,1,1.0,1,914,6108
957,2014-02-05,3,8406.0,880,1,1.0,1,628,7847
958,2014-02-05,3,4217.0,561,1,1.0,1,1386,3990
959,2014-02-05,3,8634.0,830,1,1.0,1,563,7994
960,2014-02-05,3,7386.0,563,1,1.0,1,734,7623
961,2014-02-05,3,6439.0,651,1,1.0,1,904,7472
962,2014-02-05,3,7623.0,991,1,1.0,1,527,7095
963,2014-02-05,3,12601.0,1130,1,1.0,1,642,10208
964,2014-02-05,3,10597.0,1366,1,1.0,1,1020,9537
965,2014-02-05,3,11189.0,1117,1,1.0,1,653,8176
966,2014-02-05,3,5150.0,657,1,1.0,1,838,5104
967,2014-02-05,3,8510.0,890,1,1.0,1,914,9344
968,2014-02-05,3,8417.0,1033,1,1.0,1,617,7852
969,2014-02-05,3,4155.0,680,1,1.0,1,825,4266
970,2014-02-05,3,4275.0,516,1,1.0,1,694,4350
971,2014-02-05,3,8451.0,952,1,1.0,1,1004,8972
972,2014-02-05,3,4103.0,427,1,1.0,1,475,3393
973,2014-02-05,3,7164.0,869,1,1.0,1,998,7382
974,2014-02-05,3,12672.0,1722,1,1.0,1,872,11094
975,2014-02-05,3,8062.0,787,1,1.0,1,793,5459
976,2014-02-05,3,8896.0,823,1,1.0,1,566,6314
977,2014-02-05,3,5692.0,555,1,1.0,1,493,7499
978,2014-02-05,3,8621.0,1099,1,1.0,1,1355,8484
979,2014-02-05,3,7316.0,665,1,1.0,1,1255,7575
980,2014-02-05,3,7774.0,565,1,1.0,1,984,7791
981,2014-02-05,3,7672.0,723,1,1.0,1,861,6592
982,2014-02-05,3,8770.0,716,1,1.0,1,519,7453
983,2014-02-05,3,12296.0,1606,1,1.0,1,690,10733
984,2014-02-05,3,7208.0,771,1,1.0,1,575,6568
985,2014-02-05,3,8553.0,739,1,1.0,1,623,7233
986,2014-02-05,3,7282.0,894,1,1.0,1,569,6065
987,2014-02-05,3,7536.0,900,1,1.0,1,363,5203
988,2014-02-05,3,4616.0,687,1,1.0,1,1125,6111
989,2014-02-05,3,6136.0,631,1,1.0,1,712,5015
990,2014-02-05,3,7002.0,544,1,1.0,1,1088,7870
991,2014-02-05,3,4605.0,431,1,1.0,1,3202,5037
992,2014-02-05,3,6746.0,782,1,1.0,1,628,6576
993,2014-02-05,3,7645.0,761,1,1.0,1,1412,8543
994,2014-02-05,3,5092.0,463,1,1.0,1,565,3397
995,2014-02-05,3,10200.0,808,1,1.0,1,645,10224
996,2014-02-05,3,7694.0,763,1,1.0,1,558,7230
997,2014-02-05,3,5546.0,423,1,1.0,1,857,6995
998,2014-02-05,3,4583.0,538,1,1.0,1,724,5059
999,2014-02-05,3,11093.0,769,1,1.0,1,433,7068
1000,2014-02-05,3,7406.0,657,1,1.0,1,911,6893
1001,2014-02-05,3,5853.0,625,1,1.0,1,678,5725
1002,2014-02-05,3,6705.0,732,1,1.0,1,476,6340
1003,2014-02-05,3,7902.0,748,1,1.0,1,693,7339
1004,2014-02-05,3,5378.0,464,1,1.0,1,559,4949
1005,2014-02-05,3,6076.0,878,1,1.0,1,607,7135
1006,2014-02-05,3,7807.0,930,1,1.0,1,550,8102
1007,2014-02-05,3,8107.0,844,1,1.0,1,383,7091
1008,2014-02-05,3,6875.0,796,1,1.0,1,764,5736
1009,2014-02-05,3,5514.0,465,1,1.0,1,451,5137
1010,2014-02-05,3,10000.0,820,1,1.0,1,856,9350
1011,2014-02-05,3,10250.0,1085,1,1.0,1,701,8721
1012,2014-02-05,3,5663.0,471,1,1.0,1,476,6258
1013,2014-02-05,3,4939.0,505,1,1.0,1,1089,5323
1014,2014-02-05,3,15122.0,1470,1,1.0,1,371,4670
1015,2014-02-05,3,6078.0,464,1,1.0,1,781,6156
1016,2014-02-05,3,6690.0,552,1,1.0,1,445,5290
1017,2014-02-05,3,8516.0,1115,1,1.0,1,832,7095
1018,2014-02-05,3,12426.0,1440,1,1.0,1,606,10216
1019,2014-02-05,3,9888.0,771,1,1.0,1,2534,10127
1020,2014-02-05,3,8828.0,1106,1,1.0,1,615,8835
1021,2014-02-05,3,9033.0,984,1,1.0,1,625,8858
1022,2014-02-05,3,8216.0,886,1,1.0,1,466,4833
1023,2014-02-05,3,6468.0,615,1,1.0,1,753,6190
1024,2014-02-05,3,6256.0,756,1,1.0,1,707,7086
1025,2014-02-05,3,7960.0,868,1,1.0,1,503,7314
1026,2014-02-05,3,10126.0,1180,1,1.0,1,725,11235
1027,2014-02-05,3,15460.0,1742,1,1.0,1,1429,13541
1028,2014-02-05,3,5540.0,617,1,1.0,1,597,5646
1029,2014-02-05,3,6046.0,828,1,1.0,1,772,6173
1030,2014-02-05,3,4347.0,399,1,1.0,1,564,4280
1031,2014-02-05,3,5197.0,438,1,1.0,1,1180,7014
1032,2014-02-05,3,9859.0,1007,1,1.0,1,623,9941
1033,2014-02-05,3,16054.0,1392,1,1.0,1,716,11270
1034,2014-02-05,3,7814.0,841,1,1.0,1,410,6369
1035,2014-02-05,3,6185.0,627,1,1.0,1,592,4905
1036,2014-02-05,3,4712.0,425,1,1.0,1,357,4445
1037,2014-02-05,3,7514.0,921,1,1.0,1,1022,9310
1038,2014-02-05,3,5686.0,466,1,1.0,1,1520,4235
1039,2014-02-05,3,8361.0,1061,1,1.0,1,1141,6991
1040,2014-02-05,3,8591.0,845,1,1.0,1,656,9425
1041,2014-02-05,3,6402.0,714,1,1.0,1,903,7505
1042,2014-02-05,3,4908.0,567,1,1.0,1,849,6028
1043,2014-02-05,3,10012.0,1260,1,1.0,1,460,7185
1044,2014-02-05,3,7174.0,886,1,1.0,1,561,7322
1045,2014-02-05,3,6978.0,821,1,1.0,1,536,6827
1046,2014-02-05,3,9655.0,684,1,1.0,1,1795,10613
1047,2014-02-05,3,5249.0,555,1,1.0,1,753,4850
1048,2014-02-05,3,6974.0,528,1,1.0,1,874,8551
1049,2014-02-05,3,4374.0,705,1,1.0,1,275,2176
1050,2014-02-05,3,8199.0,514,1,1.0,1,661,8124
1051,2014-02-05,3,8957.0,1135,1,1.0,1,484,6393
1052,2014-02-05,3,7148.0,739,1,1.0,1,857,8025
1053,2014-02-05,3,11520.0,1279,1,1.0,1,293,5304
1054,2014-02-05,3,6831.0,653,1,1.0,1,816,5666
1055,2014-02-05,3,8675.0,1074,1,1.0,1,845,7734
1056,2014-02-05,3,3511.0,346,1,1.0,1,825,4137
1057,2014-02-05,3,6591.0,625,1,1.0,1,964,6863
1058,2014-02-05,3,7737.0,740,1,1.0,1,380,6365
1059,2014-02-05,3,9308.0,1161,1,1.0,1,626,7942
1060,2014-02-05,3,8452.0,926,1,1.0,1,702,7547
1061,2014-02-05,3,7793.0,565,1,1.0,1,575,7419
1062,2014-02-05,3,6146.0,533,1,1.0,1,533,7097
1063,2014-02-05,3,5160.0,589,1,1.0,1,1135,4937
1064,2014-02-05,3,9730.0,1104,1,1.0,1,555,8361
1065,2014-02-05,3,4890.0,539,1,1.0,1,669,5651
1066,2014-02-05,3,10758.0,1107,1,1.0,1,1012,10131
1067,2014-02-05,3,5944.0,492,1,1.0,1,725,5592
1068,2014-02-05,3,4683.0,308,1,1.0,1,535,4398
1069,2014-02-05,3,9535.0,1198,1,1.0,1,661,6006
1070,2014-02-05,3,7428.0,936,1,1.0,1,712,7912
1071,2014-02-05,3,7330.0,785,1,1.0,1,619,6503
1072,2014-02-05,3,7776.0,711,1,1.0,1,422,5951
1073,2014-02-05,3,7840.0,1009,1,1.0,1,959,7524
1074,2014-02-05,3,5994.0,627,1,1.0,1,998,7883
1075,2014-02-05,3,10679.0,1038,1,1.0,1,305,5370
1076,2014-02-05,3,4096.0,601,1,1.0,1,469,4578
1077,2014-02-05,3,4596.0,496,1,1.0,1,681,5281
1078,2014-02-05,3,9264.0,617,1,1.0,1,747,6656
1079,2014-02-05,3,10176.0,735,1,1.0,1,524,8544
1080,2014-02-05,3,11153.0,881,1,1.0,1,1041,10174
1081,2014-02-05,3,7804.0,1143,1,1.0,1,608,7424
1082,2014-02-05,3,8050.0,1048,1,1.0,1,540,8064
1083,2014-02-05,3,5102.0,342,1,1.0,1,1491,5886
1084,2014-02-05,3,6439.0,773,1,1.0,1,2628,7746
1085,2014-02-05,3,8836.0,844,1,1.0,1,715,6421
1086,2014-02-05,3,9880.0,939,1,1.0,1,506,7550
1087,2014-02-05,3,5951.0,585,1,1.0,1,568,7235
1088,2014-02-05,3,5738.0,515,1,1.0,1,505,4950
1089,2014-02-05,3,10016.0,980,1,1.0,1,2924,9757
1090,2014-02-05,3,7992.0,1005,1,1.0,1,450,5973
1091,2014-02-05,3,9774.0,743,1,1.0,1,607,9251
1092,2014-02-05,3,11906.0,1167,1,1.0,1,771,11407
1093,2014-02-05,3,8990.0,908,1,1.0,1,630,6884
1094,2014-02-05,3,4224.0,335,1,1.0,1,584,5501
1095,2014-02-05,3,5327.0,693,1,1.0,1,592,4984
1096,2014-02-05,3,5103.0,607,1,1.0,1,464,4929
1097,2014-02-05,3,10177.0,2500,1,1.0,1,765,10275
1098,2014-02-05,3,6274.0,808,1,1.0,1,485,6090
1099,2014-02-05,3,8062.0,973,1,1.0,1,532,9040
1100,2014-02-05,3,6319.0,689,1,1.0,1,523,6192
1101,2014-02-05,3,10125.0,948,1,1.0,1,802,9390
1102,2014-02-05,3,7714.0,753,1,1.0,1,536,6954
1103,2014-02-05,3,4865.0,346,1,1.0,1,875,5459
1104,2014-02-05,3,5619.0,399,1,1.0,1,647,5329
1105,2014-02-05,3,4874.0,519,1,1.0,1,581,5316
1106,2014-02-05,3,5503.0,587,1,1.0,1,609,6010
1107,2014-02-05,3,7169.0,678,1,1.0,1,571,6719
1108,2014-02-05,3,7083.0,721,1,1.0,1,486,6146
1109,2014-02-05,3,6245.0,475,1,1.0,1,650,5584
1110,2014-02-05,3,4957.0,547,1,1.0,1,665,4711
1111,2014-02-05,3,6514.0,501,1,1.0,1,599,6409
1112,2014-02-05,3,12141.0,897,1,1.0,1,747,10134
1113,2014-02-05,3,6785.0,726,1,1.0,1,656,7236
1114,2014-02-05,3,19543.0,2836,1,1.0,1,667,11606
1115,2014-02-05,3,6148.0,413,1,1.0,1,616,6972
