Store,Date,DayOfWeek,Sales,Customers,Promo,POST_Promo,POST_Sales
1,2014-02-26,3,4108.0,491,0,0,3481
2,2014-02-26,3,4548.0,632,0,0,3946
3,2014-02-26,3,4580.0,640,0,0,3163
4,2014-02-26,3,6987.0,1100,0,0,7648
5,2014-02-26,3,3568.0,548,0,0,3750
6,2014-02-26,3,4111.0,545,0,0,3030
7,2014-02-26,3,5812.0,746,0,0,6060
8,2014-02-26,3,3719.0,560,0,0,4440
9,2014-02-26,3,5627.0,527,0,0,5487
10,2014-02-26,3,4253.0,560,0,0,3884
11,2014-02-26,3,7000.0,1120,0,0,5960
12,2014-02-26,3,5680.0,794,0,0,5438
13,2014-02-26,3,2820.0,255,0,0,4211
14,2014-02-26,3,4408.0,574,0,0,3520
15,2014-02-26,3,4507.0,488,0,0,4808
16,2014-02-26,3,6439.0,802,0,0,5524
17,2014-02-26,3,4426.0,671,0,0,3525
18,2014-02-26,3,4630.0,627,0,0,5503
19,2014-02-26,3,5543.0,571,0,0,4849
20,2014-02-26,3,6497.0,834,0,0,5743
21,2014-02-26,3,3675.0,384,0,0,4886
22,2014-02-26,3,4192.0,554,0,0,4901
23,2014-02-26,3,4393.0,426,0,0,5270
24,2014-02-26,3,6937.0,663,0,0,7667
25,2014-02-26,3,10499.0,1626,0,0,11837
26,2014-02-26,3,4669.0,430,0,0,5232
27,2014-02-26,3,6027.0,838,0,0,6977
28,2014-02-26,3,4348.0,481,0,0,2660
29,2014-02-26,3,4990.0,531,0,0,6431
30,2014-02-26,3,5228.0,888,0,0,6014
31,2014-02-26,3,4426.0,461,0,0,5020
32,2014-02-26,3,2849.0,414,0,0,4920
33,2014-02-26,3,8052.0,887,0,0,7051
34,2014-02-26,3,6121.0,862,0,0,5149
35,2014-02-26,3,6870.0,599,0,0,6985
36,2014-02-26,3,6648.0,890,0,0,5522
37,2014-02-26,3,4276.0,543,0,0,5804
38,2014-02-26,3,4765.0,516,0,0,4375
39,2014-02-26,3,4511.0,657,0,0,3201
40,2014-02-26,3,4378.0,603,0,0,3524
41,2014-02-26,3,3475.0,327,0,0,4441
42,2014-02-26,3,8588.0,1075,0,0,10004
43,2014-02-26,3,7152.0,737,0,0,8559
44,2014-02-26,3,4379.0,587,0,0,4331
45,2014-02-26,3,3780.0,351,0,0,3954
46,2014-02-26,3,3269.0,486,0,0,3755
47,2014-02-26,3,5289.0,829,0,0,5351
48,2014-02-26,3,3412.0,403,0,0,1426
49,2014-02-26,3,5977.0,448,0,0,5636
50,2014-02-26,3,3070.0,292,0,0,1725
51,2014-02-26,3,4245.0,404,0,0,3961
52,2014-02-26,3,6268.0,451,0,0,7494
53,2014-02-26,3,3767.0,471,0,0,4163
54,2014-02-26,3,4378.0,491,0,0,5882
55,2014-02-26,3,3638.0,503,0,0,3537
56,2014-02-26,3,4603.0,359,0,0,7208
57,2014-02-26,3,7942.0,799,0,0,9659
58,2014-02-26,3,4915.0,443,0,0,5163
59,2014-02-26,3,4552.0,533,0,0,4882
60,2014-02-26,3,6622.0,710,0,0,5913
61,2014-02-26,3,3980.0,520,0,0,2830
62,2014-02-26,3,6975.0,861,0,0,8066
63,2014-02-26,3,4202.0,437,0,0,5934
64,2014-02-26,3,8600.0,753,0,0,6223
65,2014-02-26,3,3352.0,345,0,0,2442
66,2014-02-26,3,3999.0,398,0,0,2896
67,2014-02-26,3,5838.0,696,0,0,6980
68,2014-02-26,3,5541.0,948,0,0,6051
69,2014-02-26,3,6837.0,983,0,0,6884
70,2014-02-26,3,5004.0,580,0,0,5932
71,2014-02-26,3,6651.0,643,0,0,6578
72,2014-02-26,3,3225.0,378,0,0,2978
73,2014-02-26,3,3628.0,475,0,0,5683
74,2014-02-26,3,5844.0,877,0,0,5007
75,2014-02-26,3,4255.0,505,0,0,4347
76,2014-02-26,3,7064.0,788,0,0,9139
77,2014-02-26,3,5151.0,513,0,0,5516
78,2014-02-26,3,2748.0,426,0,0,3228
79,2014-02-26,3,3780.0,449,0,0,3672
80,2014-02-26,3,5564.0,474,0,0,5800
81,2014-02-26,3,5566.0,509,0,0,4968
82,2014-02-26,3,7673.0,836,0,0,6470
83,2014-02-26,3,3720.0,351,0,0,1309
84,2014-02-26,3,10475.0,1379,0,0,10199
85,2014-02-26,3,4691.0,739,0,0,5445
86,2014-02-26,3,3664.0,535,0,0,3619
87,2014-02-26,3,5300.0,694,0,0,3828
88,2014-02-26,3,4493.0,555,0,0,4035
89,2014-02-26,3,5171.0,613,0,0,3720
90,2014-02-26,3,6716.0,1007,0,0,3778
91,2014-02-26,3,5375.0,663,0,0,4411
92,2014-02-26,3,3974.0,404,0,0,3760
93,2014-02-26,3,4147.0,517,0,0,4367
94,2014-02-26,3,5377.0,573,0,0,6352
95,2014-02-26,3,5286.0,657,0,0,5660
96,2014-02-26,3,4377.0,550,0,0,6292
97,2014-02-26,3,4501.0,523,0,0,4833
98,2014-02-26,3,3085.0,335,0,0,3139
99,2014-02-26,3,3600.0,355,0,0,4390
100,2014-02-26,3,5928.0,607,0,0,6074
101,2014-02-26,3,6376.0,711,0,0,5947
102,2014-02-26,3,4397.0,768,0,0,6883
103,2014-02-26,3,3612.0,357,0,0,1958
104,2014-02-26,3,8593.0,1236,0,0,8258
105,2014-02-26,3,3909.0,530,0,0,4783
106,2014-02-26,3,8042.0,855,0,0,7434
107,2014-02-26,3,5785.0,884,0,0,6469
108,2014-02-26,3,8253.0,730,0,0,8868
109,2014-02-26,3,4761.0,619,0,0,3759
110,2014-02-26,3,3515.0,538,0,0,3158
111,2014-02-26,3,4861.0,456,0,0,4586
112,2014-02-26,3,5638.0,737,0,0,6073
113,2014-02-26,3,6064.0,649,0,0,5658
114,2014-02-26,3,4513.0,598,0,0,3422
115,2014-02-26,3,5366.0,472,0,0,7416
116,2014-02-26,3,5536.0,666,0,0,5535
117,2014-02-26,3,3536.0,497,0,0,3658
118,2014-02-26,3,5296.0,505,0,0,5686
119,2014-02-26,3,5083.0,651,0,0,5202
120,2014-02-26,3,5108.0,539,0,0,7407
121,2014-02-26,3,3522.0,429,0,0,1758
122,2014-02-26,3,4451.0,601,0,0,4052
123,2014-02-26,3,6196.0,877,0,0,6492
124,2014-02-26,3,3528.0,504,0,0,4899
125,2014-02-26,3,9417.0,1428,0,0,8778
126,2014-02-26,3,5594.0,608,0,0,5096
127,2014-02-26,3,4156.0,530,0,0,3712
128,2014-02-26,3,5305.0,499,0,0,6066
129,2014-02-26,3,6957.0,1027,0,0,7847
130,2014-02-26,3,4371.0,550,0,0,2354
131,2014-02-26,3,5142.0,626,0,0,5154
132,2014-02-26,3,4787.0,514,0,0,5648
133,2014-02-26,3,4578.0,608,0,0,3983
134,2014-02-26,3,4350.0,470,0,0,4036
135,2014-02-26,3,4278.0,423,0,0,5682
136,2014-02-26,3,3972.0,364,0,0,5179
137,2014-02-26,3,6768.0,883,0,0,5570
138,2014-02-26,3,5471.0,591,0,0,4533
139,2014-02-26,3,5234.0,474,0,0,6119
140,2014-02-26,3,6592.0,944,0,0,6208
141,2014-02-26,3,3943.0,496,0,0,3866
142,2014-02-26,3,5578.0,730,0,0,3572
143,2014-02-26,3,4510.0,462,0,0,4465
144,2014-02-26,3,6034.0,630,0,0,5909
145,2014-02-26,3,6117.0,1054,0,0,6095
146,2014-02-26,3,5488.0,604,0,0,6199
147,2014-02-26,3,5673.0,716,0,0,5151
148,2014-02-26,3,6997.0,733,0,0,6127
149,2014-02-26,3,4272.0,453,0,0,3745
150,2014-02-26,3,6410.0,645,0,0,5858
151,2014-02-26,3,4601.0,519,0,0,5175
152,2014-02-26,3,5342.0,728,0,0,3788
153,2014-02-26,3,5042.0,605,0,0,5201
154,2014-02-26,3,5854.0,579,0,0,6859
155,2014-02-26,3,4500.0,522,0,0,6382
156,2014-02-26,3,5164.0,627,0,0,5564
157,2014-02-26,3,8413.0,1003,0,0,7178
158,2014-02-26,3,6247.0,403,0,0,5944
159,2014-02-26,3,5354.0,533,0,0,6145
160,2014-02-26,3,3597.0,418,0,0,4465
161,2014-02-26,3,6859.0,903,0,0,6868
162,2014-02-26,3,4850.0,400,0,0,5784
163,2014-02-26,3,6104.0,816,0,0,6450
164,2014-02-26,3,4708.0,578,0,0,4563
165,2014-02-26,3,3987.0,421,0,0,3010
166,2014-02-26,3,4604.0,708,0,0,5471
167,2014-02-26,3,6265.0,906,0,0,7078
168,2014-02-26,3,5894.0,661,0,0,4208
169,2014-02-26,3,5701.0,666,0,0,5583
170,2014-02-26,3,4612.0,551,0,0,3265
171,2014-02-26,3,6116.0,762,0,0,6890
172,2014-02-26,3,5790.0,791,0,0,4898
173,2014-02-26,3,5906.0,886,0,0,6522
174,2014-02-26,3,5028.0,438,0,0,5001
175,2014-02-26,3,4447.0,603,0,0,4118
176,2014-02-26,3,3842.0,571,0,0,4383
177,2014-02-26,3,3615.0,500,0,0,2434
178,2014-02-26,3,7294.0,754,0,0,7971
179,2014-02-26,3,5316.0,797,0,0,6978
180,2014-02-26,3,5436.0,713,0,0,4172
181,2014-02-26,3,4476.0,569,0,0,5179
182,2014-02-26,3,3877.0,354,0,0,4410
183,2014-02-26,3,3601.0,533,0,0,3923
184,2014-02-26,3,5873.0,628,0,0,5619
185,2014-02-26,3,4741.0,395,0,0,4862
186,2014-02-26,3,2692.0,319,0,0,2241
187,2014-02-26,3,4854.0,701,0,0,7457
188,2014-02-26,3,3505.0,367,0,0,4813
189,2014-02-26,3,8752.0,887,0,0,7109
190,2014-02-26,3,5675.0,628,0,0,5779
191,2014-02-26,3,5442.0,657,0,0,5733
192,2014-02-26,3,5637.0,442,0,0,6013
193,2014-02-26,3,4119.0,741,0,0,3771
194,2014-02-26,3,4135.0,425,0,0,3066
195,2014-02-26,3,10639.0,1457,0,0,8164
196,2014-02-26,3,3740.0,609,0,0,4311
197,2014-02-26,3,5033.0,734,0,0,5550
198,2014-02-26,3,1574.0,219,0,0,2682
199,2014-02-26,3,5836.0,543,0,0,6313
200,2014-02-26,3,7926.0,1049,0,0,6192
201,2014-02-26,3,4842.0,517,0,0,5120
202,2014-02-26,3,5017.0,446,0,0,4170
203,2014-02-26,3,5881.0,874,0,0,4652
204,2014-02-26,3,5301.0,497,0,0,3925
205,2014-02-26,3,4412.0,728,0,0,5516
206,2014-02-26,3,5645.0,711,0,0,6543
207,2014-02-26,3,8418.0,1171,0,0,8369
208,2014-02-26,3,2294.0,337,0,0,1298
209,2014-02-26,3,4207.0,480,0,0,4967
210,2014-02-26,3,2609.0,270,0,0,2931
211,2014-02-26,3,11255.0,1409,0,0,9868
212,2014-02-26,3,4171.0,472,0,0,4163
213,2014-02-26,3,6671.0,586,0,0,5824
214,2014-02-26,3,9005.0,791,0,0,7548
215,2014-02-26,3,4200.0,381,0,0,4984
216,2014-02-26,3,6342.0,879,0,0,5248
217,2014-02-26,3,3568.0,539,0,0,4203
218,2014-02-26,3,4583.0,679,0,0,4025
219,2014-02-26,3,3091.0,454,0,0,454
220,2014-02-26,3,4636.0,677,0,0,4233
221,2014-02-26,3,3609.0,392,0,0,5411
222,2014-02-26,3,4315.0,528,0,0,3730
223,2014-02-26,3,5159.0,635,0,0,7038
224,2014-02-26,3,4689.0,391,0,0,4470
225,2014-02-26,3,3491.0,429,0,0,4844
226,2014-02-26,3,5456.0,608,0,0,4934
227,2014-02-26,3,6336.0,667,0,0,4858
228,2014-02-26,3,5301.0,453,0,0,5663
229,2014-02-26,3,6370.0,640,0,0,9396
230,2014-02-26,3,5851.0,794,0,0,5531
231,2014-02-26,3,3190.0,303,0,0,5225
232,2014-02-26,3,1939.0,235,0,0,1896
233,2014-02-26,3,7343.0,899,0,0,6865
234,2014-02-26,3,7571.0,817,0,0,9240
235,2014-02-26,3,3908.0,394,0,0,4107
236,2014-02-26,3,5727.0,816,0,0,5271
237,2014-02-26,3,3939.0,549,0,0,4024
238,2014-02-26,3,7210.0,1126,0,0,5457
239,2014-02-26,3,3523.0,423,0,0,4211
240,2014-02-26,3,4226.0,439,0,0,592
241,2014-02-26,3,4944.0,613,0,0,6320
242,2014-02-26,3,2288.0,244,0,0,5522
243,2014-02-26,3,4977.0,720,0,0,5877
244,2014-02-26,3,3321.0,419,0,0,2340
245,2014-02-26,3,7821.0,994,0,0,7030
246,2014-02-26,3,5514.0,813,0,0,5666
247,2014-02-26,3,5143.0,468,0,0,6298
248,2014-02-26,3,6185.0,891,0,0,6000
249,2014-02-26,3,3737.0,441,0,0,3496
250,2014-02-26,3,5867.0,532,0,0,7117
251,2014-02-26,3,14253.0,2061,0,0,15223
252,2014-02-26,3,8287.0,762,0,0,8783
253,2014-02-26,3,4184.0,589,0,0,5269
254,2014-02-26,3,2241.0,220,0,0,2414
255,2014-02-26,3,4628.0,534,0,0,5778
256,2014-02-26,3,9495.0,1462,0,0,8915
257,2014-02-26,3,4043.0,587,0,0,3738
258,2014-02-26,3,4269.0,413,0,0,4508
259,2014-02-26,3,11151.0,2391,0,0,10401
260,2014-02-26,3,5544.0,821,0,0,5754
261,2014-02-26,3,8359.0,743,0,0,9266
262,2014-02-26,3,16506.0,2807,0,0,16474
263,2014-02-26,3,2589.0,270,0,0,3373
264,2014-02-26,3,4897.0,784,0,0,6764
265,2014-02-26,3,3493.0,424,0,0,3428
266,2014-02-26,3,3450.0,504,0,0,2676
267,2014-02-26,3,5665.0,767,0,0,6919
268,2014-02-26,3,3631.0,505,0,0,3313
269,2014-02-26,3,6525.0,1032,0,0,8152
270,2014-02-26,3,7476.0,1032,0,0,6801
271,2014-02-26,3,5612.0,694,0,0,6461
272,2014-02-26,3,4446.0,539,0,0,3857
273,2014-02-26,3,4876.0,599,0,0,5107
274,2014-02-26,3,2990.0,815,0,0,1398
275,2014-02-26,3,6694.0,729,0,0,3633
276,2014-02-26,3,3404.0,480,0,0,2833
277,2014-02-26,3,4870.0,453,0,0,5363
278,2014-02-26,3,5600.0,710,0,0,5367
279,2014-02-26,3,5203.0,474,0,0,9011
280,2014-02-26,3,5702.0,549,0,0,4461
281,2014-02-26,3,4402.0,459,0,0,4046
282,2014-02-26,3,3525.0,597,0,0,3445
283,2014-02-26,3,5676.0,650,0,0,6612
284,2014-02-26,3,3583.0,363,0,0,6479
285,2014-02-26,3,3876.0,429,0,0,4119
286,2014-02-26,3,4097.0,407,0,0,4815
287,2014-02-26,3,6452.0,721,0,0,6670
288,2014-02-26,3,3993.0,307,0,0,4148
289,2014-02-26,3,4843.0,485,0,0,6167
290,2014-02-26,3,6233.0,722,0,0,7408
291,2014-02-26,3,5480.0,660,0,0,6913
292,2014-02-26,3,5108.0,680,0,0,4513
293,2014-02-26,3,4203.0,634,0,0,4338
294,2014-02-26,3,5142.0,766,0,0,5934
295,2014-02-26,3,4367.0,630,0,0,4006
296,2014-02-26,3,5094.0,686,0,0,5464
297,2014-02-26,3,5433.0,653,0,0,5097
298,2014-02-26,3,5591.0,507,0,0,4113
299,2014-02-26,3,4152.0,453,0,0,4161
300,2014-02-26,3,4546.0,668,0,0,4477
301,2014-02-26,3,4945.0,570,0,0,3464
302,2014-02-26,3,2267.0,233,0,0,1761
303,2014-02-26,3,4525.0,590,0,0,4897
304,2014-02-26,3,5193.0,967,0,0,6231
305,2014-02-26,3,3871.0,401,0,0,5332
306,2014-02-26,3,4168.0,479,0,0,4070
307,2014-02-26,3,1640.0,222,0,0,1799
308,2014-02-26,3,6176.0,752,0,0,6989
309,2014-02-26,3,5077.0,539,0,0,5747
310,2014-02-26,3,6569.0,632,0,0,4721
311,2014-02-26,3,5521.0,796,0,0,5046
312,2014-02-26,3,3532.0,395,0,0,3954
313,2014-02-26,3,4848.0,544,0,0,4812
314,2014-02-26,3,4522.0,550,0,0,3550
315,2014-02-26,3,3198.0,415,0,0,3465
316,2014-02-26,3,7033.0,748,0,0,8368
317,2014-02-26,3,4396.0,511,0,0,4550
318,2014-02-26,3,5004.0,528,0,0,5634
319,2014-02-26,3,6700.0,775,0,0,4732
320,2014-02-26,3,11091.0,1755,0,0,11926
321,2014-02-26,3,3568.0,416,0,0,4771
322,2014-02-26,3,3504.0,458,0,0,3333
323,2014-02-26,3,5280.0,501,0,0,3823
324,2014-02-26,3,3955.0,589,0,0,3849
325,2014-02-26,3,4653.0,528,0,0,7483
326,2014-02-26,3,3466.0,319,0,0,3683
327,2014-02-26,3,5613.0,781,0,0,5444
328,2014-02-26,3,4248.0,541,0,0,3152
329,2014-02-26,3,6059.0,606,0,0,5060
330,2014-02-26,3,4022.0,445,0,0,2201
331,2014-02-26,3,5277.0,786,0,0,5799
332,2014-02-26,3,3196.0,474,0,0,3743
333,2014-02-26,3,7770.0,1124,0,0,8409
334,2014-02-26,3,4268.0,512,0,0,4222
335,2014-02-26,3,11860.0,2425,0,0,10511
336,2014-02-26,3,11067.0,1761,0,0,10822
337,2014-02-26,3,3870.0,336,0,0,4375
338,2014-02-26,3,4721.0,481,0,0,4909
339,2014-02-26,3,4835.0,684,0,0,4756
340,2014-02-26,3,4680.0,617,0,0,3618
341,2014-02-26,3,4837.0,713,0,0,3646
342,2014-02-26,3,8744.0,735,0,0,8440
343,2014-02-26,3,5679.0,610,0,0,5128
344,2014-02-26,3,5934.0,913,0,0,8068
345,2014-02-26,3,4342.0,481,0,0,3909
346,2014-02-26,3,6145.0,601,0,0,5053
347,2014-02-26,3,3956.0,346,0,0,4254
348,2014-02-26,3,7674.0,701,0,0,5592
349,2014-02-26,3,6370.0,690,0,0,5748
350,2014-02-26,3,4819.0,397,0,0,3762
351,2014-02-26,3,4775.0,468,0,0,4716
352,2014-02-26,3,4888.0,528,0,0,4908
353,2014-02-26,3,5320.0,1514,0,0,4433
354,2014-02-26,3,5985.0,636,0,0,9286
355,2014-02-26,3,6846.0,930,0,0,7566
356,2014-02-26,3,4642.0,378,0,0,3834
357,2014-02-26,3,5159.0,768,0,0,6496
358,2014-02-26,3,7492.0,973,0,0,8452
359,2014-02-26,3,6819.0,641,0,0,4808
360,2014-02-26,3,5243.0,637,0,0,5565
361,2014-02-26,3,4120.0,452,0,0,3551
362,2014-02-26,3,7147.0,947,0,0,7763
363,2014-02-26,3,5665.0,814,0,0,7009
364,2014-02-26,3,3959.0,522,0,0,3196
365,2014-02-26,3,4049.0,474,0,0,4839
366,2014-02-26,3,4111.0,473,0,0,5326
367,2014-02-26,3,2863.0,382,0,0,5891
368,2014-02-26,3,6991.0,607,0,0,6778
369,2014-02-26,3,4958.0,465,0,0,6275
370,2014-02-26,3,5623.0,519,0,0,5701
371,2014-02-26,3,5075.0,428,0,0,-1242
372,2014-02-26,3,6319.0,632,0,0,6796
373,2014-02-26,3,3808.0,293,0,0,3494
374,2014-02-26,3,5951.0,780,0,0,5265
375,2014-02-26,3,5821.0,532,0,0,5898
376,2014-02-26,3,5791.0,768,0,0,6194
377,2014-02-26,3,5180.0,788,0,0,5759
378,2014-02-26,3,4853.0,839,0,0,5884
379,2014-02-26,3,2744.0,403,0,0,3155
380,2014-02-26,3,11653.0,1246,0,0,10193
381,2014-02-26,3,7596.0,936,0,0,6862
382,2014-02-26,3,5044.0,454,0,0,5930
383,2014-02-26,3,13428.0,1839,0,0,13789
384,2014-02-26,3,6459.0,816,0,0,7455
385,2014-02-26,3,5358.0,519,0,0,7377
386,2014-02-26,3,6220.0,550,0,0,7213
387,2014-02-26,3,8556.0,1226,0,0,8155
388,2014-02-26,3,8215.0,947,0,0,7434
389,2014-02-26,3,8080.0,1185,0,0,8699
390,2014-02-26,3,9755.0,994,0,0,8894
391,2014-02-26,3,4840.0,651,0,0,5847
392,2014-02-26,3,5734.0,666,0,0,5995
393,2014-02-26,3,5729.0,629,0,0,3873
394,2014-02-26,3,5706.0,539,0,0,5223
395,2014-02-26,3,4026.0,558,0,0,2381
396,2014-02-26,3,6676.0,842,0,0,8773
397,2014-02-26,3,4401.0,721,0,0,9114
398,2014-02-26,3,3950.0,476,0,0,3918
399,2014-02-26,3,4049.0,492,0,0,3394
400,2014-02-26,3,5991.0,977,0,0,6284
401,2014-02-26,3,5059.0,552,0,0,4859
402,2014-02-26,3,3181.0,423,0,0,3764
403,2014-02-26,3,7186.0,782,0,0,7404
404,2014-02-26,3,4529.0,604,0,0,4103
405,2014-02-26,3,2725.0,402,0,0,4241
406,2014-02-26,3,4330.0,391,0,0,5426
407,2014-02-26,3,2619.0,243,0,0,2100
408,2014-02-26,3,3167.0,373,0,0,5487
409,2014-02-26,3,4782.0,488,0,0,5064
410,2014-02-26,3,5954.0,818,0,0,6332
411,2014-02-26,3,6931.0,584,0,0,6415
412,2014-02-26,3,6129.0,528,0,0,5770
413,2014-02-26,3,6215.0,876,0,0,5671
414,2014-02-26,3,4918.0,423,0,0,4699
415,2014-02-26,3,5766.0,570,0,0,5365
416,2014-02-26,3,8515.0,1216,0,0,8326
417,2014-02-26,3,6230.0,773,0,0,5452
418,2014-02-26,3,4718.0,565,0,0,4021
419,2014-02-26,3,4034.0,726,0,0,4077
420,2014-02-26,3,3405.0,335,0,0,3500
421,2014-02-26,3,5940.0,684,0,0,6414
422,2014-02-26,3,3719.0,433,0,0,2282
423,2014-02-26,3,7988.0,1525,0,0,9231
424,2014-02-26,3,5183.0,674,0,0,6589
425,2014-02-26,3,3153.0,471,0,0,2322
426,2014-02-26,3,4732.0,680,0,0,4068
427,2014-02-26,3,5414.0,628,0,0,3836
428,2014-02-26,3,5160.0,469,0,0,1063
429,2014-02-26,3,4044.0,377,0,0,3851
430,2014-02-26,3,6532.0,604,0,0,5810
431,2014-02-26,3,7993.0,963,0,0,8000
432,2014-02-26,3,9336.0,1459,0,0,8520
433,2014-02-26,3,4095.0,577,0,0,3297
434,2014-02-26,3,7803.0,619,0,0,7978
435,2014-02-26,3,4205.0,528,0,0,11736
436,2014-02-26,3,4133.0,516,0,0,6110
437,2014-02-26,3,5140.0,617,0,0,6343
438,2014-02-26,3,3400.0,414,0,0,3587
439,2014-02-26,3,4874.0,737,0,0,5581
440,2014-02-26,3,3692.0,512,0,0,3269
441,2014-02-26,3,5498.0,714,0,0,3826
442,2014-02-26,3,2881.0,357,0,0,3463
443,2014-02-26,3,3587.0,362,0,0,4254
444,2014-02-26,3,9280.0,1273,0,0,11849
445,2014-02-26,3,8411.0,1294,0,0,5909
446,2014-02-26,3,4580.0,609,0,0,4866
447,2014-02-26,3,4171.0,548,0,0,4413
448,2014-02-26,3,6947.0,654,0,0,7478
449,2014-02-26,3,8806.0,1393,0,0,7182
450,2014-02-26,3,5800.0,783,0,0,6135
451,2014-02-26,3,3878.0,373,0,0,4718
452,2014-02-26,3,3280.0,346,0,0,4291
453,2014-02-26,3,5333.0,704,0,0,4258
454,2014-02-26,3,4620.0,700,0,0,4539
455,2014-02-26,3,5378.0,372,0,0,4580
456,2014-02-26,3,5152.0,843,0,0,5631
457,2014-02-26,3,3883.0,363,0,0,6453
458,2014-02-26,3,5149.0,528,0,0,5624
459,2014-02-26,3,6702.0,964,0,0,6677
460,2014-02-26,3,2385.0,266,0,0,2963
461,2014-02-26,3,3360.0,384,0,0,5995
462,2014-02-26,3,3538.0,538,0,0,4012
463,2014-02-26,3,5184.0,868,0,0,8338
464,2014-02-26,3,6994.0,939,0,0,6608
465,2014-02-26,3,5284.0,467,0,0,6444
466,2014-02-26,3,6213.0,724,0,0,5908
467,2014-02-26,3,10119.0,1359,0,0,10963
468,2014-02-26,3,5322.0,657,0,0,5753
469,2014-02-26,3,7927.0,1138,0,0,11333
470,2014-02-26,3,11143.0,1746,0,0,10778
471,2014-02-26,3,4427.0,433,0,0,5511
472,2014-02-26,3,3966.0,569,0,0,4450
473,2014-02-26,3,3166.0,512,0,0,1981
474,2014-02-26,3,6030.0,637,0,0,6879
475,2014-02-26,3,5806.0,998,0,0,4484
476,2014-02-26,3,4489.0,561,0,0,4223
477,2014-02-26,3,5429.0,393,0,0,5344
478,2014-02-26,3,5374.0,666,0,0,5970
479,2014-02-26,3,8487.0,1124,0,0,8993
480,2014-02-26,3,4152.0,619,0,0,3042
481,2014-02-26,3,4320.0,405,0,0,4204
482,2014-02-26,3,5568.0,685,0,0,6028
483,2014-02-26,3,3351.0,520,0,0,3413
484,2014-02-26,3,4787.0,562,0,0,4319
485,2014-02-26,3,3514.0,365,0,0,4414
486,2014-02-26,3,3111.0,426,0,0,3226
487,2014-02-26,3,4720.0,497,0,0,5156
488,2014-02-26,3,2757.0,331,0,0,2533
489,2014-02-26,3,5374.0,550,0,0,5174
490,2014-02-26,3,6924.0,965,0,0,7663
491,2014-02-26,3,4850.0,397,0,0,5329
492,2014-02-26,3,5068.0,891,0,0,2887
493,2014-02-26,3,6880.0,738,0,0,6502
494,2014-02-26,3,6520.0,969,0,0,6121
495,2014-02-26,3,3221.0,299,0,0,3573
496,2014-02-26,3,5588.0,670,0,0,6426
497,2014-02-26,3,6889.0,958,0,0,6789
498,2014-02-26,3,5742.0,799,0,0,5770
499,2014-02-26,3,4287.0,649,0,0,2763
500,2014-02-26,3,4209.0,346,0,0,9444
501,2014-02-26,3,4776.0,637,0,0,4948
502,2014-02-26,3,7852.0,1272,0,0,9310
503,2014-02-26,3,4380.0,329,0,0,4139
504,2014-02-26,3,4815.0,812,0,0,5741
505,2014-02-26,3,3586.0,543,0,0,7307
506,2014-02-26,3,6040.0,791,0,0,5318
507,2014-02-26,3,6114.0,539,0,0,6012
508,2014-02-26,3,5297.0,633,0,0,3913
509,2014-02-26,3,4665.0,458,0,0,3928
510,2014-02-26,3,7428.0,914,0,0,6199
511,2014-02-26,3,4512.0,722,0,0,4625
512,2014-02-26,3,4511.0,1222,0,0,5031
513,2014-02-26,3,13243.0,1677,0,0,15426
514,2014-02-26,3,4247.0,527,0,0,4417
515,2014-02-26,3,6220.0,602,0,0,6734
516,2014-02-26,3,4357.0,670,0,0,3791
517,2014-02-26,3,3863.0,486,0,0,6308
518,2014-02-26,3,4446.0,421,0,0,4127
519,2014-02-26,3,3308.0,429,0,0,3229
520,2014-02-26,3,3459.0,371,0,0,1473
521,2014-02-26,3,4938.0,430,0,0,4312
522,2014-02-26,3,5955.0,527,0,0,4821
523,2014-02-26,3,10425.0,1391,0,0,12493
524,2014-02-26,3,6180.0,755,0,0,6982
525,2014-02-26,3,7571.0,746,0,0,7554
526,2014-02-26,3,9348.0,1420,0,0,8840
527,2014-02-26,3,8729.0,889,0,0,8952
528,2014-02-26,3,7812.0,848,0,0,8719
529,2014-02-26,3,5319.0,609,0,0,7400
530,2014-02-26,3,2433.0,360,0,0,1291
531,2014-02-26,3,3675.0,544,0,0,3896
532,2014-02-26,3,14177.0,1804,0,0,8627
533,2014-02-26,3,7576.0,788,0,0,7668
534,2014-02-26,3,4778.0,409,0,0,5903
535,2014-02-26,3,8456.0,1086,0,0,5047
536,2014-02-26,3,6631.0,804,0,0,5655
537,2014-02-26,3,4643.0,566,0,0,4516
538,2014-02-26,3,3118.0,523,0,0,2608
539,2014-02-26,3,8981.0,1005,0,0,8391
540,2014-02-26,3,4052.0,337,0,0,3887
541,2014-02-26,3,5062.0,740,0,0,4885
542,2014-02-26,3,5328.0,504,0,0,3619
543,2014-02-26,3,1728.0,197,0,0,1261
544,2014-02-26,3,10021.0,1525,0,0,10553
545,2014-02-26,3,7896.0,921,0,0,8587
546,2014-02-26,3,10597.0,1407,0,0,9285
547,2014-02-26,3,5064.0,393,0,0,4230
548,2014-02-26,3,3314.0,327,0,0,4950
549,2014-02-26,3,3721.0,532,0,0,3276
550,2014-02-26,3,4631.0,421,0,0,4646
551,2014-02-26,3,5650.0,928,0,0,5497
552,2014-02-26,3,5004.0,556,0,0,5413
553,2014-02-26,3,3972.0,462,0,0,5378
554,2014-02-26,3,3797.0,528,0,0,3449
555,2014-02-26,3,3758.0,405,0,0,3380
556,2014-02-26,3,5862.0,744,0,0,6393
557,2014-02-26,3,3707.0,637,0,0,3523
558,2014-02-26,3,2336.0,402,0,0,2940
559,2014-02-26,3,5098.0,696,0,0,4175
560,2014-02-26,3,9506.0,1275,0,0,10029
561,2014-02-26,3,4785.0,571,0,0,4895
562,2014-02-26,3,16296.0,2928,0,0,16555
563,2014-02-26,3,4829.0,648,0,0,3810
564,2014-02-26,3,5221.0,538,0,0,3779
565,2014-02-26,3,5125.0,732,0,0,5255
566,2014-02-26,3,3747.0,453,0,0,3804
567,2014-02-26,3,3881.0,575,0,0,4026
568,2014-02-26,3,3479.0,352,0,0,5729
569,2014-02-26,3,4037.0,659,0,0,4255
570,2014-02-26,3,4634.0,712,0,0,4115
571,2014-02-26,3,5853.0,445,0,0,6904
572,2014-02-26,3,5104.0,469,0,0,6090
573,2014-02-26,3,3438.0,317,0,0,3856
574,2014-02-26,3,6546.0,560,0,0,6842
575,2014-02-26,3,3779.0,440,0,0,4439
576,2014-02-26,3,5158.0,761,0,0,6055
577,2014-02-26,3,4139.0,557,0,0,3762
578,2014-02-26,3,5277.0,558,0,0,6240
579,2014-02-26,3,6248.0,772,0,0,11610
580,2014-02-26,3,8096.0,1412,0,0,9568
581,2014-02-26,3,4188.0,562,0,0,5094
582,2014-02-26,3,5175.0,699,0,0,6162
583,2014-02-26,3,3605.0,404,0,0,4374
584,2014-02-26,3,3896.0,398,0,0,3755
585,2014-02-26,3,5063.0,908,0,0,6962
586,2014-02-26,3,11826.0,1998,0,0,11134
587,2014-02-26,3,6208.0,496,0,0,4556
588,2014-02-26,3,4552.0,561,0,0,4490
589,2014-02-26,3,3641.0,448,0,0,4682
590,2014-02-26,3,3722.0,350,0,0,4137
591,2014-02-26,3,5093.0,515,0,0,5696
592,2014-02-26,3,4491.0,651,0,0,4341
593,2014-02-26,3,6772.0,977,0,0,7179
594,2014-02-26,3,3557.0,442,0,0,5267
595,2014-02-26,3,11518.0,1380,0,0,11522
596,2014-02-26,3,3171.0,585,0,0,3278
597,2014-02-26,3,4294.0,673,0,0,3528
598,2014-02-26,3,4377.0,623,0,0,4276
599,2014-02-26,3,6649.0,703,0,0,7671
600,2014-02-26,3,4368.0,442,0,0,4738
601,2014-02-26,3,3981.0,336,0,0,4073
602,2014-02-26,3,5514.0,588,0,0,4676
603,2014-02-26,3,5145.0,822,0,0,5924
604,2014-02-26,3,6800.0,508,0,0,6739
605,2014-02-26,3,4522.0,386,0,0,4856
606,2014-02-26,3,4501.0,576,0,0,4863
607,2014-02-26,3,2396.0,295,0,0,2569
608,2014-02-26,3,6564.0,781,0,0,6476
609,2014-02-26,3,4028.0,497,0,0,2578
610,2014-02-26,3,2881.0,432,0,0,4335
611,2014-02-26,3,5042.0,437,0,0,5044
612,2014-02-26,3,5197.0,305,0,0,5178
613,2014-02-26,3,4984.0,800,0,0,5524
614,2014-02-26,3,5349.0,828,0,0,4627
615,2014-02-26,3,6822.0,991,0,0,6183
616,2014-02-26,3,7074.0,764,0,0,7974
617,2014-02-26,3,4865.0,493,0,0,4433
618,2014-02-26,3,4744.0,417,0,0,3948
619,2014-02-26,3,3352.0,401,0,0,4812
620,2014-02-26,3,6544.0,618,0,0,5498
621,2014-02-26,3,5816.0,865,0,0,5943
622,2014-02-26,3,3414.0,392,0,0,3589
623,2014-02-26,3,6819.0,930,0,0,5012
624,2014-02-26,3,6332.0,712,0,0,5149
625,2014-02-26,3,6020.0,657,0,0,5203
626,2014-02-26,3,5948.0,587,0,0,6924
627,2014-02-26,3,4437.0,514,0,0,5423
628,2014-02-26,3,4387.0,644,0,0,4802
629,2014-02-26,3,5800.0,583,0,0,6274
630,2014-02-26,3,6211.0,813,0,0,5833
631,2014-02-26,3,3978.0,523,0,0,4234
632,2014-02-26,3,5562.0,773,0,0,5106
633,2014-02-26,3,5889.0,496,0,0,5779
634,2014-02-26,3,4646.0,524,0,0,5887
635,2014-02-26,3,3779.0,438,0,0,3515
636,2014-02-26,3,2910.0,457,0,0,4360
637,2014-02-26,3,7282.0,694,0,0,5738
638,2014-02-26,3,4185.0,394,0,0,5405
639,2014-02-26,3,4812.0,564,0,0,4244
640,2014-02-26,3,8628.0,764,0,0,8288
641,2014-02-26,3,4757.0,489,0,0,5239
642,2014-02-26,3,2940.0,455,0,0,2405
643,2014-02-26,3,5672.0,819,0,0,7529
644,2014-02-26,3,7205.0,881,0,0,7400
645,2014-02-26,3,7406.0,1055,0,0,7845
646,2014-02-26,3,4250.0,668,0,0,5102
647,2014-02-26,3,4013.0,554,0,0,3402
648,2014-02-26,3,4363.0,468,0,0,4961
649,2014-02-26,3,2710.0,342,0,0,3638
650,2014-02-26,3,4720.0,567,0,0,4351
651,2014-02-26,3,8480.0,1111,0,0,5646
652,2014-02-26,3,4045.0,496,0,0,4487
653,2014-02-26,3,4945.0,495,0,0,5088
654,2014-02-26,3,5148.0,632,0,0,5901
655,2014-02-26,3,5900.0,571,0,0,6407
656,2014-02-26,3,2480.0,326,0,0,3059
657,2014-02-26,3,4715.0,674,0,0,4910
658,2014-02-26,3,4408.0,517,0,0,4579
659,2014-02-26,3,4186.0,603,0,0,2608
660,2014-02-26,3,3152.0,443,0,0,2950
661,2014-02-26,3,4966.0,474,0,0,5805
662,2014-02-26,3,5358.0,570,0,0,6412
663,2014-02-26,3,3776.0,589,0,0,7710
664,2014-02-26,3,3292.0,496,0,0,4047
665,2014-02-26,3,6397.0,1216,0,0,5588
666,2014-02-26,3,4374.0,480,0,0,5780
667,2014-02-26,3,5853.0,619,0,0,7382
668,2014-02-26,3,6687.0,1002,0,0,6945
669,2014-02-26,3,3728.0,340,0,0,6601
670,2014-02-26,3,4778.0,619,0,0,5120
671,2014-02-26,3,5268.0,551,0,0,3752
672,2014-02-26,3,6212.0,1096,0,0,5246
673,2014-02-26,3,4879.0,475,0,0,4536
674,2014-02-26,3,6754.0,983,0,0,5806
675,2014-02-26,3,2784.0,347,0,0,3585
676,2014-02-26,3,6148.0,1594,0,0,5596
677,2014-02-26,3,6159.0,538,0,0,6684
678,2014-02-26,3,4960.0,690,0,0,4444
679,2014-02-26,3,8018.0,971,0,0,7354
680,2014-02-26,3,3381.0,602,0,0,3962
681,2014-02-26,3,3295.0,505,0,0,2965
682,2014-02-26,3,9724.0,1644,0,0,8811
683,2014-02-26,3,7612.0,790,0,0,6241
684,2014-02-26,3,5925.0,497,0,0,7660
685,2014-02-26,3,5032.0,546,0,0,4416
686,2014-02-26,3,4978.0,679,0,0,5326
687,2014-02-26,3,7323.0,756,0,0,5253
688,2014-02-26,3,2667.0,303,0,0,2738
689,2014-02-26,3,5118.0,576,0,0,5288
690,2014-02-26,3,4824.0,765,0,0,4312
691,2014-02-26,3,7637.0,641,0,0,4515
692,2014-02-26,3,4917.0,657,0,0,5692
693,2014-02-26,3,3688.0,330,0,0,5315
694,2014-02-26,3,6254.0,723,0,0,5748
695,2014-02-26,3,4029.0,469,0,0,3848
696,2014-02-26,3,5634.0,854,0,0,6004
697,2014-02-26,3,8214.0,890,0,0,8781
698,2014-02-26,3,13492.0,1793,0,0,14128
699,2014-02-26,3,6126.0,831,0,0,6629
700,2014-02-26,3,3608.0,515,0,0,4537
701,2014-02-26,3,3767.0,503,0,0,5463
702,2014-02-26,3,2614.0,249,0,0,3120
703,2014-02-26,3,3195.0,389,0,0,2649
704,2014-02-26,3,8066.0,963,0,0,8880
705,2014-02-26,3,6315.0,885,0,0,7239
706,2014-02-26,3,4283.0,419,0,0,3410
707,2014-02-26,3,6285.0,769,0,0,6037
708,2014-02-26,3,2402.0,327,0,0,3578
709,2014-02-26,3,9544.0,1375,0,0,8031
710,2014-02-26,3,3401.0,281,0,0,3220
711,2014-02-26,3,5075.0,458,0,0,5079
712,2014-02-26,3,4712.0,505,0,0,5953
713,2014-02-26,3,7733.0,1130,0,0,8266
714,2014-02-26,3,3600.0,302,0,0,4778
715,2014-02-26,3,5480.0,694,0,0,5292
716,2014-02-26,3,3947.0,371,0,0,2827
717,2014-02-26,3,3597.0,457,0,0,6630
718,2014-02-26,3,6015.0,747,0,0,5657
719,2014-02-26,3,3499.0,306,0,0,3753
720,2014-02-26,3,5375.0,623,0,0,6458
721,2014-02-26,3,6035.0,662,0,0,4357
722,2014-02-26,3,7794.0,1353,0,0,8185
723,2014-02-26,3,4423.0,410,0,0,3863
724,2014-02-26,3,6383.0,679,0,0,4880
725,2014-02-26,3,4287.0,476,0,0,4371
726,2014-02-26,3,7153.0,769,0,0,8665
727,2014-02-26,3,3826.0,427,0,0,3636
728,2014-02-26,3,4296.0,416,0,0,3329
729,2014-02-26,3,7686.0,898,0,0,8309
730,2014-02-26,3,5773.0,820,0,0,5517
731,2014-02-26,3,7538.0,955,0,0,6142
732,2014-02-26,3,3615.0,477,0,0,3430
733,2014-02-26,3,15968.0,3690,0,0,12555
734,2014-02-26,3,5116.0,564,0,0,5739
735,2014-02-26,3,3261.0,388,0,0,4099
736,2014-02-26,3,3665.0,390,0,0,3521
737,2014-02-26,3,4876.0,766,0,0,5450
738,2014-02-26,3,6990.0,632,0,0,7222
739,2014-02-26,3,6070.0,572,0,0,8179
740,2014-02-26,3,5141.0,433,0,0,6334
741,2014-02-26,3,5040.0,726,0,0,6226
742,2014-02-26,3,5443.0,674,0,0,5272
743,2014-02-26,3,2929.0,356,0,0,4014
744,2014-02-26,3,5905.0,712,0,0,10002
745,2014-02-26,3,5908.0,743,0,0,6382
746,2014-02-26,3,4426.0,423,0,0,4172
747,2014-02-26,3,5253.0,490,0,0,7667
748,2014-02-26,3,4991.0,445,0,0,4743
749,2014-02-26,3,4183.0,580,0,0,4123
750,2014-02-26,3,3375.0,324,0,0,3934
751,2014-02-26,3,3530.0,544,0,0,1934
752,2014-02-26,3,4159.0,423,0,0,3848
753,2014-02-26,3,6656.0,662,0,0,6568
754,2014-02-26,3,4534.0,659,0,0,5374
755,2014-02-26,3,7427.0,739,0,0,9322
756,2014-02-26,3,11583.0,1829,0,0,13530
757,2014-02-26,3,5077.0,493,0,0,6857
758,2014-02-26,3,4394.0,663,0,0,3526
759,2014-02-26,3,6099.0,772,0,0,6313
760,2014-02-26,3,6295.0,1075,0,0,4848
761,2014-02-26,3,7075.0,853,0,0,6009
762,2014-02-26,3,2950.0,305,0,0,3090
763,2014-02-26,3,4776.0,481,0,0,4697
764,2014-02-26,3,3786.0,489,0,0,2399
765,2014-02-26,3,7999.0,731,0,0,7851
766,2014-02-26,3,4434.0,388,0,0,6452
767,2014-02-26,3,4625.0,524,0,0,4140
768,2014-02-26,3,9775.0,1137,0,0,11846
769,2014-02-26,3,9127.0,2903,0,0,8540
770,2014-02-26,3,5626.0,732,0,0,5082
771,2014-02-26,3,5143.0,626,0,0,5744
772,2014-02-26,3,3197.0,465,0,0,3660
773,2014-02-26,3,4542.0,727,0,0,4660
774,2014-02-26,3,4287.0,609,0,0,5557
775,2014-02-26,3,6591.0,549,0,0,7542
776,2014-02-26,3,4439.0,539,0,0,3821
777,2014-02-26,3,3526.0,317,0,0,3772
778,2014-02-26,3,4193.0,670,0,0,5901
779,2014-02-26,3,4937.0,582,0,0,5441
780,2014-02-26,3,4484.0,599,0,0,3705
781,2014-02-26,3,3903.0,590,0,0,4181
782,2014-02-26,3,4179.0,445,0,0,5089
783,2014-02-26,3,4633.0,530,0,0,6035
784,2014-02-26,3,7396.0,908,0,0,5421
785,2014-02-26,3,4752.0,453,0,0,3525
786,2014-02-26,3,2465.0,457,0,0,3674
787,2014-02-26,3,7340.0,930,0,0,8093
788,2014-02-26,3,14740.0,1604,0,0,15328
789,2014-02-26,3,3081.0,466,0,0,2227
790,2014-02-26,3,5511.0,554,0,0,5894
791,2014-02-26,3,5826.0,702,0,0,6215
792,2014-02-26,3,6022.0,692,0,0,5225
793,2014-02-26,3,3049.0,330,0,0,2991
794,2014-02-26,3,2724.0,506,0,0,1904
795,2014-02-26,3,4268.0,485,0,0,3389
796,2014-02-26,3,5262.0,587,0,0,7782
797,2014-02-26,3,3078.0,330,0,0,4032
798,2014-02-26,3,5056.0,790,0,0,6170
799,2014-02-26,3,8544.0,807,0,0,7089
800,2014-02-26,3,5309.0,539,0,0,3760
801,2014-02-26,3,3110.0,316,0,0,3135
802,2014-02-26,3,4438.0,368,0,0,4523
803,2014-02-26,3,3401.0,340,0,0,3855
804,2014-02-26,3,4324.0,383,0,0,6132
805,2014-02-26,3,3806.0,409,0,0,3074
806,2014-02-26,3,5313.0,455,0,0,6458
807,2014-02-26,3,7233.0,826,0,0,9190
808,2014-02-26,3,5483.0,480,0,0,4604
809,2014-02-26,3,7491.0,783,0,0,7031
810,2014-02-26,3,4874.0,457,0,0,4936
811,2014-02-26,3,3151.0,600,0,0,2984
812,2014-02-26,3,4916.0,699,0,0,5615
813,2014-02-26,3,5365.0,624,0,0,4829
814,2014-02-26,3,6048.0,539,0,0,5112
815,2014-02-26,3,7456.0,829,0,0,5980
816,2014-02-26,3,4181.0,646,0,0,4410
817,2014-02-26,3,18600.0,2841,0,0,16738
818,2014-02-26,3,4339.0,504,0,0,5244
819,2014-02-26,3,4805.0,459,0,0,5721
820,2014-02-26,3,10390.0,1035,0,0,9345
821,2014-02-26,3,5937.0,802,0,0,5740
822,2014-02-26,3,5285.0,480,0,0,6281
823,2014-02-26,3,4371.0,487,0,0,4425
824,2014-02-26,3,5919.0,847,0,0,6296
825,2014-02-26,3,3393.0,445,0,0,3309
826,2014-02-26,3,8801.0,880,0,0,7432
827,2014-02-26,3,8779.0,1258,0,0,9250
828,2014-02-26,3,4392.0,578,0,0,3500
829,2014-02-26,3,4482.0,681,0,0,4482
830,2014-02-26,3,5431.0,541,0,0,5468
831,2014-02-26,3,11961.0,1687,0,0,11706
832,2014-02-26,3,4408.0,430,0,0,5143
833,2014-02-26,3,4306.0,495,0,0,4249
834,2014-02-26,3,4744.0,575,0,0,4540
835,2014-02-26,3,3776.0,543,0,0,4175
836,2014-02-26,3,4617.0,619,0,0,5382
837,2014-02-26,3,5244.0,658,0,0,6945
838,2014-02-26,3,6243.0,716,0,0,6702
839,2014-02-26,3,4568.0,652,0,0,3632
840,2014-02-26,3,6531.0,1047,0,0,5631
841,2014-02-26,3,2028.0,351,0,0,2955
842,2014-02-26,3,13658.0,930,0,0,16151
843,2014-02-26,3,6763.0,861,0,0,7431
844,2014-02-26,3,3069.0,418,0,0,3124
845,2014-02-26,3,4281.0,330,0,0,3841
846,2014-02-26,3,6360.0,701,0,0,9065
847,2014-02-26,3,6109.0,932,0,0,6074
848,2014-02-26,3,4789.0,640,0,0,4920
849,2014-02-26,3,6060.0,760,0,0,4541
850,2014-02-26,3,4269.0,517,0,0,4932
851,2014-02-26,3,4459.0,452,0,0,6687
852,2014-02-26,3,3839.0,550,0,0,3531
853,2014-02-26,3,7189.0,888,0,0,5857
854,2014-02-26,3,4376.0,541,0,0,4416
855,2014-02-26,3,4186.0,490,0,0,4834
856,2014-02-26,3,5065.0,812,0,0,5870
857,2014-02-26,3,5182.0,759,0,0,6492
858,2014-02-26,3,3996.0,407,0,0,3952
859,2014-02-26,3,5898.0,616,0,0,6141
860,2014-02-26,3,3966.0,575,0,0,3166
861,2014-02-26,3,3113.0,520,0,0,5074
862,2014-02-26,3,6912.0,996,0,0,5635
863,2014-02-26,3,6072.0,806,0,0,5589
864,2014-02-26,3,3446.0,536,0,0,4466
865,2014-02-26,3,8163.0,678,0,0,6415
866,2014-02-26,3,4713.0,336,0,0,5363
867,2014-02-26,3,3453.0,334,0,0,3006
868,2014-02-26,3,6445.0,523,0,0,7755
869,2014-02-26,3,4067.0,732,0,0,4810
870,2014-02-26,3,5925.0,811,0,0,4911
871,2014-02-26,3,4915.0,410,0,0,4269
872,2014-02-26,3,8821.0,978,0,0,6732
873,2014-02-26,3,3339.0,422,0,0,2198
874,2014-02-26,3,3332.0,416,0,0,3409
875,2014-02-26,3,4137.0,458,0,0,2338
876,2014-02-26,3,6593.0,834,0,0,7497
877,2014-02-26,3,5464.0,856,0,0,3985
878,2014-02-26,3,7239.0,753,0,0,7195
879,2014-02-26,3,2484.0,260,0,0,2384
880,2014-02-26,3,6224.0,756,0,0,5203
881,2014-02-26,3,3439.0,589,0,0,4363
882,2014-02-26,3,5705.0,815,0,0,4633
883,2014-02-26,3,4813.0,581,0,0,3336
884,2014-02-26,3,3938.0,417,0,0,4156
885,2014-02-26,3,4832.0,725,0,0,6015
886,2014-02-26,3,5648.0,705,0,0,4696
887,2014-02-26,3,4753.0,416,0,0,2634
888,2014-02-26,3,5338.0,570,0,0,5756
889,2014-02-26,3,2990.0,383,0,0,3305
890,2014-02-26,3,3686.0,337,0,0,4236
891,2014-02-26,3,6628.0,1011,0,0,4886
892,2014-02-26,3,4992.0,619,0,0,6361
893,2014-02-26,3,5790.0,844,0,0,3919
894,2014-02-26,3,6268.0,941,0,0,6623
895,2014-02-26,3,7765.0,779,0,0,9299
896,2014-02-26,3,5636.0,936,0,0,4039
897,2014-02-26,3,1933.0,247,0,0,2697
898,2014-02-26,3,4845.0,617,0,0,5924
899,2014-02-26,3,4029.0,485,0,0,4096
900,2014-02-26,3,4282.0,491,0,0,4344
901,2014-02-26,3,5596.0,545,0,0,7529
902,2014-02-26,3,4108.0,614,0,0,3171
903,2014-02-26,3,9132.0,716,0,0,9511
904,2014-02-26,3,3979.0,403,0,0,4776
905,2014-02-26,3,5831.0,950,0,0,7966
906,2014-02-26,3,7403.0,1045,0,0,8312
907,2014-02-26,3,5177.0,753,0,0,4725
908,2014-02-26,3,2632.0,290,0,0,1449
909,2014-02-26,3,7078.0,811,0,0,7618
910,2014-02-26,3,3646.0,432,0,0,4447
911,2014-02-26,3,7863.0,794,0,0,8132
912,2014-02-26,3,4447.0,645,0,0,3684
913,2014-02-26,3,6984.0,992,0,0,7395
914,2014-02-26,3,8070.0,1070,0,0,6823
915,2014-02-26,3,4259.0,375,0,0,4500
916,2014-02-26,3,4222.0,621,0,0,4242
917,2014-02-26,3,5864.0,760,0,0,4244
918,2014-02-26,3,3909.0,497,0,0,4052
919,2014-02-26,3,4297.0,633,0,0,3831
920,2014-02-26,3,4579.0,532,0,0,5351
921,2014-02-26,3,7285.0,962,0,0,8708
922,2014-02-26,3,6111.0,656,0,0,6612
923,2014-02-26,3,4399.0,571,0,0,4128
924,2014-02-26,3,3609.0,416,0,0,4508
925,2014-02-26,3,4781.0,1050,0,0,5395
926,2014-02-26,3,6397.0,548,0,0,4566
927,2014-02-26,3,4734.0,737,0,0,4847
928,2014-02-26,3,6360.0,581,0,0,7069
929,2014-02-26,3,4858.0,661,0,0,4987
930,2014-02-26,3,4503.0,861,0,0,5165
931,2014-02-26,3,2077.0,307,0,0,2575
932,2014-02-26,3,6669.0,725,0,0,5959
933,2014-02-26,3,5896.0,856,0,0,5596
934,2014-02-26,3,5062.0,599,0,0,5216
935,2014-02-26,3,4755.0,555,0,0,6081
936,2014-02-26,3,6180.0,866,0,0,5721
937,2014-02-26,3,4723.0,419,0,0,5030
938,2014-02-26,3,7021.0,796,0,0,6714
939,2014-02-26,3,5275.0,544,0,0,4442
940,2014-02-26,3,5148.0,622,0,0,5231
941,2014-02-26,3,3933.0,480,0,0,4710
942,2014-02-26,3,4297.0,350,0,0,2917
943,2014-02-26,3,5553.0,486,0,0,5286
944,2014-02-26,3,5552.0,992,0,0,6104
945,2014-02-26,3,3726.0,512,0,0,3374
946,2014-02-26,3,2812.0,422,0,0,3315
948,2014-02-26,3,6313.0,1670,0,0,4453
949,2014-02-26,3,3945.0,448,0,0,5936
950,2014-02-26,3,4189.0,523,0,0,3542
951,2014-02-26,3,5273.0,587,0,0,4176
952,2014-02-26,3,5146.0,464,0,0,4033
953,2014-02-26,3,3797.0,466,0,0,4590
954,2014-02-26,3,5564.0,878,0,0,5105
955,2014-02-26,3,5235.0,526,0,0,4988
956,2014-02-26,3,3426.0,551,0,0,4080
957,2014-02-26,3,6621.0,827,0,0,5322
958,2014-02-26,3,3275.0,507,0,0,4636
959,2014-02-26,3,5539.0,670,0,0,6063
960,2014-02-26,3,4456.0,419,0,0,6024
961,2014-02-26,3,5206.0,609,0,0,1763
962,2014-02-26,3,5033.0,757,0,0,6722
963,2014-02-26,3,7782.0,832,0,0,6421
964,2014-02-26,3,6595.0,1096,0,0,7093
965,2014-02-26,3,6513.0,809,0,0,4908
966,2014-02-26,3,4833.0,635,0,0,3499
967,2014-02-26,3,6588.0,802,0,0,6604
968,2014-02-26,3,5666.0,741,0,0,6785
969,2014-02-26,3,2971.0,593,0,0,1703
970,2014-02-26,3,3124.0,427,0,0,3298
971,2014-02-26,3,5948.0,752,0,0,6525
972,2014-02-26,3,2404.0,335,0,0,2756
973,2014-02-26,3,4775.0,677,0,0,4911
974,2014-02-26,3,10287.0,1499,0,0,8687
975,2014-02-26,3,5733.0,690,0,0,6356
976,2014-02-26,3,5345.0,653,0,0,5563
977,2014-02-26,3,3382.0,399,0,0,6789
978,2014-02-26,3,5449.0,862,0,0,5692
979,2014-02-26,3,3827.0,497,0,0,4350
980,2014-02-26,3,6729.0,603,0,0,5180
981,2014-02-26,3,5509.0,583,0,0,5963
982,2014-02-26,3,5157.0,496,0,0,6554
983,2014-02-26,3,9389.0,1369,0,0,9771
984,2014-02-26,3,4362.0,644,0,0,4667
985,2014-02-26,3,4947.0,581,0,0,5902
986,2014-02-26,3,4481.0,699,0,0,4747
987,2014-02-26,3,5030.0,773,0,0,4683
988,2014-02-26,3,3850.0,663,0,0,4611
989,2014-02-26,3,4622.0,566,0,0,5666
990,2014-02-26,3,3887.0,393,0,0,5582
991,2014-02-26,3,5023.0,506,0,0,4533
992,2014-02-26,3,5699.0,764,0,0,3824
993,2014-02-26,3,4502.0,530,0,0,5978
994,2014-02-26,3,3344.0,381,0,0,3051
995,2014-02-26,3,7144.0,653,0,0,8415
996,2014-02-26,3,4398.0,532,0,0,5120
997,2014-02-26,3,3504.0,332,0,0,4007
998,2014-02-26,3,2846.0,419,0,0,4060
999,2014-02-26,3,6017.0,476,0,0,7950
1000,2014-02-26,3,6054.0,624,0,0,5152
1001,2014-02-26,3,3333.0,448,0,0,3541
1002,2014-02-26,3,4555.0,561,0,0,4257
1003,2014-02-26,3,6019.0,732,0,0,5890
1004,2014-02-26,3,3596.0,344,0,0,3530
1005,2014-02-26,3,4666.0,729,0,0,5071
1006,2014-02-26,3,4400.0,677,0,0,5857
1007,2014-02-26,3,4302.0,632,0,0,4515
1008,2014-02-26,3,3775.0,568,0,0,4243
1009,2014-02-26,3,3877.0,433,0,0,4542
1010,2014-02-26,3,5917.0,619,0,0,8389
1011,2014-02-26,3,5564.0,791,0,0,5889
1012,2014-02-26,3,4652.0,449,0,0,4489
1013,2014-02-26,3,3501.0,445,0,0,4041
1014,2014-02-26,3,9504.0,1141,0,0,9875
1015,2014-02-26,3,5106.0,475,0,0,3671
1016,2014-02-26,3,3897.0,459,0,0,4359
1017,2014-02-26,3,5740.0,908,0,0,5286
1018,2014-02-26,3,8475.0,1136,0,0,9467
1019,2014-02-26,3,5884.0,600,0,0,8009
1020,2014-02-26,3,6669.0,910,0,0,5502
1021,2014-02-26,3,6516.0,885,0,0,7432
1022,2014-02-26,3,5002.0,699,0,0,4348
1023,2014-02-26,3,4560.0,521,0,0,4533
1024,2014-02-26,3,4654.0,646,0,0,3545
1025,2014-02-26,3,6345.0,774,0,0,5991
1026,2014-02-26,3,8458.0,1125,0,0,6893
1027,2014-02-26,3,8548.0,1336,0,0,10616
1028,2014-02-26,3,3318.0,448,0,0,3322
1029,2014-02-26,3,4233.0,739,0,0,3610
1030,2014-02-26,3,2107.0,228,0,0,2747
1031,2014-02-26,3,3617.0,362,0,0,3772
1032,2014-02-26,3,6272.0,734,0,0,9598
1033,2014-02-26,3,11025.0,1145,0,0,10553
1034,2014-02-26,3,4585.0,593,0,0,3914
1035,2014-02-26,3,3350.0,437,0,0,4060
1036,2014-02-26,3,4621.0,455,0,0,4686
1037,2014-02-26,3,5328.0,780,0,0,5784
1038,2014-02-26,3,3858.0,383,0,0,4080
1039,2014-02-26,3,7546.0,1034,0,0,5572
1040,2014-02-26,3,7335.0,893,0,0,6352
1041,2014-02-26,3,4535.0,586,0,0,6620
1042,2014-02-26,3,3670.0,486,0,0,3494
1043,2014-02-26,3,5535.0,861,0,0,7643
1044,2014-02-26,3,4856.0,714,0,0,7183
1045,2014-02-26,3,5580.0,724,0,0,6984
1046,2014-02-26,3,5586.0,492,0,0,3646
1047,2014-02-26,3,4447.0,539,0,0,1773
1048,2014-02-26,3,5042.0,421,0,0,5216
1049,2014-02-26,3,3234.0,608,0,0,2735
1050,2014-02-26,3,6491.0,503,0,0,5055
1051,2014-02-26,3,5422.0,920,0,0,5624
1052,2014-02-26,3,6271.0,756,0,0,5435
1053,2014-02-26,3,7309.0,894,0,0,7168
1054,2014-02-26,3,4900.0,555,0,0,6141
1055,2014-02-26,3,5273.0,804,0,0,5860
1056,2014-02-26,3,2739.0,303,0,0,3310
1057,2014-02-26,3,4067.0,490,0,0,4930
1058,2014-02-26,3,7272.0,804,0,0,6993
1059,2014-02-26,3,6322.0,973,0,0,6889
1060,2014-02-26,3,6317.0,831,0,0,6513
1061,2014-02-26,3,5995.0,517,0,0,5399
1062,2014-02-26,3,4634.0,484,0,0,4546
1063,2014-02-26,3,3056.0,448,0,0,4339
1064,2014-02-26,3,8563.0,1090,0,0,7594
1065,2014-02-26,3,3730.0,507,0,0,3307
1066,2014-02-26,3,11315.0,1197,0,0,9135
1067,2014-02-26,3,4498.0,411,0,0,4220
1068,2014-02-26,3,3326.0,239,0,0,4862
1069,2014-02-26,3,5665.0,922,0,0,4905
1070,2014-02-26,3,5093.0,675,0,0,5057
1071,2014-02-26,3,5011.0,634,0,0,5101
1072,2014-02-26,3,6641.0,711,0,0,3925
1073,2014-02-26,3,5867.0,870,0,0,5015
1074,2014-02-26,3,3496.0,430,0,0,3155
1075,2014-02-26,3,9627.0,1030,0,0,11130
1076,2014-02-26,3,2698.0,482,0,0,2931
1077,2014-02-26,3,3580.0,450,0,0,4969
1078,2014-02-26,3,4556.0,415,0,0,4923
1079,2014-02-26,3,5918.0,560,0,0,6244
1080,2014-02-26,3,8319.0,733,0,0,7553
1081,2014-02-26,3,6109.0,1031,0,0,4634
1082,2014-02-26,3,5412.0,885,0,0,6010
1083,2014-02-26,3,3821.0,306,0,0,5009
1084,2014-02-26,3,4218.0,646,0,0,4375
1085,2014-02-26,3,5459.0,661,0,0,6833
1086,2014-02-26,3,4711.0,635,0,0,4441
1087,2014-02-26,3,4542.0,487,0,0,3395
1088,2014-02-26,3,5789.0,611,0,0,2920
1089,2014-02-26,3,9350.0,1025,0,0,10440
1090,2014-02-26,3,5400.0,811,0,0,5268
1091,2014-02-26,3,5960.0,559,0,0,5295
1092,2014-02-26,3,10603.0,1102,0,0,11242
1093,2014-02-26,3,6333.0,710,0,0,5986
1094,2014-02-26,3,3448.0,330,0,0,2764
1095,2014-02-26,3,4034.0,609,0,0,4650
1096,2014-02-26,3,3631.0,535,0,0,4360
1097,2014-02-26,3,8833.0,2348,0,0,8154
1098,2014-02-26,3,4062.0,646,0,0,4758
1099,2014-02-26,3,5460.0,718,0,0,5306
1100,2014-02-26,3,3637.0,534,0,0,3037
1101,2014-02-26,3,6639.0,812,0,0,5646
1102,2014-02-26,3,6643.0,727,0,0,5221
1103,2014-02-26,3,3582.0,314,0,0,2504
1104,2014-02-26,3,3787.0,336,0,0,5140
1105,2014-02-26,3,3142.0,405,0,0,4270
1106,2014-02-26,3,3976.0,510,0,0,3766
1107,2014-02-26,3,3860.0,504,0,0,5092
1108,2014-02-26,3,3836.0,501,0,0,4645
1109,2014-02-26,3,4372.0,438,0,0,4816
1110,2014-02-26,3,2505.0,401,0,0,3203
1111,2014-02-26,3,4516.0,446,0,0,4996
1112,2014-02-26,3,6613.0,654,0,0,8242
1113,2014-02-26,3,5022.0,630,0,0,5028
1114,2014-02-26,3,17170.0,2807,0,0,17732
1115,2014-02-26,3,4259.0,342,0,0,5045
1,2014-02-19,3,4935.0,547,1,1,4713
2,2014-02-19,3,6419.0,774,1,1,6510
3,2014-02-19,3,8156.0,812,1,1,6166
4,2014-02-19,3,9010.0,1278,1,1,9650
5,2014-02-19,3,5307.0,603,1,1,6113
6,2014-02-19,3,5552.0,646,1,1,4980
7,2014-02-19,3,7834.0,855,1,1,9337
8,2014-02-19,3,5299.0,631,1,1,6135
9,2014-02-19,3,6526.0,560,1,1,7167
10,2014-02-19,3,5561.0,600,1,1,5173
11,2014-02-19,3,7587.0,1106,1,1,9051
12,2014-02-19,3,7975.0,911,1,1,8662
13,2014-02-19,3,5254.0,377,1,1,4355
14,2014-02-19,3,6511.0,695,1,1,5772
15,2014-02-19,3,6976.0,611,1,1,6794
16,2014-02-19,3,8806.0,982,1,1,7925
17,2014-02-19,3,6823.0,833,1,1,4976
18,2014-02-19,3,6948.0,756,1,1,6169
19,2014-02-19,3,6412.0,652,1,1,6422
20,2014-02-19,3,8108.0,899,1,1,7747
21,2014-02-19,3,5669.0,522,1,1,5321
22,2014-02-19,3,4140.0,446,1,1,7934
23,2014-02-19,3,5731.0,452,1,1,6282
24,2014-02-19,3,9249.0,858,1,1,9104
25,2014-02-19,3,16406.0,2105,1,1,16749
26,2014-02-19,3,6175.0,494,1,1,7570
27,2014-02-19,3,9354.0,997,1,1,9520
28,2014-02-19,3,6141.0,668,1,1,6918
29,2014-02-19,3,6712.0,604,1,1,7164
30,2014-02-19,3,5192.0,825,1,1,6158
31,2014-02-19,3,5859.0,576,1,1,4620
32,2014-02-19,3,4697.0,526,1,1,3882
33,2014-02-19,3,8511.0,809,1,1,9405
34,2014-02-19,3,8188.0,986,1,1,8432
35,2014-02-19,3,9519.0,722,1,1,10021
36,2014-02-19,3,9112.0,1095,1,1,10242
37,2014-02-19,3,5717.0,595,1,1,6631
38,2014-02-19,3,6061.0,566,1,1,6776
39,2014-02-19,3,5653.0,721,1,1,5589
40,2014-02-19,3,4395.0,592,1,1,4960
41,2014-02-19,3,5296.0,383,1,1,5796
42,2014-02-19,3,11478.0,1247,1,1,11548
43,2014-02-19,3,7345.0,627,1,1,7460
44,2014-02-19,3,5921.0,700,1,1,5852
45,2014-02-19,3,5303.0,374,1,1,5785
46,2014-02-19,3,5448.0,651,1,1,6447
47,2014-02-19,3,7603.0,962,1,1,7310
48,2014-02-19,3,3826.0,440,1,1,4915
49,2014-02-19,3,7135.0,474,1,1,7194
50,2014-02-19,3,4282.0,341,1,1,4405
51,2014-02-19,3,5851.0,416,1,1,6630
52,2014-02-19,3,8165.0,539,1,1,7712
53,2014-02-19,3,5281.0,549,1,1,3566
54,2014-02-19,3,8101.0,741,1,1,9320
55,2014-02-19,3,5097.0,595,1,1,4580
56,2014-02-19,3,5332.0,393,1,1,7210
57,2014-02-19,3,10951.0,1046,1,1,12165
58,2014-02-19,3,6073.0,485,1,1,7378
59,2014-02-19,3,5801.0,610,1,1,5796
60,2014-02-19,3,8932.0,811,1,1,8805
61,2014-02-19,3,4944.0,592,1,1,5619
62,2014-02-19,3,7161.0,791,1,1,8328
63,2014-02-19,3,6829.0,609,1,1,5742
64,2014-02-19,3,10463.0,743,1,1,11020
65,2014-02-19,3,5102.0,435,1,1,8014
66,2014-02-19,3,5930.0,477,1,1,5508
67,2014-02-19,3,8936.0,902,1,1,7518
68,2014-02-19,3,6679.0,1048,1,1,6930
69,2014-02-19,3,8926.0,1150,1,1,9383
70,2014-02-19,3,7151.0,683,1,1,7222
71,2014-02-19,3,8585.0,684,1,1,7713
72,2014-02-19,3,4870.0,513,1,1,4839
73,2014-02-19,3,4827.0,527,1,1,6003
74,2014-02-19,3,6664.0,893,1,1,6784
75,2014-02-19,3,5059.0,535,1,1,6156
76,2014-02-19,3,7774.0,834,1,1,9649
77,2014-02-19,3,6527.0,599,1,1,8054
78,2014-02-19,3,3716.0,488,1,1,3431
79,2014-02-19,3,5932.0,617,1,1,6343
80,2014-02-19,3,7006.0,525,1,1,7845
81,2014-02-19,3,5998.0,496,1,1,8168
82,2014-02-19,3,9366.0,865,1,1,10879
83,2014-02-19,3,3836.0,335,1,1,5315
84,2014-02-19,3,13803.0,1479,1,1,13373
85,2014-02-19,3,6238.0,866,1,1,7261
86,2014-02-19,3,5392.0,630,1,1,2596
87,2014-02-19,3,6488.0,817,1,1,6161
88,2014-02-19,3,7034.0,737,1,1,7599
89,2014-02-19,3,6361.0,634,1,1,5916
90,2014-02-19,3,8795.0,1051,1,1,8850
91,2014-02-19,3,6685.0,759,1,1,7100
92,2014-02-19,3,6103.0,537,1,1,6197
93,2014-02-19,3,5946.0,588,1,1,5939
94,2014-02-19,3,7119.0,614,1,1,6444
95,2014-02-19,3,7558.0,801,1,1,9166
96,2014-02-19,3,5887.0,617,1,1,4795
97,2014-02-19,3,6710.0,665,1,1,7460
98,2014-02-19,3,4868.0,416,1,1,3883
99,2014-02-19,3,5707.0,482,1,1,5448
100,2014-02-19,3,6646.0,582,1,1,7534
101,2014-02-19,3,8045.0,767,1,1,7042
102,2014-02-19,3,7764.0,1089,1,1,7851
103,2014-02-19,3,4449.0,424,1,1,4969
104,2014-02-19,3,9662.0,1248,1,1,9531
105,2014-02-19,3,4347.0,544,1,1,5695
106,2014-02-19,3,8946.0,876,1,1,9109
107,2014-02-19,3,7239.0,900,1,1,7003
108,2014-02-19,3,9766.0,757,1,1,11208
109,2014-02-19,3,6369.0,713,1,1,7043
110,2014-02-19,3,4215.0,562,1,1,3948
111,2014-02-19,3,7309.0,589,1,1,8520
112,2014-02-19,3,6362.0,737,1,1,7181
113,2014-02-19,3,8657.0,791,1,1,6933
114,2014-02-19,3,5946.0,621,1,1,5609
115,2014-02-19,3,6342.0,495,1,1,7837
116,2014-02-19,3,7236.0,752,1,1,7944
117,2014-02-19,3,4022.0,506,1,1,4177
118,2014-02-19,3,7812.0,644,1,1,8828
119,2014-02-19,3,6177.0,673,1,1,8734
120,2014-02-19,3,7709.0,655,1,1,7453
121,2014-02-19,3,4146.0,468,1,1,3803
122,2014-02-19,3,5210.0,648,1,1,5869
123,2014-02-19,3,10229.0,1147,1,1,8520
124,2014-02-19,3,3960.0,492,1,1,5586
125,2014-02-19,3,10755.0,1482,1,1,11548
126,2014-02-19,3,6218.0,551,1,1,7050
127,2014-02-19,3,5711.0,674,1,1,6090
128,2014-02-19,3,7874.0,631,1,1,8629
129,2014-02-19,3,8951.0,1059,1,1,9620
130,2014-02-19,3,5638.0,619,1,1,4450
131,2014-02-19,3,5525.0,580,1,1,5823
132,2014-02-19,3,5638.0,544,1,1,7008
133,2014-02-19,3,5853.0,717,1,1,6896
134,2014-02-19,3,4949.0,520,1,1,6235
135,2014-02-19,3,5439.0,488,1,1,6319
136,2014-02-19,3,6966.0,498,1,1,6866
137,2014-02-19,3,6767.0,811,1,1,8588
138,2014-02-19,3,7414.0,710,1,1,7646
139,2014-02-19,3,6681.0,512,1,1,7480
140,2014-02-19,3,7690.0,996,1,1,7564
141,2014-02-19,3,6202.0,635,1,1,6652
142,2014-02-19,3,4934.0,603,1,1,4197
143,2014-02-19,3,6188.0,550,1,1,6421
144,2014-02-19,3,7505.0,665,1,1,9863
145,2014-02-19,3,9071.0,1220,1,1,8946
146,2014-02-19,3,8185.0,681,1,1,7320
147,2014-02-19,3,8403.0,869,1,1,8821
148,2014-02-19,3,8849.0,817,1,1,9279
149,2014-02-19,3,5940.0,478,1,1,6342
150,2014-02-19,3,8638.0,811,1,1,8748
151,2014-02-19,3,6703.0,647,1,1,8056
152,2014-02-19,3,6857.0,739,1,1,5226
153,2014-02-19,3,9960.0,747,1,1,8025
154,2014-02-19,3,8526.0,706,1,1,9638
155,2014-02-19,3,6849.0,620,1,1,6101
156,2014-02-19,3,7684.0,758,1,1,4718
157,2014-02-19,3,10102.0,989,1,1,9723
158,2014-02-19,3,8073.0,521,1,1,9224
159,2014-02-19,3,7670.0,684,1,1,7028
160,2014-02-19,3,6130.0,526,1,1,6118
161,2014-02-19,3,6801.0,797,1,1,7013
162,2014-02-19,3,8072.0,551,1,1,9244
163,2014-02-19,3,6907.0,850,1,1,8186
164,2014-02-19,3,6338.0,666,1,1,6223
165,2014-02-19,3,4280.0,410,1,1,5182
166,2014-02-19,3,5676.0,748,1,1,6385
167,2014-02-19,3,10762.0,1150,1,1,9580
168,2014-02-19,3,8202.0,777,1,1,7632
169,2014-02-19,3,7479.0,694,1,1,7288
170,2014-02-19,3,4921.0,554,1,1,5019
171,2014-02-19,3,8756.0,901,1,1,8917
172,2014-02-19,3,6776.0,817,1,1,7685
173,2014-02-19,3,8239.0,1044,1,1,8271
174,2014-02-19,3,5579.0,445,1,1,6191
175,2014-02-19,3,5286.0,615,1,1,5712
176,2014-02-19,3,5239.0,683,1,1,5439
177,2014-02-19,3,4730.0,576,1,1,2051
178,2014-02-19,3,10101.0,925,1,1,10131
179,2014-02-19,3,7221.0,942,1,1,8470
180,2014-02-19,3,7072.0,821,1,1,8882
181,2014-02-19,3,7671.0,748,1,1,7341
182,2014-02-19,3,5598.0,426,1,1,4507
183,2014-02-19,3,4583.0,548,1,1,6411
184,2014-02-19,3,6905.0,603,1,1,6665
185,2014-02-19,3,7647.0,582,1,1,8076
186,2014-02-19,3,3880.0,399,1,1,5188
187,2014-02-19,3,6104.0,720,1,1,6253
188,2014-02-19,3,5379.0,452,1,1,6148
189,2014-02-19,3,9650.0,859,1,1,10168
190,2014-02-19,3,7600.0,655,1,1,6886
191,2014-02-19,3,5626.0,584,1,1,6685
192,2014-02-19,3,6708.0,488,1,1,8156
193,2014-02-19,3,6985.0,971,1,1,5690
194,2014-02-19,3,4683.0,408,1,1,4550
195,2014-02-19,3,11511.0,1362,1,1,12750
196,2014-02-19,3,4696.0,646,1,1,6663
197,2014-02-19,3,6848.0,841,1,1,6800
198,2014-02-19,3,3442.0,356,1,1,1664
199,2014-02-19,3,8037.0,638,1,1,8118
200,2014-02-19,3,8065.0,1010,1,1,9227
201,2014-02-19,3,4781.0,403,1,1,4762
202,2014-02-19,3,6298.0,487,1,1,7091
203,2014-02-19,3,7730.0,1004,1,1,7766
204,2014-02-19,3,6078.0,560,1,1,5681
205,2014-02-19,3,7019.0,918,1,1,6513
206,2014-02-19,3,6862.0,779,1,1,8021
207,2014-02-19,3,10637.0,1245,1,1,10579
208,2014-02-19,3,2649.0,376,1,1,3768
209,2014-02-19,3,5684.0,546,1,1,5417
210,2014-02-19,3,3234.0,344,1,1,2898
211,2014-02-19,3,12886.0,1511,1,1,14481
212,2014-02-19,3,5134.0,491,1,1,3786
213,2014-02-19,3,9342.0,726,1,1,7835
214,2014-02-19,3,9200.0,650,1,1,12592
215,2014-02-19,3,6679.0,504,1,1,5284
216,2014-02-19,3,7220.0,850,1,1,7199
217,2014-02-19,3,4605.0,641,1,1,5691
218,2014-02-19,3,5745.0,773,1,1,5540
219,2014-02-19,3,3237.0,427,1,1,2715
220,2014-02-19,3,5841.0,749,1,1,5173
221,2014-02-19,3,5311.0,502,1,1,6143
222,2014-02-19,3,5145.0,589,1,1,3436
223,2014-02-19,3,8160.0,812,1,1,8975
224,2014-02-19,3,7129.0,477,1,1,6519
225,2014-02-19,3,4805.0,510,1,1,4747
226,2014-02-19,3,8225.0,786,1,1,8565
227,2014-02-19,3,6340.0,603,1,1,6203
228,2014-02-19,3,7871.0,599,1,1,8320
229,2014-02-19,3,8397.0,705,1,1,8817
230,2014-02-19,3,7097.0,865,1,1,7415
231,2014-02-19,3,4758.0,374,1,1,5541
232,2014-02-19,3,2809.0,275,1,1,1672
233,2014-02-19,3,9523.0,1066,1,1,8755
234,2014-02-19,3,11837.0,1095,1,1,12659
235,2014-02-19,3,7538.0,556,1,1,5664
236,2014-02-19,3,7566.0,923,1,1,6441
237,2014-02-19,3,4230.0,560,1,1,4508
238,2014-02-19,3,8040.0,1136,1,1,6798
239,2014-02-19,3,4406.0,441,1,1,5326
240,2014-02-19,3,5307.0,496,1,1,5522
241,2014-02-19,3,5686.0,671,1,1,7202
242,2014-02-19,3,4261.0,357,1,1,3661
243,2014-02-19,3,7643.0,969,1,1,7490
244,2014-02-19,3,5548.0,512,1,1,4905
245,2014-02-19,3,9771.0,1160,1,1,10363
246,2014-02-19,3,6662.0,889,1,1,7043
247,2014-02-19,3,8631.0,682,1,1,9221
248,2014-02-19,3,7448.0,981,1,1,7405
249,2014-02-19,3,5255.0,519,1,1,5305
250,2014-02-19,3,8878.0,676,1,1,8295
251,2014-02-19,3,18443.0,2374,1,1,20445
252,2014-02-19,3,11362.0,816,1,1,11392
253,2014-02-19,3,6231.0,721,1,1,6726
254,2014-02-19,3,3281.0,272,1,1,2538
255,2014-02-19,3,6524.0,666,1,1,6826
256,2014-02-19,3,9677.0,1265,1,1,11382
257,2014-02-19,3,5317.0,630,1,1,5034
258,2014-02-19,3,4798.0,403,1,1,6508
259,2014-02-19,3,13307.0,2452,1,1,12031
260,2014-02-19,3,6578.0,921,1,1,7957
261,2014-02-19,3,13524.0,914,1,1,13579
262,2014-02-19,3,18667.0,2957,1,1,20061
263,2014-02-19,3,2809.0,322,1,1,4148
264,2014-02-19,3,7664.0,1031,1,1,8143
265,2014-02-19,3,4783.0,517,1,1,6839
266,2014-02-19,3,4464.0,559,1,1,4572
267,2014-02-19,3,8400.0,959,1,1,6851
268,2014-02-19,3,5806.0,687,1,1,4656
269,2014-02-19,3,10715.0,1338,1,1,9682
270,2014-02-19,3,9230.0,1188,1,1,9985
271,2014-02-19,3,9712.0,919,1,1,8694
272,2014-02-19,3,7160.0,684,1,1,6695
273,2014-02-19,3,7237.0,711,1,1,7241
274,2014-02-19,3,3358.0,883,1,1,2909
275,2014-02-19,3,7806.0,789,1,1,8419
276,2014-02-19,3,4460.0,527,1,1,4854
277,2014-02-19,3,6620.0,500,1,1,6339
278,2014-02-19,3,6755.0,743,1,1,6989
279,2014-02-19,3,9005.0,656,1,1,8192
280,2014-02-19,3,5818.0,465,1,1,5752
281,2014-02-19,3,6169.0,530,1,1,6256
282,2014-02-19,3,4901.0,720,1,1,4340
283,2014-02-19,3,6254.0,654,1,1,6844
284,2014-02-19,3,6202.0,460,1,1,6348
285,2014-02-19,3,5637.0,496,1,1,5377
286,2014-02-19,3,5460.0,437,1,1,4754
287,2014-02-19,3,7320.0,749,1,1,10038
288,2014-02-19,3,5327.0,381,1,1,6283
289,2014-02-19,3,7062.0,568,1,1,7058
290,2014-02-19,3,6807.0,693,1,1,6848
291,2014-02-19,3,8403.0,855,1,1,8955
292,2014-02-19,3,6153.0,754,1,1,6581
293,2014-02-19,3,6508.0,837,1,1,6964
294,2014-02-19,3,6879.0,930,1,1,7741
295,2014-02-19,3,5573.0,699,1,1,5791
296,2014-02-19,3,7871.0,803,1,1,6812
297,2014-02-19,3,7721.0,773,1,1,6741
298,2014-02-19,3,7750.0,603,1,1,8674
299,2014-02-19,3,4323.0,506,1,1,6141
300,2014-02-19,3,7087.0,871,1,1,4309
301,2014-02-19,3,5447.0,574,1,1,6161
302,2014-02-19,3,3767.0,316,1,1,4681
303,2014-02-19,3,6039.0,662,1,1,6422
304,2014-02-19,3,7562.0,1083,1,1,9070
305,2014-02-19,3,6209.0,530,1,1,5925
306,2014-02-19,3,3853.0,418,1,1,6032
307,2014-02-19,3,2930.0,294,1,1,2461
308,2014-02-19,3,9654.0,926,1,1,9201
309,2014-02-19,3,7841.0,584,1,1,15112
310,2014-02-19,3,8257.0,693,1,1,6912
311,2014-02-19,3,7162.0,942,1,1,5433
312,2014-02-19,3,6001.0,528,1,1,6122
313,2014-02-19,3,6929.0,642,1,1,6363
314,2014-02-19,3,5772.0,603,1,1,5567
315,2014-02-19,3,4279.0,464,1,1,2910
316,2014-02-19,3,10072.0,834,1,1,9802
317,2014-02-19,3,4934.0,544,1,1,6549
318,2014-02-19,3,8249.0,659,1,1,7922
319,2014-02-19,3,8112.0,791,1,1,8060
320,2014-02-19,3,13044.0,1889,1,1,15812
321,2014-02-19,3,5413.0,517,1,1,5653
322,2014-02-19,3,5530.0,565,1,1,3621
323,2014-02-19,3,6966.0,591,1,1,10020
324,2014-02-19,3,6204.0,753,1,1,4844
325,2014-02-19,3,7088.0,656,1,1,7332
326,2014-02-19,3,4321.0,373,1,1,5483
327,2014-02-19,3,7424.0,907,1,1,7937
328,2014-02-19,3,4525.0,543,1,1,5278
329,2014-02-19,3,7553.0,645,1,1,5868
330,2014-02-19,3,4234.0,445,1,1,1544
331,2014-02-19,3,7575.0,989,1,1,7947
332,2014-02-19,3,4331.0,577,1,1,3586
333,2014-02-19,3,9363.0,1244,1,1,10006
334,2014-02-19,3,4914.0,523,1,1,6691
335,2014-02-19,3,17227.0,3075,1,1,16077
336,2014-02-19,3,16116.0,2153,1,1,14610
337,2014-02-19,3,5246.0,365,1,1,4770
338,2014-02-19,3,8164.0,625,1,1,7935
339,2014-02-19,3,5368.0,659,1,1,5438
340,2014-02-19,3,6537.0,703,1,1,6739
341,2014-02-19,3,5722.0,768,1,1,6822
342,2014-02-19,3,9534.0,734,1,1,10865
343,2014-02-19,3,7047.0,651,1,1,7338
344,2014-02-19,3,8596.0,1170,1,1,9070
345,2014-02-19,3,4693.0,494,1,1,5060
346,2014-02-19,3,7796.0,650,1,1,7452
347,2014-02-19,3,4455.0,372,1,1,4276
348,2014-02-19,3,8936.0,703,1,1,8349
349,2014-02-19,3,7315.0,780,1,1,8938
350,2014-02-19,3,6734.0,481,1,1,5399
351,2014-02-19,3,5747.0,473,1,1,7153
352,2014-02-19,3,6246.0,591,1,1,7370
353,2014-02-19,3,5310.0,1459,1,1,4974
354,2014-02-19,3,7949.0,677,1,1,8250
355,2014-02-19,3,8199.0,979,1,1,10094
356,2014-02-19,3,6098.0,434,1,1,5278
357,2014-02-19,3,7675.0,1017,1,1,6601
358,2014-02-19,3,10052.0,1117,1,1,10591
359,2014-02-19,3,6718.0,568,1,1,7294
360,2014-02-19,3,7169.0,785,1,1,8258
361,2014-02-19,3,6144.0,618,1,1,5540
362,2014-02-19,3,9335.0,1125,1,1,9308
363,2014-02-19,3,6856.0,887,1,1,7646
364,2014-02-19,3,4178.0,571,1,1,4975
365,2014-02-19,3,6200.0,607,1,1,7041
366,2014-02-19,3,6887.0,633,1,1,8603
367,2014-02-19,3,5803.0,562,1,1,4830
368,2014-02-19,3,11168.0,794,1,1,10123
369,2014-02-19,3,6354.0,542,1,1,7090
370,2014-02-19,3,7341.0,576,1,1,7449
371,2014-02-19,3,7146.0,544,1,1,6628
372,2014-02-19,3,8375.0,734,1,1,10482
373,2014-02-19,3,4398.0,314,1,1,4963
374,2014-02-19,3,7490.0,890,1,1,5301
375,2014-02-19,3,10089.0,764,1,1,9540
376,2014-02-19,3,8111.0,920,1,1,7922
377,2014-02-19,3,7184.0,860,1,1,7529
378,2014-02-19,3,5972.0,899,1,1,6659
379,2014-02-19,3,3806.0,444,1,1,4855
380,2014-02-19,3,14721.0,1438,1,1,15567
381,2014-02-19,3,9706.0,1074,1,1,8714
382,2014-02-19,3,8283.0,646,1,1,8132
383,2014-02-19,3,17861.0,2264,1,1,15960
384,2014-02-19,3,9002.0,1008,1,1,8962
385,2014-02-19,3,8413.0,721,1,1,7873
386,2014-02-19,3,9920.0,711,1,1,9917
387,2014-02-19,3,10984.0,1260,1,1,10026
388,2014-02-19,3,10844.0,1130,1,1,10812
389,2014-02-19,3,11711.0,1340,1,1,10847
390,2014-02-19,3,13931.0,1236,1,1,13638
391,2014-02-19,3,5871.0,699,1,1,7056
392,2014-02-19,3,8017.0,748,1,1,6561
393,2014-02-19,3,6106.0,624,1,1,6811
394,2014-02-19,3,7981.0,603,1,1,9399
395,2014-02-19,3,3789.0,536,1,1,4048
396,2014-02-19,3,10147.0,1089,1,1,10998
397,2014-02-19,3,5245.0,712,1,1,5407
398,2014-02-19,3,5705.0,601,1,1,6740
399,2014-02-19,3,5171.0,524,1,1,5952
400,2014-02-19,3,9683.0,1313,1,1,9047
401,2014-02-19,3,7309.0,645,1,1,6590
402,2014-02-19,3,5569.0,545,1,1,6187
403,2014-02-19,3,7752.0,748,1,1,9025
404,2014-02-19,3,5513.0,619,1,1,4337
405,2014-02-19,3,4832.0,522,1,1,4986
406,2014-02-19,3,5754.0,447,1,1,5583
407,2014-02-19,3,3833.0,302,1,1,3219
408,2014-02-19,3,5041.0,452,1,1,5558
409,2014-02-19,3,5734.0,589,1,1,6528
410,2014-02-19,3,7372.0,878,1,1,6459
411,2014-02-19,3,8517.0,663,1,1,9392
412,2014-02-19,3,8281.0,584,1,1,9250
413,2014-02-19,3,6893.0,887,1,1,9227
414,2014-02-19,3,5854.0,430,1,1,6650
415,2014-02-19,3,5659.0,463,1,1,6245
416,2014-02-19,3,10580.0,1341,1,1,10772
417,2014-02-19,3,7849.0,884,1,1,7677
418,2014-02-19,3,5634.0,567,1,1,6073
419,2014-02-19,3,5754.0,904,1,1,6640
420,2014-02-19,3,4115.0,373,1,1,3411
421,2014-02-19,3,7789.0,816,1,1,9828
422,2014-02-19,3,4571.0,471,1,1,4873
423,2014-02-19,3,9416.0,1651,1,1,10678
424,2014-02-19,3,5784.0,716,1,1,6718
425,2014-02-19,3,3264.0,436,1,1,2645
426,2014-02-19,3,5872.0,709,1,1,5203
427,2014-02-19,3,7893.0,787,1,1,7498
428,2014-02-19,3,5893.0,488,1,1,6593
429,2014-02-19,3,5467.0,390,1,1,6529
430,2014-02-19,3,8829.0,679,1,1,7321
431,2014-02-19,3,9572.0,962,1,1,9608
432,2014-02-19,3,11643.0,1559,1,1,11284
433,2014-02-19,3,4621.0,570,1,1,6213
434,2014-02-19,3,8562.0,619,1,1,10216
435,2014-02-19,3,3946.0,460,1,1,3471
436,2014-02-19,3,6072.0,641,1,1,7601
437,2014-02-19,3,7984.0,748,1,1,7865
438,2014-02-19,3,5148.0,554,1,1,6148
439,2014-02-19,3,7280.0,904,1,1,7593
440,2014-02-19,3,5111.0,576,1,1,5046
441,2014-02-19,3,6432.0,665,1,1,6842
442,2014-02-19,3,4265.0,446,1,1,3457
443,2014-02-19,3,5618.0,483,1,1,3786
444,2014-02-19,3,11404.0,1382,1,1,11742
445,2014-02-19,3,8647.0,1239,1,1,9260
446,2014-02-19,3,5454.0,681,1,1,5328
447,2014-02-19,3,5229.0,625,1,1,7747
448,2014-02-19,3,9260.0,790,1,1,8581
449,2014-02-19,3,11810.0,1631,1,1,12732
450,2014-02-19,3,7527.0,911,1,1,10029
451,2014-02-19,3,5449.0,481,1,1,5801
452,2014-02-19,3,4738.0,408,1,1,5744
453,2014-02-19,3,6361.0,721,1,1,6987
454,2014-02-19,3,7479.0,922,1,1,7526
455,2014-02-19,3,7355.0,468,1,1,8012
456,2014-02-19,3,6249.0,815,1,1,7216
457,2014-02-19,3,4752.0,383,1,1,4690
458,2014-02-19,3,6512.0,619,1,1,7477
459,2014-02-19,3,9019.0,1082,1,1,10546
460,2014-02-19,3,4253.0,335,1,1,3301
461,2014-02-19,3,5161.0,469,1,1,2769
462,2014-02-19,3,4679.0,606,1,1,5761
463,2014-02-19,3,6197.0,987,1,1,7161
464,2014-02-19,3,8761.0,1084,1,1,9387
465,2014-02-19,3,8077.0,630,1,1,9273
466,2014-02-19,3,8620.0,828,1,1,8746
467,2014-02-19,3,13150.0,1579,1,1,12980
468,2014-02-19,3,6666.0,729,1,1,8549
469,2014-02-19,3,11206.0,1478,1,1,11170
470,2014-02-19,3,12368.0,1628,1,1,10461
471,2014-02-19,3,7680.0,574,1,1,5971
472,2014-02-19,3,5289.0,726,1,1,5921
473,2014-02-19,3,3461.0,505,1,1,2654
474,2014-02-19,3,8592.0,838,1,1,9038
475,2014-02-19,3,6867.0,974,1,1,7613
476,2014-02-19,3,6341.0,685,1,1,6716
477,2014-02-19,3,5757.0,389,1,1,6606
478,2014-02-19,3,7046.0,727,1,1,7448
479,2014-02-19,3,11153.0,1252,1,1,11297
480,2014-02-19,3,5998.0,718,1,1,6244
481,2014-02-19,3,5847.0,502,1,1,5982
482,2014-02-19,3,7340.0,792,1,1,9446
483,2014-02-19,3,5206.0,641,1,1,5090
484,2014-02-19,3,7025.0,666,1,1,7518
485,2014-02-19,3,5333.0,442,1,1,5259
486,2014-02-19,3,5140.0,541,1,1,4929
487,2014-02-19,3,7499.0,662,1,1,6739
488,2014-02-19,3,3721.0,373,1,1,4898
489,2014-02-19,3,8640.0,703,1,1,8152
490,2014-02-19,3,8038.0,1045,1,1,9414
491,2014-02-19,3,6885.0,514,1,1,7293
492,2014-02-19,3,7414.0,1070,1,1,8100
493,2014-02-19,3,9024.0,844,1,1,8116
494,2014-02-19,3,8205.0,1178,1,1,7952
495,2014-02-19,3,5781.0,431,1,1,5093
496,2014-02-19,3,7738.0,801,1,1,7685
497,2014-02-19,3,9161.0,1155,1,1,9853
498,2014-02-19,3,6298.0,814,1,1,6608
499,2014-02-19,3,4909.0,681,1,1,4824
500,2014-02-19,3,5139.0,369,1,1,6594
501,2014-02-19,3,6522.0,689,1,1,7712
502,2014-02-19,3,10798.0,1471,1,1,12082
503,2014-02-19,3,6953.0,430,1,1,8262
504,2014-02-19,3,6027.0,914,1,1,8600
505,2014-02-19,3,5250.0,635,1,1,5718
506,2014-02-19,3,8842.0,1002,1,1,9816
507,2014-02-19,3,8768.0,638,1,1,8500
508,2014-02-19,3,6779.0,673,1,1,7324
509,2014-02-19,3,6517.0,526,1,1,6410
510,2014-02-19,3,9017.0,886,1,1,8654
511,2014-02-19,3,5937.0,801,1,1,6317
512,2014-02-19,3,5209.0,1307,1,1,5432
513,2014-02-19,3,17565.0,1997,1,1,19210
514,2014-02-19,3,6129.0,660,1,1,5725
515,2014-02-19,3,8877.0,682,1,1,8218
516,2014-02-19,3,6031.0,794,1,1,5196
517,2014-02-19,3,8822.0,788,1,1,9478
518,2014-02-19,3,5931.0,500,1,1,5089
519,2014-02-19,3,4647.0,464,1,1,5231
520,2014-02-19,3,3736.0,366,1,1,4314
521,2014-02-19,3,5082.0,396,1,1,4968
522,2014-02-19,3,8945.0,614,1,1,7652
523,2014-02-19,3,12730.0,1504,1,1,14593
524,2014-02-19,3,8360.0,838,1,1,9550
525,2014-02-19,3,9500.0,823,1,1,10142
526,2014-02-19,3,12740.0,1568,1,1,11040
527,2014-02-19,3,9860.0,912,1,1,12679
528,2014-02-19,3,11573.0,926,1,1,12698
529,2014-02-19,3,7798.0,723,1,1,7838
530,2014-02-19,3,2703.0,357,1,1,4090
531,2014-02-19,3,4577.0,579,1,1,5749
532,2014-02-19,3,11338.0,1295,1,1,10757
533,2014-02-19,3,9033.0,905,1,1,9701
534,2014-02-19,3,7470.0,566,1,1,7944
535,2014-02-19,3,8233.0,930,1,1,8559
536,2014-02-19,3,7969.0,876,1,1,8915
537,2014-02-19,3,5567.0,614,1,1,7636
538,2014-02-19,3,3613.0,548,1,1,3933
539,2014-02-19,3,9941.0,1043,1,1,10530
540,2014-02-19,3,5220.0,378,1,1,5185
541,2014-02-19,3,6346.0,846,1,1,6149
542,2014-02-19,3,6294.0,538,1,1,7913
543,2014-02-19,3,3994.0,323,1,1,3135
544,2014-02-19,3,15146.0,1850,1,1,15527
545,2014-02-19,3,11872.0,1154,1,1,11226
546,2014-02-19,3,13908.0,1562,1,1,14010
547,2014-02-19,3,6190.0,426,1,1,5612
548,2014-02-19,3,5282.0,412,1,1,4346
549,2014-02-19,3,4778.0,553,1,1,5696
550,2014-02-19,3,5806.0,474,1,1,6713
551,2014-02-19,3,6114.0,971,1,1,7064
552,2014-02-19,3,9903.0,789,1,1,8121
553,2014-02-19,3,6089.0,520,1,1,8005
554,2014-02-19,3,4261.0,518,1,1,4054
555,2014-02-19,3,4755.0,421,1,1,5369
556,2014-02-19,3,7148.0,843,1,1,8006
557,2014-02-19,3,5180.0,785,1,1,4200
558,2014-02-19,3,3164.0,439,1,1,5462
559,2014-02-19,3,6012.0,775,1,1,6794
560,2014-02-19,3,13576.0,1555,1,1,15281
561,2014-02-19,3,7143.0,684,1,1,6173
562,2014-02-19,3,19137.0,3151,1,1,19639
563,2014-02-19,3,5598.0,702,1,1,6923
564,2014-02-19,3,5147.0,439,1,1,5863
565,2014-02-19,3,7739.0,918,1,1,6823
566,2014-02-19,3,4925.0,526,1,1,5020
567,2014-02-19,3,5953.0,705,1,1,6415
568,2014-02-19,3,4398.0,376,1,1,5116
569,2014-02-19,3,5034.0,727,1,1,4547
570,2014-02-19,3,5302.0,721,1,1,4957
571,2014-02-19,3,6407.0,462,1,1,8098
572,2014-02-19,3,7255.0,584,1,1,6985
573,2014-02-19,3,4181.0,334,1,1,3444
574,2014-02-19,3,8995.0,655,1,1,8848
575,2014-02-19,3,6606.0,614,1,1,5846
576,2014-02-19,3,7070.0,936,1,1,7693
577,2014-02-19,3,4976.0,614,1,1,3706
578,2014-02-19,3,7132.0,611,1,1,7932
579,2014-02-19,3,8370.0,874,1,1,8768
580,2014-02-19,3,9182.0,1386,1,1,10530
581,2014-02-19,3,5924.0,635,1,1,6564
582,2014-02-19,3,7395.0,898,1,1,6799
583,2014-02-19,3,4659.0,450,1,1,4011
584,2014-02-19,3,5211.0,433,1,1,5005
585,2014-02-19,3,6634.0,935,1,1,7084
586,2014-02-19,3,15995.0,2335,1,1,14813
587,2014-02-19,3,8370.0,598,1,1,7253
588,2014-02-19,3,5524.0,630,1,1,8108
589,2014-02-19,3,5978.0,570,1,1,6109
590,2014-02-19,3,4817.0,346,1,1,6097
591,2014-02-19,3,5869.0,493,1,1,5719
592,2014-02-19,3,4420.0,552,1,1,5256
593,2014-02-19,3,8380.0,1073,1,1,11821
594,2014-02-19,3,4815.0,512,1,1,3949
595,2014-02-19,3,13959.0,1649,1,1,18682
596,2014-02-19,3,4210.0,618,1,1,5798
597,2014-02-19,3,4909.0,668,1,1,4863
598,2014-02-19,3,5468.0,750,1,1,5301
599,2014-02-19,3,8747.0,791,1,1,9489
600,2014-02-19,3,7072.0,583,1,1,6762
601,2014-02-19,3,4671.0,382,1,1,5184
602,2014-02-19,3,6820.0,661,1,1,8246
603,2014-02-19,3,8038.0,1054,1,1,8018
604,2014-02-19,3,8031.0,552,1,1,8660
605,2014-02-19,3,7728.0,513,1,1,7953
606,2014-02-19,3,6302.0,651,1,1,6106
607,2014-02-19,3,4311.0,427,1,1,3954
608,2014-02-19,3,9754.0,941,1,1,8724
609,2014-02-19,3,4602.0,523,1,1,4982
610,2014-02-19,3,4388.0,526,1,1,5843
611,2014-02-19,3,5522.0,464,1,1,6229
612,2014-02-19,3,6900.0,405,1,1,9356
613,2014-02-19,3,6728.0,1017,1,1,6781
614,2014-02-19,3,6682.0,862,1,1,7137
615,2014-02-19,3,9998.0,1183,1,1,9905
616,2014-02-19,3,9357.0,855,1,1,7244
617,2014-02-19,3,6211.0,566,1,1,6014
618,2014-02-19,3,6398.0,511,1,1,7030
619,2014-02-19,3,5286.0,503,1,1,5611
620,2014-02-19,3,7647.0,674,1,1,7018
621,2014-02-19,3,6171.0,848,1,1,5861
622,2014-02-19,3,4354.0,440,1,1,4895
623,2014-02-19,3,7059.0,820,1,1,7070
624,2014-02-19,3,7116.0,651,1,1,7033
625,2014-02-19,3,7080.0,634,1,1,7291
626,2014-02-19,3,9865.0,786,1,1,8480
627,2014-02-19,3,6810.0,639,1,1,5983
628,2014-02-19,3,6274.0,772,1,1,7063
629,2014-02-19,3,6835.0,632,1,1,7420
630,2014-02-19,3,7564.0,815,1,1,7502
631,2014-02-19,3,5431.0,605,1,1,5141
632,2014-02-19,3,6612.0,839,1,1,7005
633,2014-02-19,3,5608.0,446,1,1,7287
634,2014-02-19,3,7144.0,660,1,1,6023
635,2014-02-19,3,6436.0,597,1,1,6009
636,2014-02-19,3,6727.0,786,1,1,5090
637,2014-02-19,3,8696.0,679,1,1,8978
638,2014-02-19,3,6030.0,486,1,1,6164
639,2014-02-19,3,5648.0,562,1,1,5137
640,2014-02-19,3,11898.0,843,1,1,11172
641,2014-02-19,3,6345.0,559,1,1,6603
642,2014-02-19,3,4245.0,550,1,1,3990
643,2014-02-19,3,6958.0,873,1,1,7017
644,2014-02-19,3,7934.0,857,1,1,9689
645,2014-02-19,3,11075.0,1335,1,1,10675
646,2014-02-19,3,4880.0,658,1,1,5716
647,2014-02-19,3,5522.0,676,1,1,6010
648,2014-02-19,3,6084.0,546,1,1,6279
649,2014-02-19,3,4221.0,432,1,1,2849
650,2014-02-19,3,6226.0,608,1,1,7534
651,2014-02-19,3,7824.0,911,1,1,8198
652,2014-02-19,3,6636.0,630,1,1,6191
653,2014-02-19,3,6338.0,511,1,1,4233
654,2014-02-19,3,7077.0,705,1,1,7792
655,2014-02-19,3,6750.0,600,1,1,8007
656,2014-02-19,3,3308.0,395,1,1,3064
657,2014-02-19,3,5756.0,757,1,1,6192
658,2014-02-19,3,6758.0,641,1,1,6429
659,2014-02-19,3,6670.0,758,1,1,6064
660,2014-02-19,3,4857.0,533,1,1,4292
661,2014-02-19,3,7542.0,614,1,1,7529
662,2014-02-19,3,9084.0,782,1,1,8873
663,2014-02-19,3,4896.0,634,1,1,4748
664,2014-02-19,3,4752.0,630,1,1,4576
665,2014-02-19,3,9106.0,1327,1,1,8404
666,2014-02-19,3,7006.0,644,1,1,8214
667,2014-02-19,3,9594.0,757,1,1,9617
668,2014-02-19,3,8990.0,1134,1,1,8072
669,2014-02-19,3,4140.0,353,1,1,4027
670,2014-02-19,3,7104.0,698,1,1,10227
671,2014-02-19,3,5988.0,610,1,1,5574
672,2014-02-19,3,8158.0,1349,1,1,8512
673,2014-02-19,3,7069.0,575,1,1,8156
674,2014-02-19,3,9070.0,1144,1,1,8892
675,2014-02-19,3,4287.0,437,1,1,4746
676,2014-02-19,3,7079.0,1652,1,1,8117
677,2014-02-19,3,8852.0,650,1,1,8957
678,2014-02-19,3,7452.0,885,1,1,6908
679,2014-02-19,3,10621.0,1142,1,1,11657
680,2014-02-19,3,4704.0,712,1,1,5266
681,2014-02-19,3,3602.0,462,1,1,829
682,2014-02-19,3,12949.0,1947,1,1,12136
683,2014-02-19,3,8813.0,855,1,1,9377
684,2014-02-19,3,7414.0,564,1,1,8319
685,2014-02-19,3,6671.0,579,1,1,6335
686,2014-02-19,3,6619.0,791,1,1,7674
687,2014-02-19,3,7694.0,700,1,1,9823
688,2014-02-19,3,3745.0,359,1,1,1568
689,2014-02-19,3,7398.0,697,1,1,6973
690,2014-02-19,3,5754.0,818,1,1,6769
691,2014-02-19,3,8177.0,609,1,1,8662
692,2014-02-19,3,7325.0,851,1,1,7274
693,2014-02-19,3,7708.0,566,1,1,6948
694,2014-02-19,3,8137.0,791,1,1,10211
695,2014-02-19,3,5469.0,533,1,1,5345
696,2014-02-19,3,7767.0,991,1,1,9529
697,2014-02-19,3,10806.0,989,1,1,13058
698,2014-02-19,3,15687.0,1927,1,1,16497
699,2014-02-19,3,9058.0,1004,1,1,9386
700,2014-02-19,3,5121.0,591,1,1,4048
701,2014-02-19,3,6149.0,645,1,1,6666
702,2014-02-19,3,4155.0,335,1,1,4635
703,2014-02-19,3,3712.0,388,1,1,4340
704,2014-02-19,3,9598.0,1013,1,1,10732
705,2014-02-19,3,8591.0,1000,1,1,7793
706,2014-02-19,3,5588.0,487,1,1,6283
707,2014-02-19,3,7852.0,892,1,1,8191
708,2014-02-19,3,3741.0,395,1,1,1217
709,2014-02-19,3,11855.0,1588,1,1,10705
710,2014-02-19,3,5100.0,371,1,1,4988
711,2014-02-19,3,8220.0,562,1,1,7981
712,2014-02-19,3,5265.0,471,1,1,9264
713,2014-02-19,3,10870.0,1410,1,1,10986
714,2014-02-19,3,3880.0,310,1,1,4619
715,2014-02-19,3,7655.0,757,1,1,6100
716,2014-02-19,3,5199.0,391,1,1,5806
717,2014-02-19,3,6187.0,624,1,1,6211
718,2014-02-19,3,8617.0,915,1,1,8204
719,2014-02-19,3,5148.0,418,1,1,5992
720,2014-02-19,3,8141.0,774,1,1,7292
721,2014-02-19,3,7266.0,727,1,1,7765
722,2014-02-19,3,10574.0,1599,1,1,10568
723,2014-02-19,3,7222.0,588,1,1,7857
724,2014-02-19,3,5484.0,607,1,1,7023
725,2014-02-19,3,4495.0,496,1,1,5985
726,2014-02-19,3,10902.0,1018,1,1,11793
727,2014-02-19,3,4695.0,491,1,1,5810
728,2014-02-19,3,4634.0,425,1,1,5338
729,2014-02-19,3,10750.0,1093,1,1,12184
730,2014-02-19,3,7445.0,920,1,1,7299
731,2014-02-19,3,10136.0,1026,1,1,8465
732,2014-02-19,3,4161.0,481,1,1,4708
733,2014-02-19,3,13850.0,3160,1,1,16013
734,2014-02-19,3,6382.0,560,1,1,6863
735,2014-02-19,3,6487.0,625,1,1,6417
736,2014-02-19,3,4843.0,436,1,1,6766
737,2014-02-19,3,6393.0,947,1,1,6424
738,2014-02-19,3,8800.0,700,1,1,8920
739,2014-02-19,3,10539.0,759,1,1,8058
740,2014-02-19,3,7202.0,496,1,1,12717
741,2014-02-19,3,8068.0,949,1,1,8970
742,2014-02-19,3,8338.0,865,1,1,7902
743,2014-02-19,3,4020.0,399,1,1,3926
744,2014-02-19,3,6873.0,775,1,1,7955
745,2014-02-19,3,8607.0,836,1,1,7478
746,2014-02-19,3,5988.0,494,1,1,5651
747,2014-02-19,3,7411.0,642,1,1,9848
748,2014-02-19,3,5516.0,450,1,1,5435
749,2014-02-19,3,5935.0,730,1,1,6279
750,2014-02-19,3,5120.0,380,1,1,6161
751,2014-02-19,3,4709.0,616,1,1,5050
752,2014-02-19,3,5468.0,480,1,1,7102
753,2014-02-19,3,9232.0,776,1,1,9282
754,2014-02-19,3,5988.0,800,1,1,6942
755,2014-02-19,3,9738.0,834,1,1,10059
756,2014-02-19,3,15462.0,2134,1,1,17452
757,2014-02-19,3,6435.0,592,1,1,3262
758,2014-02-19,3,5414.0,710,1,1,5257
759,2014-02-19,3,8034.0,872,1,1,5706
760,2014-02-19,3,6956.0,1046,1,1,7606
761,2014-02-19,3,8551.0,963,1,1,10037
762,2014-02-19,3,3766.0,372,1,1,4840
763,2014-02-19,3,5361.0,558,1,1,5771
764,2014-02-19,3,3644.0,410,1,1,3729
765,2014-02-19,3,8759.0,715,1,1,8056
766,2014-02-19,3,5829.0,506,1,1,7627
767,2014-02-19,3,6261.0,591,1,1,7254
768,2014-02-19,3,12613.0,1236,1,1,13894
769,2014-02-19,3,9686.0,2936,1,1,11842
770,2014-02-19,3,6899.0,771,1,1,6469
771,2014-02-19,3,5798.0,591,1,1,6902
772,2014-02-19,3,4341.0,534,1,1,4624
773,2014-02-19,3,5926.0,825,1,1,6343
774,2014-02-19,3,5238.0,688,1,1,6759
775,2014-02-19,3,8105.0,550,1,1,9051
776,2014-02-19,3,4946.0,563,1,1,4369
777,2014-02-19,3,3507.0,310,1,1,3096
778,2014-02-19,3,6443.0,866,1,1,6061
779,2014-02-19,3,7343.0,678,1,1,6830
780,2014-02-19,3,6298.0,718,1,1,6956
781,2014-02-19,3,5419.0,743,1,1,4185
782,2014-02-19,3,5660.0,510,1,1,6278
783,2014-02-19,3,6361.0,597,1,1,6875
784,2014-02-19,3,8370.0,850,1,1,9349
785,2014-02-19,3,6920.0,513,1,1,6904
786,2014-02-19,3,4041.0,609,1,1,3364
787,2014-02-19,3,9478.0,1135,1,1,10695
788,2014-02-19,3,18395.0,1740,1,1,18563
789,2014-02-19,3,3173.0,515,1,1,2135
790,2014-02-19,3,7009.0,627,1,1,6690
791,2014-02-19,3,7049.0,800,1,1,8197
792,2014-02-19,3,8818.0,738,1,1,8689
793,2014-02-19,3,4606.0,437,1,1,4651
794,2014-02-19,3,2546.0,453,1,1,3119
795,2014-02-19,3,5247.0,525,1,1,6123
796,2014-02-19,3,7795.0,677,1,1,8113
797,2014-02-19,3,3705.0,343,1,1,4935
798,2014-02-19,3,8265.0,982,1,1,7680
799,2014-02-19,3,11025.0,972,1,1,10035
800,2014-02-19,3,5770.0,524,1,1,6112
801,2014-02-19,3,4671.0,408,1,1,8718
802,2014-02-19,3,6979.0,536,1,1,6986
803,2014-02-19,3,5281.0,421,1,1,5436
804,2014-02-19,3,5434.0,446,1,1,4539
805,2014-02-19,3,5398.0,523,1,1,6420
806,2014-02-19,3,8041.0,564,1,1,7360
807,2014-02-19,3,10383.0,1005,1,1,11508
808,2014-02-19,3,7571.0,545,1,1,7675
809,2014-02-19,3,10466.0,889,1,1,9962
810,2014-02-19,3,6080.0,494,1,1,5279
811,2014-02-19,3,3711.0,630,1,1,4222
812,2014-02-19,3,7077.0,814,1,1,5594
813,2014-02-19,3,5967.0,694,1,1,6063
814,2014-02-19,3,8276.0,682,1,1,9439
815,2014-02-19,3,9259.0,878,1,1,10020
816,2014-02-19,3,4738.0,716,1,1,6251
817,2014-02-19,3,22607.0,3164,1,1,20058
818,2014-02-19,3,6851.0,640,1,1,7264
819,2014-02-19,3,6410.0,589,1,1,5432
820,2014-02-19,3,11962.0,1070,1,1,12125
821,2014-02-19,3,7172.0,878,1,1,6900
822,2014-02-19,3,8740.0,646,1,1,8028
823,2014-02-19,3,5761.0,522,1,1,6557
824,2014-02-19,3,6774.0,891,1,1,7810
825,2014-02-19,3,4375.0,476,1,1,4492
826,2014-02-19,3,8234.0,743,1,1,9357
827,2014-02-19,3,10599.0,1324,1,1,11262
828,2014-02-19,3,6107.0,651,1,1,5174
829,2014-02-19,3,6171.0,806,1,1,6487
830,2014-02-19,3,6831.0,606,1,1,7167
831,2014-02-19,3,14901.0,1733,1,1,15845
832,2014-02-19,3,6531.0,515,1,1,6117
833,2014-02-19,3,5729.0,507,1,1,4207
834,2014-02-19,3,6010.0,635,1,1,7000
835,2014-02-19,3,5158.0,648,1,1,4980
836,2014-02-19,3,6782.0,784,1,1,4986
838,2014-02-19,3,7971.0,788,1,1,8106
839,2014-02-19,3,6398.0,756,1,1,6033
840,2014-02-19,3,8533.0,1145,1,1,7278
841,2014-02-19,3,3074.0,424,1,1,4598
842,2014-02-19,3,15914.0,1041,1,1,18821
843,2014-02-19,3,9470.0,1075,1,1,10126
844,2014-02-19,3,5291.0,544,1,1,4125
845,2014-02-19,3,4561.0,353,1,1,4928
846,2014-02-19,3,9339.0,866,1,1,10707
847,2014-02-19,3,7019.0,943,1,1,7227
848,2014-02-19,3,6562.0,769,1,1,7014
849,2014-02-19,3,8351.0,946,1,1,8973
850,2014-02-19,3,6059.0,625,1,1,6895
851,2014-02-19,3,6185.0,478,1,1,6704
852,2014-02-19,3,4811.0,574,1,1,4791
853,2014-02-19,3,9338.0,1032,1,1,9962
854,2014-02-19,3,7323.0,699,1,1,6834
855,2014-02-19,3,6253.0,654,1,1,6507
856,2014-02-19,3,7445.0,960,1,1,7942
857,2014-02-19,3,6454.0,868,1,1,6182
858,2014-02-19,3,4756.0,399,1,1,4884
859,2014-02-19,3,6908.0,625,1,1,7365
860,2014-02-19,3,5178.0,622,1,1,5220
861,2014-02-19,3,3737.0,520,1,1,4482
862,2014-02-19,3,7952.0,1027,1,1,8359
863,2014-02-19,3,7147.0,846,1,1,8041
864,2014-02-19,3,4492.0,632,1,1,4844
865,2014-02-19,3,8736.0,633,1,1,10055
866,2014-02-19,3,6888.0,446,1,1,7870
867,2014-02-19,3,4060.0,351,1,1,5019
868,2014-02-19,3,9321.0,619,1,1,9460
869,2014-02-19,3,6233.0,905,1,1,7789
870,2014-02-19,3,6777.0,903,1,1,6661
871,2014-02-19,3,4775.0,381,1,1,5719
872,2014-02-19,3,9072.0,870,1,1,9750
873,2014-02-19,3,3927.0,474,1,1,2438
874,2014-02-19,3,4536.0,461,1,1,4944
875,2014-02-19,3,5487.0,472,1,1,5811
876,2014-02-19,3,10269.0,1062,1,1,9839
877,2014-02-19,3,6722.0,898,1,1,6803
878,2014-02-19,3,10650.0,901,1,1,10343
879,2014-02-19,3,3542.0,315,1,1,4318
880,2014-02-19,3,7528.0,820,1,1,7392
881,2014-02-19,3,4836.0,714,1,1,4798
882,2014-02-19,3,5784.0,737,1,1,6441
883,2014-02-19,3,5282.0,528,1,1,6060
884,2014-02-19,3,5757.0,528,1,1,4779
885,2014-02-19,3,4962.0,672,1,1,4300
886,2014-02-19,3,6928.0,653,1,1,7290
887,2014-02-19,3,7489.0,564,1,1,5538
888,2014-02-19,3,7545.0,662,1,1,7390
889,2014-02-19,3,4034.0,456,1,1,4570
890,2014-02-19,3,5354.0,415,1,1,4797
891,2014-02-19,3,7167.0,1005,1,1,7121
892,2014-02-19,3,8444.0,760,1,1,8671
893,2014-02-19,3,6381.0,837,1,1,8593
894,2014-02-19,3,9351.0,1086,1,1,10258
895,2014-02-19,3,9406.0,882,1,1,9861
896,2014-02-19,3,6094.0,930,1,1,6908
897,2014-02-19,3,2784.0,328,1,1,2996
898,2014-02-19,3,6851.0,694,1,1,5473
899,2014-02-19,3,5928.0,557,1,1,5640
900,2014-02-19,3,5848.0,518,1,1,6561
901,2014-02-19,3,7421.0,644,1,1,8682
902,2014-02-19,3,4675.0,600,1,1,5244
903,2014-02-19,3,10531.0,744,1,1,12576
904,2014-02-19,3,6107.0,494,1,1,6386
905,2014-02-19,3,9975.0,1469,1,1,9543
906,2014-02-19,3,11176.0,1344,1,1,11761
907,2014-02-19,3,5713.0,728,1,1,6609
908,2014-02-19,3,4793.0,389,1,1,4016
909,2014-02-19,3,11488.0,1111,1,1,10185
910,2014-02-19,3,5862.0,563,1,1,5697
911,2014-02-19,3,9414.0,852,1,1,10857
912,2014-02-19,3,4793.0,669,1,1,5661
913,2014-02-19,3,9535.0,1254,1,1,10707
914,2014-02-19,3,9300.0,1049,1,1,9405
915,2014-02-19,3,5917.0,440,1,1,6248
916,2014-02-19,3,5889.0,710,1,1,5841
917,2014-02-19,3,6870.0,764,1,1,6106
918,2014-02-19,3,5664.0,581,1,1,6625
919,2014-02-19,3,6097.0,747,1,1,7653
920,2014-02-19,3,4989.0,523,1,1,5858
921,2014-02-19,3,9896.0,1158,1,1,10555
922,2014-02-19,3,7721.0,685,1,1,9495
923,2014-02-19,3,5088.0,645,1,1,6041
924,2014-02-19,3,4910.0,458,1,1,5277
925,2014-02-19,3,6927.0,1177,1,1,7639
926,2014-02-19,3,7457.0,517,1,1,7676
927,2014-02-19,3,7050.0,887,1,1,6629
928,2014-02-19,3,7955.0,689,1,1,8866
929,2014-02-19,3,6033.0,726,1,1,6762
930,2014-02-19,3,6491.0,1029,1,1,6982
931,2014-02-19,3,2893.0,330,1,1,6517
932,2014-02-19,3,7767.0,783,1,1,7168
933,2014-02-19,3,8677.0,1032,1,1,7232
934,2014-02-19,3,6452.0,651,1,1,6634
935,2014-02-19,3,5599.0,552,1,1,5834
936,2014-02-19,3,7367.0,900,1,1,7166
937,2014-02-19,3,7991.0,600,1,1,7969
938,2014-02-19,3,9000.0,926,1,1,9951
939,2014-02-19,3,5414.0,523,1,1,5353
940,2014-02-19,3,7649.0,742,1,1,7432
941,2014-02-19,3,5735.0,581,1,1,5471
942,2014-02-19,3,6499.0,469,1,1,5847
943,2014-02-19,3,6802.0,584,1,1,6968
944,2014-02-19,3,7679.0,1136,1,1,7477
945,2014-02-19,3,4153.0,509,1,1,5065
946,2014-02-19,3,4146.0,587,1,1,4897
947,2014-02-19,3,9600.0,1249,1,1,8971
948,2014-02-19,3,6392.0,1639,1,1,7144
949,2014-02-19,3,5753.0,544,1,1,6104
950,2014-02-19,3,6346.0,615,1,1,6235
951,2014-02-19,3,7930.0,727,1,1,7715
952,2014-02-19,3,6379.0,481,1,1,7973
953,2014-02-19,3,5761.0,587,1,1,7039
954,2014-02-19,3,7398.0,1041,1,1,6114
955,2014-02-19,3,4824.0,464,1,1,4801
956,2014-02-19,3,3965.0,548,1,1,3395
957,2014-02-19,3,7748.0,858,1,1,6826
958,2014-02-19,3,4244.0,579,1,1,3961
959,2014-02-19,3,7070.0,773,1,1,8360
960,2014-02-19,3,7712.0,564,1,1,9103
961,2014-02-19,3,6269.0,671,1,1,7186
962,2014-02-19,3,7320.0,919,1,1,6929
963,2014-02-19,3,11815.0,1011,1,1,10516
964,2014-02-19,3,10455.0,1406,1,1,12295
965,2014-02-19,3,9679.0,1009,1,1,7589
966,2014-02-19,3,5234.0,629,1,1,6134
967,2014-02-19,3,8145.0,871,1,1,8787
968,2014-02-19,3,7429.0,891,1,1,6687
969,2014-02-19,3,3705.0,619,1,1,4001
970,2014-02-19,3,3765.0,453,1,1,4177
971,2014-02-19,3,9087.0,1026,1,1,6647
972,2014-02-19,3,3558.0,403,1,1,4945
973,2014-02-19,3,5984.0,792,1,1,8318
974,2014-02-19,3,11203.0,1591,1,1,12423
975,2014-02-19,3,7672.0,738,1,1,7794
976,2014-02-19,3,8158.0,795,1,1,7513
977,2014-02-19,3,5357.0,534,1,1,5408
978,2014-02-19,3,7455.0,1000,1,1,7207
979,2014-02-19,3,6399.0,625,1,1,4694
980,2014-02-19,3,6921.0,542,1,1,7535
981,2014-02-19,3,7401.0,730,1,1,6821
982,2014-02-19,3,8871.0,722,1,1,8656
983,2014-02-19,3,10523.0,1364,1,1,11399
984,2014-02-19,3,6502.0,721,1,1,7638
985,2014-02-19,3,7364.0,710,1,1,8991
986,2014-02-19,3,6436.0,806,1,1,8158
987,2014-02-19,3,6958.0,879,1,1,8315
988,2014-02-19,3,4587.0,693,1,1,5233
989,2014-02-19,3,5720.0,607,1,1,4402
990,2014-02-19,3,6893.0,547,1,1,7054
991,2014-02-19,3,4831.0,476,1,1,4207
992,2014-02-19,3,6619.0,790,1,1,8495
993,2014-02-19,3,6695.0,656,1,1,7163
994,2014-02-19,3,5041.0,450,1,1,4317
995,2014-02-19,3,9270.0,763,1,1,9582
996,2014-02-19,3,7136.0,721,1,1,7412
997,2014-02-19,3,5358.0,393,1,1,4829
998,2014-02-19,3,4592.0,541,1,1,5435
999,2014-02-19,3,9552.0,630,1,1,10317
1000,2014-02-19,3,7068.0,658,1,1,7606
1001,2014-02-19,3,5658.0,598,1,1,4934
1002,2014-02-19,3,6635.0,768,1,1,9270
1003,2014-02-19,3,7756.0,754,1,1,7857
1004,2014-02-19,3,4869.0,412,1,1,5227
1005,2014-02-19,3,5419.0,824,1,1,5643
1006,2014-02-19,3,6053.0,840,1,1,6253
1007,2014-02-19,3,6480.0,732,1,1,8359
1008,2014-02-19,3,5549.0,708,1,1,6221
1009,2014-02-19,3,4719.0,453,1,1,4513
1010,2014-02-19,3,9157.0,790,1,1,9689
1011,2014-02-19,3,8196.0,942,1,1,9318
1012,2014-02-19,3,5629.0,512,1,1,7310
1013,2014-02-19,3,4598.0,485,1,1,3525
1014,2014-02-19,3,12308.0,1331,1,1,13260
1015,2014-02-19,3,6805.0,472,1,1,5294
1016,2014-02-19,3,5475.0,487,1,1,5617
1017,2014-02-19,3,7693.0,1005,1,1,8371
1018,2014-02-19,3,10959.0,1252,1,1,11523
1019,2014-02-19,3,8853.0,739,1,1,9145
1020,2014-02-19,3,9542.0,1218,1,1,10977
1021,2014-02-19,3,7930.0,964,1,1,8487
1022,2014-02-19,3,7134.0,834,1,1,8135
1023,2014-02-19,3,6610.0,641,1,1,7267
1024,2014-02-19,3,6346.0,802,1,1,10010
1025,2014-02-19,3,8730.0,956,1,1,9143
1026,2014-02-19,3,9043.0,1103,1,1,11257
1027,2014-02-19,3,13879.0,1702,1,1,13269
1028,2014-02-19,3,4688.0,541,1,1,6631
1029,2014-02-19,3,6468.0,913,1,1,5677
1030,2014-02-19,3,3608.0,345,1,1,2986
1031,2014-02-19,3,4546.0,419,1,1,4848
1032,2014-02-19,3,9015.0,965,1,1,8993
1033,2014-02-19,3,13880.0,1306,1,1,15527
1034,2014-02-19,3,7012.0,694,1,1,6913
1035,2014-02-19,3,4964.0,555,1,1,6336
1036,2014-02-19,3,3809.0,367,1,1,5009
1037,2014-02-19,3,7271.0,903,1,1,9356
1038,2014-02-19,3,5481.0,444,1,1,5125
1039,2014-02-19,3,8035.0,1047,1,1,7623
1040,2014-02-19,3,8443.0,821,1,1,9137
1041,2014-02-19,3,5843.0,688,1,1,6124
1042,2014-02-19,3,4324.0,543,1,1,5540
1043,2014-02-19,3,8437.0,1070,1,1,9246
1044,2014-02-19,3,7227.0,898,1,1,6702
1045,2014-02-19,3,6243.0,782,1,1,7188
1046,2014-02-19,3,9163.0,669,1,1,7965
1047,2014-02-19,3,4596.0,523,1,1,6796
1048,2014-02-19,3,7091.0,527,1,1,7174
1049,2014-02-19,3,3761.0,647,1,1,3566
1050,2014-02-19,3,7219.0,507,1,1,6999
1051,2014-02-19,3,8323.0,1118,1,1,9419
1052,2014-02-19,3,7437.0,720,1,1,6683
1053,2014-02-19,3,10481.0,1143,1,1,11116
1054,2014-02-19,3,5394.0,555,1,1,6122
1055,2014-02-19,3,8418.0,1052,1,1,8188
1056,2014-02-19,3,3746.0,352,1,1,4641
1057,2014-02-19,3,6268.0,572,1,1,5939
1058,2014-02-19,3,7590.0,738,1,1,7569
1059,2014-02-19,3,8584.0,1102,1,1,9555
1060,2014-02-19,3,7321.0,897,1,1,7512
1061,2014-02-19,3,6666.0,507,1,1,8253
1062,2014-02-19,3,6742.0,592,1,1,5376
1063,2014-02-19,3,4008.0,513,1,1,4905
1064,2014-02-19,3,9243.0,1080,1,1,9393
1065,2014-02-19,3,3576.0,428,1,1,6073
1066,2014-02-19,3,11046.0,1057,1,1,12313
1067,2014-02-19,3,5867.0,480,1,1,6340
1068,2014-02-19,3,4502.0,307,1,1,4125
1069,2014-02-19,3,8331.0,1102,1,1,4886
1070,2014-02-19,3,6908.0,849,1,1,6610
1071,2014-02-19,3,6164.0,705,1,1,7278
1072,2014-02-19,3,7567.0,688,1,1,6731
1073,2014-02-19,3,7365.0,944,1,1,7382
1074,2014-02-19,3,5206.0,510,1,1,5279
1075,2014-02-19,3,9837.0,1041,1,1,11720
1076,2014-02-19,3,3634.0,550,1,1,3466
1077,2014-02-19,3,4888.0,517,1,1,5585
1078,2014-02-19,3,7963.0,579,1,1,7161
1079,2014-02-19,3,10133.0,726,1,1,9067
1080,2014-02-19,3,10494.0,849,1,1,10683
1081,2014-02-19,3,8511.0,1257,1,1,7213
1082,2014-02-19,3,7202.0,1059,1,1,7426
1083,2014-02-19,3,5092.0,363,1,1,5918
1084,2014-02-19,3,5659.0,755,1,1,6303
1085,2014-02-19,3,8455.0,813,1,1,8320
1086,2014-02-19,3,8434.0,895,1,1,8605
1087,2014-02-19,3,5692.0,559,1,1,4756
1088,2014-02-19,3,5828.0,533,1,1,5875
1089,2014-02-19,3,9590.0,944,1,1,11455
1090,2014-02-19,3,7981.0,962,1,1,4982
1091,2014-02-19,3,8532.0,649,1,1,9285
1092,2014-02-19,3,11540.0,1110,1,1,11672
1093,2014-02-19,3,7571.0,797,1,1,8648
1094,2014-02-19,3,4461.0,348,1,1,4239
1095,2014-02-19,3,5210.0,666,1,1,5729
1096,2014-02-19,3,5162.0,624,1,1,5574
1097,2014-02-19,3,9301.0,2356,1,1,10861
1098,2014-02-19,3,5708.0,751,1,1,5768
1099,2014-02-19,3,6598.0,775,1,1,5153
1100,2014-02-19,3,5784.0,662,1,1,6243
1101,2014-02-19,3,9569.0,914,1,1,10712
1102,2014-02-19,3,6226.0,668,1,1,7331
1103,2014-02-19,3,5609.0,401,1,1,5536
1104,2014-02-19,3,5412.0,395,1,1,5854
1105,2014-02-19,3,4283.0,501,1,1,4614
1106,2014-02-19,3,4764.0,569,1,1,5427
1107,2014-02-19,3,6315.0,661,1,1,7067
1108,2014-02-19,3,6906.0,615,1,1,6180
1109,2014-02-19,3,4975.0,436,1,1,5880
1110,2014-02-19,3,5312.0,595,1,1,4078
1111,2014-02-19,3,5637.0,509,1,1,7557
1112,2014-02-19,3,10995.0,860,1,1,11183
1113,2014-02-19,3,5586.0,650,1,1,6356
1114,2014-02-19,3,19369.0,2781,1,1,19686
1115,2014-02-19,3,6977.0,440,1,1,7272
1,2014-02-12,3,3662.0,508,0,0,3434
2,2014-02-12,3,4848.0,654,0,0,3681
3,2014-02-12,3,5675.0,710,0,0,5694
4,2014-02-12,3,8244.0,1214,0,0,8202
5,2014-02-12,3,4475.0,604,0,0,2704
6,2014-02-12,3,4605.0,569,0,0,3950
7,2014-02-12,3,6626.0,820,0,0,6754
8,2014-02-12,3,4076.0,552,0,0,4465
9,2014-02-12,3,5070.0,499,0,0,4619
10,2014-02-12,3,4723.0,578,0,0,4767
11,2014-02-12,3,6948.0,1140,0,0,5590
12,2014-02-12,3,5842.0,825,0,0,5959
13,2014-02-12,3,2826.0,267,0,0,5658
14,2014-02-12,3,4690.0,598,0,0,4414
15,2014-02-12,3,4613.0,555,0,0,4472
16,2014-02-12,3,7117.0,941,0,0,5892
17,2014-02-12,3,5041.0,765,0,0,4132
18,2014-02-12,3,5350.0,676,0,0,3876
19,2014-02-12,3,5068.0,565,0,0,5164
20,2014-02-12,3,6413.0,851,0,0,6784
21,2014-02-12,3,3542.0,400,0,0,3780
22,2014-02-12,3,2954.0,428,0,0,2862
23,2014-02-12,3,3902.0,370,0,0,4696
24,2014-02-12,3,7490.0,756,0,0,6675
26,2014-02-12,3,3962.0,402,0,0,4431
27,2014-02-12,3,7376.0,979,0,0,7184
28,2014-02-12,3,4273.0,540,0,0,7054
29,2014-02-12,3,5526.0,577,0,0,7813
30,2014-02-12,3,4893.0,759,0,0,4459
31,2014-02-12,3,4293.0,492,0,0,4653
32,2014-02-12,3,3168.0,428,0,0,3790
33,2014-02-12,3,6289.0,737,0,0,6708
34,2014-02-12,3,6053.0,918,0,0,6858
35,2014-02-12,3,6339.0,597,0,0,7245
36,2014-02-12,3,7083.0,931,0,0,6836
37,2014-02-12,3,4571.0,560,0,0,4588
38,2014-02-12,3,4109.0,409,0,0,3977
39,2014-02-12,3,3942.0,582,0,0,4000
40,2014-02-12,3,3807.0,550,0,0,3059
41,2014-02-12,3,4086.0,316,0,0,4877
42,2014-02-12,3,9347.0,1167,0,0,7885
43,2014-02-12,3,5690.0,580,0,0,6163
44,2014-02-12,3,4358.0,571,0,0,5200
45,2014-02-12,3,3577.0,333,0,0,2990
46,2014-02-12,3,3324.0,507,0,0,4431
47,2014-02-12,3,6264.0,934,0,0,5636
48,2014-02-12,3,4286.0,502,0,0,3482
49,2014-02-12,3,4732.0,403,0,0,5307
50,2014-02-12,3,2808.0,267,0,0,2712
51,2014-02-12,3,4875.0,394,0,0,4865
52,2014-02-12,3,5952.0,427,0,0,6256
53,2014-02-12,3,4493.0,533,0,0,3806
54,2014-02-12,3,5352.0,582,0,0,4566
55,2014-02-12,3,3721.0,512,0,0,3624
56,2014-02-12,3,4617.0,371,0,0,4243
57,2014-02-12,3,9166.0,924,0,0,10411
58,2014-02-12,3,4185.0,407,0,0,4635
59,2014-02-12,3,4727.0,513,0,0,5477
60,2014-02-12,3,7280.0,761,0,0,5962
61,2014-02-12,3,4153.0,537,0,0,4282
62,2014-02-12,3,5682.0,689,0,0,6013
63,2014-02-12,3,5444.0,572,0,0,5067
64,2014-02-12,3,7364.0,602,0,0,7583
65,2014-02-12,3,3937.0,385,0,0,7261
66,2014-02-12,3,4476.0,416,0,0,4537
67,2014-02-12,3,6378.0,770,0,0,5918
68,2014-02-12,3,6566.0,1102,0,0,6112
69,2014-02-12,3,7459.0,965,0,0,6886
70,2014-02-12,3,4955.0,594,0,0,4997
71,2014-02-12,3,7046.0,668,0,0,7513
72,2014-02-12,3,3090.0,381,0,0,3618
73,2014-02-12,3,3799.0,491,0,0,3348
74,2014-02-12,3,5097.0,800,0,0,2206
75,2014-02-12,3,4222.0,521,0,0,5201
76,2014-02-12,3,6715.0,785,0,0,7092
77,2014-02-12,3,5169.0,500,0,0,4407
78,2014-02-12,3,2627.0,432,0,0,2519
79,2014-02-12,3,3386.0,458,0,0,4560
80,2014-02-12,3,4933.0,435,0,0,5870
81,2014-02-12,3,5919.0,513,0,0,5896
82,2014-02-12,3,7078.0,763,0,0,6685
83,2014-02-12,3,2873.0,306,0,0,2438
84,2014-02-12,3,11555.0,1481,0,0,9661
85,2014-02-12,3,5040.0,767,0,0,3384
86,2014-02-12,3,3545.0,548,0,0,3414
87,2014-02-12,3,5170.0,769,0,0,4191
88,2014-02-12,3,4992.0,609,0,0,4812
89,2014-02-12,3,5160.0,586,0,0,4820
90,2014-02-12,3,7086.0,989,0,0,8012
91,2014-02-12,3,5566.0,707,0,0,5615
92,2014-02-12,3,4042.0,435,0,0,4630
93,2014-02-12,3,4773.0,571,0,0,4202
94,2014-02-12,3,5209.0,557,0,0,4543
95,2014-02-12,3,6629.0,815,0,0,7817
96,2014-02-12,3,4509.0,569,0,0,3926
97,2014-02-12,3,4897.0,579,0,0,4955
98,2014-02-12,3,3585.0,349,0,0,3352
99,2014-02-12,3,3801.0,391,0,0,4117
100,2014-02-12,3,5986.0,562,0,0,9645
101,2014-02-12,3,5415.0,672,0,0,5212
102,2014-02-12,3,5343.0,894,0,0,4300
103,2014-02-12,3,3464.0,362,0,0,3525
104,2014-02-12,3,8343.0,1182,0,0,8677
105,2014-02-12,3,3590.0,535,0,0,3666
106,2014-02-12,3,8254.0,844,0,0,6075
107,2014-02-12,3,5992.0,881,0,0,5637
108,2014-02-12,3,8510.0,694,0,0,10031
109,2014-02-12,3,5451.0,683,0,0,4869
110,2014-02-12,3,3675.0,561,0,0,3721
111,2014-02-12,3,4376.0,434,0,0,3840
112,2014-02-12,3,5241.0,745,0,0,6663
113,2014-02-12,3,6196.0,641,0,0,6196
114,2014-02-12,3,4085.0,533,0,0,4372
115,2014-02-12,3,5355.0,448,0,0,5281
116,2014-02-12,3,6044.0,703,0,0,6578
117,2014-02-12,3,2840.0,461,0,0,2917
118,2014-02-12,3,5503.0,504,0,0,5547
119,2014-02-12,3,5024.0,653,0,0,2021
120,2014-02-12,3,5372.0,533,0,0,5498
121,2014-02-12,3,3355.0,455,0,0,3983
122,2014-02-12,3,4637.0,598,0,0,3607
123,2014-02-12,3,7333.0,912,0,0,5879
124,2014-02-12,3,3787.0,496,0,0,2453
125,2014-02-12,3,10275.0,1515,0,0,10192
126,2014-02-12,3,5020.0,484,0,0,4866
127,2014-02-12,3,3862.0,544,0,0,4870
128,2014-02-12,3,6032.0,548,0,0,4775
129,2014-02-12,3,7377.0,976,0,0,7193
130,2014-02-12,3,4656.0,560,0,0,3365
131,2014-02-12,3,4239.0,517,0,0,3461
132,2014-02-12,3,5067.0,502,0,0,4987
133,2014-02-12,3,4776.0,695,0,0,3530
134,2014-02-12,3,4382.0,478,0,0,3857
135,2014-02-12,3,4258.0,464,0,0,6376
136,2014-02-12,3,4991.0,415,0,0,6131
137,2014-02-12,3,6329.0,850,0,0,6103
138,2014-02-12,3,6070.0,652,0,0,5046
139,2014-02-12,3,5321.0,467,0,0,3359
140,2014-02-12,3,6553.0,970,0,0,6331
141,2014-02-12,3,4071.0,559,0,0,5059
142,2014-02-12,3,4130.0,552,0,0,3429
143,2014-02-12,3,4595.0,464,0,0,3051
144,2014-02-12,3,5957.0,613,0,0,6226
145,2014-02-12,3,5842.0,965,0,0,6206
146,2014-02-12,3,5795.0,635,0,0,6046
147,2014-02-12,3,6653.0,774,0,0,6463
148,2014-02-12,3,6931.0,755,0,0,6126
149,2014-02-12,3,4056.0,403,0,0,4441
150,2014-02-12,3,5938.0,663,0,0,5825
151,2014-02-12,3,5983.0,625,0,0,4556
152,2014-02-12,3,4487.0,585,0,0,5099
153,2014-02-12,3,5785.0,604,0,0,5000
154,2014-02-12,3,6289.0,608,0,0,6383
155,2014-02-12,3,4928.0,562,0,0,4576
156,2014-02-12,3,5328.0,609,0,0,5001
157,2014-02-12,3,8212.0,952,0,0,8023
158,2014-02-12,3,7226.0,487,0,0,6348
159,2014-02-12,3,5208.0,535,0,0,6012
160,2014-02-12,3,3725.0,440,0,0,4025
161,2014-02-12,3,6210.0,764,0,0,5443
162,2014-02-12,3,4626.0,386,0,0,6033
163,2014-02-12,3,6309.0,837,0,0,5626
164,2014-02-12,3,4456.0,542,0,0,4761
165,2014-02-12,3,3645.0,405,0,0,4626
166,2014-02-12,3,5363.0,808,0,0,6338
167,2014-02-12,3,7976.0,1064,0,0,6688
168,2014-02-12,3,6168.0,677,0,0,5799
169,2014-02-12,3,5561.0,646,0,0,5713
170,2014-02-12,3,3790.0,480,0,0,4227
171,2014-02-12,3,6243.0,728,0,0,5867
172,2014-02-12,3,5823.0,757,0,0,5541
173,2014-02-12,3,7308.0,1001,0,0,6227
174,2014-02-12,3,5050.0,436,0,0,7732
175,2014-02-12,3,4328.0,589,0,0,4226
176,2014-02-12,3,4588.0,609,0,0,4392
177,2014-02-12,3,3499.0,473,0,0,4012
178,2014-02-12,3,7441.0,759,0,0,5916
179,2014-02-12,3,6260.0,889,0,0,6960
180,2014-02-12,3,5763.0,748,0,0,6233
181,2014-02-12,3,4822.0,578,0,0,5831
182,2014-02-12,3,4124.0,344,0,0,4056
183,2014-02-12,3,3693.0,526,0,0,3022
184,2014-02-12,3,5464.0,533,0,0,4764
185,2014-02-12,3,4256.0,396,0,0,5368
186,2014-02-12,3,2450.0,289,0,0,4939
187,2014-02-12,3,5009.0,678,0,0,4477
188,2014-02-12,3,3498.0,341,0,0,4353
189,2014-02-12,3,6568.0,748,0,0,6738
190,2014-02-12,3,6487.0,630,0,0,3969
191,2014-02-12,3,4860.0,584,0,0,6119
192,2014-02-12,3,5591.0,444,0,0,6008
193,2014-02-12,3,3943.0,698,0,0,2954
194,2014-02-12,3,3685.0,351,0,0,803
195,2014-02-12,3,8233.0,1162,0,0,7901
196,2014-02-12,3,4801.0,692,0,0,3330
197,2014-02-12,3,5526.0,785,0,0,5560
198,2014-02-12,3,1801.0,249,0,0,1005
199,2014-02-12,3,5744.0,487,0,0,6425
200,2014-02-12,3,6983.0,973,0,0,3879
201,2014-02-12,3,3610.0,338,0,0,3997
202,2014-02-12,3,4550.0,433,0,0,10925
203,2014-02-12,3,5908.0,910,0,0,3257
204,2014-02-12,3,4749.0,498,0,0,3588
205,2014-02-12,3,4831.0,739,0,0,5385
206,2014-02-12,3,6401.0,794,0,0,6067
207,2014-02-12,3,9071.0,1243,0,0,8541
208,2014-02-12,3,2006.0,322,0,0,1870
209,2014-02-12,3,4022.0,475,0,0,6586
210,2014-02-12,3,2396.0,257,0,0,2572
211,2014-02-12,3,10617.0,1382,0,0,8270
212,2014-02-12,3,4062.0,493,0,0,3737
213,2014-02-12,3,6006.0,587,0,0,6745
214,2014-02-12,3,6457.0,548,0,0,7532
215,2014-02-12,3,3898.0,319,0,0,4830
216,2014-02-12,3,4847.0,751,0,0,5682
217,2014-02-12,3,4340.0,614,0,0,3824
218,2014-02-12,3,4819.0,743,0,0,3446
219,2014-02-12,3,2452.0,373,0,0,1984
220,2014-02-12,3,4027.0,605,0,0,4581
221,2014-02-12,3,4293.0,479,0,0,4631
222,2014-02-12,3,4304.0,532,0,0,5310
223,2014-02-12,3,5838.0,678,0,0,5954
224,2014-02-12,3,4434.0,368,0,0,5152
225,2014-02-12,3,4367.0,468,0,0,3215
226,2014-02-12,3,5117.0,600,0,0,3944
227,2014-02-12,3,4943.0,503,0,0,4436
228,2014-02-12,3,5893.0,523,0,0,6596
229,2014-02-12,3,6271.0,596,0,0,6684
230,2014-02-12,3,5696.0,833,0,0,6129
231,2014-02-12,3,3583.0,318,0,0,3875
232,2014-02-12,3,2581.0,260,0,0,2447
233,2014-02-12,3,8269.0,994,0,0,6692
234,2014-02-12,3,8298.0,840,0,0,8066
235,2014-02-12,3,4159.0,436,0,0,5492
236,2014-02-12,3,6015.0,805,0,0,5773
237,2014-02-12,3,3990.0,544,0,0,2992
238,2014-02-12,3,6142.0,1021,0,0,6357
239,2014-02-12,3,3357.0,358,0,0,2493
240,2014-02-12,3,4381.0,448,0,0,3307
241,2014-02-12,3,5293.0,619,0,0,5633
242,2014-02-12,3,2584.0,254,0,0,2370
243,2014-02-12,3,5012.0,753,0,0,4273
244,2014-02-12,3,3419.0,442,0,0,4055
245,2014-02-12,3,8324.0,1047,0,0,7087
246,2014-02-12,3,5439.0,810,0,0,6131
247,2014-02-12,3,6251.0,547,0,0,5977
248,2014-02-12,3,6655.0,997,0,0,4858
249,2014-02-12,3,3742.0,448,0,0,3886
250,2014-02-12,3,6804.0,557,0,0,7756
251,2014-02-12,3,16607.0,2239,0,0,15969
252,2014-02-12,3,7086.0,641,0,0,8249
253,2014-02-12,3,4539.0,623,0,0,4400
254,2014-02-12,3,2173.0,208,0,0,1906
255,2014-02-12,3,4366.0,547,0,0,5178
256,2014-02-12,3,7588.0,1208,0,0,8825
257,2014-02-12,3,4039.0,566,0,0,3894
258,2014-02-12,3,4795.0,453,0,0,4147
259,2014-02-12,3,11310.0,2402,0,0,9280
260,2014-02-12,3,5660.0,828,0,0,5894
261,2014-02-12,3,9251.0,812,0,0,12908
262,2014-02-12,3,15520.0,2795,0,0,17430
263,2014-02-12,3,2738.0,311,0,0,4790
264,2014-02-12,3,5806.0,879,0,0,5708
265,2014-02-12,3,4191.0,533,0,0,4448
266,2014-02-12,3,3151.0,480,0,0,3520
267,2014-02-12,3,5911.0,800,0,0,6380
268,2014-02-12,3,4026.0,577,0,0,3859
269,2014-02-12,3,7308.0,1110,0,0,7938
270,2014-02-12,3,8012.0,1078,0,0,8945
271,2014-02-12,3,6393.0,716,0,0,6882
272,2014-02-12,3,4399.0,563,0,0,4891
273,2014-02-12,3,4586.0,569,0,0,6608
274,2014-02-12,3,3146.0,886,0,0,2726
275,2014-02-12,3,6007.0,664,0,0,3839
276,2014-02-12,3,3583.0,485,0,0,3322
277,2014-02-12,3,5373.0,458,0,0,5806
278,2014-02-12,3,5579.0,758,0,0,4908
279,2014-02-12,3,6348.0,528,0,0,6847
280,2014-02-12,3,4454.0,434,0,0,4383
281,2014-02-12,3,4410.0,446,0,0,3513
282,2014-02-12,3,3883.0,643,0,0,3447
283,2014-02-12,3,5316.0,618,0,0,5976
284,2014-02-12,3,3372.0,340,0,0,4247
285,2014-02-12,3,4387.0,405,0,0,3687
286,2014-02-12,3,3856.0,390,0,0,4019
287,2014-02-12,3,6489.0,671,0,0,7654
288,2014-02-12,3,4233.0,335,0,0,9179
289,2014-02-12,3,5044.0,512,0,0,4576
290,2014-02-12,3,4652.0,577,0,0,5201
291,2014-02-12,3,6807.0,776,0,0,3793
292,2014-02-12,3,4759.0,670,0,0,4398
293,2014-02-12,3,5125.0,741,0,0,8313
294,2014-02-12,3,5602.0,805,0,0,4628
295,2014-02-12,3,4183.0,581,0,0,3982
296,2014-02-12,3,5824.0,766,0,0,5227
297,2014-02-12,3,5827.0,680,0,0,5218
298,2014-02-12,3,6112.0,519,0,0,5399
299,2014-02-12,3,4269.0,470,0,0,3609
300,2014-02-12,3,5526.0,782,0,0,5112
301,2014-02-12,3,5089.0,592,0,0,3238
302,2014-02-12,3,2124.0,239,0,0,2342
303,2014-02-12,3,5165.0,619,0,0,4158
304,2014-02-12,3,6098.0,1048,0,0,4402
305,2014-02-12,3,3650.0,412,0,0,6561
306,2014-02-12,3,3984.0,453,0,0,2307
307,2014-02-12,3,2113.0,259,0,0,2173
308,2014-02-12,3,7871.0,848,0,0,5777
309,2014-02-12,3,4864.0,482,0,0,5335
310,2014-02-12,3,7061.0,650,0,0,7028
311,2014-02-12,3,5711.0,834,0,0,5851
312,2014-02-12,3,4016.0,453,0,0,4420
313,2014-02-12,3,5056.0,582,0,0,5474
314,2014-02-12,3,4105.0,521,0,0,2914
315,2014-02-12,3,3552.0,439,0,0,3701
316,2014-02-12,3,6918.0,706,0,0,7197
317,2014-02-12,3,3764.0,451,0,0,3964
318,2014-02-12,3,5491.0,575,0,0,5545
319,2014-02-12,3,6881.0,800,0,0,4913
320,2014-02-12,3,12334.0,1908,0,0,10988
321,2014-02-12,3,4141.0,485,0,0,1415
322,2014-02-12,3,3567.0,451,0,0,4129
323,2014-02-12,3,6478.0,567,0,0,5449
324,2014-02-12,3,4441.0,644,0,0,4020
325,2014-02-12,3,4846.0,585,0,0,5721
326,2014-02-12,3,3420.0,308,0,0,4007
327,2014-02-12,3,5757.0,804,0,0,5652
328,2014-02-12,3,4044.0,513,0,0,3676
329,2014-02-12,3,5256.0,551,0,0,5474
330,2014-02-12,3,2875.0,361,0,0,3614
331,2014-02-12,3,5977.0,836,0,0,4460
332,2014-02-12,3,3620.0,544,0,0,3786
333,2014-02-12,3,8109.0,1196,0,0,7312
334,2014-02-12,3,4491.0,519,0,0,4374
335,2014-02-12,3,13033.0,2661,0,0,11322
336,2014-02-12,3,10991.0,1756,0,0,11125
337,2014-02-12,3,4083.0,333,0,0,3914
338,2014-02-12,3,5607.0,553,0,0,5463
339,2014-02-12,3,4314.0,630,0,0,5059
340,2014-02-12,3,5290.0,678,0,0,4576
341,2014-02-12,3,4465.0,689,0,0,4229
342,2014-02-12,3,8374.0,704,0,0,7831
343,2014-02-12,3,5330.0,577,0,0,5797
344,2014-02-12,3,6016.0,957,0,0,6427
345,2014-02-12,3,3819.0,428,0,0,3099
346,2014-02-12,3,5771.0,601,0,0,5887
347,2014-02-12,3,3120.0,296,0,0,2416
348,2014-02-12,3,6492.0,609,0,0,7102
349,2014-02-12,3,6792.0,774,0,0,6436
350,2014-02-12,3,4566.0,372,0,0,5969
351,2014-02-12,3,4496.0,427,0,0,7016
352,2014-02-12,3,5325.0,550,0,0,4935
353,2014-02-12,3,5222.0,1430,0,0,4354
354,2014-02-12,3,6219.0,586,0,0,5935
355,2014-02-12,3,7815.0,1059,0,0,7028
356,2014-02-12,3,4471.0,384,0,0,3816
357,2014-02-12,3,5710.0,905,0,0,6027
358,2014-02-12,3,8146.0,983,0,0,7691
359,2014-02-12,3,5294.0,517,0,0,6780
360,2014-02-12,3,5330.0,710,0,0,6183
361,2014-02-12,3,4701.0,543,0,0,5582
362,2014-02-12,3,7073.0,1060,0,0,5369
363,2014-02-12,3,5758.0,848,0,0,6128
364,2014-02-12,3,3724.0,515,0,0,4565
365,2014-02-12,3,4006.0,518,0,0,4160
366,2014-02-12,3,5587.0,622,0,0,4642
367,2014-02-12,3,3551.0,437,0,0,5074
368,2014-02-12,3,6536.0,574,0,0,7402
369,2014-02-12,3,5649.0,493,0,0,7034
370,2014-02-12,3,5326.0,484,0,0,5483
371,2014-02-12,3,4670.0,455,0,0,5819
372,2014-02-12,3,6659.0,680,0,0,6565
373,2014-02-12,3,3678.0,287,0,0,2409
374,2014-02-12,3,6650.0,845,0,0,5565
375,2014-02-12,3,7473.0,688,0,0,7238
376,2014-02-12,3,6235.0,846,0,0,6660
377,2014-02-12,3,5694.0,833,0,0,5850
378,2014-02-12,3,5156.0,914,0,0,4486
379,2014-02-12,3,3187.0,460,0,0,2905
380,2014-02-12,3,11684.0,1268,0,0,11034
381,2014-02-12,3,7505.0,931,0,0,7816
382,2014-02-12,3,5676.0,517,0,0,6744
383,2014-02-12,3,14310.0,2008,0,0,12918
384,2014-02-12,3,7108.0,914,0,0,5999
385,2014-02-12,3,5138.0,509,0,0,6639
386,2014-02-12,3,7162.0,629,0,0,7137
387,2014-02-12,3,6672.0,1020,0,0,6975
388,2014-02-12,3,8120.0,984,0,0,7484
389,2014-02-12,3,8261.0,1188,0,0,8722
391,2014-02-12,3,4884.0,627,0,0,4776
392,2014-02-12,3,5766.0,631,0,0,5064
393,2014-02-12,3,5075.0,523,0,0,3202
394,2014-02-12,3,6300.0,562,0,0,5876
395,2014-02-12,3,2994.0,461,0,0,4560
396,2014-02-12,3,8158.0,991,0,0,6488
397,2014-02-12,3,4555.0,684,0,0,5041
398,2014-02-12,3,3795.0,491,0,0,3936
399,2014-02-12,3,4349.0,504,0,0,3790
400,2014-02-12,3,7323.0,1094,0,0,6593
401,2014-02-12,3,5790.0,649,0,0,4902
402,2014-02-12,3,4259.0,489,0,0,4765
403,2014-02-12,3,5965.0,670,0,0,5885
404,2014-02-12,3,4756.0,609,0,0,3075
405,2014-02-12,3,2913.0,367,0,0,4145
406,2014-02-12,3,4868.0,389,0,0,5905
407,2014-02-12,3,2673.0,242,0,0,4255
408,2014-02-12,3,3279.0,368,0,0,3762
409,2014-02-12,3,3658.0,431,0,0,4874
410,2014-02-12,3,4916.0,734,0,0,4742
411,2014-02-12,3,7003.0,575,0,0,7043
412,2014-02-12,3,6627.0,506,0,0,6862
413,2014-02-12,3,5715.0,812,0,0,5180
414,2014-02-12,3,4685.0,410,0,0,5349
415,2014-02-12,3,4649.0,439,0,0,4703
416,2014-02-12,3,8324.0,1245,0,0,8206
417,2014-02-12,3,6546.0,764,0,0,5857
418,2014-02-12,3,4426.0,524,0,0,4369
419,2014-02-12,3,4246.0,752,0,0,3592
420,2014-02-12,3,3378.0,358,0,0,3109
421,2014-02-12,3,6581.0,754,0,0,6766
422,2014-02-12,3,3850.0,436,0,0,3724
423,2014-02-12,3,7723.0,1566,0,0,6684
424,2014-02-12,3,5415.0,673,0,0,5434
425,2014-02-12,3,3090.0,411,0,0,3379
426,2014-02-12,3,4195.0,628,0,0,4007
427,2014-02-12,3,5205.0,650,0,0,6239
428,2014-02-12,3,4573.0,392,0,0,5052
429,2014-02-12,3,3624.0,324,0,0,2426
430,2014-02-12,3,6733.0,592,0,0,6122
431,2014-02-12,3,7089.0,852,0,0,7495
432,2014-02-12,3,9393.0,1466,0,0,9858
433,2014-02-12,3,4576.0,544,0,0,3766
434,2014-02-12,3,7085.0,595,0,0,6754
435,2014-02-12,3,3190.0,413,0,0,3377
436,2014-02-12,3,4416.0,555,0,0,1587
437,2014-02-12,3,4734.0,502,0,0,5230
438,2014-02-12,3,4160.0,472,0,0,6661
439,2014-02-12,3,5457.0,742,0,0,4847
440,2014-02-12,3,4114.0,569,0,0,4131
441,2014-02-12,3,4111.0,554,0,0,4158
442,2014-02-12,3,2900.0,398,0,0,4030
443,2014-02-12,3,4467.0,434,0,0,4677
444,2014-02-12,3,8766.0,1057,0,0,9223
445,2014-02-12,3,6374.0,1080,0,0,6155
446,2014-02-12,3,4305.0,622,0,0,4260
447,2014-02-12,3,4556.0,565,0,0,4310
448,2014-02-12,3,7425.0,736,0,0,5727
449,2014-02-12,3,9140.0,1419,0,0,9198
450,2014-02-12,3,5562.0,790,0,0,5915
451,2014-02-12,3,4391.0,407,0,0,3472
452,2014-02-12,3,3631.0,398,0,0,4146
453,2014-02-12,3,5964.0,764,0,0,6579
454,2014-02-12,3,5338.0,735,0,0,5425
455,2014-02-12,3,6116.0,405,0,0,5285
456,2014-02-12,3,4907.0,832,0,0,5054
457,2014-02-12,3,3855.0,377,0,0,4177
458,2014-02-12,3,5616.0,578,0,0,3531
459,2014-02-12,3,7087.0,1041,0,0,7706
460,2014-02-12,3,2838.0,277,0,0,3199
461,2014-02-12,3,3435.0,394,0,0,6131
462,2014-02-12,3,4158.0,592,0,0,4145
463,2014-02-12,3,5175.0,887,0,0,4675
464,2014-02-12,3,8017.0,1044,0,0,8340
465,2014-02-12,3,5123.0,478,0,0,7438
466,2014-02-12,3,6213.0,728,0,0,6260
467,2014-02-12,3,11040.0,1483,0,0,10981
468,2014-02-12,3,4818.0,617,0,0,7246
469,2014-02-12,3,8731.0,1232,0,0,8689
470,2014-02-12,3,9561.0,1431,0,0,8705
471,2014-02-12,3,6140.0,518,0,0,6146
472,2014-02-12,3,4240.0,638,0,0,7026
473,2014-02-12,3,2698.0,412,0,0,3457
474,2014-02-12,3,6614.0,719,0,0,7191
475,2014-02-12,3,4704.0,772,0,0,5496
476,2014-02-12,3,4870.0,630,0,0,4376
477,2014-02-12,3,4212.0,310,0,0,4000
478,2014-02-12,3,5373.0,643,0,0,6594
479,2014-02-12,3,9155.0,1135,0,0,8453
480,2014-02-12,3,4848.0,659,0,0,3166
481,2014-02-12,3,3874.0,409,0,0,3230
482,2014-02-12,3,5897.0,736,0,0,5967
483,2014-02-12,3,3853.0,587,0,0,4145
484,2014-02-12,3,5135.0,569,0,0,6023
485,2014-02-12,3,3589.0,343,0,0,3286
486,2014-02-12,3,3454.0,448,0,0,3130
487,2014-02-12,3,4812.0,544,0,0,6913
488,2014-02-12,3,2716.0,346,0,0,2382
489,2014-02-12,3,5744.0,598,0,0,7055
490,2014-02-12,3,6918.0,986,0,0,5888
491,2014-02-12,3,4359.0,432,0,0,5224
492,2014-02-12,3,6035.0,971,0,0,5653
493,2014-02-12,3,5469.0,684,0,0,4714
494,2014-02-12,3,6103.0,973,0,0,6562
495,2014-02-12,3,3187.0,297,0,0,7488
496,2014-02-12,3,5761.0,706,0,0,5648
497,2014-02-12,3,8155.0,1087,0,0,6512
498,2014-02-12,3,5845.0,797,0,0,5529
499,2014-02-12,3,3855.0,627,0,0,4575
500,2014-02-12,3,3901.0,319,0,0,2735
501,2014-02-12,3,4398.0,594,0,0,4155
502,2014-02-12,3,8459.0,1338,0,0,7341
503,2014-02-12,3,3964.0,334,0,0,4865
504,2014-02-12,3,5232.0,839,0,0,5408
505,2014-02-12,3,4032.0,555,0,0,5178
506,2014-02-12,3,6459.0,850,0,0,6571
507,2014-02-12,3,5566.0,525,0,0,6829
508,2014-02-12,3,5326.0,641,0,0,4090
509,2014-02-12,3,5044.0,518,0,0,6651
510,2014-02-12,3,7154.0,857,0,0,9488
511,2014-02-12,3,5015.0,789,0,0,4673
512,2014-02-12,3,4610.0,1237,0,0,4750
513,2014-02-12,3,14876.0,1834,0,0,14142
514,2014-02-12,3,4568.0,526,0,0,4687
515,2014-02-12,3,6715.0,602,0,0,7396
516,2014-02-12,3,4513.0,664,0,0,5959
517,2014-02-12,3,4555.0,578,0,0,5935
518,2014-02-12,3,4015.0,425,0,0,5591
519,2014-02-12,3,3371.0,415,0,0,3754
520,2014-02-12,3,3026.0,379,0,0,3104
521,2014-02-12,3,3141.0,308,0,0,4112
522,2014-02-12,3,6093.0,530,0,0,5858
523,2014-02-12,3,10705.0,1438,0,0,11408
524,2014-02-12,3,6558.0,753,0,0,6029
525,2014-02-12,3,7917.0,760,0,0,8127
526,2014-02-12,3,8460.0,1276,0,0,8004
527,2014-02-12,3,8963.0,936,0,0,9907
528,2014-02-12,3,7744.0,796,0,0,8575
529,2014-02-12,3,6237.0,666,0,0,5976
530,2014-02-12,3,1826.0,266,0,0,1771
531,2014-02-12,3,3946.0,553,0,0,4009
532,2014-02-12,3,9136.0,1178,0,0,8699
533,2014-02-12,3,7664.0,818,0,0,7110
534,2014-02-12,3,5314.0,428,0,0,5540
535,2014-02-12,3,7162.0,903,0,0,7194
536,2014-02-12,3,6446.0,776,0,0,7029
537,2014-02-12,3,5023.0,581,0,0,2382
538,2014-02-12,3,3290.0,551,0,0,3005
539,2014-02-12,3,9004.0,963,0,0,8825
540,2014-02-12,3,3928.0,342,0,0,4420
541,2014-02-12,3,5300.0,759,0,0,5053
542,2014-02-12,3,4578.0,488,0,0,5505
543,2014-02-12,3,1806.0,187,0,0,2666
544,2014-02-12,3,10545.0,1531,0,0,11274
545,2014-02-12,3,8203.0,952,0,0,8281
546,2014-02-12,3,10432.0,1396,0,0,10408
547,2014-02-12,3,4065.0,341,0,0,4277
548,2014-02-12,3,3435.0,312,0,0,3587
549,2014-02-12,3,4120.0,550,0,0,2284
550,2014-02-12,3,4660.0,405,0,0,5015
551,2014-02-12,3,5604.0,923,0,0,7487
552,2014-02-12,3,5317.0,585,0,0,6227
553,2014-02-12,3,4942.0,495,0,0,4780
554,2014-02-12,3,3456.0,523,0,0,3560
555,2014-02-12,3,3371.0,346,0,0,5273
556,2014-02-12,3,6053.0,769,0,0,5491
557,2014-02-12,3,3630.0,651,0,0,3210
558,2014-02-12,3,2538.0,423,0,0,3284
559,2014-02-12,3,4943.0,741,0,0,4770
560,2014-02-12,3,10556.0,1378,0,0,11513
561,2014-02-12,3,5453.0,604,0,0,3304
562,2014-02-12,3,17255.0,3071,0,0,18008
563,2014-02-12,3,4703.0,678,0,0,6054
564,2014-02-12,3,4121.0,369,0,0,1553
565,2014-02-12,3,5935.0,834,0,0,5183
566,2014-02-12,3,3388.0,458,0,0,3169
567,2014-02-12,3,4055.0,632,0,0,4501
568,2014-02-12,3,3523.0,355,0,0,3557
569,2014-02-12,3,4024.0,654,0,0,4034
570,2014-02-12,3,3921.0,606,0,0,3776
571,2014-02-12,3,5129.0,421,0,0,7795
572,2014-02-12,3,5055.0,481,0,0,4909
573,2014-02-12,3,3084.0,281,0,0,2407
574,2014-02-12,3,6922.0,555,0,0,7169
575,2014-02-12,3,3418.0,389,0,0,3047
576,2014-02-12,3,5049.0,815,0,0,5429
577,2014-02-12,3,3807.0,533,0,0,4761
578,2014-02-12,3,5398.0,547,0,0,6542
579,2014-02-12,3,6006.0,734,0,0,7389
580,2014-02-12,3,7706.0,1382,0,0,8783
581,2014-02-12,3,4257.0,581,0,0,2980
582,2014-02-12,3,4996.0,737,0,0,6598
583,2014-02-12,3,3716.0,378,0,0,4166
584,2014-02-12,3,3698.0,384,0,0,4335
585,2014-02-12,3,5183.0,893,0,0,4559
586,2014-02-12,3,12692.0,2142,0,0,11658
587,2014-02-12,3,6644.0,528,0,0,7096
588,2014-02-12,3,4552.0,566,0,0,4356
589,2014-02-12,3,3988.0,498,0,0,3540
590,2014-02-12,3,3955.0,334,0,0,2940
591,2014-02-12,3,4942.0,466,0,0,4273
592,2014-02-12,3,3420.0,507,0,0,3295
593,2014-02-12,3,7277.0,1011,0,0,6010
594,2014-02-12,3,3996.0,452,0,0,4141
595,2014-02-12,3,11532.0,1487,0,0,10387
596,2014-02-12,3,3554.0,600,0,0,3736
597,2014-02-12,3,4124.0,657,0,0,3590
598,2014-02-12,3,3796.0,619,0,0,4932
599,2014-02-12,3,6832.0,721,0,0,6540
600,2014-02-12,3,4947.0,499,0,0,4877
601,2014-02-12,3,3328.0,328,0,0,3723
602,2014-02-12,3,5139.0,565,0,0,5642
603,2014-02-12,3,5566.0,929,0,0,6155
604,2014-02-12,3,6562.0,507,0,0,7764
605,2014-02-12,3,5325.0,417,0,0,5654
606,2014-02-12,3,5065.0,599,0,0,4995
607,2014-02-12,3,2623.0,334,0,0,3850
608,2014-02-12,3,7086.0,805,0,0,6205
609,2014-02-12,3,3862.0,479,0,0,4575
610,2014-02-12,3,3434.0,476,0,0,3626
611,2014-02-12,3,4832.0,421,0,0,4811
612,2014-02-12,3,4672.0,330,0,0,5060
613,2014-02-12,3,5313.0,874,0,0,5768
614,2014-02-12,3,5583.0,807,0,0,3918
615,2014-02-12,3,7588.0,1084,0,0,7495
616,2014-02-12,3,7094.0,791,0,0,7312
617,2014-02-12,3,5598.0,555,0,0,4490
618,2014-02-12,3,4330.0,401,0,0,3782
619,2014-02-12,3,3535.0,394,0,0,3981
620,2014-02-12,3,5831.0,576,0,0,6821
621,2014-02-12,3,4748.0,712,0,0,4933
622,2014-02-12,3,3644.0,426,0,0,3111
623,2014-02-12,3,6102.0,823,0,0,5032
624,2014-02-12,3,6303.0,659,0,0,4354
625,2014-02-12,3,5086.0,565,0,0,3761
626,2014-02-12,3,6800.0,647,0,0,6942
627,2014-02-12,3,5111.0,573,0,0,4969
628,2014-02-12,3,5455.0,749,0,0,4614
629,2014-02-12,3,6221.0,620,0,0,6390
630,2014-02-12,3,6751.0,847,0,0,5212
631,2014-02-12,3,4111.0,560,0,0,4911
632,2014-02-12,3,5371.0,798,0,0,4019
633,2014-02-12,3,5335.0,437,0,0,6819
634,2014-02-12,3,5440.0,572,0,0,5259
635,2014-02-12,3,4331.0,505,0,0,5424
636,2014-02-12,3,3858.0,533,0,0,3806
637,2014-02-12,3,6554.0,582,0,0,5602
638,2014-02-12,3,4733.0,424,0,0,4623
639,2014-02-12,3,3477.0,424,0,0,3416
640,2014-02-12,3,8392.0,722,0,0,10612
641,2014-02-12,3,4636.0,479,0,0,4365
642,2014-02-12,3,3549.0,510,0,0,3897
643,2014-02-12,3,6500.0,912,0,0,6516
644,2014-02-12,3,6836.0,835,0,0,6470
645,2014-02-12,3,8206.0,1150,0,0,7315
646,2014-02-12,3,4214.0,633,0,0,1954
647,2014-02-12,3,4510.0,622,0,0,4271
648,2014-02-12,3,4555.0,487,0,0,5224
649,2014-02-12,3,3281.0,384,0,0,4410
650,2014-02-12,3,4794.0,557,0,0,5177
651,2014-02-12,3,6570.0,812,0,0,4923
652,2014-02-12,3,4460.0,523,0,0,4094
653,2014-02-12,3,4344.0,417,0,0,3329
654,2014-02-12,3,5697.0,696,0,0,5643
655,2014-02-12,3,5985.0,564,0,0,6007
656,2014-02-12,3,2748.0,337,0,0,3729
657,2014-02-12,3,4576.0,651,0,0,3369
658,2014-02-12,3,5019.0,555,0,0,3430
659,2014-02-12,3,5148.0,717,0,0,4470
660,2014-02-12,3,3394.0,429,0,0,3333
661,2014-02-12,3,6506.0,550,0,0,6375
662,2014-02-12,3,6356.0,640,0,0,5847
663,2014-02-12,3,4025.0,646,0,0,3024
664,2014-02-12,3,3545.0,507,0,0,3949
665,2014-02-12,3,7323.0,1261,0,0,7923
666,2014-02-12,3,4428.0,485,0,0,5227
667,2014-02-12,3,6005.0,630,0,0,7449
668,2014-02-12,3,7109.0,1026,0,0,7930
669,2014-02-12,3,3172.0,298,0,0,3881
670,2014-02-12,3,5076.0,611,0,0,2652
671,2014-02-12,3,4322.0,526,0,0,4521
672,2014-02-12,3,6085.0,1124,0,0,5554
673,2014-02-12,3,5243.0,507,0,0,5657
674,2014-02-12,3,6503.0,967,0,0,5351
675,2014-02-12,3,3043.0,379,0,0,3333
676,2014-02-12,3,6288.0,1568,0,0,5893
677,2014-02-12,3,6220.0,581,0,0,6417
678,2014-02-12,3,5174.0,732,0,0,6270
679,2014-02-12,3,8056.0,1007,0,0,8234
680,2014-02-12,3,4578.0,763,0,0,4819
681,2014-02-12,3,2476.0,449,0,0,2969
682,2014-02-12,3,10282.0,1729,0,0,8293
683,2014-02-12,3,7935.0,873,0,0,6483
684,2014-02-12,3,5409.0,455,0,0,7076
685,2014-02-12,3,4857.0,543,0,0,4132
686,2014-02-12,3,4907.0,668,0,0,3751
687,2014-02-12,3,6639.0,665,0,0,7189
688,2014-02-12,3,3173.0,337,0,0,2324
689,2014-02-12,3,5125.0,619,0,0,6338
690,2014-02-12,3,4847.0,831,0,0,3500
691,2014-02-12,3,5974.0,491,0,0,6733
692,2014-02-12,3,5134.0,748,0,0,5278
693,2014-02-12,3,3998.0,367,0,0,4968
694,2014-02-12,3,5958.0,635,0,0,6557
695,2014-02-12,3,3642.0,396,0,0,3930
696,2014-02-12,3,6427.0,912,0,0,7591
697,2014-02-12,3,8568.0,892,0,0,8147
698,2014-02-12,3,13856.0,1856,0,0,13388
699,2014-02-12,3,6706.0,871,0,0,6610
700,2014-02-12,3,3426.0,520,0,0,4748
701,2014-02-12,3,4375.0,537,0,0,5064
702,2014-02-12,3,3058.0,273,0,0,2746
703,2014-02-12,3,2895.0,343,0,0,2774
704,2014-02-12,3,8615.0,1005,0,0,8935
705,2014-02-12,3,6355.0,891,0,0,5285
706,2014-02-12,3,3918.0,416,0,0,6946
707,2014-02-12,3,6894.0,844,0,0,3622
708,2014-02-12,3,3539.0,407,0,0,3355
709,2014-02-12,3,9577.0,1415,0,0,8036
710,2014-02-12,3,3516.0,306,0,0,2751
711,2014-02-12,3,5419.0,442,0,0,4498
712,2014-02-12,3,5234.0,482,0,0,5084
713,2014-02-12,3,8282.0,1212,0,0,7736
714,2014-02-12,3,3201.0,276,0,0,2672
715,2014-02-12,3,5465.0,689,0,0,5304
716,2014-02-12,3,3885.0,347,0,0,4510
717,2014-02-12,3,3641.0,475,0,0,5183
718,2014-02-12,3,6438.0,805,0,0,6513
719,2014-02-12,3,4477.0,383,0,0,4216
720,2014-02-12,3,6495.0,711,0,0,4487
721,2014-02-12,3,5968.0,710,0,0,5451
722,2014-02-12,3,8629.0,1509,0,0,7523
723,2014-02-12,3,5051.0,443,0,0,4491
724,2014-02-12,3,5467.0,628,0,0,6448
725,2014-02-12,3,4566.0,508,0,0,4397
726,2014-02-12,3,9589.0,1095,0,0,8654
727,2014-02-12,3,3683.0,423,0,0,3496
728,2014-02-12,3,3457.0,358,0,0,4083
729,2014-02-12,3,8003.0,944,0,0,8245
730,2014-02-12,3,6234.0,886,0,0,5508
731,2014-02-12,3,7109.0,901,0,0,7422
732,2014-02-12,3,3799.0,484,0,0,2558
733,2014-02-12,3,13010.0,3236,0,0,12322
734,2014-02-12,3,4291.0,502,0,0,5210
735,2014-02-12,3,3543.0,440,0,0,3418
736,2014-02-12,3,3796.0,409,0,0,4040
737,2014-02-12,3,5389.0,844,0,0,5341
738,2014-02-12,3,6434.0,582,0,0,7127
739,2014-02-12,3,7309.0,622,0,0,5855
740,2014-02-12,3,5263.0,412,0,0,5000
741,2014-02-12,3,6821.0,875,0,0,7122
742,2014-02-12,3,6109.0,740,0,0,10659
743,2014-02-12,3,2878.0,383,0,0,3323
744,2014-02-12,3,6250.0,760,0,0,7576
745,2014-02-12,3,6290.0,736,0,0,5581
746,2014-02-12,3,3977.0,379,0,0,5485
747,2014-02-12,3,5948.0,625,0,0,7001
748,2014-02-12,3,3901.0,374,0,0,5205
749,2014-02-12,3,4626.0,686,0,0,7219
750,2014-02-12,3,3799.0,340,0,0,2624
751,2014-02-12,3,3761.0,547,0,0,3808
752,2014-02-12,3,4024.0,386,0,0,4183
753,2014-02-12,3,6500.0,656,0,0,6755
754,2014-02-12,3,5483.0,764,0,0,6548
755,2014-02-12,3,8212.0,744,0,0,8901
756,2014-02-12,3,12616.0,1929,0,0,13461
757,2014-02-12,3,4517.0,495,0,0,3965
758,2014-02-12,3,4278.0,646,0,0,4595
759,2014-02-12,3,5464.0,736,0,0,5389
760,2014-02-12,3,6676.0,1059,0,0,5999
761,2014-02-12,3,7573.0,942,0,0,7853
762,2014-02-12,3,1935.0,271,0,0,2846
763,2014-02-12,3,4500.0,466,0,0,4849
764,2014-02-12,3,2992.0,382,0,0,5673
765,2014-02-12,3,6736.0,655,0,0,6232
766,2014-02-12,3,4934.0,476,0,0,6243
767,2014-02-12,3,4577.0,558,0,0,3626
768,2014-02-12,3,10240.0,1185,0,0,11258
769,2014-02-12,3,9514.0,2906,0,0,8055
770,2014-02-12,3,5507.0,690,0,0,4988
771,2014-02-12,3,5252.0,652,0,0,7000
772,2014-02-12,3,3059.0,449,0,0,1465
773,2014-02-12,3,6395.0,781,0,0,4612
774,2014-02-12,3,4994.0,744,0,0,5317
775,2014-02-12,3,7418.0,555,0,0,6819
776,2014-02-12,3,3484.0,442,0,0,3851
777,2014-02-12,3,2664.0,272,0,0,2573
778,2014-02-12,3,4895.0,704,0,0,3945
779,2014-02-12,3,5568.0,627,0,0,4401
780,2014-02-12,3,4812.0,663,0,0,5172
781,2014-02-12,3,3799.0,659,0,0,3245
782,2014-02-12,3,3876.0,442,0,0,4053
783,2014-02-12,3,5001.0,592,0,0,5288
784,2014-02-12,3,6195.0,798,0,0,7085
785,2014-02-12,3,3780.0,385,0,0,4600
786,2014-02-12,3,3063.0,534,0,0,1348
787,2014-02-12,3,9107.0,1047,0,0,7750
788,2014-02-12,3,16544.0,1728,0,0,14854
789,2014-02-12,3,3286.0,459,0,0,1674
790,2014-02-12,3,5492.0,560,0,0,6197
791,2014-02-12,3,5886.0,710,0,0,5957
792,2014-02-12,3,4952.0,576,0,0,4994
793,2014-02-12,3,2512.0,308,0,0,3437
794,2014-02-12,3,3001.0,509,0,0,1850
795,2014-02-12,3,2932.0,404,0,0,2416
796,2014-02-12,3,5711.0,620,0,0,4582
797,2014-02-12,3,2561.0,288,0,0,3282
798,2014-02-12,3,7040.0,965,0,0,6909
799,2014-02-12,3,8459.0,839,0,0,7519
800,2014-02-12,3,4598.0,446,0,0,4753
801,2014-02-12,3,3388.0,400,0,0,3562
802,2014-02-12,3,5073.0,466,0,0,5774
803,2014-02-12,3,4157.0,405,0,0,4088
804,2014-02-12,3,4153.0,371,0,0,5370
805,2014-02-12,3,3875.0,428,0,0,4464
806,2014-02-12,3,4502.0,414,0,0,4878
807,2014-02-12,3,8311.0,919,0,0,6559
808,2014-02-12,3,6301.0,585,0,0,5589
809,2014-02-12,3,7213.0,674,0,0,7792
810,2014-02-12,3,4556.0,426,0,0,4188
811,2014-02-12,3,3800.0,680,0,0,4619
812,2014-02-12,3,5615.0,741,0,0,4482
813,2014-02-12,3,5005.0,625,0,0,3666
814,2014-02-12,3,6565.0,565,0,0,7803
815,2014-02-12,3,7234.0,783,0,0,9516
816,2014-02-12,3,4110.0,678,0,0,2957
817,2014-02-12,3,20459.0,3208,0,0,17108
818,2014-02-12,3,4509.0,544,0,0,5336
819,2014-02-12,3,4939.0,491,0,0,3988
820,2014-02-12,3,9427.0,980,0,0,10613
821,2014-02-12,3,5859.0,817,0,0,6678
822,2014-02-12,3,5556.0,529,0,0,6847
823,2014-02-12,3,4296.0,502,0,0,1867
824,2014-02-12,3,6324.0,913,0,0,4864
825,2014-02-12,3,3102.0,401,0,0,3315
826,2014-02-12,3,7175.0,716,0,0,6171
827,2014-02-12,3,8649.0,1214,0,0,9812
828,2014-02-12,3,4221.0,569,0,0,3886
829,2014-02-12,3,4532.0,674,0,0,3767
830,2014-02-12,3,5469.0,578,0,0,4890
831,2014-02-12,3,10358.0,1500,0,0,9835
832,2014-02-12,3,4303.0,450,0,0,4875
833,2014-02-12,3,4547.0,463,0,0,3285
834,2014-02-12,3,4440.0,563,0,0,4315
835,2014-02-12,3,4031.0,611,0,0,3170
836,2014-02-12,3,5298.0,726,0,0,4235
838,2014-02-12,3,7132.0,797,0,0,5283
839,2014-02-12,3,4607.0,639,0,0,5191
840,2014-02-12,3,6837.0,1070,0,0,5652
841,2014-02-12,3,2716.0,417,0,0,2081
842,2014-02-12,3,15246.0,962,0,0,16191
843,2014-02-12,3,7141.0,929,0,0,6688
844,2014-02-12,3,3732.0,462,0,0,4159
845,2014-02-12,3,3386.0,271,0,0,3248
846,2014-02-12,3,6777.0,728,0,0,7448
847,2014-02-12,3,5463.0,912,0,0,4519
848,2014-02-12,3,4770.0,646,0,0,6058
849,2014-02-12,3,6610.0,823,0,0,5745
850,2014-02-12,3,5008.0,545,0,0,4571
851,2014-02-12,3,4752.0,430,0,0,2937
852,2014-02-12,3,3529.0,560,0,0,3647
853,2014-02-12,3,7964.0,963,0,0,6686
854,2014-02-12,3,4727.0,594,0,0,4098
855,2014-02-12,3,4464.0,525,0,0,4918
856,2014-02-12,3,5433.0,875,0,0,5042
857,2014-02-12,3,5753.0,789,0,0,4742
858,2014-02-12,3,3850.0,390,0,0,2747
859,2014-02-12,3,5826.0,625,0,0,5620
860,2014-02-12,3,4176.0,596,0,0,4747
861,2014-02-12,3,2855.0,520,0,0,2310
862,2014-02-12,3,7105.0,1072,0,0,6353
863,2014-02-12,3,6675.0,875,0,0,8044
864,2014-02-12,3,3444.0,568,0,0,3467
865,2014-02-12,3,5835.0,540,0,0,4175
866,2014-02-12,3,4824.0,367,0,0,6194
867,2014-02-12,3,2747.0,296,0,0,2819
868,2014-02-12,3,7369.0,547,0,0,7106
869,2014-02-12,3,4285.0,744,0,0,6197
870,2014-02-12,3,6329.0,876,0,0,4321
871,2014-02-12,3,4150.0,366,0,0,4276
872,2014-02-12,3,7140.0,791,0,0,6802
873,2014-02-12,3,3853.0,509,0,0,1476
874,2014-02-12,3,3316.0,408,0,0,3148
875,2014-02-12,3,3534.0,367,0,0,4671
876,2014-02-12,3,7437.0,953,0,0,7805
877,2014-02-12,3,5353.0,872,0,0,4469
878,2014-02-12,3,7942.0,847,0,0,5992
879,2014-02-12,3,2736.0,274,0,0,2925
880,2014-02-12,3,6009.0,745,0,0,6134
881,2014-02-12,3,3585.0,606,0,0,2646
882,2014-02-12,3,5216.0,726,0,0,3947
883,2014-02-12,3,3707.0,441,0,0,4262
884,2014-02-12,3,3975.0,426,0,0,3282
885,2014-02-12,3,4771.0,646,0,0,4589
886,2014-02-12,3,5262.0,576,0,0,5617
887,2014-02-12,3,4977.0,460,0,0,4381
888,2014-02-12,3,5425.0,581,0,0,6481
889,2014-02-12,3,3370.0,410,0,0,2810
890,2014-02-12,3,3871.0,324,0,0,3954
891,2014-02-12,3,6337.0,982,0,0,6320
892,2014-02-12,3,6180.0,668,0,0,5953
893,2014-02-12,3,5547.0,791,0,0,4706
894,2014-02-12,3,6378.0,945,0,0,7474
895,2014-02-12,3,7281.0,757,0,0,8432
896,2014-02-12,3,5895.0,964,0,0,4146
897,2014-02-12,3,2152.0,265,0,0,3284
898,2014-02-12,3,5645.0,701,0,0,5912
899,2014-02-12,3,4167.0,517,0,0,4596
900,2014-02-12,3,4774.0,488,0,0,4207
901,2014-02-12,3,6146.0,571,0,0,5834
902,2014-02-12,3,4400.0,599,0,0,5481
903,2014-02-12,3,8402.0,654,0,0,8862
904,2014-02-12,3,4282.0,426,0,0,4360
905,2014-02-12,3,8408.0,1398,0,0,8564
906,2014-02-12,3,9061.0,1180,0,0,8731
907,2014-02-12,3,5117.0,698,0,0,4595
908,2014-02-12,3,3365.0,316,0,0,5158
909,2014-02-12,3,7665.0,838,0,0,7630
910,2014-02-12,3,3789.0,461,0,0,3933
911,2014-02-12,3,7674.0,812,0,0,7888
912,2014-02-12,3,4738.0,653,0,0,4113
913,2014-02-12,3,6474.0,1004,0,0,7020
914,2014-02-12,3,7196.0,1039,0,0,7175
915,2014-02-12,3,3672.0,352,0,0,2796
916,2014-02-12,3,4124.0,610,0,0,3650
917,2014-02-12,3,5634.0,688,0,0,4703
918,2014-02-12,3,4463.0,568,0,0,4897
919,2014-02-12,3,4625.0,641,0,0,6139
920,2014-02-12,3,4382.0,497,0,0,3991
921,2014-02-12,3,8656.0,1064,0,0,8885
922,2014-02-12,3,6205.0,639,0,0,6128
923,2014-02-12,3,4630.0,603,0,0,2828
924,2014-02-12,3,3586.0,410,0,0,3481
925,2014-02-12,3,5527.0,1055,0,0,5774
926,2014-02-12,3,4736.0,431,0,0,5687
927,2014-02-12,3,4916.0,774,0,0,3627
928,2014-02-12,3,5134.0,517,0,0,5780
929,2014-02-12,3,5142.0,721,0,0,2875
930,2014-02-12,3,4811.0,909,0,0,5799
931,2014-02-12,3,2634.0,349,0,0,3114
932,2014-02-12,3,6121.0,679,0,0,5123
933,2014-02-12,3,6166.0,913,0,0,5119
934,2014-02-12,3,5400.0,650,0,0,7719
935,2014-02-12,3,4667.0,580,0,0,3659
936,2014-02-12,3,6227.0,836,0,0,4904
937,2014-02-12,3,4954.0,465,0,0,4044
938,2014-02-12,3,7335.0,831,0,0,7035
939,2014-02-12,3,4016.0,441,0,0,3513
940,2014-02-12,3,6015.0,646,0,0,4567
941,2014-02-12,3,3707.0,499,0,0,3452
942,2014-02-12,3,4197.0,387,0,0,5976
943,2014-02-12,3,5338.0,509,0,0,5813
944,2014-02-12,3,5973.0,1014,0,0,5849
945,2014-02-12,3,3911.0,577,0,0,4704
946,2014-02-12,3,3456.0,483,0,0,3511
947,2014-02-12,3,7029.0,1099,0,0,7185
948,2014-02-12,3,6140.0,1641,0,0,5801
949,2014-02-12,3,4530.0,495,0,0,2043
950,2014-02-12,3,4122.0,502,0,0,3888
951,2014-02-12,3,5991.0,630,0,0,5978
952,2014-02-12,3,4799.0,447,0,0,5094
953,2014-02-12,3,4175.0,495,0,0,4312
954,2014-02-12,3,5636.0,905,0,0,5147
955,2014-02-12,3,3641.0,396,0,0,3641
956,2014-02-12,3,3767.0,517,0,0,2923
957,2014-02-12,3,6354.0,828,0,0,5958
958,2014-02-12,3,3718.0,557,0,0,3744
959,2014-02-12,3,5934.0,727,0,0,3513
960,2014-02-12,3,6023.0,519,0,0,5155
961,2014-02-12,3,5092.0,591,0,0,4531
962,2014-02-12,3,5157.0,766,0,0,6179
963,2014-02-12,3,8372.0,866,0,0,8391
964,2014-02-12,3,7541.0,1231,0,0,6436
965,2014-02-12,3,7268.0,882,0,0,3469
966,2014-02-12,3,3718.0,565,0,0,2661
967,2014-02-12,3,5849.0,740,0,0,5796
968,2014-02-12,3,6519.0,897,0,0,5559
969,2014-02-12,3,2965.0,553,0,0,2015
970,2014-02-12,3,3463.0,448,0,0,3007
971,2014-02-12,3,5885.0,788,0,0,7097
972,2014-02-12,3,2875.0,369,0,0,1984
973,2014-02-12,3,4625.0,721,0,0,3981
974,2014-02-12,3,9561.0,1510,0,0,9876
975,2014-02-12,3,5796.0,633,0,0,6073
976,2014-02-12,3,6217.0,716,0,0,5840
977,2014-02-12,3,3715.0,419,0,0,3040
978,2014-02-12,3,5980.0,920,0,0,5367
979,2014-02-12,3,4169.0,517,0,0,4376
980,2014-02-12,3,4870.0,465,0,0,5759
981,2014-02-12,3,5176.0,622,0,0,5113
982,2014-02-12,3,5947.0,564,0,0,6593
983,2014-02-12,3,10120.0,1434,0,0,8611
984,2014-02-12,3,4208.0,602,0,0,3964
985,2014-02-12,3,5615.0,669,0,0,6098
986,2014-02-12,3,4718.0,737,0,0,6219
987,2014-02-12,3,5663.0,814,0,0,5020
988,2014-02-12,3,3725.0,640,0,0,2968
989,2014-02-12,3,4378.0,574,0,0,4316
990,2014-02-12,3,4600.0,451,0,0,3611
991,2014-02-12,3,4052.0,393,0,0,4832
992,2014-02-12,3,5321.0,699,0,0,2873
993,2014-02-12,3,5729.0,637,0,0,5519
994,2014-02-12,3,3672.0,413,0,0,3088
995,2014-02-12,3,7312.0,662,0,0,7560
996,2014-02-12,3,5073.0,629,0,0,5229
997,2014-02-12,3,3388.0,323,0,0,5178
998,2014-02-12,3,3645.0,493,0,0,4013
999,2014-02-12,3,7128.0,544,0,0,6661
1000,2014-02-12,3,5167.0,555,0,0,5329
1001,2014-02-12,3,3967.0,551,0,0,4335
1002,2014-02-12,3,4895.0,620,0,0,6345
1003,2014-02-12,3,5217.0,654,0,0,4862
1004,2014-02-12,3,3815.0,360,0,0,4792
1005,2014-02-12,3,4932.0,778,0,0,5164
1006,2014-02-12,3,4773.0,760,0,0,4589
1007,2014-02-12,3,4951.0,668,0,0,5251
1008,2014-02-12,3,4083.0,645,0,0,4925
1009,2014-02-12,3,4175.0,420,0,0,3390
1010,2014-02-12,3,5683.0,616,0,0,6616
1011,2014-02-12,3,6398.0,839,0,0,6151
1012,2014-02-12,3,4867.0,458,0,0,5035
1013,2014-02-12,3,3083.0,398,0,0,3575
1014,2014-02-12,3,11158.0,1338,0,0,10826
1015,2014-02-12,3,4071.0,410,0,0,8391
1016,2014-02-12,3,3959.0,417,0,0,3967
1017,2014-02-12,3,6235.0,964,0,0,5219
1018,2014-02-12,3,9160.0,1211,0,0,9107
1019,2014-02-12,3,6454.0,605,0,0,6917
1020,2014-02-12,3,7180.0,990,0,0,6831
1021,2014-02-12,3,7645.0,952,0,0,6355
1022,2014-02-12,3,5559.0,730,0,0,5816
1023,2014-02-12,3,4217.0,510,0,0,3636
1024,2014-02-12,3,4431.0,665,0,0,4814
1025,2014-02-12,3,6420.0,805,0,0,6595
1026,2014-02-12,3,6748.0,997,0,0,7278
1027,2014-02-12,3,10186.0,1375,0,0,9155
1028,2014-02-12,3,3509.0,458,0,0,2829
1029,2014-02-12,3,4894.0,760,0,0,5185
1030,2014-02-12,3,2773.0,290,0,0,2584
1031,2014-02-12,3,2929.0,317,0,0,3066
1032,2014-02-12,3,7540.0,894,0,0,5915
1033,2014-02-12,3,11352.0,1206,0,0,10874
1034,2014-02-12,3,5661.0,660,0,0,4115
1035,2014-02-12,3,3691.0,536,0,0,2299
1036,2014-02-12,3,3814.0,420,0,0,4318
1037,2014-02-12,3,5593.0,855,0,0,4690
1038,2014-02-12,3,4336.0,417,0,0,4163
1039,2014-02-12,3,6426.0,944,0,0,6239
1040,2014-02-12,3,7027.0,780,0,0,6674
1041,2014-02-12,3,4549.0,576,0,0,4644
1042,2014-02-12,3,3166.0,469,0,0,2646
1043,2014-02-12,3,6532.0,1037,0,0,6458
1044,2014-02-12,3,4922.0,723,0,0,7077
1045,2014-02-12,3,5697.0,789,0,0,5347
1046,2014-02-12,3,6938.0,583,0,0,5264
1047,2014-02-12,3,4691.0,486,0,0,3844
1048,2014-02-12,3,4732.0,418,0,0,5216
1049,2014-02-12,3,3481.0,616,0,0,3975
1050,2014-02-12,3,5517.0,416,0,0,5608
1051,2014-02-12,3,6062.0,943,0,0,4844
1052,2014-02-12,3,5841.0,700,0,0,4150
1053,2014-02-12,3,6909.0,915,0,0,7177
1054,2014-02-12,3,4821.0,580,0,0,4578
1055,2014-02-12,3,6349.0,868,0,0,5887
1056,2014-02-12,3,2941.0,314,0,0,2215
1057,2014-02-12,3,4591.0,512,0,0,4684
1058,2014-02-12,3,5476.0,684,0,0,5021
1059,2014-02-12,3,6730.0,1000,0,0,6356
1060,2014-02-12,3,6108.0,807,0,0,5445
1061,2014-02-12,3,5644.0,485,0,0,4416
1062,2014-02-12,3,4510.0,459,0,0,5703
1063,2014-02-12,3,3280.0,495,0,0,2618
1064,2014-02-12,3,7859.0,977,0,0,7465
1065,2014-02-12,3,3420.0,457,0,0,3022
1066,2014-02-12,3,9611.0,1081,0,0,7967
1067,2014-02-12,3,4476.0,418,0,0,5124
1068,2014-02-12,3,3945.0,274,0,0,3502
1069,2014-02-12,3,6463.0,1006,0,0,3417
1070,2014-02-12,3,5209.0,713,0,0,5069
1071,2014-02-12,3,4768.0,651,0,0,4991
1072,2014-02-12,3,6242.0,619,0,0,4507
1073,2014-02-12,3,6302.0,911,0,0,4012
1074,2014-02-12,3,3494.0,452,0,0,4211
1075,2014-02-12,3,8748.0,967,0,0,8717
1076,2014-02-12,3,2786.0,508,0,0,3208
1077,2014-02-12,3,3424.0,422,0,0,3125
1078,2014-02-12,3,4890.0,430,0,0,4886
1079,2014-02-12,3,5936.0,563,0,0,6365
1080,2014-02-12,3,8696.0,759,0,0,5492
1081,2014-02-12,3,6604.0,1126,0,0,4153
1082,2014-02-12,3,5758.0,936,0,0,4891
1083,2014-02-12,3,4147.0,325,0,0,2624
1084,2014-02-12,3,5240.0,746,0,0,6419
1085,2014-02-12,3,6317.0,724,0,0,4801
1086,2014-02-12,3,5291.0,705,0,0,6151
1087,2014-02-12,3,4803.0,525,0,0,4792
1088,2014-02-12,3,4333.0,465,0,0,4468
1089,2014-02-12,3,7727.0,871,0,0,7977
1090,2014-02-12,3,6271.0,946,0,0,5023
1091,2014-02-12,3,5669.0,546,0,0,6244
1092,2014-02-12,3,9377.0,983,0,0,9435
1093,2014-02-12,3,7366.0,812,0,0,7591
1094,2014-02-12,3,3478.0,314,0,0,3001
1095,2014-02-12,3,4284.0,657,0,0,4170
1096,2014-02-12,3,4030.0,561,0,0,3918
1097,2014-02-12,3,9414.0,2533,0,0,9092
1098,2014-02-12,3,4311.0,657,0,0,3332
1099,2014-02-12,3,6140.0,807,0,0,4322
1100,2014-02-12,3,4263.0,623,0,0,3517
1101,2014-02-12,3,7351.0,866,0,0,8523
1102,2014-02-12,3,5988.0,680,0,0,8741
1103,2014-02-12,3,3484.0,288,0,0,4049
1104,2014-02-12,3,3898.0,323,0,0,4061
1105,2014-02-12,3,3372.0,406,0,0,3882
1106,2014-02-12,3,4206.0,529,0,0,3888
1107,2014-02-12,3,4234.0,521,0,0,4767
1108,2014-02-12,3,4832.0,533,0,0,5766
1109,2014-02-12,3,3652.0,394,0,0,4718
1110,2014-02-12,3,3179.0,429,0,0,4115
1111,2014-02-12,3,4889.0,433,0,0,4116
1112,2014-02-12,3,6779.0,647,0,0,9181
1113,2014-02-12,3,5347.0,648,0,0,5202
1114,2014-02-12,3,17462.0,2826,0,0,17304
1115,2014-02-12,3,3982.0,319,0,0,5092
1,2014-02-05,3,5031.0,581,1,1,6082
2,2014-02-05,3,7198.0,820,1,1,5578
3,2014-02-05,3,8124.0,834,1,1,7427
4,2014-02-05,3,10046.0,1386,1,1,9139
5,2014-02-05,3,6486.0,700,1,1,5090
6,2014-02-05,3,6017.0,695,1,1,5951
7,2014-02-05,3,8998.0,922,1,1,7682
8,2014-02-05,3,6595.0,757,1,1,5886
9,2014-02-05,3,7514.0,643,1,1,6500
10,2014-02-05,3,5062.0,590,1,1,5891
11,2014-02-05,3,9024.0,1219,1,1,8074
12,2014-02-05,3,9489.0,1036,1,1,6750
13,2014-02-05,3,6058.0,441,1,1,5162
14,2014-02-05,3,5842.0,634,1,1,5636
15,2014-02-05,3,7593.0,665,1,1,8992
16,2014-02-05,3,8487.0,915,1,1,8068
17,2014-02-05,3,8126.0,926,1,1,5844
18,2014-02-05,3,7434.0,826,1,1,8237
19,2014-02-05,3,7119.0,708,1,1,7104
20,2014-02-05,3,8352.0,964,1,1,7814
21,2014-02-05,3,6339.0,582,1,1,6269
22,2014-02-05,3,4805.0,505,1,1,4629
23,2014-02-05,3,6132.0,465,1,1,5150
24,2014-02-05,3,11179.0,973,1,1,9446
26,2014-02-05,3,7733.0,555,1,1,7318
27,2014-02-05,3,11685.0,1189,1,1,9606
28,2014-02-05,3,5635.0,603,1,1,6435
29,2014-02-05,3,7699.0,684,1,1,7828
30,2014-02-05,3,6529.0,937,1,1,5390
31,2014-02-05,3,5940.0,578,1,1,6178
32,2014-02-05,3,4577.0,508,1,1,4189
33,2014-02-05,3,9160.0,838,1,1,7881
34,2014-02-05,3,7865.0,974,1,1,8528
35,2014-02-05,3,11133.0,736,1,1,10152
36,2014-02-05,3,9588.0,1110,1,1,9398
37,2014-02-05,3,7061.0,722,1,1,7337
38,2014-02-05,3,6337.0,529,1,1,6998
39,2014-02-05,3,6837.0,791,1,1,7211
40,2014-02-05,3,5184.0,650,1,1,3968
41,2014-02-05,3,5495.0,403,1,1,5957
42,2014-02-05,3,11022.0,1206,1,1,11443
43,2014-02-05,3,8601.0,714,1,1,8085
44,2014-02-05,3,6246.0,681,1,1,7059
45,2014-02-05,3,5578.0,386,1,1,6488
46,2014-02-05,3,6398.0,743,1,1,6125
47,2014-02-05,3,8346.0,1080,1,1,7206
48,2014-02-05,3,4588.0,494,1,1,5782
49,2014-02-05,3,7869.0,526,1,1,6925
50,2014-02-05,3,4572.0,340,1,1,4132
51,2014-02-05,3,6111.0,431,1,1,7459
52,2014-02-05,3,9276.0,570,1,1,8633
53,2014-02-05,3,6169.0,627,1,1,5735
54,2014-02-05,3,8137.0,725,1,1,7923
55,2014-02-05,3,5564.0,615,1,1,5401
56,2014-02-05,3,6508.0,408,1,1,6885
57,2014-02-05,3,12888.0,1141,1,1,12706
58,2014-02-05,3,7068.0,517,1,1,7960
59,2014-02-05,3,6726.0,685,1,1,6400
60,2014-02-05,3,9652.0,861,1,1,7877
61,2014-02-05,3,4997.0,617,1,1,5525
62,2014-02-05,3,7357.0,792,1,1,6553
63,2014-02-05,3,7176.0,619,1,1,6857
64,2014-02-05,3,9871.0,726,1,1,10103
65,2014-02-05,3,5731.0,491,1,1,5994
66,2014-02-05,3,5974.0,490,1,1,5803
67,2014-02-05,3,9609.0,932,1,1,8132
68,2014-02-05,3,7152.0,1139,1,1,6622
69,2014-02-05,3,9876.0,1164,1,1,10022
70,2014-02-05,3,7338.0,767,1,1,6132
71,2014-02-05,3,10738.0,799,1,1,8532
72,2014-02-05,3,5457.0,563,1,1,5484
73,2014-02-05,3,5668.0,551,1,1,4946
74,2014-02-05,3,6347.0,871,1,1,6612
75,2014-02-05,3,5711.0,592,1,1,6567
76,2014-02-05,3,8947.0,878,1,1,8299
77,2014-02-05,3,7447.0,662,1,1,8140
78,2014-02-05,3,3884.0,513,1,1,2749
79,2014-02-05,3,6124.0,580,1,1,5739
80,2014-02-05,3,6838.0,489,1,1,8793
81,2014-02-05,3,6234.0,527,1,1,7073
82,2014-02-05,3,10061.0,893,1,1,10542
83,2014-02-05,3,3772.0,361,1,1,5673
84,2014-02-05,3,14895.0,1622,1,1,13317
85,2014-02-05,3,7107.0,914,1,1,7396
86,2014-02-05,3,5300.0,673,1,1,4210
87,2014-02-05,3,6950.0,804,1,1,6788
88,2014-02-05,3,7096.0,693,1,1,6876
89,2014-02-05,3,6827.0,693,1,1,6370
90,2014-02-05,3,9105.0,1108,1,1,8561
91,2014-02-05,3,6563.0,721,1,1,9109
92,2014-02-05,3,7221.0,561,1,1,6416
93,2014-02-05,3,6210.0,598,1,1,5984
94,2014-02-05,3,8060.0,652,1,1,8961
95,2014-02-05,3,8612.0,910,1,1,8208
96,2014-02-05,3,7000.0,672,1,1,5631
97,2014-02-05,3,7416.0,689,1,1,7865
98,2014-02-05,3,4743.0,405,1,1,4784
99,2014-02-05,3,5636.0,504,1,1,6209
100,2014-02-05,3,8102.0,664,1,1,11977
101,2014-02-05,3,7782.0,769,1,1,6813
102,2014-02-05,3,7803.0,1154,1,1,7540
103,2014-02-05,3,4078.0,386,1,1,2789
104,2014-02-05,3,10113.0,1265,1,1,10667
105,2014-02-05,3,4926.0,617,1,1,4097
106,2014-02-05,3,9102.0,825,1,1,9392
107,2014-02-05,3,7477.0,959,1,1,7696
108,2014-02-05,3,10664.0,815,1,1,10974
109,2014-02-05,3,7080.0,757,1,1,6887
110,2014-02-05,3,5024.0,619,1,1,3920
111,2014-02-05,3,7804.0,570,1,1,7444
112,2014-02-05,3,6942.0,813,1,1,3966
113,2014-02-05,3,8879.0,821,1,1,8825
114,2014-02-05,3,5828.0,658,1,1,5067
115,2014-02-05,3,7896.0,574,1,1,7322
116,2014-02-05,3,7619.0,820,1,1,7387
117,2014-02-05,3,4217.0,526,1,1,3914
118,2014-02-05,3,8330.0,642,1,1,7758
119,2014-02-05,3,7331.0,732,1,1,6678
120,2014-02-05,3,7607.0,654,1,1,6000
121,2014-02-05,3,5149.0,512,1,1,5206
122,2014-02-05,3,6035.0,678,1,1,5540
123,2014-02-05,3,10528.0,1176,1,1,8969
124,2014-02-05,3,4749.0,560,1,1,4765
125,2014-02-05,3,12692.0,1707,1,1,12197
126,2014-02-05,3,7055.0,611,1,1,7990
127,2014-02-05,3,5700.0,695,1,1,7897
128,2014-02-05,3,7648.0,608,1,1,7901
129,2014-02-05,3,10667.0,1235,1,1,8765
130,2014-02-05,3,5346.0,591,1,1,4872
131,2014-02-05,3,6561.0,651,1,1,6172
132,2014-02-05,3,6261.0,571,1,1,8030
133,2014-02-05,3,7836.0,842,1,1,5047
134,2014-02-05,3,5025.0,532,1,1,4326
135,2014-02-05,3,6223.0,505,1,1,6022
136,2014-02-05,3,7608.0,544,1,1,7384
137,2014-02-05,3,8710.0,957,1,1,7548
138,2014-02-05,3,8311.0,787,1,1,7376
139,2014-02-05,3,7224.0,533,1,1,6935
140,2014-02-05,3,7703.0,1004,1,1,7261
141,2014-02-05,3,6698.0,676,1,1,6499
142,2014-02-05,3,4759.0,586,1,1,5934
143,2014-02-05,3,7378.0,612,1,1,7458
144,2014-02-05,3,7983.0,670,1,1,8992
145,2014-02-05,3,9410.0,1257,1,1,9225
146,2014-02-05,3,8046.0,673,1,1,7579
147,2014-02-05,3,10062.0,988,1,1,8162
148,2014-02-05,3,8912.0,834,1,1,9298
149,2014-02-05,3,6776.0,523,1,1,5967
150,2014-02-05,3,8696.0,833,1,1,7923
151,2014-02-05,3,6946.0,659,1,1,6961
152,2014-02-05,3,7382.0,765,1,1,6333
153,2014-02-05,3,8938.0,707,1,1,8741
154,2014-02-05,3,9194.0,720,1,1,8769
155,2014-02-05,3,7337.0,645,1,1,7851
156,2014-02-05,3,8828.0,810,1,1,7278
157,2014-02-05,3,11358.0,1115,1,1,11334
158,2014-02-05,3,9448.0,548,1,1,9190
159,2014-02-05,3,8055.0,660,1,1,7700
160,2014-02-05,3,6119.0,565,1,1,6390
161,2014-02-05,3,7101.0,791,1,1,6197
162,2014-02-05,3,8344.0,549,1,1,8139
163,2014-02-05,3,6580.0,772,1,1,8309
164,2014-02-05,3,7545.0,700,1,1,7795
165,2014-02-05,3,4759.0,511,1,1,5112
166,2014-02-05,3,7107.0,888,1,1,7115
167,2014-02-05,3,12351.0,1374,1,1,10554
168,2014-02-05,3,8622.0,771,1,1,7510
169,2014-02-05,3,7842.0,739,1,1,8052
170,2014-02-05,3,5435.0,531,1,1,5699
171,2014-02-05,3,9232.0,907,1,1,10123
172,2014-02-05,3,7060.0,894,1,1,8294
173,2014-02-05,3,8702.0,1024,1,1,8534
174,2014-02-05,3,5796.0,416,1,1,5848
175,2014-02-05,3,6151.0,683,1,1,7744
176,2014-02-05,3,5916.0,687,1,1,4898
177,2014-02-05,3,5097.0,575,1,1,4301
178,2014-02-05,3,11462.0,976,1,1,11049
179,2014-02-05,3,8641.0,1052,1,1,6546
180,2014-02-05,3,7528.0,863,1,1,9014
181,2014-02-05,3,8379.0,781,1,1,7151
182,2014-02-05,3,5437.0,404,1,1,4519
183,2014-02-05,3,4876.0,561,1,1,3966
184,2014-02-05,3,7578.0,619,1,1,8281
185,2014-02-05,3,6649.0,465,1,1,6752
186,2014-02-05,3,4114.0,378,1,1,4240
187,2014-02-05,3,6467.0,828,1,1,7121
188,2014-02-05,3,5601.0,456,1,1,6156
189,2014-02-05,3,10291.0,867,1,1,8690
190,2014-02-05,3,7587.0,685,1,1,7038
191,2014-02-05,3,5890.0,624,1,1,6266
192,2014-02-05,3,7326.0,529,1,1,7576
193,2014-02-05,3,7376.0,999,1,1,6319
194,2014-02-05,3,4962.0,407,1,1,4401
195,2014-02-05,3,12573.0,1434,1,1,13068
196,2014-02-05,3,5530.0,717,1,1,4927
197,2014-02-05,3,8746.0,973,1,1,7452
198,2014-02-05,3,3460.0,364,1,1,3071
199,2014-02-05,3,8741.0,595,1,1,7735
200,2014-02-05,3,8352.0,1000,1,1,7820
201,2014-02-05,3,5503.0,373,1,1,6265
202,2014-02-05,3,6174.0,480,1,1,5788
203,2014-02-05,3,9195.0,1184,1,1,6742
204,2014-02-05,3,5932.0,555,1,1,5493
205,2014-02-05,3,7556.0,959,1,1,5481
206,2014-02-05,3,7946.0,882,1,1,5920
207,2014-02-05,3,13333.0,1458,1,1,11521
208,2014-02-05,3,2740.0,363,1,1,4268
209,2014-02-05,3,5830.0,592,1,1,5044
210,2014-02-05,3,3960.0,351,1,1,2764
211,2014-02-05,3,15119.0,1619,1,1,14098
212,2014-02-05,3,6533.0,574,1,1,6300
213,2014-02-05,3,9844.0,736,1,1,8197
214,2014-02-05,3,9200.0,665,1,1,10022
215,2014-02-05,3,7534.0,500,1,1,7227
216,2014-02-05,3,7512.0,905,1,1,7047
217,2014-02-05,3,4640.0,668,1,1,5054
218,2014-02-05,3,5967.0,773,1,1,6143
219,2014-02-05,3,3679.0,446,1,1,3474
220,2014-02-05,3,5596.0,722,1,1,8028
221,2014-02-05,3,5761.0,530,1,1,5681
222,2014-02-05,3,5431.0,600,1,1,6537
223,2014-02-05,3,8764.0,808,1,1,7526
224,2014-02-05,3,7031.0,474,1,1,7369
225,2014-02-05,3,5316.0,575,1,1,5505
226,2014-02-05,3,7538.0,693,1,1,7911
227,2014-02-05,3,6744.0,598,1,1,6508
228,2014-02-05,3,7876.0,540,1,1,7584
229,2014-02-05,3,9332.0,742,1,1,8551
230,2014-02-05,3,7921.0,940,1,1,7460
231,2014-02-05,3,5039.0,393,1,1,3264
232,2014-02-05,3,2924.0,250,1,1,4420
233,2014-02-05,3,10102.0,1060,1,1,10636
234,2014-02-05,3,13886.0,1148,1,1,12350
235,2014-02-05,3,6945.0,565,1,1,7689
236,2014-02-05,3,7224.0,887,1,1,7224
237,2014-02-05,3,4346.0,545,1,1,8465
238,2014-02-05,3,9155.0,1291,1,1,8318
239,2014-02-05,3,4985.0,445,1,1,4324
240,2014-02-05,3,4732.0,453,1,1,5220
241,2014-02-05,3,6787.0,722,1,1,6028
242,2014-02-05,3,4327.0,344,1,1,3101
243,2014-02-05,3,9511.0,1096,1,1,7695
244,2014-02-05,3,5502.0,520,1,1,4183
245,2014-02-05,3,9194.0,1076,1,1,10052
246,2014-02-05,3,7522.0,987,1,1,6211
247,2014-02-05,3,9467.0,710,1,1,8969
248,2014-02-05,3,8995.0,1150,1,1,8665
249,2014-02-05,3,4857.0,501,1,1,4732
250,2014-02-05,3,10511.0,713,1,1,9170
251,2014-02-05,3,21067.0,2566,1,1,17847
252,2014-02-05,3,12976.0,854,1,1,10424
253,2014-02-05,3,7481.0,796,1,1,6272
254,2014-02-05,3,3024.0,238,1,1,3768
255,2014-02-05,3,6497.0,660,1,1,4392
256,2014-02-05,3,11279.0,1398,1,1,9702
257,2014-02-05,3,5661.0,651,1,1,4676
258,2014-02-05,3,5452.0,466,1,1,4823
259,2014-02-05,3,12924.0,2621,1,1,12500
260,2014-02-05,3,6822.0,914,1,1,6755
261,2014-02-05,3,16781.0,1092,1,1,12434
262,2014-02-05,3,19773.0,2992,1,1,19572
263,2014-02-05,3,3458.0,336,1,1,3718
264,2014-02-05,3,8704.0,1135,1,1,8965
265,2014-02-05,3,5597.0,531,1,1,5702
266,2014-02-05,3,4937.0,603,1,1,4692
267,2014-02-05,3,8718.0,968,1,1,9409
268,2014-02-05,3,6350.0,741,1,1,5157
269,2014-02-05,3,10361.0,1311,1,1,9998
270,2014-02-05,3,9041.0,1193,1,1,11048
271,2014-02-05,3,10012.0,982,1,1,8891
272,2014-02-05,3,7673.0,704,1,1,7744
273,2014-02-05,3,7629.0,750,1,1,7055
274,2014-02-05,3,3306.0,853,1,1,2852
275,2014-02-05,3,8482.0,777,1,1,7063
276,2014-02-05,3,4966.0,596,1,1,4278
277,2014-02-05,3,7451.0,553,1,1,7300
278,2014-02-05,3,8066.0,867,1,1,7662
279,2014-02-05,3,8958.0,648,1,1,9033
280,2014-02-05,3,5856.0,473,1,1,6711
281,2014-02-05,3,5564.0,485,1,1,4413
282,2014-02-05,3,5024.0,685,1,1,3393
283,2014-02-05,3,6777.0,700,1,1,5304
284,2014-02-05,3,6218.0,478,1,1,6088
285,2014-02-05,3,5104.0,421,1,1,5041
286,2014-02-05,3,5688.0,476,1,1,5549
287,2014-02-05,3,8285.0,811,1,1,8361
288,2014-02-05,3,5924.0,413,1,1,6154
289,2014-02-05,3,7007.0,550,1,1,7353
290,2014-02-05,3,8015.0,737,1,1,6828
291,2014-02-05,3,8932.0,905,1,1,7780
292,2014-02-05,3,6216.0,724,1,1,5699
293,2014-02-05,3,7041.0,872,1,1,6293
294,2014-02-05,3,6606.0,863,1,1,6632
295,2014-02-05,3,5770.0,663,1,1,5758
296,2014-02-05,3,7726.0,780,1,1,7686
297,2014-02-05,3,8169.0,774,1,1,6599
298,2014-02-05,3,7785.0,627,1,1,7146
299,2014-02-05,3,5235.0,512,1,1,5657
300,2014-02-05,3,6895.0,839,1,1,8819
301,2014-02-05,3,5813.0,640,1,1,4727
302,2014-02-05,3,3748.0,304,1,1,1373
303,2014-02-05,3,7176.0,726,1,1,6653
304,2014-02-05,3,8165.0,1139,1,1,7915
305,2014-02-05,3,5449.0,466,1,1,5935
306,2014-02-05,3,4793.0,475,1,1,-277
307,2014-02-05,3,2509.0,267,1,1,4452
308,2014-02-05,3,11302.0,1052,1,1,9603
309,2014-02-05,3,8140.0,637,1,1,7369
310,2014-02-05,3,8336.0,670,1,1,8043
311,2014-02-05,3,7963.0,971,1,1,7395
312,2014-02-05,3,6083.0,519,1,1,6336
313,2014-02-05,3,7781.0,718,1,1,7609
314,2014-02-05,3,6454.0,674,1,1,5766
315,2014-02-05,3,5042.0,505,1,1,4585
316,2014-02-05,3,10653.0,918,1,1,10865
317,2014-02-05,3,5496.0,550,1,1,5966
318,2014-02-05,3,8926.0,759,1,1,7902
319,2014-02-05,3,7822.0,808,1,1,7448
320,2014-02-05,3,16967.0,2153,1,1,16251
321,2014-02-05,3,6032.0,583,1,1,5874
322,2014-02-05,3,5414.0,567,1,1,5780
323,2014-02-05,3,7829.0,618,1,1,7003
324,2014-02-05,3,6465.0,780,1,1,5606
325,2014-02-05,3,6754.0,662,1,1,7225
326,2014-02-05,3,4621.0,335,1,1,8055
327,2014-02-05,3,7882.0,953,1,1,7803
328,2014-02-05,3,5096.0,575,1,1,4454
329,2014-02-05,3,7297.0,646,1,1,7252
330,2014-02-05,3,4015.0,429,1,1,5201
331,2014-02-05,3,7009.0,914,1,1,7790
332,2014-02-05,3,4354.0,560,1,1,3955
333,2014-02-05,3,10190.0,1298,1,1,9727
334,2014-02-05,3,6383.0,596,1,1,5578
335,2014-02-05,3,19837.0,3184,1,1,16018
336,2014-02-05,3,15924.0,2078,1,1,16222
337,2014-02-05,3,4906.0,368,1,1,5448
338,2014-02-05,3,7573.0,596,1,1,7003
339,2014-02-05,3,5472.0,655,1,1,6550
340,2014-02-05,3,8839.0,882,1,1,6076
341,2014-02-05,3,5768.0,814,1,1,5515
342,2014-02-05,3,11646.0,839,1,1,10847
343,2014-02-05,3,7728.0,669,1,1,7604
344,2014-02-05,3,9257.0,1217,1,1,8464
345,2014-02-05,3,5228.0,521,1,1,5109
346,2014-02-05,3,6580.0,609,1,1,7701
347,2014-02-05,3,4896.0,377,1,1,6415
348,2014-02-05,3,8702.0,709,1,1,6619
349,2014-02-05,3,7944.0,775,1,1,7506
350,2014-02-05,3,7095.0,463,1,1,5460
351,2014-02-05,3,6533.0,537,1,1,6296
352,2014-02-05,3,6512.0,589,1,1,7510
353,2014-02-05,3,6069.0,1498,1,1,6883
354,2014-02-05,3,8331.0,701,1,1,8750
355,2014-02-05,3,9947.0,1186,1,1,10176
356,2014-02-05,3,5552.0,433,1,1,6148
357,2014-02-05,3,9248.0,1154,1,1,9096
358,2014-02-05,3,10460.0,1128,1,1,10772
359,2014-02-05,3,6723.0,567,1,1,7188
360,2014-02-05,3,7498.0,753,1,1,5605
361,2014-02-05,3,7013.0,618,1,1,6459
362,2014-02-05,3,9737.0,1196,1,1,9831
363,2014-02-05,3,7176.0,980,1,1,6547
364,2014-02-05,3,4678.0,528,1,1,4910
365,2014-02-05,3,5923.0,604,1,1,5898
366,2014-02-05,3,6325.0,609,1,1,7137
367,2014-02-05,3,6111.0,583,1,1,5459
368,2014-02-05,3,10594.0,743,1,1,10527
369,2014-02-05,3,7089.0,528,1,1,7566
370,2014-02-05,3,8195.0,603,1,1,8175
371,2014-02-05,3,7949.0,576,1,1,7376
372,2014-02-05,3,8776.0,757,1,1,9315
373,2014-02-05,3,5075.0,331,1,1,4944
374,2014-02-05,3,8097.0,880,1,1,7518
375,2014-02-05,3,11842.0,908,1,1,9545
376,2014-02-05,3,9156.0,1016,1,1,7874
377,2014-02-05,3,8727.0,996,1,1,8549
378,2014-02-05,3,7637.0,1053,1,1,6299
379,2014-02-05,3,4332.0,512,1,1,4308
380,2014-02-05,3,17869.0,1661,1,1,15435
381,2014-02-05,3,9509.0,1042,1,1,8960
382,2014-02-05,3,8359.0,672,1,1,7916
383,2014-02-05,3,18099.0,2187,1,1,15989
384,2014-02-05,3,9908.0,1060,1,1,9769
385,2014-02-05,3,8531.0,705,1,1,8089
386,2014-02-05,3,10605.0,764,1,1,9416
387,2014-02-05,3,10236.0,1257,1,1,11230
388,2014-02-05,3,11211.0,1141,1,1,12238
389,2014-02-05,3,12508.0,1424,1,1,12480
390,2014-02-05,3,14098.0,1250,1,1,14759
391,2014-02-05,3,6409.0,749,1,1,7395
392,2014-02-05,3,8160.0,745,1,1,8394
393,2014-02-05,3,6434.0,620,1,1,5806
394,2014-02-05,3,7671.0,554,1,1,7670
395,2014-02-05,3,3856.0,508,1,1,4948
396,2014-02-05,3,10668.0,1091,1,1,10042
397,2014-02-05,3,7083.0,915,1,1,9332
398,2014-02-05,3,6197.0,637,1,1,3922
399,2014-02-05,3,6147.0,598,1,1,8365
400,2014-02-05,3,10370.0,1349,1,1,9121
401,2014-02-05,3,8293.0,779,1,1,6686
402,2014-02-05,3,5951.0,610,1,1,5943
403,2014-02-05,3,8348.0,766,1,1,8373
404,2014-02-05,3,5986.0,660,1,1,5353
405,2014-02-05,3,5647.0,535,1,1,5606
406,2014-02-05,3,6260.0,416,1,1,6982
407,2014-02-05,3,4170.0,316,1,1,4274
408,2014-02-05,3,4822.0,464,1,1,3875
409,2014-02-05,3,6006.0,559,1,1,6864
410,2014-02-05,3,7498.0,921,1,1,6490
411,2014-02-05,3,8727.0,637,1,1,8620
412,2014-02-05,3,9033.0,601,1,1,9539
413,2014-02-05,3,8377.0,1018,1,1,7233
414,2014-02-05,3,6378.0,425,1,1,7587
415,2014-02-05,3,5925.0,471,1,1,6901
416,2014-02-05,3,12468.0,1517,1,1,11221
417,2014-02-05,3,7838.0,809,1,1,7726
418,2014-02-05,3,6840.0,597,1,1,5832
419,2014-02-05,3,5758.0,901,1,1,5671
420,2014-02-05,3,4350.0,359,1,1,5173
421,2014-02-05,3,8156.0,855,1,1,9668
422,2014-02-05,3,4907.0,474,1,1,5113
423,2014-02-05,3,10295.0,1600,1,1,10116
424,2014-02-05,3,6744.0,781,1,1,7278
425,2014-02-05,3,3292.0,422,1,1,2758
426,2014-02-05,3,6634.0,748,1,1,6291
427,2014-02-05,3,9108.0,839,1,1,7976
428,2014-02-05,3,6258.0,497,1,1,6442
429,2014-02-05,3,5460.0,417,1,1,5056
430,2014-02-05,3,7771.0,635,1,1,8250
431,2014-02-05,3,9733.0,929,1,1,9453
432,2014-02-05,3,11947.0,1579,1,1,12741
433,2014-02-05,3,6039.0,658,1,1,5327
434,2014-02-05,3,9481.0,654,1,1,9591
435,2014-02-05,3,3805.0,430,1,1,3660
436,2014-02-05,3,6639.0,720,1,1,6494
437,2014-02-05,3,7341.0,662,1,1,8490
438,2014-02-05,3,6083.0,577,1,1,5844
439,2014-02-05,3,7716.0,944,1,1,7364
440,2014-02-05,3,5989.0,631,1,1,5142
441,2014-02-05,3,7025.0,671,1,1,7494
442,2014-02-05,3,4532.0,438,1,1,2045
443,2014-02-05,3,5648.0,512,1,1,4108
444,2014-02-05,3,10995.0,1243,1,1,11885
445,2014-02-05,3,7696.0,1118,1,1,9352
446,2014-02-05,3,6291.0,772,1,1,6326
447,2014-02-05,3,6048.0,652,1,1,6430
448,2014-02-05,3,9395.0,794,1,1,8330
449,2014-02-05,3,13383.0,1685,1,1,12526
450,2014-02-05,3,8882.0,985,1,1,7637
451,2014-02-05,3,5427.0,437,1,1,6328
452,2014-02-05,3,5535.0,479,1,1,4102
453,2014-02-05,3,7793.0,802,1,1,6655
454,2014-02-05,3,7002.0,882,1,1,8241
455,2014-02-05,3,8202.0,460,1,1,7647
456,2014-02-05,3,6897.0,898,1,1,6295
457,2014-02-05,3,4739.0,377,1,1,3887
458,2014-02-05,3,8036.0,657,1,1,6958
459,2014-02-05,3,11319.0,1275,1,1,10000
460,2014-02-05,3,4047.0,352,1,1,5066
461,2014-02-05,3,4911.0,460,1,1,6126
462,2014-02-05,3,5163.0,625,1,1,5187
463,2014-02-05,3,7154.0,1106,1,1,6014
464,2014-02-05,3,11306.0,1290,1,1,9843
465,2014-02-05,3,8215.0,592,1,1,8396
466,2014-02-05,3,9064.0,861,1,1,8728
467,2014-02-05,3,13733.0,1594,1,1,14081
468,2014-02-05,3,6914.0,728,1,1,9868
469,2014-02-05,3,13442.0,1671,1,1,11363
470,2014-02-05,3,13275.0,1668,1,1,11462
471,2014-02-05,3,8025.0,578,1,1,6981
472,2014-02-05,3,5579.0,744,1,1,6416
473,2014-02-05,3,4067.0,533,1,1,3937
474,2014-02-05,3,9232.0,871,1,1,9084
475,2014-02-05,3,7157.0,1008,1,1,6328
476,2014-02-05,3,7082.0,787,1,1,6579
477,2014-02-05,3,6332.0,381,1,1,5972
478,2014-02-05,3,7948.0,747,1,1,6628
479,2014-02-05,3,12481.0,1341,1,1,11953
480,2014-02-05,3,6001.0,709,1,1,5115
481,2014-02-05,3,6007.0,498,1,1,7034
482,2014-02-05,3,8410.0,903,1,1,8105
483,2014-02-05,3,6156.0,737,1,1,4506
484,2014-02-05,3,6365.0,638,1,1,7130
485,2014-02-05,3,4549.0,416,1,1,5314
486,2014-02-05,3,5163.0,605,1,1,5421
487,2014-02-05,3,6818.0,630,1,1,6456
488,2014-02-05,3,4228.0,426,1,1,3279
489,2014-02-05,3,9647.0,786,1,1,8155
490,2014-02-05,3,8349.0,1140,1,1,8415
491,2014-02-05,3,6778.0,519,1,1,9434
492,2014-02-05,3,9124.0,1201,1,1,8274
493,2014-02-05,3,9065.0,830,1,1,8389
494,2014-02-05,3,8747.0,1147,1,1,8234
495,2014-02-05,3,5443.0,383,1,1,6646
496,2014-02-05,3,8261.0,835,1,1,9935
497,2014-02-05,3,9289.0,1094,1,1,9723
498,2014-02-05,3,6715.0,896,1,1,6762
499,2014-02-05,3,5472.0,714,1,1,4885
500,2014-02-05,3,5416.0,382,1,1,6349
501,2014-02-05,3,7496.0,773,1,1,4784
502,2014-02-05,3,11640.0,1634,1,1,12836
503,2014-02-05,3,6808.0,464,1,1,8228
504,2014-02-05,3,6688.0,1002,1,1,7481
505,2014-02-05,3,5222.0,659,1,1,5090
506,2014-02-05,3,9410.0,1019,1,1,8255
507,2014-02-05,3,8741.0,646,1,1,5688
508,2014-02-05,3,7336.0,678,1,1,6895
509,2014-02-05,3,7481.0,594,1,1,6709
510,2014-02-05,3,9256.0,936,1,1,8725
511,2014-02-05,3,6270.0,831,1,1,5651
512,2014-02-05,3,5748.0,1359,1,1,4610
513,2014-02-05,3,19580.0,2181,1,1,20866
514,2014-02-05,3,6354.0,650,1,1,6700
515,2014-02-05,3,8882.0,662,1,1,9711
516,2014-02-05,3,6172.0,772,1,1,6594
517,2014-02-05,3,6671.0,718,1,1,4761
518,2014-02-05,3,6027.0,496,1,1,6078
519,2014-02-05,3,5267.0,511,1,1,5691
520,2014-02-05,3,3894.0,389,1,1,2582
521,2014-02-05,3,4833.0,356,1,1,6128
522,2014-02-05,3,8257.0,598,1,1,8860
523,2014-02-05,3,13932.0,1632,1,1,14719
524,2014-02-05,3,7860.0,865,1,1,7542
525,2014-02-05,3,9978.0,845,1,1,12687
526,2014-02-05,3,12016.0,1581,1,1,11085
527,2014-02-05,3,11485.0,1009,1,1,11191
528,2014-02-05,3,12379.0,1027,1,1,12781
529,2014-02-05,3,7897.0,734,1,1,7884
530,2014-02-05,3,2679.0,349,1,1,2880
531,2014-02-05,3,4933.0,576,1,1,4434
532,2014-02-05,3,11401.0,1300,1,1,10163
533,2014-02-05,3,10116.0,871,1,1,9770
534,2014-02-05,3,8451.0,531,1,1,8051
535,2014-02-05,3,8890.0,973,1,1,7368
536,2014-02-05,3,8869.0,902,1,1,9718
537,2014-02-05,3,6236.0,698,1,1,5079
538,2014-02-05,3,4663.0,633,1,1,4519
539,2014-02-05,3,11764.0,1150,1,1,12679
540,2014-02-05,3,5891.0,415,1,1,6219
541,2014-02-05,3,6991.0,939,1,1,8264
542,2014-02-05,3,7053.0,550,1,1,6889
543,2014-02-05,3,4003.0,312,1,1,3309
544,2014-02-05,3,16366.0,1964,1,1,14605
545,2014-02-05,3,12559.0,1203,1,1,11474
546,2014-02-05,3,12830.0,1489,1,1,12826
547,2014-02-05,3,5563.0,417,1,1,6027
548,2014-02-05,3,5790.0,401,1,1,4743
549,2014-02-05,3,4728.0,559,1,1,4367
550,2014-02-05,3,6009.0,433,1,1,7000
551,2014-02-05,3,7287.0,1036,1,1,6927
552,2014-02-05,3,10654.0,834,1,1,8595
553,2014-02-05,3,5919.0,545,1,1,8147
554,2014-02-05,3,4732.0,594,1,1,4540
555,2014-02-05,3,5538.0,453,1,1,4905
556,2014-02-05,3,7728.0,898,1,1,8698
557,2014-02-05,3,5502.0,832,1,1,4603
558,2014-02-05,3,3791.0,512,1,1,4037
559,2014-02-05,3,7398.0,836,1,1,6412
560,2014-02-05,3,14538.0,1692,1,1,14405
561,2014-02-05,3,7576.0,708,1,1,6884
562,2014-02-05,3,18962.0,3138,1,1,19453
563,2014-02-05,3,5682.0,695,1,1,7139
564,2014-02-05,3,5806.0,457,1,1,3444
565,2014-02-05,3,7966.0,930,1,1,6495
566,2014-02-05,3,5786.0,558,1,1,5014
567,2014-02-05,3,6622.0,750,1,1,5988
568,2014-02-05,3,4652.0,383,1,1,5499
569,2014-02-05,3,4955.0,721,1,1,3172
570,2014-02-05,3,5084.0,713,1,1,4668
571,2014-02-05,3,7434.0,546,1,1,7202
572,2014-02-05,3,8400.0,609,1,1,6628
573,2014-02-05,3,5141.0,397,1,1,2953
574,2014-02-05,3,10531.0,709,1,1,6446
575,2014-02-05,3,6738.0,603,1,1,5401
576,2014-02-05,3,7675.0,961,1,1,8240
577,2014-02-05,3,5626.0,637,1,1,6775
578,2014-02-05,3,8442.0,693,1,1,7769
579,2014-02-05,3,9937.0,964,1,1,8370
580,2014-02-05,3,9884.0,1488,1,1,9456
581,2014-02-05,3,6328.0,630,1,1,7225
582,2014-02-05,3,6766.0,816,1,1,7466
583,2014-02-05,3,4251.0,446,1,1,4094
584,2014-02-05,3,5560.0,430,1,1,5154
585,2014-02-05,3,7332.0,1037,1,1,5885
586,2014-02-05,3,17041.0,2433,1,1,15480
587,2014-02-05,3,9014.0,582,1,1,9410
588,2014-02-05,3,5921.0,680,1,1,5799
589,2014-02-05,3,5880.0,560,1,1,5752
590,2014-02-05,3,5305.0,370,1,1,6160
591,2014-02-05,3,6245.0,515,1,1,4293
592,2014-02-05,3,5314.0,610,1,1,4350
593,2014-02-05,3,9096.0,1096,1,1,8922
594,2014-02-05,3,4660.0,485,1,1,3726
595,2014-02-05,3,15940.0,1819,1,1,16925
596,2014-02-05,3,4368.0,642,1,1,4582
597,2014-02-05,3,4598.0,624,1,1,5534
598,2014-02-05,3,5970.0,791,1,1,5723
599,2014-02-05,3,9134.0,818,1,1,11487
600,2014-02-05,3,7367.0,597,1,1,7230
601,2014-02-05,3,4833.0,356,1,1,5142
602,2014-02-05,3,7465.0,628,1,1,7381
603,2014-02-05,3,8071.0,1051,1,1,7823
604,2014-02-05,3,8949.0,625,1,1,9004
605,2014-02-05,3,7996.0,523,1,1,8339
606,2014-02-05,3,7121.0,747,1,1,5266
607,2014-02-05,3,5520.0,479,1,1,4635
608,2014-02-05,3,10304.0,989,1,1,9271
609,2014-02-05,3,4798.0,536,1,1,4708
610,2014-02-05,3,4797.0,534,1,1,4898
611,2014-02-05,3,6341.0,517,1,1,5570
612,2014-02-05,3,7392.0,408,1,1,6066
613,2014-02-05,3,7174.0,998,1,1,7580
614,2014-02-05,3,6597.0,839,1,1,6680
615,2014-02-05,3,11063.0,1321,1,1,9699
616,2014-02-05,3,9800.0,872,1,1,11117
617,2014-02-05,3,8122.0,678,1,1,7235
618,2014-02-05,3,7056.0,475,1,1,6417
619,2014-02-05,3,5530.0,483,1,1,8402
620,2014-02-05,3,8235.0,706,1,1,8358
621,2014-02-05,3,6673.0,855,1,1,5897
622,2014-02-05,3,5005.0,491,1,1,4952
623,2014-02-05,3,7144.0,863,1,1,7305
624,2014-02-05,3,7577.0,694,1,1,7651
625,2014-02-05,3,6776.0,644,1,1,7055
626,2014-02-05,3,10835.0,869,1,1,10293
627,2014-02-05,3,6694.0,639,1,1,7157
628,2014-02-05,3,7788.0,924,1,1,6295
629,2014-02-05,3,8036.0,712,1,1,8673
630,2014-02-05,3,9551.0,984,1,1,5471
631,2014-02-05,3,6174.0,701,1,1,3852
632,2014-02-05,3,7425.0,919,1,1,7033
633,2014-02-05,3,6491.0,471,1,1,7235
634,2014-02-05,3,7545.0,718,1,1,8253
635,2014-02-05,3,7005.0,674,1,1,9407
636,2014-02-05,3,7525.0,823,1,1,6551
637,2014-02-05,3,8969.0,651,1,1,10282
638,2014-02-05,3,6196.0,492,1,1,7623
639,2014-02-05,3,5874.0,563,1,1,4039
640,2014-02-05,3,12285.0,877,1,1,11200
641,2014-02-05,3,7488.0,617,1,1,6196
642,2014-02-05,3,4773.0,551,1,1,3267
643,2014-02-05,3,8379.0,1005,1,1,8220
644,2014-02-05,3,9626.0,971,1,1,9144
645,2014-02-05,3,11552.0,1311,1,1,10965
646,2014-02-05,3,5699.0,790,1,1,6033
647,2014-02-05,3,6578.0,764,1,1,5768
648,2014-02-05,3,6393.0,585,1,1,8669
649,2014-02-05,3,4581.0,463,1,1,5117
650,2014-02-05,3,6329.0,627,1,1,6584
651,2014-02-05,3,7800.0,957,1,1,7892
652,2014-02-05,3,7086.0,682,1,1,7128
653,2014-02-05,3,6215.0,501,1,1,7436
654,2014-02-05,3,7907.0,806,1,1,6492
655,2014-02-05,3,9192.0,724,1,1,9209
656,2014-02-05,3,3648.0,356,1,1,4609
657,2014-02-05,3,6136.0,790,1,1,5734
658,2014-02-05,3,6737.0,588,1,1,6606
659,2014-02-05,3,7014.0,790,1,1,6236
660,2014-02-05,3,5018.0,533,1,1,5293
661,2014-02-05,3,7153.0,575,1,1,9550
662,2014-02-05,3,11332.0,877,1,1,9202
663,2014-02-05,3,5244.0,673,1,1,4454
664,2014-02-05,3,5946.0,655,1,1,5270
665,2014-02-05,3,9725.0,1378,1,1,8558
666,2014-02-05,3,8304.0,662,1,1,6905
667,2014-02-05,3,9768.0,834,1,1,8720
668,2014-02-05,3,10155.0,1268,1,1,9758
669,2014-02-05,3,3825.0,308,1,1,4287
670,2014-02-05,3,7523.0,718,1,1,7636
671,2014-02-05,3,6295.0,611,1,1,5256
672,2014-02-05,3,8880.0,1312,1,1,8623
673,2014-02-05,3,7492.0,563,1,1,7203
674,2014-02-05,3,9556.0,1168,1,1,9802
675,2014-02-05,3,4896.0,442,1,1,5223
676,2014-02-05,3,7634.0,1614,1,1,7950
677,2014-02-05,3,9509.0,663,1,1,9023
678,2014-02-05,3,8346.0,920,1,1,7286
679,2014-02-05,3,10669.0,1086,1,1,9983
680,2014-02-05,3,5214.0,796,1,1,6661
681,2014-02-05,3,3329.0,413,1,1,3604
682,2014-02-05,3,14400.0,1996,1,1,11975
683,2014-02-05,3,10484.0,935,1,1,10683
684,2014-02-05,3,7625.0,591,1,1,7025
685,2014-02-05,3,7178.0,603,1,1,5798
686,2014-02-05,3,7468.0,832,1,1,5800
687,2014-02-05,3,8612.0,710,1,1,8616
688,2014-02-05,3,4248.0,399,1,1,3668
689,2014-02-05,3,8156.0,706,1,1,6917
690,2014-02-05,3,7041.0,899,1,1,4813
691,2014-02-05,3,9577.0,668,1,1,8640
692,2014-02-05,3,8116.0,943,1,1,7027
693,2014-02-05,3,7791.0,555,1,1,7961
694,2014-02-05,3,8768.0,824,1,1,7695
695,2014-02-05,3,6361.0,574,1,1,5874
696,2014-02-05,3,8654.0,1043,1,1,8510
697,2014-02-05,3,11450.0,1016,1,1,9050
698,2014-02-05,3,16750.0,2046,1,1,15850
699,2014-02-05,3,8243.0,900,1,1,10976
700,2014-02-05,3,5024.0,587,1,1,5312
701,2014-02-05,3,6899.0,706,1,1,7006
702,2014-02-05,3,5501.0,383,1,1,5559
703,2014-02-05,3,3392.0,379,1,1,4519
704,2014-02-05,3,11541.0,1107,1,1,9741
705,2014-02-05,3,10053.0,1093,1,1,7922
706,2014-02-05,3,5675.0,490,1,1,5403
707,2014-02-05,3,9045.0,954,1,1,7808
708,2014-02-05,3,4132.0,432,1,1,4861
709,2014-02-05,3,12261.0,1482,1,1,11315
710,2014-02-05,3,4822.0,373,1,1,5319
711,2014-02-05,3,7868.0,535,1,1,7289
712,2014-02-05,3,7970.0,620,1,1,7239
713,2014-02-05,3,11305.0,1354,1,1,9911
714,2014-02-05,3,4660.0,316,1,1,4060
715,2014-02-05,3,8772.0,853,1,1,6744
716,2014-02-05,3,6386.0,447,1,1,5886
717,2014-02-05,3,6620.0,632,1,1,6806
718,2014-02-05,3,8053.0,842,1,1,7629
719,2014-02-05,3,5548.0,416,1,1,6234
720,2014-02-05,3,8765.0,825,1,1,7917
721,2014-02-05,3,7332.0,746,1,1,7416
722,2014-02-05,3,11136.0,1627,1,1,10566
723,2014-02-05,3,7100.0,531,1,1,7086
724,2014-02-05,3,6250.0,657,1,1,6890
725,2014-02-05,3,5685.0,582,1,1,7198
726,2014-02-05,3,14029.0,1265,1,1,12580
727,2014-02-05,3,5365.0,496,1,1,4527
728,2014-02-05,3,4341.0,399,1,1,5234
729,2014-02-05,3,11331.0,1134,1,1,11926
730,2014-02-05,3,8707.0,1024,1,1,9945
731,2014-02-05,3,10642.0,1059,1,1,10847
732,2014-02-05,3,5174.0,582,1,1,4282
733,2014-02-05,3,14998.0,3381,1,1,16505
734,2014-02-05,3,6780.0,605,1,1,7519
735,2014-02-05,3,7063.0,627,1,1,6704
736,2014-02-05,3,6258.0,525,1,1,5282
737,2014-02-05,3,7636.0,992,1,1,6634
738,2014-02-05,3,9015.0,694,1,1,8446
739,2014-02-05,3,10333.0,786,1,1,10020
740,2014-02-05,3,8398.0,506,1,1,8735
741,2014-02-05,3,9426.0,1059,1,1,8535
742,2014-02-05,3,8776.0,904,1,1,8408
743,2014-02-05,3,4213.0,462,1,1,4135
744,2014-02-05,3,7938.0,871,1,1,8179
745,2014-02-05,3,10237.0,990,1,1,8587
746,2014-02-05,3,6426.0,472,1,1,8448
747,2014-02-05,3,8660.0,715,1,1,7501
748,2014-02-05,3,6762.0,507,1,1,5722
749,2014-02-05,3,6354.0,704,1,1,6249
750,2014-02-05,3,4965.0,405,1,1,4779
751,2014-02-05,3,5415.0,663,1,1,4925
752,2014-02-05,3,6858.0,521,1,1,4515
753,2014-02-05,3,9532.0,820,1,1,9364
754,2014-02-05,3,9876.0,1161,1,1,7154
755,2014-02-05,3,11068.0,910,1,1,9319
756,2014-02-05,3,16319.0,2211,1,1,15904
757,2014-02-05,3,6973.0,575,1,1,6295
758,2014-02-05,3,5979.0,734,1,1,4356
759,2014-02-05,3,8528.0,860,1,1,7852
760,2014-02-05,3,7251.0,1100,1,1,7641
761,2014-02-05,3,10315.0,1122,1,1,10429
762,2014-02-05,3,3867.0,382,1,1,4604
763,2014-02-05,3,6461.0,584,1,1,6257
764,2014-02-05,3,3539.0,392,1,1,3676
765,2014-02-05,3,8742.0,723,1,1,8908
766,2014-02-05,3,6553.0,517,1,1,8124
767,2014-02-05,3,7023.0,652,1,1,6024
768,2014-02-05,3,15219.0,1477,1,1,13510
769,2014-02-05,3,11333.0,3224,1,1,10300
770,2014-02-05,3,7119.0,780,1,1,6603
771,2014-02-05,3,6942.0,743,1,1,6963
772,2014-02-05,3,3998.0,526,1,1,5749
773,2014-02-05,3,6444.0,824,1,1,6877
774,2014-02-05,3,6136.0,781,1,1,6831
775,2014-02-05,3,8421.0,584,1,1,8546
776,2014-02-05,3,5094.0,568,1,1,5359
777,2014-02-05,3,3888.0,332,1,1,4692
778,2014-02-05,3,6844.0,871,1,1,7685
779,2014-02-05,3,7912.0,738,1,1,6781
780,2014-02-05,3,7415.0,844,1,1,7539
781,2014-02-05,3,6598.0,851,1,1,4934
782,2014-02-05,3,5824.0,515,1,1,4654
783,2014-02-05,3,6652.0,695,1,1,7079
784,2014-02-05,3,9705.0,924,1,1,10001
785,2014-02-05,3,6927.0,534,1,1,6950
786,2014-02-05,3,4394.0,645,1,1,4322
787,2014-02-05,3,10604.0,1173,1,1,11096
788,2014-02-05,3,19745.0,1829,1,1,18239
789,2014-02-05,3,3229.0,471,1,1,3488
790,2014-02-05,3,7479.0,634,1,1,7979
791,2014-02-05,3,8031.0,863,1,1,8003
792,2014-02-05,3,9211.0,729,1,1,8769
793,2014-02-05,3,5971.0,484,1,1,4773
794,2014-02-05,3,3071.0,568,1,1,2848
795,2014-02-05,3,5609.0,550,1,1,4812
796,2014-02-05,3,8510.0,732,1,1,7832
797,2014-02-05,3,3871.0,382,1,1,3660
798,2014-02-05,3,8599.0,1073,1,1,8412
799,2014-02-05,3,10743.0,972,1,1,11318
800,2014-02-05,3,6067.0,512,1,1,4447
801,2014-02-05,3,5059.0,428,1,1,6148
802,2014-02-05,3,7641.0,560,1,1,7473
803,2014-02-05,3,6740.0,544,1,1,5220
804,2014-02-05,3,5321.0,453,1,1,6051
805,2014-02-05,3,6084.0,551,1,1,6420
806,2014-02-05,3,7871.0,570,1,1,7603
807,2014-02-05,3,9801.0,920,1,1,11478
808,2014-02-05,3,7938.0,634,1,1,7688
809,2014-02-05,3,10903.0,900,1,1,10389
810,2014-02-05,3,6246.0,471,1,1,5258
811,2014-02-05,3,4125.0,687,1,1,4551
812,2014-02-05,3,7344.0,836,1,1,6523
813,2014-02-05,3,6402.0,683,1,1,6002
814,2014-02-05,3,9567.0,730,1,1,8005
815,2014-02-05,3,10545.0,967,1,1,11051
816,2014-02-05,3,4931.0,708,1,1,4308
817,2014-02-05,3,24189.0,3348,1,1,22737
818,2014-02-05,3,6961.0,640,1,1,7135
819,2014-02-05,3,6777.0,569,1,1,6576
820,2014-02-05,3,12559.0,1132,1,1,11187
821,2014-02-05,3,7502.0,905,1,1,8954
822,2014-02-05,3,8068.0,633,1,1,7322
823,2014-02-05,3,6653.0,620,1,1,5975
824,2014-02-05,3,9651.0,1166,1,1,8021
825,2014-02-05,3,5100.0,531,1,1,4540
826,2014-02-05,3,9888.0,834,1,1,7280
827,2014-02-05,3,10342.0,1297,1,1,10697
828,2014-02-05,3,5634.0,633,1,1,1111
829,2014-02-05,3,5714.0,700,1,1,6491
830,2014-02-05,3,8362.0,716,1,1,7086
831,2014-02-05,3,15385.0,1774,1,1,13693
832,2014-02-05,3,7701.0,565,1,1,6401
833,2014-02-05,3,6148.0,505,1,1,6649
834,2014-02-05,3,6227.0,685,1,1,5834
835,2014-02-05,3,5380.0,693,1,1,5439
836,2014-02-05,3,6857.0,888,1,1,6653
838,2014-02-05,3,8392.0,818,1,1,7509
839,2014-02-05,3,6822.0,771,1,1,5344
840,2014-02-05,3,9277.0,1240,1,1,8468
841,2014-02-05,3,3265.0,446,1,1,3044
842,2014-02-05,3,18989.0,1135,1,1,19534
843,2014-02-05,3,9995.0,1159,1,1,9788
844,2014-02-05,3,5587.0,591,1,1,4133
845,2014-02-05,3,5084.0,333,1,1,5252
846,2014-02-05,3,9738.0,889,1,1,9585
847,2014-02-05,3,7606.0,1027,1,1,7955
848,2014-02-05,3,7236.0,778,1,1,7582
849,2014-02-05,3,8557.0,942,1,1,7055
850,2014-02-05,3,7359.0,685,1,1,6946
851,2014-02-05,3,5339.0,472,1,1,5638
852,2014-02-05,3,4783.0,568,1,1,4945
853,2014-02-05,3,9356.0,1029,1,1,7546
854,2014-02-05,3,7696.0,737,1,1,8700
855,2014-02-05,3,6691.0,612,1,1,7174
856,2014-02-05,3,8282.0,1042,1,1,7626
857,2014-02-05,3,7317.0,854,1,1,7175
858,2014-02-05,3,5242.0,439,1,1,4106
859,2014-02-05,3,7115.0,700,1,1,8002
860,2014-02-05,3,5735.0,669,1,1,5530
861,2014-02-05,3,3558.0,505,1,1,3679
862,2014-02-05,3,9133.0,1129,1,1,7335
863,2014-02-05,3,9001.0,968,1,1,7889
864,2014-02-05,3,4475.0,602,1,1,4608
865,2014-02-05,3,8471.0,657,1,1,8596
866,2014-02-05,3,7541.0,489,1,1,7447
867,2014-02-05,3,4401.0,379,1,1,4347
868,2014-02-05,3,8639.0,583,1,1,9574
869,2014-02-05,3,7569.0,983,1,1,5835
870,2014-02-05,3,7369.0,918,1,1,6796
871,2014-02-05,3,5530.0,377,1,1,7060
872,2014-02-05,3,9298.0,894,1,1,8390
873,2014-02-05,3,4419.0,501,1,1,4588
874,2014-02-05,3,4334.0,465,1,1,5098
875,2014-02-05,3,6036.0,522,1,1,5650
876,2014-02-05,3,11069.0,1059,1,1,10583
877,2014-02-05,3,7161.0,978,1,1,6101
878,2014-02-05,3,9619.0,864,1,1,8785
879,2014-02-05,3,4095.0,331,1,1,4373
880,2014-02-05,3,7856.0,806,1,1,8754
881,2014-02-05,3,5296.0,775,1,1,5182
882,2014-02-05,3,6425.0,790,1,1,7250
883,2014-02-05,3,5091.0,500,1,1,6020
884,2014-02-05,3,5730.0,509,1,1,4020
885,2014-02-05,3,4876.0,677,1,1,4812
886,2014-02-05,3,7735.0,695,1,1,7297
887,2014-02-05,3,6535.0,529,1,1,6937
888,2014-02-05,3,7664.0,727,1,1,7794
889,2014-02-05,3,4095.0,405,1,1,5578
890,2014-02-05,3,5875.0,414,1,1,3419
891,2014-02-05,3,7800.0,1048,1,1,8319
892,2014-02-05,3,8377.0,840,1,1,8222
893,2014-02-05,3,8026.0,998,1,1,6774
894,2014-02-05,3,10842.0,1211,1,1,8930
895,2014-02-05,3,9915.0,882,1,1,8981
896,2014-02-05,3,7093.0,1068,1,1,8627
897,2014-02-05,3,3234.0,328,1,1,3856
898,2014-02-05,3,8337.0,877,1,1,7640
899,2014-02-05,3,6678.0,648,1,1,6027
900,2014-02-05,3,6083.0,555,1,1,6361
901,2014-02-05,3,7878.0,672,1,1,7365
902,2014-02-05,3,5567.0,693,1,1,5224
903,2014-02-05,3,12472.0,819,1,1,11338
904,2014-02-05,3,5905.0,471,1,1,5989
905,2014-02-05,3,11189.0,1583,1,1,11089
906,2014-02-05,3,11486.0,1295,1,1,12950
907,2014-02-05,3,5731.0,737,1,1,4255
908,2014-02-05,3,5343.0,412,1,1,4959
909,2014-02-05,3,13017.0,1163,1,1,12057
910,2014-02-05,3,5869.0,582,1,1,6832
911,2014-02-05,3,10903.0,947,1,1,10154
912,2014-02-05,3,5931.0,716,1,1,4183
913,2014-02-05,3,9530.0,1152,1,1,10787
914,2014-02-05,3,10405.0,1188,1,1,8925
915,2014-02-05,3,5672.0,416,1,1,6398
916,2014-02-05,3,5300.0,683,1,1,5959
917,2014-02-05,3,7409.0,761,1,1,7122
918,2014-02-05,3,6347.0,689,1,1,4540
919,2014-02-05,3,6494.0,779,1,1,4919
920,2014-02-05,3,6708.0,599,1,1,6020
921,2014-02-05,3,10467.0,1209,1,1,10393
922,2014-02-05,3,7851.0,729,1,1,7987
923,2014-02-05,3,5576.0,622,1,1,5332
924,2014-02-05,3,5758.0,486,1,1,5525
925,2014-02-05,3,6828.0,1146,1,1,5081
926,2014-02-05,3,7632.0,501,1,1,7257
927,2014-02-05,3,7501.0,896,1,1,8055
928,2014-02-05,3,9661.0,788,1,1,8990
929,2014-02-05,3,6701.0,791,1,1,5905
930,2014-02-05,3,7339.0,1209,1,1,8097
931,2014-02-05,3,3650.0,392,1,1,3053
932,2014-02-05,3,8339.0,812,1,1,6611
933,2014-02-05,3,8672.0,1060,1,1,6241
934,2014-02-05,3,7966.0,735,1,1,8174
935,2014-02-05,3,6361.0,625,1,1,5290
936,2014-02-05,3,7700.0,945,1,1,7578
937,2014-02-05,3,6781.0,560,1,1,6514
938,2014-02-05,3,10558.0,1003,1,1,9424
939,2014-02-05,3,6460.0,617,1,1,6764
940,2014-02-05,3,8048.0,767,1,1,6819
941,2014-02-05,3,6279.0,630,1,1,4950
942,2014-02-05,3,6581.0,454,1,1,6857
943,2014-02-05,3,6540.0,537,1,1,6954
944,2014-02-05,3,7581.0,1156,1,1,9064
945,2014-02-05,3,4350.0,569,1,1,4332
946,2014-02-05,3,4169.0,536,1,1,4828
947,2014-02-05,3,9976.0,1249,1,1,7427
948,2014-02-05,3,6845.0,1678,1,1,6939
949,2014-02-05,3,6371.0,581,1,1,6206
950,2014-02-05,3,6527.0,601,1,1,6691
951,2014-02-05,3,7486.0,706,1,1,7707
952,2014-02-05,3,6390.0,482,1,1,6456
953,2014-02-05,3,6140.0,578,1,1,7359
954,2014-02-05,3,8329.0,1095,1,1,6730
955,2014-02-05,3,4794.0,477,1,1,4965
956,2014-02-05,3,4270.0,584,1,1,4460
957,2014-02-05,3,8406.0,880,1,1,7863
958,2014-02-05,3,4217.0,561,1,1,4258
959,2014-02-05,3,8634.0,830,1,1,5256
960,2014-02-05,3,7386.0,563,1,1,7522
961,2014-02-05,3,6439.0,651,1,1,5894
962,2014-02-05,3,7623.0,991,1,1,6767
963,2014-02-05,3,12601.0,1130,1,1,8103
964,2014-02-05,3,10597.0,1366,1,1,10413
965,2014-02-05,3,11189.0,1117,1,1,10303
966,2014-02-05,3,5150.0,657,1,1,5736
967,2014-02-05,3,8510.0,890,1,1,9170
968,2014-02-05,3,8417.0,1033,1,1,8079
969,2014-02-05,3,4155.0,680,1,1,3861
970,2014-02-05,3,4275.0,516,1,1,3742
971,2014-02-05,3,8451.0,952,1,1,9151
972,2014-02-05,3,4103.0,427,1,1,3535
973,2014-02-05,3,7164.0,869,1,1,6117
974,2014-02-05,3,12672.0,1722,1,1,10831
975,2014-02-05,3,8062.0,787,1,1,8894
976,2014-02-05,3,8896.0,823,1,1,8069
977,2014-02-05,3,5692.0,555,1,1,5167
978,2014-02-05,3,8621.0,1099,1,1,7415
979,2014-02-05,3,7316.0,665,1,1,7308
980,2014-02-05,3,7774.0,565,1,1,7704
981,2014-02-05,3,7672.0,723,1,1,5521
982,2014-02-05,3,8770.0,716,1,1,7337
983,2014-02-05,3,12296.0,1606,1,1,12687
984,2014-02-05,3,7208.0,771,1,1,6543
985,2014-02-05,3,8553.0,739,1,1,7481
986,2014-02-05,3,7282.0,894,1,1,7014
987,2014-02-05,3,7536.0,900,1,1,6861
988,2014-02-05,3,4616.0,687,1,1,5205
989,2014-02-05,3,6136.0,631,1,1,6109
990,2014-02-05,3,7002.0,544,1,1,7962
991,2014-02-05,3,4605.0,431,1,1,5598
992,2014-02-05,3,6746.0,782,1,1,8872
993,2014-02-05,3,7645.0,761,1,1,6785
994,2014-02-05,3,5092.0,463,1,1,3629
995,2014-02-05,3,10200.0,808,1,1,9852
996,2014-02-05,3,7694.0,763,1,1,7727
997,2014-02-05,3,5546.0,423,1,1,4507
998,2014-02-05,3,4583.0,538,1,1,5280
999,2014-02-05,3,11093.0,769,1,1,8015
1000,2014-02-05,3,7406.0,657,1,1,7228
1001,2014-02-05,3,5853.0,625,1,1,5269
1002,2014-02-05,3,6705.0,732,1,1,6351
1003,2014-02-05,3,7902.0,748,1,1,7976
1004,2014-02-05,3,5378.0,464,1,1,5339
1005,2014-02-05,3,6076.0,878,1,1,5639
1006,2014-02-05,3,7807.0,930,1,1,6429
1007,2014-02-05,3,8107.0,844,1,1,7637
1008,2014-02-05,3,6875.0,796,1,1,6300
1009,2014-02-05,3,5514.0,465,1,1,5184
1010,2014-02-05,3,10000.0,820,1,1,8499
1011,2014-02-05,3,10250.0,1085,1,1,7647
1012,2014-02-05,3,5663.0,471,1,1,6934
1013,2014-02-05,3,4939.0,505,1,1,5026
1014,2014-02-05,3,15122.0,1470,1,1,14012
1015,2014-02-05,3,6078.0,464,1,1,6920
1016,2014-02-05,3,6690.0,552,1,1,6502
1017,2014-02-05,3,8516.0,1115,1,1,7663
1018,2014-02-05,3,12426.0,1440,1,1,11784
1019,2014-02-05,3,9888.0,771,1,1,8422
1020,2014-02-05,3,8828.0,1106,1,1,9521
1021,2014-02-05,3,9033.0,984,1,1,9226
1022,2014-02-05,3,8216.0,886,1,1,7745
1023,2014-02-05,3,6468.0,615,1,1,6568
1024,2014-02-05,3,6256.0,756,1,1,6145
1025,2014-02-05,3,7960.0,868,1,1,8002
1026,2014-02-05,3,10126.0,1180,1,1,11013
1027,2014-02-05,3,15460.0,1742,1,1,15954
1028,2014-02-05,3,5540.0,617,1,1,5837
1029,2014-02-05,3,6046.0,828,1,1,5348
1030,2014-02-05,3,4347.0,399,1,1,5520
1031,2014-02-05,3,5197.0,438,1,1,6451
1032,2014-02-05,3,9859.0,1007,1,1,9694
1033,2014-02-05,3,16054.0,1392,1,1,14484
1034,2014-02-05,3,7814.0,841,1,1,6824
1035,2014-02-05,3,6185.0,627,1,1,6387
1036,2014-02-05,3,4712.0,425,1,1,5416
1037,2014-02-05,3,7514.0,921,1,1,8583
1038,2014-02-05,3,5686.0,466,1,1,6714
1039,2014-02-05,3,8361.0,1061,1,1,7496
1040,2014-02-05,3,8591.0,845,1,1,8454
1041,2014-02-05,3,6402.0,714,1,1,5952
1042,2014-02-05,3,4908.0,567,1,1,5739
1043,2014-02-05,3,10012.0,1260,1,1,9185
1044,2014-02-05,3,7174.0,886,1,1,6607
1045,2014-02-05,3,6978.0,821,1,1,6759
1046,2014-02-05,3,9655.0,684,1,1,8841
1047,2014-02-05,3,5249.0,555,1,1,4512
1048,2014-02-05,3,6974.0,528,1,1,6101
1049,2014-02-05,3,4374.0,705,1,1,6682
1050,2014-02-05,3,8199.0,514,1,1,8396
1051,2014-02-05,3,8957.0,1135,1,1,6781
1052,2014-02-05,3,7148.0,739,1,1,8401
1053,2014-02-05,3,11520.0,1279,1,1,8288
1054,2014-02-05,3,6831.0,653,1,1,5951
1055,2014-02-05,3,8675.0,1074,1,1,7425
1056,2014-02-05,3,3511.0,346,1,1,4242
1057,2014-02-05,3,6591.0,625,1,1,4611
1058,2014-02-05,3,7737.0,740,1,1,7912
1059,2014-02-05,3,9308.0,1161,1,1,7984
1060,2014-02-05,3,8452.0,926,1,1,7834
1061,2014-02-05,3,7793.0,565,1,1,6754
1062,2014-02-05,3,6146.0,533,1,1,8600
1063,2014-02-05,3,5160.0,589,1,1,1579
1064,2014-02-05,3,9730.0,1104,1,1,10273
1065,2014-02-05,3,4890.0,539,1,1,4152
1066,2014-02-05,3,10758.0,1107,1,1,10917
1067,2014-02-05,3,5944.0,492,1,1,5964
1068,2014-02-05,3,4683.0,308,1,1,4412
1069,2014-02-05,3,9535.0,1198,1,1,5314
1070,2014-02-05,3,7428.0,936,1,1,8575
1071,2014-02-05,3,7330.0,785,1,1,7200
1072,2014-02-05,3,7776.0,711,1,1,6917
1073,2014-02-05,3,7840.0,1009,1,1,6329
1074,2014-02-05,3,5994.0,627,1,1,6501
1075,2014-02-05,3,10679.0,1038,1,1,10347
1076,2014-02-05,3,4096.0,601,1,1,3579
1077,2014-02-05,3,4596.0,496,1,1,2679
1078,2014-02-05,3,9264.0,617,1,1,8027
1079,2014-02-05,3,10176.0,735,1,1,8617
1080,2014-02-05,3,11153.0,881,1,1,11111
1081,2014-02-05,3,7804.0,1143,1,1,5284
1082,2014-02-05,3,8050.0,1048,1,1,7091
1083,2014-02-05,3,5102.0,342,1,1,5107
1084,2014-02-05,3,6439.0,773,1,1,10595
1085,2014-02-05,3,8836.0,844,1,1,7910
1086,2014-02-05,3,9880.0,939,1,1,6397
1087,2014-02-05,3,5951.0,585,1,1,6730
1088,2014-02-05,3,5738.0,515,1,1,4608
1089,2014-02-05,3,10016.0,980,1,1,9275
1090,2014-02-05,3,7992.0,1005,1,1,6562
1091,2014-02-05,3,9774.0,743,1,1,7413
1092,2014-02-05,3,11906.0,1167,1,1,11236
1093,2014-02-05,3,8990.0,908,1,1,8720
1094,2014-02-05,3,4224.0,335,1,1,4455
1095,2014-02-05,3,5327.0,693,1,1,5715
1096,2014-02-05,3,5103.0,607,1,1,6234
1097,2014-02-05,3,10177.0,2500,1,1,9405
1098,2014-02-05,3,6274.0,808,1,1,5019
1099,2014-02-05,3,8062.0,973,1,1,8542
1100,2014-02-05,3,6319.0,689,1,1,5196
1101,2014-02-05,3,10125.0,948,1,1,9945
1102,2014-02-05,3,7714.0,753,1,1,6834
1103,2014-02-05,3,4865.0,346,1,1,5964
1104,2014-02-05,3,5619.0,399,1,1,5687
1105,2014-02-05,3,4874.0,519,1,1,4827
1106,2014-02-05,3,5503.0,587,1,1,4274
1107,2014-02-05,3,7169.0,678,1,1,7077
1108,2014-02-05,3,7083.0,721,1,1,6563
1109,2014-02-05,3,6245.0,475,1,1,5743
1110,2014-02-05,3,4957.0,547,1,1,4583
1111,2014-02-05,3,6514.0,501,1,1,6441
1112,2014-02-05,3,12141.0,897,1,1,11040
1113,2014-02-05,3,6785.0,726,1,1,6665
1114,2014-02-05,3,19543.0,2836,1,1,19688
1115,2014-02-05,3,6148.0,413,1,1,7549
