Store,Date,DayOfWeek,Sales,Customers,Promo,POST_Promo,POST_Sales
1,2014-02-26,3,4108.0,491,0,0,4194
2,2014-02-26,3,4548.0,632,0,0,4022
3,2014-02-26,3,4580.0,640,0,0,5501
4,2014-02-26,3,6987.0,1100,0,0,7453
5,2014-02-26,3,3568.0,548,0,0,3467
6,2014-02-26,3,4111.0,545,0,0,3595
7,2014-02-26,3,5812.0,746,0,0,6730
8,2014-02-26,3,3719.0,560,0,0,1608
9,2014-02-26,3,5627.0,527,0,0,5204
10,2014-02-26,3,4253.0,560,0,0,5049
11,2014-02-26,3,7000.0,1120,0,0,8098
12,2014-02-26,3,5680.0,794,0,0,5596
13,2014-02-26,3,2820.0,255,0,0,6823
14,2014-02-26,3,4408.0,574,0,0,5543
15,2014-02-26,3,4507.0,488,0,0,6705
16,2014-02-26,3,6439.0,802,0,0,5853
17,2014-02-26,3,4426.0,671,0,0,6558
18,2014-02-26,3,4630.0,627,0,0,4840
19,2014-02-26,3,5543.0,571,0,0,4392
20,2014-02-26,3,6497.0,834,0,0,6825
21,2014-02-26,3,3675.0,384,0,0,3534
22,2014-02-26,3,4192.0,554,0,0,3716
23,2014-02-26,3,4393.0,426,0,0,2424
24,2014-02-26,3,6937.0,663,0,0,6685
25,2014-02-26,3,10499.0,1626,0,0,11709
26,2014-02-26,3,4669.0,430,0,0,5334
27,2014-02-26,3,6027.0,838,0,0,8079
28,2014-02-26,3,4348.0,481,0,0,3164
29,2014-02-26,3,4990.0,531,0,0,4919
30,2014-02-26,3,5228.0,888,0,0,4173
31,2014-02-26,3,4426.0,461,0,0,5053
32,2014-02-26,3,2849.0,414,0,0,3548
33,2014-02-26,3,8052.0,887,0,0,7635
34,2014-02-26,3,6121.0,862,0,0,6431
35,2014-02-26,3,6870.0,599,0,0,7045
36,2014-02-26,3,6648.0,890,0,0,7276
37,2014-02-26,3,4276.0,543,0,0,4742
38,2014-02-26,3,4765.0,516,0,0,3676
39,2014-02-26,3,4511.0,657,0,0,4066
40,2014-02-26,3,4378.0,603,0,0,2409
41,2014-02-26,3,3475.0,327,0,0,4732
42,2014-02-26,3,8588.0,1075,0,0,7921
43,2014-02-26,3,7152.0,737,0,0,5535
44,2014-02-26,3,4379.0,587,0,0,4424
45,2014-02-26,3,3780.0,351,0,0,3688
46,2014-02-26,3,3269.0,486,0,0,3057
47,2014-02-26,3,5289.0,829,0,0,5331
48,2014-02-26,3,3412.0,403,0,0,2345
49,2014-02-26,3,5977.0,448,0,0,4140
50,2014-02-26,3,3070.0,292,0,0,1991
51,2014-02-26,3,4245.0,404,0,0,4883
52,2014-02-26,3,6268.0,451,0,0,5384
53,2014-02-26,3,3767.0,471,0,0,4404
54,2014-02-26,3,4378.0,491,0,0,5086
55,2014-02-26,3,3638.0,503,0,0,4132
56,2014-02-26,3,4603.0,359,0,0,6235
57,2014-02-26,3,7942.0,799,0,0,7876
58,2014-02-26,3,4915.0,443,0,0,4747
59,2014-02-26,3,4552.0,533,0,0,4347
60,2014-02-26,3,6622.0,710,0,0,6215
61,2014-02-26,3,3980.0,520,0,0,2883
62,2014-02-26,3,6975.0,861,0,0,4920
63,2014-02-26,3,4202.0,437,0,0,6276
64,2014-02-26,3,8600.0,753,0,0,8676
65,2014-02-26,3,3352.0,345,0,0,5031
66,2014-02-26,3,3999.0,398,0,0,5063
67,2014-02-26,3,5838.0,696,0,0,6086
68,2014-02-26,3,5541.0,948,0,0,4343
69,2014-02-26,3,6837.0,983,0,0,6704
70,2014-02-26,3,5004.0,580,0,0,4740
71,2014-02-26,3,6651.0,643,0,0,5761
72,2014-02-26,3,3225.0,378,0,0,3735
73,2014-02-26,3,3628.0,475,0,0,4642
74,2014-02-26,3,5844.0,877,0,0,6191
75,2014-02-26,3,4255.0,505,0,0,4114
76,2014-02-26,3,7064.0,788,0,0,6099
77,2014-02-26,3,5151.0,513,0,0,4700
78,2014-02-26,3,2748.0,426,0,0,3475
79,2014-02-26,3,3780.0,449,0,0,2788
80,2014-02-26,3,5564.0,474,0,0,5432
81,2014-02-26,3,5566.0,509,0,0,5907
82,2014-02-26,3,7673.0,836,0,0,7548
83,2014-02-26,3,3720.0,351,0,0,587
84,2014-02-26,3,10475.0,1379,0,0,11332
85,2014-02-26,3,4691.0,739,0,0,1769
86,2014-02-26,3,3664.0,535,0,0,3990
87,2014-02-26,3,5300.0,694,0,0,4415
88,2014-02-26,3,4493.0,555,0,0,5378
89,2014-02-26,3,5171.0,613,0,0,4905
90,2014-02-26,3,6716.0,1007,0,0,6750
91,2014-02-26,3,5375.0,663,0,0,4410
92,2014-02-26,3,3974.0,404,0,0,3956
93,2014-02-26,3,4147.0,517,0,0,4164
94,2014-02-26,3,5377.0,573,0,0,6027
95,2014-02-26,3,5286.0,657,0,0,5969
96,2014-02-26,3,4377.0,550,0,0,3132
97,2014-02-26,3,4501.0,523,0,0,5160
98,2014-02-26,3,3085.0,335,0,0,4395
99,2014-02-26,3,3600.0,355,0,0,4804
100,2014-02-26,3,5928.0,607,0,0,6031
101,2014-02-26,3,6376.0,711,0,0,7046
102,2014-02-26,3,4397.0,768,0,0,5613
103,2014-02-26,3,3612.0,357,0,0,3336
104,2014-02-26,3,8593.0,1236,0,0,9159
105,2014-02-26,3,3909.0,530,0,0,5292
106,2014-02-26,3,8042.0,855,0,0,6783
107,2014-02-26,3,5785.0,884,0,0,6521
108,2014-02-26,3,8253.0,730,0,0,9354
109,2014-02-26,3,4761.0,619,0,0,5624
110,2014-02-26,3,3515.0,538,0,0,1872
111,2014-02-26,3,4861.0,456,0,0,5102
112,2014-02-26,3,5638.0,737,0,0,4576
113,2014-02-26,3,6064.0,649,0,0,6606
114,2014-02-26,3,4513.0,598,0,0,4028
115,2014-02-26,3,5366.0,472,0,0,4618
116,2014-02-26,3,5536.0,666,0,0,5793
117,2014-02-26,3,3536.0,497,0,0,3554
118,2014-02-26,3,5296.0,505,0,0,6310
119,2014-02-26,3,5083.0,651,0,0,4758
120,2014-02-26,3,5108.0,539,0,0,5005
121,2014-02-26,3,3522.0,429,0,0,3709
122,2014-02-26,3,4451.0,601,0,0,3663
123,2014-02-26,3,6196.0,877,0,0,6644
124,2014-02-26,3,3528.0,504,0,0,3543
125,2014-02-26,3,9417.0,1428,0,0,8880
126,2014-02-26,3,5594.0,608,0,0,4835
127,2014-02-26,3,4156.0,530,0,0,4330
128,2014-02-26,3,5305.0,499,0,0,6231
129,2014-02-26,3,6957.0,1027,0,0,7290
130,2014-02-26,3,4371.0,550,0,0,3974
131,2014-02-26,3,5142.0,626,0,0,5302
132,2014-02-26,3,4787.0,514,0,0,6012
133,2014-02-26,3,4578.0,608,0,0,3875
134,2014-02-26,3,4350.0,470,0,0,2793
135,2014-02-26,3,4278.0,423,0,0,4146
136,2014-02-26,3,3972.0,364,0,0,4301
137,2014-02-26,3,6768.0,883,0,0,7724
138,2014-02-26,3,5471.0,591,0,0,4975
139,2014-02-26,3,5234.0,474,0,0,5011
140,2014-02-26,3,6592.0,944,0,0,6016
141,2014-02-26,3,3943.0,496,0,0,3595
142,2014-02-26,3,5578.0,730,0,0,4087
143,2014-02-26,3,4510.0,462,0,0,4349
144,2014-02-26,3,6034.0,630,0,0,6093
145,2014-02-26,3,6117.0,1054,0,0,6312
146,2014-02-26,3,5488.0,604,0,0,7052
147,2014-02-26,3,5673.0,716,0,0,7161
148,2014-02-26,3,6997.0,733,0,0,6919
149,2014-02-26,3,4272.0,453,0,0,4234
150,2014-02-26,3,6410.0,645,0,0,6287
151,2014-02-26,3,4601.0,519,0,0,3818
152,2014-02-26,3,5342.0,728,0,0,4712
153,2014-02-26,3,5042.0,605,0,0,5428
154,2014-02-26,3,5854.0,579,0,0,6878
155,2014-02-26,3,4500.0,522,0,0,5675
156,2014-02-26,3,5164.0,627,0,0,4747
157,2014-02-26,3,8413.0,1003,0,0,7965
158,2014-02-26,3,6247.0,403,0,0,6661
159,2014-02-26,3,5354.0,533,0,0,5307
160,2014-02-26,3,3597.0,418,0,0,3913
161,2014-02-26,3,6859.0,903,0,0,5679
162,2014-02-26,3,4850.0,400,0,0,6217
163,2014-02-26,3,6104.0,816,0,0,5647
164,2014-02-26,3,4708.0,578,0,0,6945
165,2014-02-26,3,3987.0,421,0,0,2725
166,2014-02-26,3,4604.0,708,0,0,5124
167,2014-02-26,3,6265.0,906,0,0,6794
168,2014-02-26,3,5894.0,661,0,0,5358
169,2014-02-26,3,5701.0,666,0,0,6198
170,2014-02-26,3,4612.0,551,0,0,4348
171,2014-02-26,3,6116.0,762,0,0,5973
172,2014-02-26,3,5790.0,791,0,0,6480
173,2014-02-26,3,5906.0,886,0,0,6798
174,2014-02-26,3,5028.0,438,0,0,5422
175,2014-02-26,3,4447.0,603,0,0,4903
176,2014-02-26,3,3842.0,571,0,0,3863
177,2014-02-26,3,3615.0,500,0,0,4118
178,2014-02-26,3,7294.0,754,0,0,8232
179,2014-02-26,3,5316.0,797,0,0,5598
180,2014-02-26,3,5436.0,713,0,0,5931
181,2014-02-26,3,4476.0,569,0,0,4833
182,2014-02-26,3,3877.0,354,0,0,3923
183,2014-02-26,3,3601.0,533,0,0,3571
184,2014-02-26,3,5873.0,628,0,0,5244
185,2014-02-26,3,4741.0,395,0,0,4676
186,2014-02-26,3,2692.0,319,0,0,2949
187,2014-02-26,3,4854.0,701,0,0,5557
188,2014-02-26,3,3505.0,367,0,0,3952
189,2014-02-26,3,8752.0,887,0,0,8364
190,2014-02-26,3,5675.0,628,0,0,5020
191,2014-02-26,3,5442.0,657,0,0,5626
192,2014-02-26,3,5637.0,442,0,0,7983
193,2014-02-26,3,4119.0,741,0,0,4146
194,2014-02-26,3,4135.0,425,0,0,3407
195,2014-02-26,3,10639.0,1457,0,0,8936
196,2014-02-26,3,3740.0,609,0,0,3732
197,2014-02-26,3,5033.0,734,0,0,2404
198,2014-02-26,3,1574.0,219,0,0,2439
199,2014-02-26,3,5836.0,543,0,0,7060
200,2014-02-26,3,7926.0,1049,0,0,5862
201,2014-02-26,3,4842.0,517,0,0,3185
202,2014-02-26,3,5017.0,446,0,0,4528
203,2014-02-26,3,5881.0,874,0,0,5368
204,2014-02-26,3,5301.0,497,0,0,3716
205,2014-02-26,3,4412.0,728,0,0,4988
206,2014-02-26,3,5645.0,711,0,0,4819
207,2014-02-26,3,8418.0,1171,0,0,8630
208,2014-02-26,3,2294.0,337,0,0,2470
209,2014-02-26,3,4207.0,480,0,0,4071
210,2014-02-26,3,2609.0,270,0,0,2384
211,2014-02-26,3,11255.0,1409,0,0,9947
212,2014-02-26,3,4171.0,472,0,0,3061
213,2014-02-26,3,6671.0,586,0,0,5007
214,2014-02-26,3,9005.0,791,0,0,6685
215,2014-02-26,3,4200.0,381,0,0,4070
216,2014-02-26,3,6342.0,879,0,0,4633
217,2014-02-26,3,3568.0,539,0,0,4078
218,2014-02-26,3,4583.0,679,0,0,4620
219,2014-02-26,3,3091.0,454,0,0,2337
220,2014-02-26,3,4636.0,677,0,0,2669
221,2014-02-26,3,3609.0,392,0,0,6620
222,2014-02-26,3,4315.0,528,0,0,4007
223,2014-02-26,3,5159.0,635,0,0,3914
224,2014-02-26,3,4689.0,391,0,0,4835
225,2014-02-26,3,3491.0,429,0,0,4297
226,2014-02-26,3,5456.0,608,0,0,5355
227,2014-02-26,3,6336.0,667,0,0,5353
228,2014-02-26,3,5301.0,453,0,0,6933
229,2014-02-26,3,6370.0,640,0,0,6716
230,2014-02-26,3,5851.0,794,0,0,5588
231,2014-02-26,3,3190.0,303,0,0,3720
232,2014-02-26,3,1939.0,235,0,0,2979
233,2014-02-26,3,7343.0,899,0,0,7474
234,2014-02-26,3,7571.0,817,0,0,9960
235,2014-02-26,3,3908.0,394,0,0,2496
236,2014-02-26,3,5727.0,816,0,0,6414
237,2014-02-26,3,3939.0,549,0,0,3129
238,2014-02-26,3,7210.0,1126,0,0,5762
239,2014-02-26,3,3523.0,423,0,0,3232
240,2014-02-26,3,4226.0,439,0,0,3595
241,2014-02-26,3,4944.0,613,0,0,4480
242,2014-02-26,3,2288.0,244,0,0,3500
243,2014-02-26,3,4977.0,720,0,0,6350
244,2014-02-26,3,3321.0,419,0,0,4205
245,2014-02-26,3,7821.0,994,0,0,7883
246,2014-02-26,3,5514.0,813,0,0,4124
247,2014-02-26,3,5143.0,468,0,0,5824
248,2014-02-26,3,6185.0,891,0,0,6849
249,2014-02-26,3,3737.0,441,0,0,3957
250,2014-02-26,3,5867.0,532,0,0,7885
251,2014-02-26,3,14253.0,2061,0,0,16528
252,2014-02-26,3,8287.0,762,0,0,7807
253,2014-02-26,3,4184.0,589,0,0,5502
254,2014-02-26,3,2241.0,220,0,0,1039
255,2014-02-26,3,4628.0,534,0,0,5801
256,2014-02-26,3,9495.0,1462,0,0,7446
257,2014-02-26,3,4043.0,587,0,0,4476
258,2014-02-26,3,4269.0,413,0,0,7145
259,2014-02-26,3,11151.0,2391,0,0,10637
260,2014-02-26,3,5544.0,821,0,0,5679
261,2014-02-26,3,8359.0,743,0,0,11528
262,2014-02-26,3,16506.0,2807,0,0,16032
263,2014-02-26,3,2589.0,270,0,0,2574
264,2014-02-26,3,4897.0,784,0,0,5534
265,2014-02-26,3,3493.0,424,0,0,3354
266,2014-02-26,3,3450.0,504,0,0,3045
267,2014-02-26,3,5665.0,767,0,0,6382
268,2014-02-26,3,3631.0,505,0,0,4628
269,2014-02-26,3,6525.0,1032,0,0,6943
270,2014-02-26,3,7476.0,1032,0,0,5939
271,2014-02-26,3,5612.0,694,0,0,4272
272,2014-02-26,3,4446.0,539,0,0,4692
273,2014-02-26,3,4876.0,599,0,0,5250
274,2014-02-26,3,2990.0,815,0,0,4185
275,2014-02-26,3,6694.0,729,0,0,6224
276,2014-02-26,3,3404.0,480,0,0,3108
277,2014-02-26,3,4870.0,453,0,0,5855
278,2014-02-26,3,5600.0,710,0,0,6402
279,2014-02-26,3,5203.0,474,0,0,5411
280,2014-02-26,3,5702.0,549,0,0,3130
281,2014-02-26,3,4402.0,459,0,0,3747
282,2014-02-26,3,3525.0,597,0,0,4120
283,2014-02-26,3,5676.0,650,0,0,6136
284,2014-02-26,3,3583.0,363,0,0,4093
285,2014-02-26,3,3876.0,429,0,0,2118
286,2014-02-26,3,4097.0,407,0,0,4482
287,2014-02-26,3,6452.0,721,0,0,6575
288,2014-02-26,3,3993.0,307,0,0,5124
289,2014-02-26,3,4843.0,485,0,0,4684
290,2014-02-26,3,6233.0,722,0,0,4911
291,2014-02-26,3,5480.0,660,0,0,5350
292,2014-02-26,3,5108.0,680,0,0,7668
293,2014-02-26,3,4203.0,634,0,0,4606
294,2014-02-26,3,5142.0,766,0,0,4848
295,2014-02-26,3,4367.0,630,0,0,3034
296,2014-02-26,3,5094.0,686,0,0,6124
297,2014-02-26,3,5433.0,653,0,0,4683
298,2014-02-26,3,5591.0,507,0,0,6716
299,2014-02-26,3,4152.0,453,0,0,4322
300,2014-02-26,3,4546.0,668,0,0,5273
301,2014-02-26,3,4945.0,570,0,0,5325
302,2014-02-26,3,2267.0,233,0,0,3982
303,2014-02-26,3,4525.0,590,0,0,5319
304,2014-02-26,3,5193.0,967,0,0,5837
305,2014-02-26,3,3871.0,401,0,0,3900
306,2014-02-26,3,4168.0,479,0,0,3784
307,2014-02-26,3,1640.0,222,0,0,2194
308,2014-02-26,3,6176.0,752,0,0,6821
309,2014-02-26,3,5077.0,539,0,0,5430
310,2014-02-26,3,6569.0,632,0,0,6067
311,2014-02-26,3,5521.0,796,0,0,4913
312,2014-02-26,3,3532.0,395,0,0,3767
313,2014-02-26,3,4848.0,544,0,0,5972
314,2014-02-26,3,4522.0,550,0,0,4169
315,2014-02-26,3,3198.0,415,0,0,2686
316,2014-02-26,3,7033.0,748,0,0,7381
317,2014-02-26,3,4396.0,511,0,0,4495
318,2014-02-26,3,5004.0,528,0,0,4665
319,2014-02-26,3,6700.0,775,0,0,5994
320,2014-02-26,3,11091.0,1755,0,0,12435
321,2014-02-26,3,3568.0,416,0,0,5227
322,2014-02-26,3,3504.0,458,0,0,5122
323,2014-02-26,3,5280.0,501,0,0,5567
324,2014-02-26,3,3955.0,589,0,0,3671
325,2014-02-26,3,4653.0,528,0,0,5610
326,2014-02-26,3,3466.0,319,0,0,3287
327,2014-02-26,3,5613.0,781,0,0,5606
328,2014-02-26,3,4248.0,541,0,0,3097
329,2014-02-26,3,6059.0,606,0,0,5906
330,2014-02-26,3,4022.0,445,0,0,4057
331,2014-02-26,3,5277.0,786,0,0,5504
332,2014-02-26,3,3196.0,474,0,0,3558
333,2014-02-26,3,7770.0,1124,0,0,8080
334,2014-02-26,3,4268.0,512,0,0,3835
335,2014-02-26,3,11860.0,2425,0,0,10898
336,2014-02-26,3,11067.0,1761,0,0,11803
337,2014-02-26,3,3870.0,336,0,0,4129
338,2014-02-26,3,4721.0,481,0,0,4370
339,2014-02-26,3,4835.0,684,0,0,2274
340,2014-02-26,3,4680.0,617,0,0,4767
341,2014-02-26,3,4837.0,713,0,0,4092
342,2014-02-26,3,8744.0,735,0,0,7314
343,2014-02-26,3,5679.0,610,0,0,4474
344,2014-02-26,3,5934.0,913,0,0,7925
345,2014-02-26,3,4342.0,481,0,0,3053
346,2014-02-26,3,6145.0,601,0,0,4334
347,2014-02-26,3,3956.0,346,0,0,3707
348,2014-02-26,3,7674.0,701,0,0,6524
349,2014-02-26,3,6370.0,690,0,0,5511
350,2014-02-26,3,4819.0,397,0,0,4453
351,2014-02-26,3,4775.0,468,0,0,3785
352,2014-02-26,3,4888.0,528,0,0,5407
353,2014-02-26,3,5320.0,1514,0,0,5983
354,2014-02-26,3,5985.0,636,0,0,8863
355,2014-02-26,3,6846.0,930,0,0,6605
356,2014-02-26,3,4642.0,378,0,0,3475
357,2014-02-26,3,5159.0,768,0,0,5365
358,2014-02-26,3,7492.0,973,0,0,7553
359,2014-02-26,3,6819.0,641,0,0,4343
360,2014-02-26,3,5243.0,637,0,0,6527
361,2014-02-26,3,4120.0,452,0,0,4928
362,2014-02-26,3,7147.0,947,0,0,6886
363,2014-02-26,3,5665.0,814,0,0,8826
364,2014-02-26,3,3959.0,522,0,0,4530
365,2014-02-26,3,4049.0,474,0,0,4747
366,2014-02-26,3,4111.0,473,0,0,5147
367,2014-02-26,3,2863.0,382,0,0,7014
368,2014-02-26,3,6991.0,607,0,0,8336
369,2014-02-26,3,4958.0,465,0,0,6630
370,2014-02-26,3,5623.0,519,0,0,5826
371,2014-02-26,3,5075.0,428,0,0,3266
372,2014-02-26,3,6319.0,632,0,0,6672
373,2014-02-26,3,3808.0,293,0,0,2528
374,2014-02-26,3,5951.0,780,0,0,3656
375,2014-02-26,3,5821.0,532,0,0,6229
376,2014-02-26,3,5791.0,768,0,0,6772
377,2014-02-26,3,5180.0,788,0,0,6436
378,2014-02-26,3,4853.0,839,0,0,5888
379,2014-02-26,3,2744.0,403,0,0,4133
380,2014-02-26,3,11653.0,1246,0,0,11827
381,2014-02-26,3,7596.0,936,0,0,8105
382,2014-02-26,3,5044.0,454,0,0,5952
383,2014-02-26,3,13428.0,1839,0,0,13829
384,2014-02-26,3,6459.0,816,0,0,6904
385,2014-02-26,3,5358.0,519,0,0,4683
386,2014-02-26,3,6220.0,550,0,0,6124
387,2014-02-26,3,8556.0,1226,0,0,6201
388,2014-02-26,3,8215.0,947,0,0,8115
389,2014-02-26,3,8080.0,1185,0,0,9257
390,2014-02-26,3,9755.0,994,0,0,9941
391,2014-02-26,3,4840.0,651,0,0,4806
392,2014-02-26,3,5734.0,666,0,0,5530
393,2014-02-26,3,5729.0,629,0,0,4391
394,2014-02-26,3,5706.0,539,0,0,5487
395,2014-02-26,3,4026.0,558,0,0,3610
396,2014-02-26,3,6676.0,842,0,0,6796
397,2014-02-26,3,4401.0,721,0,0,4090
398,2014-02-26,3,3950.0,476,0,0,2541
399,2014-02-26,3,4049.0,492,0,0,3145
400,2014-02-26,3,5991.0,977,0,0,7746
401,2014-02-26,3,5059.0,552,0,0,6932
402,2014-02-26,3,3181.0,423,0,0,6725
403,2014-02-26,3,7186.0,782,0,0,5006
404,2014-02-26,3,4529.0,604,0,0,3358
405,2014-02-26,3,2725.0,402,0,0,3545
406,2014-02-26,3,4330.0,391,0,0,4069
407,2014-02-26,3,2619.0,243,0,0,1914
408,2014-02-26,3,3167.0,373,0,0,4844
409,2014-02-26,3,4782.0,488,0,0,4588
410,2014-02-26,3,5954.0,818,0,0,4806
411,2014-02-26,3,6931.0,584,0,0,7732
412,2014-02-26,3,6129.0,528,0,0,6780
413,2014-02-26,3,6215.0,876,0,0,5479
414,2014-02-26,3,4918.0,423,0,0,5078
415,2014-02-26,3,5766.0,570,0,0,4614
416,2014-02-26,3,8515.0,1216,0,0,10354
417,2014-02-26,3,6230.0,773,0,0,6108
418,2014-02-26,3,4718.0,565,0,0,4056
419,2014-02-26,3,4034.0,726,0,0,4116
420,2014-02-26,3,3405.0,335,0,0,2620
421,2014-02-26,3,5940.0,684,0,0,6948
422,2014-02-26,3,3719.0,433,0,0,3955
423,2014-02-26,3,7988.0,1525,0,0,8083
424,2014-02-26,3,5183.0,674,0,0,6292
425,2014-02-26,3,3153.0,471,0,0,3251
426,2014-02-26,3,4732.0,680,0,0,3711
427,2014-02-26,3,5414.0,628,0,0,6960
428,2014-02-26,3,5160.0,469,0,0,3914
429,2014-02-26,3,4044.0,377,0,0,5676
430,2014-02-26,3,6532.0,604,0,0,6635
431,2014-02-26,3,7993.0,963,0,0,7111
432,2014-02-26,3,9336.0,1459,0,0,8107
433,2014-02-26,3,4095.0,577,0,0,3465
434,2014-02-26,3,7803.0,619,0,0,8283
435,2014-02-26,3,4205.0,528,0,0,2855
436,2014-02-26,3,4133.0,516,0,0,4358
437,2014-02-26,3,5140.0,617,0,0,5164
438,2014-02-26,3,3400.0,414,0,0,3616
439,2014-02-26,3,4874.0,737,0,0,5505
440,2014-02-26,3,3692.0,512,0,0,3736
441,2014-02-26,3,5498.0,714,0,0,5894
442,2014-02-26,3,2881.0,357,0,0,3676
443,2014-02-26,3,3587.0,362,0,0,4557
444,2014-02-26,3,9280.0,1273,0,0,10266
445,2014-02-26,3,8411.0,1294,0,0,3964
446,2014-02-26,3,4580.0,609,0,0,4289
447,2014-02-26,3,4171.0,548,0,0,3591
448,2014-02-26,3,6947.0,654,0,0,4829
449,2014-02-26,3,8806.0,1393,0,0,8977
450,2014-02-26,3,5800.0,783,0,0,5946
451,2014-02-26,3,3878.0,373,0,0,4442
452,2014-02-26,3,3280.0,346,0,0,5443
453,2014-02-26,3,5333.0,704,0,0,5312
454,2014-02-26,3,4620.0,700,0,0,4188
455,2014-02-26,3,5378.0,372,0,0,6384
456,2014-02-26,3,5152.0,843,0,0,6137
457,2014-02-26,3,3883.0,363,0,0,4424
458,2014-02-26,3,5149.0,528,0,0,6422
459,2014-02-26,3,6702.0,964,0,0,6174
460,2014-02-26,3,2385.0,266,0,0,1890
461,2014-02-26,3,3360.0,384,0,0,4812
462,2014-02-26,3,3538.0,538,0,0,533
463,2014-02-26,3,5184.0,868,0,0,5211
464,2014-02-26,3,6994.0,939,0,0,7721
465,2014-02-26,3,5284.0,467,0,0,6370
466,2014-02-26,3,6213.0,724,0,0,5342
467,2014-02-26,3,10119.0,1359,0,0,11184
468,2014-02-26,3,5322.0,657,0,0,6566
469,2014-02-26,3,7927.0,1138,0,0,10252
470,2014-02-26,3,11143.0,1746,0,0,9198
471,2014-02-26,3,4427.0,433,0,0,5961
472,2014-02-26,3,3966.0,569,0,0,3633
473,2014-02-26,3,3166.0,512,0,0,2183
474,2014-02-26,3,6030.0,637,0,0,6932
475,2014-02-26,3,5806.0,998,0,0,4478
476,2014-02-26,3,4489.0,561,0,0,3174
477,2014-02-26,3,5429.0,393,0,0,4452
478,2014-02-26,3,5374.0,666,0,0,6641
479,2014-02-26,3,8487.0,1124,0,0,9376
480,2014-02-26,3,4152.0,619,0,0,2734
481,2014-02-26,3,4320.0,405,0,0,3585
482,2014-02-26,3,5568.0,685,0,0,6483
483,2014-02-26,3,3351.0,520,0,0,2897
484,2014-02-26,3,4787.0,562,0,0,6815
485,2014-02-26,3,3514.0,365,0,0,4467
486,2014-02-26,3,3111.0,426,0,0,2360
487,2014-02-26,3,4720.0,497,0,0,4889
488,2014-02-26,3,2757.0,331,0,0,3112
489,2014-02-26,3,5374.0,550,0,0,4910
490,2014-02-26,3,6924.0,965,0,0,6942
491,2014-02-26,3,4850.0,397,0,0,4297
492,2014-02-26,3,5068.0,891,0,0,6358
493,2014-02-26,3,6880.0,738,0,0,4368
494,2014-02-26,3,6520.0,969,0,0,5436
495,2014-02-26,3,3221.0,299,0,0,3519
496,2014-02-26,3,5588.0,670,0,0,4944
497,2014-02-26,3,6889.0,958,0,0,6543
498,2014-02-26,3,5742.0,799,0,0,6091
499,2014-02-26,3,4287.0,649,0,0,2484
500,2014-02-26,3,4209.0,346,0,0,4196
501,2014-02-26,3,4776.0,637,0,0,5461
502,2014-02-26,3,7852.0,1272,0,0,7947
503,2014-02-26,3,4380.0,329,0,0,5295
504,2014-02-26,3,4815.0,812,0,0,5492
505,2014-02-26,3,3586.0,543,0,0,4463
506,2014-02-26,3,6040.0,791,0,0,6493
507,2014-02-26,3,6114.0,539,0,0,5512
508,2014-02-26,3,5297.0,633,0,0,6463
509,2014-02-26,3,4665.0,458,0,0,5320
510,2014-02-26,3,7428.0,914,0,0,6129
511,2014-02-26,3,4512.0,722,0,0,5311
512,2014-02-26,3,4511.0,1222,0,0,3060
513,2014-02-26,3,13243.0,1677,0,0,15988
514,2014-02-26,3,4247.0,527,0,0,5735
515,2014-02-26,3,6220.0,602,0,0,6771
516,2014-02-26,3,4357.0,670,0,0,4983
517,2014-02-26,3,3863.0,486,0,0,4805
518,2014-02-26,3,4446.0,421,0,0,5262
519,2014-02-26,3,3308.0,429,0,0,3459
520,2014-02-26,3,3459.0,371,0,0,3955
521,2014-02-26,3,4938.0,430,0,0,4681
522,2014-02-26,3,5955.0,527,0,0,6451
523,2014-02-26,3,10425.0,1391,0,0,11780
524,2014-02-26,3,6180.0,755,0,0,6062
525,2014-02-26,3,7571.0,746,0,0,8018
526,2014-02-26,3,9348.0,1420,0,0,12487
527,2014-02-26,3,8729.0,889,0,0,8078
528,2014-02-26,3,7812.0,848,0,0,9254
529,2014-02-26,3,5319.0,609,0,0,4865
530,2014-02-26,3,2433.0,360,0,0,302
531,2014-02-26,3,3675.0,544,0,0,3137
532,2014-02-26,3,14177.0,1804,0,0,9038
533,2014-02-26,3,7576.0,788,0,0,6987
534,2014-02-26,3,4778.0,409,0,0,5009
535,2014-02-26,3,8456.0,1086,0,0,6950
536,2014-02-26,3,6631.0,804,0,0,6579
537,2014-02-26,3,4643.0,566,0,0,4435
538,2014-02-26,3,3118.0,523,0,0,3217
539,2014-02-26,3,8981.0,1005,0,0,6500
540,2014-02-26,3,4052.0,337,0,0,3771
541,2014-02-26,3,5062.0,740,0,0,5795
542,2014-02-26,3,5328.0,504,0,0,3801
543,2014-02-26,3,1728.0,197,0,0,1979
544,2014-02-26,3,10021.0,1525,0,0,9824
545,2014-02-26,3,7896.0,921,0,0,7380
546,2014-02-26,3,10597.0,1407,0,0,13149
547,2014-02-26,3,5064.0,393,0,0,3816
548,2014-02-26,3,3314.0,327,0,0,3137
549,2014-02-26,3,3721.0,532,0,0,2596
550,2014-02-26,3,4631.0,421,0,0,5008
551,2014-02-26,3,5650.0,928,0,0,7368
552,2014-02-26,3,5004.0,556,0,0,6189
553,2014-02-26,3,3972.0,462,0,0,4976
554,2014-02-26,3,3797.0,528,0,0,3000
555,2014-02-26,3,3758.0,405,0,0,4405
556,2014-02-26,3,5862.0,744,0,0,6106
557,2014-02-26,3,3707.0,637,0,0,3816
558,2014-02-26,3,2336.0,402,0,0,2096
559,2014-02-26,3,5098.0,696,0,0,4076
560,2014-02-26,3,9506.0,1275,0,0,10788
561,2014-02-26,3,4785.0,571,0,0,4502
562,2014-02-26,3,16296.0,2928,0,0,16162
563,2014-02-26,3,4829.0,648,0,0,4856
564,2014-02-26,3,5221.0,538,0,0,4389
565,2014-02-26,3,5125.0,732,0,0,5190
566,2014-02-26,3,3747.0,453,0,0,4756
567,2014-02-26,3,3881.0,575,0,0,3496
568,2014-02-26,3,3479.0,352,0,0,5247
569,2014-02-26,3,4037.0,659,0,0,2960
570,2014-02-26,3,4634.0,712,0,0,5463
571,2014-02-26,3,5853.0,445,0,0,6969
572,2014-02-26,3,5104.0,469,0,0,7416
573,2014-02-26,3,3438.0,317,0,0,3198
574,2014-02-26,3,6546.0,560,0,0,6636
575,2014-02-26,3,3779.0,440,0,0,3457
576,2014-02-26,3,5158.0,761,0,0,5399
577,2014-02-26,3,4139.0,557,0,0,3617
578,2014-02-26,3,5277.0,558,0,0,7038
579,2014-02-26,3,6248.0,772,0,0,6321
580,2014-02-26,3,8096.0,1412,0,0,7515
581,2014-02-26,3,4188.0,562,0,0,3852
582,2014-02-26,3,5175.0,699,0,0,5497
583,2014-02-26,3,3605.0,404,0,0,3649
584,2014-02-26,3,3896.0,398,0,0,4062
585,2014-02-26,3,5063.0,908,0,0,4175
586,2014-02-26,3,11826.0,1998,0,0,11906
587,2014-02-26,3,6208.0,496,0,0,7627
588,2014-02-26,3,4552.0,561,0,0,3865
589,2014-02-26,3,3641.0,448,0,0,4199
590,2014-02-26,3,3722.0,350,0,0,4260
591,2014-02-26,3,5093.0,515,0,0,4528
592,2014-02-26,3,4491.0,651,0,0,3625
593,2014-02-26,3,6772.0,977,0,0,7876
594,2014-02-26,3,3557.0,442,0,0,2208
595,2014-02-26,3,11518.0,1380,0,0,13039
596,2014-02-26,3,3171.0,585,0,0,3327
597,2014-02-26,3,4294.0,673,0,0,3835
598,2014-02-26,3,4377.0,623,0,0,4303
599,2014-02-26,3,6649.0,703,0,0,8198
600,2014-02-26,3,4368.0,442,0,0,4750
601,2014-02-26,3,3981.0,336,0,0,3613
602,2014-02-26,3,5514.0,588,0,0,5095
603,2014-02-26,3,5145.0,822,0,0,5267
604,2014-02-26,3,6800.0,508,0,0,5857
605,2014-02-26,3,4522.0,386,0,0,9419
606,2014-02-26,3,4501.0,576,0,0,4904
607,2014-02-26,3,2396.0,295,0,0,2808
608,2014-02-26,3,6564.0,781,0,0,6413
609,2014-02-26,3,4028.0,497,0,0,4119
610,2014-02-26,3,2881.0,432,0,0,2451
611,2014-02-26,3,5042.0,437,0,0,5006
612,2014-02-26,3,5197.0,305,0,0,4389
613,2014-02-26,3,4984.0,800,0,0,5180
614,2014-02-26,3,5349.0,828,0,0,4945
615,2014-02-26,3,6822.0,991,0,0,7108
616,2014-02-26,3,7074.0,764,0,0,6485
617,2014-02-26,3,4865.0,493,0,0,4182
618,2014-02-26,3,4744.0,417,0,0,5145
619,2014-02-26,3,3352.0,401,0,0,4692
620,2014-02-26,3,6544.0,618,0,0,5262
621,2014-02-26,3,5816.0,865,0,0,3582
622,2014-02-26,3,3414.0,392,0,0,2830
623,2014-02-26,3,6819.0,930,0,0,5704
624,2014-02-26,3,6332.0,712,0,0,5978
625,2014-02-26,3,6020.0,657,0,0,5488
626,2014-02-26,3,5948.0,587,0,0,1709
627,2014-02-26,3,4437.0,514,0,0,5400
628,2014-02-26,3,4387.0,644,0,0,5910
629,2014-02-26,3,5800.0,583,0,0,6685
630,2014-02-26,3,6211.0,813,0,0,5966
631,2014-02-26,3,3978.0,523,0,0,2095
632,2014-02-26,3,5562.0,773,0,0,8082
633,2014-02-26,3,5889.0,496,0,0,5634
634,2014-02-26,3,4646.0,524,0,0,4519
635,2014-02-26,3,3779.0,438,0,0,3817
636,2014-02-26,3,2910.0,457,0,0,5528
637,2014-02-26,3,7282.0,694,0,0,6333
638,2014-02-26,3,4185.0,394,0,0,4769
639,2014-02-26,3,4812.0,564,0,0,3915
640,2014-02-26,3,8628.0,764,0,0,7588
641,2014-02-26,3,4757.0,489,0,0,5581
642,2014-02-26,3,2940.0,455,0,0,3426
643,2014-02-26,3,5672.0,819,0,0,5828
644,2014-02-26,3,7205.0,881,0,0,6599
645,2014-02-26,3,7406.0,1055,0,0,9744
646,2014-02-26,3,4250.0,668,0,0,1843
647,2014-02-26,3,4013.0,554,0,0,4482
648,2014-02-26,3,4363.0,468,0,0,5925
649,2014-02-26,3,2710.0,342,0,0,2592
650,2014-02-26,3,4720.0,567,0,0,3843
651,2014-02-26,3,8480.0,1111,0,0,6073
652,2014-02-26,3,4045.0,496,0,0,5340
653,2014-02-26,3,4945.0,495,0,0,5216
654,2014-02-26,3,5148.0,632,0,0,5467
655,2014-02-26,3,5900.0,571,0,0,6323
656,2014-02-26,3,2480.0,326,0,0,3747
657,2014-02-26,3,4715.0,674,0,0,4731
658,2014-02-26,3,4408.0,517,0,0,4099
659,2014-02-26,3,4186.0,603,0,0,3807
660,2014-02-26,3,3152.0,443,0,0,2787
661,2014-02-26,3,4966.0,474,0,0,6151
662,2014-02-26,3,5358.0,570,0,0,6150
663,2014-02-26,3,3776.0,589,0,0,4122
664,2014-02-26,3,3292.0,496,0,0,1278
665,2014-02-26,3,6397.0,1216,0,0,6134
666,2014-02-26,3,4374.0,480,0,0,5460
667,2014-02-26,3,5853.0,619,0,0,6983
668,2014-02-26,3,6687.0,1002,0,0,7476
669,2014-02-26,3,3728.0,340,0,0,3509
670,2014-02-26,3,4778.0,619,0,0,5286
671,2014-02-26,3,5268.0,551,0,0,4517
672,2014-02-26,3,6212.0,1096,0,0,6093
673,2014-02-26,3,4879.0,475,0,0,5207
674,2014-02-26,3,6754.0,983,0,0,9160
675,2014-02-26,3,2784.0,347,0,0,1886
676,2014-02-26,3,6148.0,1594,0,0,8749
677,2014-02-26,3,6159.0,538,0,0,7472
678,2014-02-26,3,4960.0,690,0,0,6322
679,2014-02-26,3,8018.0,971,0,0,8301
680,2014-02-26,3,3381.0,602,0,0,4636
681,2014-02-26,3,3295.0,505,0,0,3483
682,2014-02-26,3,9724.0,1644,0,0,9616
683,2014-02-26,3,7612.0,790,0,0,7391
684,2014-02-26,3,5925.0,497,0,0,5468
685,2014-02-26,3,5032.0,546,0,0,4886
686,2014-02-26,3,4978.0,679,0,0,4299
687,2014-02-26,3,7323.0,756,0,0,7988
688,2014-02-26,3,2667.0,303,0,0,3150
689,2014-02-26,3,5118.0,576,0,0,5950
690,2014-02-26,3,4824.0,765,0,0,5042
691,2014-02-26,3,7637.0,641,0,0,5984
692,2014-02-26,3,4917.0,657,0,0,5909
693,2014-02-26,3,3688.0,330,0,0,2974
694,2014-02-26,3,6254.0,723,0,0,5371
695,2014-02-26,3,4029.0,469,0,0,3854
696,2014-02-26,3,5634.0,854,0,0,7979
697,2014-02-26,3,8214.0,890,0,0,7679
698,2014-02-26,3,13492.0,1793,0,0,12951
699,2014-02-26,3,6126.0,831,0,0,4935
700,2014-02-26,3,3608.0,515,0,0,4462
701,2014-02-26,3,3767.0,503,0,0,7131
702,2014-02-26,3,2614.0,249,0,0,3286
703,2014-02-26,3,3195.0,389,0,0,1251
704,2014-02-26,3,8066.0,963,0,0,8222
705,2014-02-26,3,6315.0,885,0,0,5476
706,2014-02-26,3,4283.0,419,0,0,4751
707,2014-02-26,3,6285.0,769,0,0,6300
708,2014-02-26,3,2402.0,327,0,0,2406
709,2014-02-26,3,9544.0,1375,0,0,8671
710,2014-02-26,3,3401.0,281,0,0,3025
711,2014-02-26,3,5075.0,458,0,0,4077
712,2014-02-26,3,4712.0,505,0,0,4617
713,2014-02-26,3,7733.0,1130,0,0,9298
714,2014-02-26,3,3600.0,302,0,0,3186
715,2014-02-26,3,5480.0,694,0,0,5398
716,2014-02-26,3,3947.0,371,0,0,4122
717,2014-02-26,3,3597.0,457,0,0,4642
718,2014-02-26,3,6015.0,747,0,0,4259
719,2014-02-26,3,3499.0,306,0,0,4593
720,2014-02-26,3,5375.0,623,0,0,6282
721,2014-02-26,3,6035.0,662,0,0,4713
722,2014-02-26,3,7794.0,1353,0,0,7299
723,2014-02-26,3,4423.0,410,0,0,1505
724,2014-02-26,3,6383.0,679,0,0,5464
725,2014-02-26,3,4287.0,476,0,0,7033
726,2014-02-26,3,7153.0,769,0,0,8010
727,2014-02-26,3,3826.0,427,0,0,3136
728,2014-02-26,3,4296.0,416,0,0,3002
729,2014-02-26,3,7686.0,898,0,0,7387
730,2014-02-26,3,5773.0,820,0,0,6350
731,2014-02-26,3,7538.0,955,0,0,6836
732,2014-02-26,3,3615.0,477,0,0,4230
733,2014-02-26,3,15968.0,3690,0,0,14323
734,2014-02-26,3,5116.0,564,0,0,5366
735,2014-02-26,3,3261.0,388,0,0,3700
736,2014-02-26,3,3665.0,390,0,0,788
737,2014-02-26,3,4876.0,766,0,0,4237
738,2014-02-26,3,6990.0,632,0,0,5932
739,2014-02-26,3,6070.0,572,0,0,7768
740,2014-02-26,3,5141.0,433,0,0,5395
741,2014-02-26,3,5040.0,726,0,0,6096
742,2014-02-26,3,5443.0,674,0,0,6561
743,2014-02-26,3,2929.0,356,0,0,3065
744,2014-02-26,3,5905.0,712,0,0,3663
745,2014-02-26,3,5908.0,743,0,0,5548
746,2014-02-26,3,4426.0,423,0,0,4958
747,2014-02-26,3,5253.0,490,0,0,6176
748,2014-02-26,3,4991.0,445,0,0,2479
749,2014-02-26,3,4183.0,580,0,0,4391
750,2014-02-26,3,3375.0,324,0,0,3338
751,2014-02-26,3,3530.0,544,0,0,2835
752,2014-02-26,3,4159.0,423,0,0,4107
753,2014-02-26,3,6656.0,662,0,0,5070
754,2014-02-26,3,4534.0,659,0,0,6145
755,2014-02-26,3,7427.0,739,0,0,8269
756,2014-02-26,3,11583.0,1829,0,0,14552
757,2014-02-26,3,5077.0,493,0,0,3707
758,2014-02-26,3,4394.0,663,0,0,3661
759,2014-02-26,3,6099.0,772,0,0,5238
760,2014-02-26,3,6295.0,1075,0,0,4915
761,2014-02-26,3,7075.0,853,0,0,6422
762,2014-02-26,3,2950.0,305,0,0,1524
763,2014-02-26,3,4776.0,481,0,0,6260
764,2014-02-26,3,3786.0,489,0,0,2354
765,2014-02-26,3,7999.0,731,0,0,5459
766,2014-02-26,3,4434.0,388,0,0,4803
767,2014-02-26,3,4625.0,524,0,0,3174
768,2014-02-26,3,9775.0,1137,0,0,9577
769,2014-02-26,3,9127.0,2903,0,0,6559
770,2014-02-26,3,5626.0,732,0,0,3549
771,2014-02-26,3,5143.0,626,0,0,4951
772,2014-02-26,3,3197.0,465,0,0,2666
773,2014-02-26,3,4542.0,727,0,0,5362
774,2014-02-26,3,4287.0,609,0,0,3546
775,2014-02-26,3,6591.0,549,0,0,5650
776,2014-02-26,3,4439.0,539,0,0,3132
777,2014-02-26,3,3526.0,317,0,0,4034
778,2014-02-26,3,4193.0,670,0,0,3773
779,2014-02-26,3,4937.0,582,0,0,5149
780,2014-02-26,3,4484.0,599,0,0,4762
781,2014-02-26,3,3903.0,590,0,0,2376
782,2014-02-26,3,4179.0,445,0,0,3109
783,2014-02-26,3,4633.0,530,0,0,5301
784,2014-02-26,3,7396.0,908,0,0,6887
785,2014-02-26,3,4752.0,453,0,0,6613
786,2014-02-26,3,2465.0,457,0,0,3033
787,2014-02-26,3,7340.0,930,0,0,7436
788,2014-02-26,3,14740.0,1604,0,0,14819
789,2014-02-26,3,3081.0,466,0,0,2444
790,2014-02-26,3,5511.0,554,0,0,5555
791,2014-02-26,3,5826.0,702,0,0,6713
792,2014-02-26,3,6022.0,692,0,0,5117
793,2014-02-26,3,3049.0,330,0,0,3875
794,2014-02-26,3,2724.0,506,0,0,2294
795,2014-02-26,3,4268.0,485,0,0,3982
796,2014-02-26,3,5262.0,587,0,0,6346
797,2014-02-26,3,3078.0,330,0,0,3128
798,2014-02-26,3,5056.0,790,0,0,6180
799,2014-02-26,3,8544.0,807,0,0,8440
800,2014-02-26,3,5309.0,539,0,0,5345
801,2014-02-26,3,3110.0,316,0,0,4036
802,2014-02-26,3,4438.0,368,0,0,5194
803,2014-02-26,3,3401.0,340,0,0,3928
804,2014-02-26,3,4324.0,383,0,0,4756
805,2014-02-26,3,3806.0,409,0,0,3578
806,2014-02-26,3,5313.0,455,0,0,5903
807,2014-02-26,3,7233.0,826,0,0,7614
808,2014-02-26,3,5483.0,480,0,0,5850
809,2014-02-26,3,7491.0,783,0,0,7827
810,2014-02-26,3,4874.0,457,0,0,5570
811,2014-02-26,3,3151.0,600,0,0,2315
812,2014-02-26,3,4916.0,699,0,0,4903
813,2014-02-26,3,5365.0,624,0,0,5541
814,2014-02-26,3,6048.0,539,0,0,5828
815,2014-02-26,3,7456.0,829,0,0,6947
816,2014-02-26,3,4181.0,646,0,0,4455
817,2014-02-26,3,18600.0,2841,0,0,17273
818,2014-02-26,3,4339.0,504,0,0,5214
819,2014-02-26,3,4805.0,459,0,0,4166
820,2014-02-26,3,10390.0,1035,0,0,9599
821,2014-02-26,3,5937.0,802,0,0,5325
822,2014-02-26,3,5285.0,480,0,0,5875
823,2014-02-26,3,4371.0,487,0,0,4181
824,2014-02-26,3,5919.0,847,0,0,5490
825,2014-02-26,3,3393.0,445,0,0,3657
826,2014-02-26,3,8801.0,880,0,0,6845
827,2014-02-26,3,8779.0,1258,0,0,8948
828,2014-02-26,3,4392.0,578,0,0,4345
829,2014-02-26,3,4482.0,681,0,0,5107
830,2014-02-26,3,5431.0,541,0,0,5457
831,2014-02-26,3,11961.0,1687,0,0,10467
832,2014-02-26,3,4408.0,430,0,0,6332
833,2014-02-26,3,4306.0,495,0,0,4488
834,2014-02-26,3,4744.0,575,0,0,4014
835,2014-02-26,3,3776.0,543,0,0,2686
836,2014-02-26,3,4617.0,619,0,0,4675
837,2014-02-26,3,5244.0,658,0,0,6922
838,2014-02-26,3,6243.0,716,0,0,6264
839,2014-02-26,3,4568.0,652,0,0,5457
840,2014-02-26,3,6531.0,1047,0,0,5436
841,2014-02-26,3,2028.0,351,0,0,1603
842,2014-02-26,3,13658.0,930,0,0,15788
843,2014-02-26,3,6763.0,861,0,0,6726
844,2014-02-26,3,3069.0,418,0,0,3450
845,2014-02-26,3,4281.0,330,0,0,3801
846,2014-02-26,3,6360.0,701,0,0,7223
847,2014-02-26,3,6109.0,932,0,0,5335
848,2014-02-26,3,4789.0,640,0,0,4978
849,2014-02-26,3,6060.0,760,0,0,6659
850,2014-02-26,3,4269.0,517,0,0,5121
851,2014-02-26,3,4459.0,452,0,0,4161
852,2014-02-26,3,3839.0,550,0,0,4048
853,2014-02-26,3,7189.0,888,0,0,7580
854,2014-02-26,3,4376.0,541,0,0,5347
855,2014-02-26,3,4186.0,490,0,0,4796
856,2014-02-26,3,5065.0,812,0,0,7922
857,2014-02-26,3,5182.0,759,0,0,5406
858,2014-02-26,3,3996.0,407,0,0,3688
859,2014-02-26,3,5898.0,616,0,0,5228
860,2014-02-26,3,3966.0,575,0,0,5085
861,2014-02-26,3,3113.0,520,0,0,1265
862,2014-02-26,3,6912.0,996,0,0,6220
863,2014-02-26,3,6072.0,806,0,0,4357
864,2014-02-26,3,3446.0,536,0,0,3089
865,2014-02-26,3,8163.0,678,0,0,6948
866,2014-02-26,3,4713.0,336,0,0,5494
867,2014-02-26,3,3453.0,334,0,0,3442
868,2014-02-26,3,6445.0,523,0,0,7377
869,2014-02-26,3,4067.0,732,0,0,5498
870,2014-02-26,3,5925.0,811,0,0,5585
871,2014-02-26,3,4915.0,410,0,0,3939
872,2014-02-26,3,8821.0,978,0,0,6624
873,2014-02-26,3,3339.0,422,0,0,3488
874,2014-02-26,3,3332.0,416,0,0,3249
875,2014-02-26,3,4137.0,458,0,0,4335
876,2014-02-26,3,6593.0,834,0,0,6100
877,2014-02-26,3,5464.0,856,0,0,3897
878,2014-02-26,3,7239.0,753,0,0,6980
879,2014-02-26,3,2484.0,260,0,0,2919
880,2014-02-26,3,6224.0,756,0,0,6064
881,2014-02-26,3,3439.0,589,0,0,5290
882,2014-02-26,3,5705.0,815,0,0,4985
883,2014-02-26,3,4813.0,581,0,0,5047
884,2014-02-26,3,3938.0,417,0,0,3556
885,2014-02-26,3,4832.0,725,0,0,4723
886,2014-02-26,3,5648.0,705,0,0,3741
887,2014-02-26,3,4753.0,416,0,0,6840
888,2014-02-26,3,5338.0,570,0,0,5587
889,2014-02-26,3,2990.0,383,0,0,2236
890,2014-02-26,3,3686.0,337,0,0,4413
891,2014-02-26,3,6628.0,1011,0,0,5814
892,2014-02-26,3,4992.0,619,0,0,6507
893,2014-02-26,3,5790.0,844,0,0,4826
894,2014-02-26,3,6268.0,941,0,0,6788
895,2014-02-26,3,7765.0,779,0,0,7223
896,2014-02-26,3,5636.0,936,0,0,4721
897,2014-02-26,3,1933.0,247,0,0,5982
898,2014-02-26,3,4845.0,617,0,0,3628
899,2014-02-26,3,4029.0,485,0,0,4263
900,2014-02-26,3,4282.0,491,0,0,4455
901,2014-02-26,3,5596.0,545,0,0,6871
902,2014-02-26,3,4108.0,614,0,0,3006
903,2014-02-26,3,9132.0,716,0,0,9655
904,2014-02-26,3,3979.0,403,0,0,4756
905,2014-02-26,3,5831.0,950,0,0,10142
906,2014-02-26,3,7403.0,1045,0,0,7588
907,2014-02-26,3,5177.0,753,0,0,5110
908,2014-02-26,3,2632.0,290,0,0,3097
909,2014-02-26,3,7078.0,811,0,0,7728
910,2014-02-26,3,3646.0,432,0,0,2980
911,2014-02-26,3,7863.0,794,0,0,9518
912,2014-02-26,3,4447.0,645,0,0,3316
913,2014-02-26,3,6984.0,992,0,0,8012
914,2014-02-26,3,8070.0,1070,0,0,6802
915,2014-02-26,3,4259.0,375,0,0,5015
916,2014-02-26,3,4222.0,621,0,0,4678
917,2014-02-26,3,5864.0,760,0,0,4571
918,2014-02-26,3,3909.0,497,0,0,2510
919,2014-02-26,3,4297.0,633,0,0,4453
920,2014-02-26,3,4579.0,532,0,0,3705
921,2014-02-26,3,7285.0,962,0,0,7332
922,2014-02-26,3,6111.0,656,0,0,5348
923,2014-02-26,3,4399.0,571,0,0,4839
924,2014-02-26,3,3609.0,416,0,0,6118
925,2014-02-26,3,4781.0,1050,0,0,4849
926,2014-02-26,3,6397.0,548,0,0,4961
927,2014-02-26,3,4734.0,737,0,0,4493
928,2014-02-26,3,6360.0,581,0,0,6412
929,2014-02-26,3,4858.0,661,0,0,4645
930,2014-02-26,3,4503.0,861,0,0,5635
931,2014-02-26,3,2077.0,307,0,0,3374
932,2014-02-26,3,6669.0,725,0,0,6907
933,2014-02-26,3,5896.0,856,0,0,6716
934,2014-02-26,3,5062.0,599,0,0,2731
935,2014-02-26,3,4755.0,555,0,0,5164
936,2014-02-26,3,6180.0,866,0,0,6711
937,2014-02-26,3,4723.0,419,0,0,5202
938,2014-02-26,3,7021.0,796,0,0,8856
939,2014-02-26,3,5275.0,544,0,0,4942
940,2014-02-26,3,5148.0,622,0,0,4918
941,2014-02-26,3,3933.0,480,0,0,3806
942,2014-02-26,3,4297.0,350,0,0,3970
943,2014-02-26,3,5553.0,486,0,0,5479
944,2014-02-26,3,5552.0,992,0,0,5338
945,2014-02-26,3,3726.0,512,0,0,4238
946,2014-02-26,3,2812.0,422,0,0,3308
948,2014-02-26,3,6313.0,1670,0,0,8077
949,2014-02-26,3,3945.0,448,0,0,3024
950,2014-02-26,3,4189.0,523,0,0,6300
951,2014-02-26,3,5273.0,587,0,0,6038
952,2014-02-26,3,5146.0,464,0,0,4706
953,2014-02-26,3,3797.0,466,0,0,3539
954,2014-02-26,3,5564.0,878,0,0,5409
955,2014-02-26,3,5235.0,526,0,0,3884
956,2014-02-26,3,3426.0,551,0,0,2514
957,2014-02-26,3,6621.0,827,0,0,5464
958,2014-02-26,3,3275.0,507,0,0,3505
959,2014-02-26,3,5539.0,670,0,0,5013
960,2014-02-26,3,4456.0,419,0,0,5768
961,2014-02-26,3,5206.0,609,0,0,6481
962,2014-02-26,3,5033.0,757,0,0,5136
963,2014-02-26,3,7782.0,832,0,0,9323
964,2014-02-26,3,6595.0,1096,0,0,8160
965,2014-02-26,3,6513.0,809,0,0,6473
966,2014-02-26,3,4833.0,635,0,0,4063
967,2014-02-26,3,6588.0,802,0,0,5651
968,2014-02-26,3,5666.0,741,0,0,5439
969,2014-02-26,3,2971.0,593,0,0,3221
970,2014-02-26,3,3124.0,427,0,0,2719
971,2014-02-26,3,5948.0,752,0,0,5817
972,2014-02-26,3,2404.0,335,0,0,2835
973,2014-02-26,3,4775.0,677,0,0,4250
974,2014-02-26,3,10287.0,1499,0,0,8900
975,2014-02-26,3,5733.0,690,0,0,6561
976,2014-02-26,3,5345.0,653,0,0,5544
977,2014-02-26,3,3382.0,399,0,0,2791
978,2014-02-26,3,5449.0,862,0,0,4284
979,2014-02-26,3,3827.0,497,0,0,5016
980,2014-02-26,3,6729.0,603,0,0,5177
981,2014-02-26,3,5509.0,583,0,0,5608
982,2014-02-26,3,5157.0,496,0,0,5532
983,2014-02-26,3,9389.0,1369,0,0,9558
984,2014-02-26,3,4362.0,644,0,0,4703
985,2014-02-26,3,4947.0,581,0,0,5878
986,2014-02-26,3,4481.0,699,0,0,4902
987,2014-02-26,3,5030.0,773,0,0,4977
988,2014-02-26,3,3850.0,663,0,0,5656
989,2014-02-26,3,4622.0,566,0,0,3475
990,2014-02-26,3,3887.0,393,0,0,4595
991,2014-02-26,3,5023.0,506,0,0,3977
992,2014-02-26,3,5699.0,764,0,0,4735
993,2014-02-26,3,4502.0,530,0,0,4140
994,2014-02-26,3,3344.0,381,0,0,3446
995,2014-02-26,3,7144.0,653,0,0,7114
996,2014-02-26,3,4398.0,532,0,0,4985
997,2014-02-26,3,3504.0,332,0,0,5433
998,2014-02-26,3,2846.0,419,0,0,3280
999,2014-02-26,3,6017.0,476,0,0,7707
1000,2014-02-26,3,6054.0,624,0,0,9090
1001,2014-02-26,3,3333.0,448,0,0,5276
1002,2014-02-26,3,4555.0,561,0,0,2757
1003,2014-02-26,3,6019.0,732,0,0,6117
1004,2014-02-26,3,3596.0,344,0,0,1997
1005,2014-02-26,3,4666.0,729,0,0,5194
1006,2014-02-26,3,4400.0,677,0,0,4712
1007,2014-02-26,3,4302.0,632,0,0,6077
1008,2014-02-26,3,3775.0,568,0,0,3816
1009,2014-02-26,3,3877.0,433,0,0,3615
1010,2014-02-26,3,5917.0,619,0,0,6930
1011,2014-02-26,3,5564.0,791,0,0,7064
1012,2014-02-26,3,4652.0,449,0,0,4063
1013,2014-02-26,3,3501.0,445,0,0,3745
1014,2014-02-26,3,9504.0,1141,0,0,8954
1015,2014-02-26,3,5106.0,475,0,0,5153
1016,2014-02-26,3,3897.0,459,0,0,3918
1017,2014-02-26,3,5740.0,908,0,0,4825
1018,2014-02-26,3,8475.0,1136,0,0,9101
1019,2014-02-26,3,5884.0,600,0,0,6651
1020,2014-02-26,3,6669.0,910,0,0,4799
1021,2014-02-26,3,6516.0,885,0,0,4450
1022,2014-02-26,3,5002.0,699,0,0,5447
1023,2014-02-26,3,4560.0,521,0,0,4529
1024,2014-02-26,3,4654.0,646,0,0,5651
1025,2014-02-26,3,6345.0,774,0,0,6150
1026,2014-02-26,3,8458.0,1125,0,0,8035
1027,2014-02-26,3,8548.0,1336,0,0,11867
1028,2014-02-26,3,3318.0,448,0,0,3975
1029,2014-02-26,3,4233.0,739,0,0,4817
1030,2014-02-26,3,2107.0,228,0,0,504
1031,2014-02-26,3,3617.0,362,0,0,4186
1032,2014-02-26,3,6272.0,734,0,0,6784
1033,2014-02-26,3,11025.0,1145,0,0,11071
1034,2014-02-26,3,4585.0,593,0,0,4254
1035,2014-02-26,3,3350.0,437,0,0,648
1036,2014-02-26,3,4621.0,455,0,0,2985
1037,2014-02-26,3,5328.0,780,0,0,6968
1038,2014-02-26,3,3858.0,383,0,0,4462
1039,2014-02-26,3,7546.0,1034,0,0,7631
1040,2014-02-26,3,7335.0,893,0,0,6330
1041,2014-02-26,3,4535.0,586,0,0,3038
1042,2014-02-26,3,3670.0,486,0,0,3426
1043,2014-02-26,3,5535.0,861,0,0,8126
1044,2014-02-26,3,4856.0,714,0,0,5986
1045,2014-02-26,3,5580.0,724,0,0,4536
1046,2014-02-26,3,5586.0,492,0,0,3980
1047,2014-02-26,3,4447.0,539,0,0,4010
1048,2014-02-26,3,5042.0,421,0,0,5438
1049,2014-02-26,3,3234.0,608,0,0,2240
1050,2014-02-26,3,6491.0,503,0,0,5512
1051,2014-02-26,3,5422.0,920,0,0,5710
1052,2014-02-26,3,6271.0,756,0,0,6474
1053,2014-02-26,3,7309.0,894,0,0,6996
1054,2014-02-26,3,4900.0,555,0,0,5498
1055,2014-02-26,3,5273.0,804,0,0,8370
1056,2014-02-26,3,2739.0,303,0,0,5113
1057,2014-02-26,3,4067.0,490,0,0,4049
1058,2014-02-26,3,7272.0,804,0,0,5121
1059,2014-02-26,3,6322.0,973,0,0,6835
1060,2014-02-26,3,6317.0,831,0,0,6372
1061,2014-02-26,3,5995.0,517,0,0,5578
1062,2014-02-26,3,4634.0,484,0,0,4381
1063,2014-02-26,3,3056.0,448,0,0,2979
1064,2014-02-26,3,8563.0,1090,0,0,7821
1065,2014-02-26,3,3730.0,507,0,0,4249
1066,2014-02-26,3,11315.0,1197,0,0,9202
1067,2014-02-26,3,4498.0,411,0,0,4910
1068,2014-02-26,3,3326.0,239,0,0,3581
1069,2014-02-26,3,5665.0,922,0,0,5883
1070,2014-02-26,3,5093.0,675,0,0,5929
1071,2014-02-26,3,5011.0,634,0,0,4844
1072,2014-02-26,3,6641.0,711,0,0,5073
1073,2014-02-26,3,5867.0,870,0,0,4051
1074,2014-02-26,3,3496.0,430,0,0,3168
1075,2014-02-26,3,9627.0,1030,0,0,7977
1076,2014-02-26,3,2698.0,482,0,0,4474
1077,2014-02-26,3,3580.0,450,0,0,2601
1078,2014-02-26,3,4556.0,415,0,0,4756
1079,2014-02-26,3,5918.0,560,0,0,6236
1080,2014-02-26,3,8319.0,733,0,0,8330
1081,2014-02-26,3,6109.0,1031,0,0,5146
1082,2014-02-26,3,5412.0,885,0,0,6246
1083,2014-02-26,3,3821.0,306,0,0,4048
1084,2014-02-26,3,4218.0,646,0,0,4269
1085,2014-02-26,3,5459.0,661,0,0,6974
1086,2014-02-26,3,4711.0,635,0,0,5611
1087,2014-02-26,3,4542.0,487,0,0,4878
1088,2014-02-26,3,5789.0,611,0,0,4117
1089,2014-02-26,3,9350.0,1025,0,0,8323
1090,2014-02-26,3,5400.0,811,0,0,5030
1091,2014-02-26,3,5960.0,559,0,0,4918
1092,2014-02-26,3,10603.0,1102,0,0,10130
1093,2014-02-26,3,6333.0,710,0,0,6294
1094,2014-02-26,3,3448.0,330,0,0,3757
1095,2014-02-26,3,4034.0,609,0,0,3210
1096,2014-02-26,3,3631.0,535,0,0,5194
1097,2014-02-26,3,8833.0,2348,0,0,8336
1098,2014-02-26,3,4062.0,646,0,0,3700
1099,2014-02-26,3,5460.0,718,0,0,6319
1100,2014-02-26,3,3637.0,534,0,0,3846
1101,2014-02-26,3,6639.0,812,0,0,6332
1102,2014-02-26,3,6643.0,727,0,0,6376
1103,2014-02-26,3,3582.0,314,0,0,3114
1104,2014-02-26,3,3787.0,336,0,0,3892
1105,2014-02-26,3,3142.0,405,0,0,3051
1106,2014-02-26,3,3976.0,510,0,0,3867
1107,2014-02-26,3,3860.0,504,0,0,3699
1108,2014-02-26,3,3836.0,501,0,0,4825
1109,2014-02-26,3,4372.0,438,0,0,4602
1110,2014-02-26,3,2505.0,401,0,0,4092
1111,2014-02-26,3,4516.0,446,0,0,3513
1112,2014-02-26,3,6613.0,654,0,0,6889
1113,2014-02-26,3,5022.0,630,0,0,6556
1114,2014-02-26,3,17170.0,2807,0,0,16478
1115,2014-02-26,3,4259.0,342,0,0,3231
1,2014-02-19,3,4935.0,547,1,1,4287
2,2014-02-19,3,6419.0,774,1,1,5260
3,2014-02-19,3,8156.0,812,1,1,7744
4,2014-02-19,3,9010.0,1278,1,1,10194
5,2014-02-19,3,5307.0,603,1,1,4976
6,2014-02-19,3,5552.0,646,1,1,5531
7,2014-02-19,3,7834.0,855,1,1,9896
8,2014-02-19,3,5299.0,631,1,1,7002
9,2014-02-19,3,6526.0,560,1,1,6355
10,2014-02-19,3,5561.0,600,1,1,5300
11,2014-02-19,3,7587.0,1106,1,1,7879
12,2014-02-19,3,7975.0,911,1,1,7761
13,2014-02-19,3,5254.0,377,1,1,5320
14,2014-02-19,3,6511.0,695,1,1,5896
15,2014-02-19,3,6976.0,611,1,1,7365
16,2014-02-19,3,8806.0,982,1,1,8574
17,2014-02-19,3,6823.0,833,1,1,6025
18,2014-02-19,3,6948.0,756,1,1,7119
19,2014-02-19,3,6412.0,652,1,1,6197
20,2014-02-19,3,8108.0,899,1,1,9425
21,2014-02-19,3,5669.0,522,1,1,5669
22,2014-02-19,3,4140.0,446,1,1,4819
23,2014-02-19,3,5731.0,452,1,1,5731
24,2014-02-19,3,9249.0,858,1,1,11242
25,2014-02-19,3,16406.0,2105,1,1,16062
26,2014-02-19,3,6175.0,494,1,1,7666
27,2014-02-19,3,9354.0,997,1,1,9822
28,2014-02-19,3,6141.0,668,1,1,6587
29,2014-02-19,3,6712.0,604,1,1,7638
30,2014-02-19,3,5192.0,825,1,1,5663
31,2014-02-19,3,5859.0,576,1,1,7002
32,2014-02-19,3,4697.0,526,1,1,3718
33,2014-02-19,3,8511.0,809,1,1,7896
34,2014-02-19,3,8188.0,986,1,1,7321
35,2014-02-19,3,9519.0,722,1,1,10321
36,2014-02-19,3,9112.0,1095,1,1,10477
37,2014-02-19,3,5717.0,595,1,1,7342
38,2014-02-19,3,6061.0,566,1,1,6851
39,2014-02-19,3,5653.0,721,1,1,6756
40,2014-02-19,3,4395.0,592,1,1,5422
41,2014-02-19,3,5296.0,383,1,1,5665
42,2014-02-19,3,11478.0,1247,1,1,10713
43,2014-02-19,3,7345.0,627,1,1,7603
44,2014-02-19,3,5921.0,700,1,1,7931
45,2014-02-19,3,5303.0,374,1,1,5633
46,2014-02-19,3,5448.0,651,1,1,5409
47,2014-02-19,3,7603.0,962,1,1,6257
48,2014-02-19,3,3826.0,440,1,1,4643
49,2014-02-19,3,7135.0,474,1,1,6755
50,2014-02-19,3,4282.0,341,1,1,4802
51,2014-02-19,3,5851.0,416,1,1,6507
52,2014-02-19,3,8165.0,539,1,1,8617
53,2014-02-19,3,5281.0,549,1,1,6965
54,2014-02-19,3,8101.0,741,1,1,8057
55,2014-02-19,3,5097.0,595,1,1,3276
56,2014-02-19,3,5332.0,393,1,1,6315
57,2014-02-19,3,10951.0,1046,1,1,11722
58,2014-02-19,3,6073.0,485,1,1,7253
59,2014-02-19,3,5801.0,610,1,1,8949
60,2014-02-19,3,8932.0,811,1,1,10170
61,2014-02-19,3,4944.0,592,1,1,4250
62,2014-02-19,3,7161.0,791,1,1,6939
63,2014-02-19,3,6829.0,609,1,1,7030
64,2014-02-19,3,10463.0,743,1,1,10020
65,2014-02-19,3,5102.0,435,1,1,4998
66,2014-02-19,3,5930.0,477,1,1,6265
67,2014-02-19,3,8936.0,902,1,1,3970
68,2014-02-19,3,6679.0,1048,1,1,6840
69,2014-02-19,3,8926.0,1150,1,1,9504
70,2014-02-19,3,7151.0,683,1,1,6495
71,2014-02-19,3,8585.0,684,1,1,9527
72,2014-02-19,3,4870.0,513,1,1,4510
73,2014-02-19,3,4827.0,527,1,1,6131
74,2014-02-19,3,6664.0,893,1,1,7504
75,2014-02-19,3,5059.0,535,1,1,5200
76,2014-02-19,3,7774.0,834,1,1,6106
77,2014-02-19,3,6527.0,599,1,1,3470
78,2014-02-19,3,3716.0,488,1,1,3564
79,2014-02-19,3,5932.0,617,1,1,6238
80,2014-02-19,3,7006.0,525,1,1,8653
81,2014-02-19,3,5998.0,496,1,1,6949
82,2014-02-19,3,9366.0,865,1,1,10049
83,2014-02-19,3,3836.0,335,1,1,3975
84,2014-02-19,3,13803.0,1479,1,1,14106
85,2014-02-19,3,6238.0,866,1,1,7066
86,2014-02-19,3,5392.0,630,1,1,5498
87,2014-02-19,3,6488.0,817,1,1,5037
88,2014-02-19,3,7034.0,737,1,1,7917
89,2014-02-19,3,6361.0,634,1,1,6704
90,2014-02-19,3,8795.0,1051,1,1,8461
91,2014-02-19,3,6685.0,759,1,1,7166
92,2014-02-19,3,6103.0,537,1,1,6758
93,2014-02-19,3,5946.0,588,1,1,5833
94,2014-02-19,3,7119.0,614,1,1,7256
95,2014-02-19,3,7558.0,801,1,1,9097
96,2014-02-19,3,5887.0,617,1,1,4908
97,2014-02-19,3,6710.0,665,1,1,6612
98,2014-02-19,3,4868.0,416,1,1,7355
99,2014-02-19,3,5707.0,482,1,1,6119
100,2014-02-19,3,6646.0,582,1,1,8266
101,2014-02-19,3,8045.0,767,1,1,8033
102,2014-02-19,3,7764.0,1089,1,1,8133
103,2014-02-19,3,4449.0,424,1,1,4054
104,2014-02-19,3,9662.0,1248,1,1,9050
105,2014-02-19,3,4347.0,544,1,1,5184
106,2014-02-19,3,8946.0,876,1,1,7953
107,2014-02-19,3,7239.0,900,1,1,7196
108,2014-02-19,3,9766.0,757,1,1,10495
109,2014-02-19,3,6369.0,713,1,1,6678
110,2014-02-19,3,4215.0,562,1,1,3863
111,2014-02-19,3,7309.0,589,1,1,8409
112,2014-02-19,3,6362.0,737,1,1,7471
113,2014-02-19,3,8657.0,791,1,1,7284
114,2014-02-19,3,5946.0,621,1,1,5902
115,2014-02-19,3,6342.0,495,1,1,8513
116,2014-02-19,3,7236.0,752,1,1,7247
117,2014-02-19,3,4022.0,506,1,1,4843
118,2014-02-19,3,7812.0,644,1,1,8425
119,2014-02-19,3,6177.0,673,1,1,7117
120,2014-02-19,3,7709.0,655,1,1,7906
121,2014-02-19,3,4146.0,468,1,1,4224
122,2014-02-19,3,5210.0,648,1,1,6978
123,2014-02-19,3,10229.0,1147,1,1,9937
124,2014-02-19,3,3960.0,492,1,1,4239
125,2014-02-19,3,10755.0,1482,1,1,13628
126,2014-02-19,3,6218.0,551,1,1,7953
127,2014-02-19,3,5711.0,674,1,1,5448
128,2014-02-19,3,7874.0,631,1,1,8128
129,2014-02-19,3,8951.0,1059,1,1,8783
130,2014-02-19,3,5638.0,619,1,1,7126
131,2014-02-19,3,5525.0,580,1,1,6194
132,2014-02-19,3,5638.0,544,1,1,7473
133,2014-02-19,3,5853.0,717,1,1,6471
134,2014-02-19,3,4949.0,520,1,1,4772
135,2014-02-19,3,5439.0,488,1,1,5568
136,2014-02-19,3,6966.0,498,1,1,6392
137,2014-02-19,3,6767.0,811,1,1,8018
138,2014-02-19,3,7414.0,710,1,1,7865
139,2014-02-19,3,6681.0,512,1,1,5863
140,2014-02-19,3,7690.0,996,1,1,7226
141,2014-02-19,3,6202.0,635,1,1,4585
142,2014-02-19,3,4934.0,603,1,1,5141
143,2014-02-19,3,6188.0,550,1,1,6931
144,2014-02-19,3,7505.0,665,1,1,8252
145,2014-02-19,3,9071.0,1220,1,1,10987
146,2014-02-19,3,8185.0,681,1,1,7885
147,2014-02-19,3,8403.0,869,1,1,8623
148,2014-02-19,3,8849.0,817,1,1,9188
149,2014-02-19,3,5940.0,478,1,1,6186
150,2014-02-19,3,8638.0,811,1,1,8349
151,2014-02-19,3,6703.0,647,1,1,6794
152,2014-02-19,3,6857.0,739,1,1,5126
153,2014-02-19,3,9960.0,747,1,1,6848
154,2014-02-19,3,8526.0,706,1,1,8629
155,2014-02-19,3,6849.0,620,1,1,6914
156,2014-02-19,3,7684.0,758,1,1,8526
157,2014-02-19,3,10102.0,989,1,1,11233
158,2014-02-19,3,8073.0,521,1,1,7663
159,2014-02-19,3,7670.0,684,1,1,7271
160,2014-02-19,3,6130.0,526,1,1,6342
161,2014-02-19,3,6801.0,797,1,1,8009
162,2014-02-19,3,8072.0,551,1,1,8478
163,2014-02-19,3,6907.0,850,1,1,7633
164,2014-02-19,3,6338.0,666,1,1,5945
165,2014-02-19,3,4280.0,410,1,1,4731
166,2014-02-19,3,5676.0,748,1,1,6337
167,2014-02-19,3,10762.0,1150,1,1,9908
168,2014-02-19,3,8202.0,777,1,1,8618
169,2014-02-19,3,7479.0,694,1,1,7317
170,2014-02-19,3,4921.0,554,1,1,5653
171,2014-02-19,3,8756.0,901,1,1,8792
172,2014-02-19,3,6776.0,817,1,1,6565
173,2014-02-19,3,8239.0,1044,1,1,8824
174,2014-02-19,3,5579.0,445,1,1,5607
175,2014-02-19,3,5286.0,615,1,1,7106
176,2014-02-19,3,5239.0,683,1,1,5134
177,2014-02-19,3,4730.0,576,1,1,4290
178,2014-02-19,3,10101.0,925,1,1,10640
179,2014-02-19,3,7221.0,942,1,1,7774
180,2014-02-19,3,7072.0,821,1,1,6368
181,2014-02-19,3,7671.0,748,1,1,7718
182,2014-02-19,3,5598.0,426,1,1,5443
183,2014-02-19,3,4583.0,548,1,1,4937
184,2014-02-19,3,6905.0,603,1,1,6743
185,2014-02-19,3,7647.0,582,1,1,7538
186,2014-02-19,3,3880.0,399,1,1,5370
187,2014-02-19,3,6104.0,720,1,1,7082
188,2014-02-19,3,5379.0,452,1,1,4818
189,2014-02-19,3,9650.0,859,1,1,9627
190,2014-02-19,3,7600.0,655,1,1,6480
191,2014-02-19,3,5626.0,584,1,1,6261
192,2014-02-19,3,6708.0,488,1,1,7952
193,2014-02-19,3,6985.0,971,1,1,6475
194,2014-02-19,3,4683.0,408,1,1,6943
195,2014-02-19,3,11511.0,1362,1,1,12630
196,2014-02-19,3,4696.0,646,1,1,5536
197,2014-02-19,3,6848.0,841,1,1,9323
198,2014-02-19,3,3442.0,356,1,1,3348
199,2014-02-19,3,8037.0,638,1,1,6841
200,2014-02-19,3,8065.0,1010,1,1,6819
201,2014-02-19,3,4781.0,403,1,1,5815
202,2014-02-19,3,6298.0,487,1,1,6207
203,2014-02-19,3,7730.0,1004,1,1,6581
204,2014-02-19,3,6078.0,560,1,1,6564
205,2014-02-19,3,7019.0,918,1,1,6914
206,2014-02-19,3,6862.0,779,1,1,5153
207,2014-02-19,3,10637.0,1245,1,1,11205
208,2014-02-19,3,2649.0,376,1,1,4007
209,2014-02-19,3,5684.0,546,1,1,6234
210,2014-02-19,3,3234.0,344,1,1,2590
211,2014-02-19,3,12886.0,1511,1,1,13808
212,2014-02-19,3,5134.0,491,1,1,5106
213,2014-02-19,3,9342.0,726,1,1,10272
214,2014-02-19,3,9200.0,650,1,1,9354
215,2014-02-19,3,6679.0,504,1,1,6443
216,2014-02-19,3,7220.0,850,1,1,6846
217,2014-02-19,3,4605.0,641,1,1,4677
218,2014-02-19,3,5745.0,773,1,1,6161
219,2014-02-19,3,3237.0,427,1,1,1423
220,2014-02-19,3,5841.0,749,1,1,5741
221,2014-02-19,3,5311.0,502,1,1,6642
222,2014-02-19,3,5145.0,589,1,1,3843
223,2014-02-19,3,8160.0,812,1,1,8324
224,2014-02-19,3,7129.0,477,1,1,6381
225,2014-02-19,3,4805.0,510,1,1,5447
226,2014-02-19,3,8225.0,786,1,1,6745
227,2014-02-19,3,6340.0,603,1,1,7171
228,2014-02-19,3,7871.0,599,1,1,9139
229,2014-02-19,3,8397.0,705,1,1,9059
230,2014-02-19,3,7097.0,865,1,1,5357
231,2014-02-19,3,4758.0,374,1,1,4497
232,2014-02-19,3,2809.0,275,1,1,2086
233,2014-02-19,3,9523.0,1066,1,1,10195
234,2014-02-19,3,11837.0,1095,1,1,10800
235,2014-02-19,3,7538.0,556,1,1,6493
236,2014-02-19,3,7566.0,923,1,1,12868
237,2014-02-19,3,4230.0,560,1,1,5391
238,2014-02-19,3,8040.0,1136,1,1,7906
239,2014-02-19,3,4406.0,441,1,1,5409
240,2014-02-19,3,5307.0,496,1,1,6323
241,2014-02-19,3,5686.0,671,1,1,7620
242,2014-02-19,3,4261.0,357,1,1,4955
243,2014-02-19,3,7643.0,969,1,1,5778
244,2014-02-19,3,5548.0,512,1,1,5112
245,2014-02-19,3,9771.0,1160,1,1,9651
246,2014-02-19,3,6662.0,889,1,1,7650
247,2014-02-19,3,8631.0,682,1,1,8261
248,2014-02-19,3,7448.0,981,1,1,8497
249,2014-02-19,3,5255.0,519,1,1,4123
250,2014-02-19,3,8878.0,676,1,1,9006
251,2014-02-19,3,18443.0,2374,1,1,20618
252,2014-02-19,3,11362.0,816,1,1,11305
253,2014-02-19,3,6231.0,721,1,1,6464
254,2014-02-19,3,3281.0,272,1,1,2915
255,2014-02-19,3,6524.0,666,1,1,7053
256,2014-02-19,3,9677.0,1265,1,1,10617
257,2014-02-19,3,5317.0,630,1,1,5158
258,2014-02-19,3,4798.0,403,1,1,5586
259,2014-02-19,3,13307.0,2452,1,1,13049
260,2014-02-19,3,6578.0,921,1,1,5604
261,2014-02-19,3,13524.0,914,1,1,14476
262,2014-02-19,3,18667.0,2957,1,1,19844
263,2014-02-19,3,2809.0,322,1,1,3547
264,2014-02-19,3,7664.0,1031,1,1,6809
265,2014-02-19,3,4783.0,517,1,1,5282
266,2014-02-19,3,4464.0,559,1,1,6524
267,2014-02-19,3,8400.0,959,1,1,8642
268,2014-02-19,3,5806.0,687,1,1,4236
269,2014-02-19,3,10715.0,1338,1,1,10223
270,2014-02-19,3,9230.0,1188,1,1,9798
271,2014-02-19,3,9712.0,919,1,1,9064
272,2014-02-19,3,7160.0,684,1,1,7709
273,2014-02-19,3,7237.0,711,1,1,9398
274,2014-02-19,3,3358.0,883,1,1,4780
275,2014-02-19,3,7806.0,789,1,1,8933
276,2014-02-19,3,4460.0,527,1,1,3852
277,2014-02-19,3,6620.0,500,1,1,7108
278,2014-02-19,3,6755.0,743,1,1,8785
279,2014-02-19,3,9005.0,656,1,1,9243
280,2014-02-19,3,5818.0,465,1,1,5272
281,2014-02-19,3,6169.0,530,1,1,5529
282,2014-02-19,3,4901.0,720,1,1,4319
283,2014-02-19,3,6254.0,654,1,1,7321
284,2014-02-19,3,6202.0,460,1,1,5165
285,2014-02-19,3,5637.0,496,1,1,6770
286,2014-02-19,3,5460.0,437,1,1,5397
287,2014-02-19,3,7320.0,749,1,1,7179
288,2014-02-19,3,5327.0,381,1,1,7745
289,2014-02-19,3,7062.0,568,1,1,7165
290,2014-02-19,3,6807.0,693,1,1,9016
291,2014-02-19,3,8403.0,855,1,1,5595
292,2014-02-19,3,6153.0,754,1,1,5990
293,2014-02-19,3,6508.0,837,1,1,6399
294,2014-02-19,3,6879.0,930,1,1,4966
295,2014-02-19,3,5573.0,699,1,1,5693
296,2014-02-19,3,7871.0,803,1,1,8077
297,2014-02-19,3,7721.0,773,1,1,8975
298,2014-02-19,3,7750.0,603,1,1,7917
299,2014-02-19,3,4323.0,506,1,1,5909
300,2014-02-19,3,7087.0,871,1,1,8201
301,2014-02-19,3,5447.0,574,1,1,4683
302,2014-02-19,3,3767.0,316,1,1,3261
303,2014-02-19,3,6039.0,662,1,1,6378
304,2014-02-19,3,7562.0,1083,1,1,7211
305,2014-02-19,3,6209.0,530,1,1,8240
306,2014-02-19,3,3853.0,418,1,1,5005
307,2014-02-19,3,2930.0,294,1,1,2197
308,2014-02-19,3,9654.0,926,1,1,8858
309,2014-02-19,3,7841.0,584,1,1,7433
310,2014-02-19,3,8257.0,693,1,1,9576
311,2014-02-19,3,7162.0,942,1,1,7309
312,2014-02-19,3,6001.0,528,1,1,3998
313,2014-02-19,3,6929.0,642,1,1,6326
314,2014-02-19,3,5772.0,603,1,1,6017
315,2014-02-19,3,4279.0,464,1,1,5482
316,2014-02-19,3,10072.0,834,1,1,9742
317,2014-02-19,3,4934.0,544,1,1,5631
318,2014-02-19,3,8249.0,659,1,1,8252
319,2014-02-19,3,8112.0,791,1,1,5466
320,2014-02-19,3,13044.0,1889,1,1,15659
321,2014-02-19,3,5413.0,517,1,1,5658
322,2014-02-19,3,5530.0,565,1,1,5327
323,2014-02-19,3,6966.0,591,1,1,5642
324,2014-02-19,3,6204.0,753,1,1,4249
325,2014-02-19,3,7088.0,656,1,1,6275
326,2014-02-19,3,4321.0,373,1,1,4969
327,2014-02-19,3,7424.0,907,1,1,8820
328,2014-02-19,3,4525.0,543,1,1,4635
329,2014-02-19,3,7553.0,645,1,1,6810
330,2014-02-19,3,4234.0,445,1,1,4019
331,2014-02-19,3,7575.0,989,1,1,7169
332,2014-02-19,3,4331.0,577,1,1,3434
333,2014-02-19,3,9363.0,1244,1,1,9690
334,2014-02-19,3,4914.0,523,1,1,6668
335,2014-02-19,3,17227.0,3075,1,1,15835
336,2014-02-19,3,16116.0,2153,1,1,15577
337,2014-02-19,3,5246.0,365,1,1,4704
338,2014-02-19,3,8164.0,625,1,1,8278
339,2014-02-19,3,5368.0,659,1,1,4907
340,2014-02-19,3,6537.0,703,1,1,6624
341,2014-02-19,3,5722.0,768,1,1,6153
342,2014-02-19,3,9534.0,734,1,1,11512
343,2014-02-19,3,7047.0,651,1,1,8689
344,2014-02-19,3,8596.0,1170,1,1,9319
345,2014-02-19,3,4693.0,494,1,1,5165
346,2014-02-19,3,7796.0,650,1,1,7507
347,2014-02-19,3,4455.0,372,1,1,5477
348,2014-02-19,3,8936.0,703,1,1,9074
349,2014-02-19,3,7315.0,780,1,1,7483
350,2014-02-19,3,6734.0,481,1,1,7403
351,2014-02-19,3,5747.0,473,1,1,7131
352,2014-02-19,3,6246.0,591,1,1,6919
353,2014-02-19,3,5310.0,1459,1,1,5786
354,2014-02-19,3,7949.0,677,1,1,8757
355,2014-02-19,3,8199.0,979,1,1,8733
356,2014-02-19,3,6098.0,434,1,1,5762
357,2014-02-19,3,7675.0,1017,1,1,8968
358,2014-02-19,3,10052.0,1117,1,1,11287
359,2014-02-19,3,6718.0,568,1,1,7726
360,2014-02-19,3,7169.0,785,1,1,6458
361,2014-02-19,3,6144.0,618,1,1,7161
362,2014-02-19,3,9335.0,1125,1,1,8682
363,2014-02-19,3,6856.0,887,1,1,7851
364,2014-02-19,3,4178.0,571,1,1,5379
365,2014-02-19,3,6200.0,607,1,1,5642
366,2014-02-19,3,6887.0,633,1,1,6495
367,2014-02-19,3,5803.0,562,1,1,6559
368,2014-02-19,3,11168.0,794,1,1,11476
369,2014-02-19,3,6354.0,542,1,1,7103
370,2014-02-19,3,7341.0,576,1,1,8224
371,2014-02-19,3,7146.0,544,1,1,8171
372,2014-02-19,3,8375.0,734,1,1,9156
373,2014-02-19,3,4398.0,314,1,1,5425
374,2014-02-19,3,7490.0,890,1,1,11272
375,2014-02-19,3,10089.0,764,1,1,9859
376,2014-02-19,3,8111.0,920,1,1,9973
377,2014-02-19,3,7184.0,860,1,1,7993
378,2014-02-19,3,5972.0,899,1,1,6039
379,2014-02-19,3,3806.0,444,1,1,5467
380,2014-02-19,3,14721.0,1438,1,1,14633
381,2014-02-19,3,9706.0,1074,1,1,10354
382,2014-02-19,3,8283.0,646,1,1,8092
383,2014-02-19,3,17861.0,2264,1,1,16495
384,2014-02-19,3,9002.0,1008,1,1,8606
385,2014-02-19,3,8413.0,721,1,1,8631
386,2014-02-19,3,9920.0,711,1,1,10526
387,2014-02-19,3,10984.0,1260,1,1,9805
388,2014-02-19,3,10844.0,1130,1,1,10208
389,2014-02-19,3,11711.0,1340,1,1,11690
390,2014-02-19,3,13931.0,1236,1,1,12545
391,2014-02-19,3,5871.0,699,1,1,7187
392,2014-02-19,3,8017.0,748,1,1,6667
393,2014-02-19,3,6106.0,624,1,1,5817
394,2014-02-19,3,7981.0,603,1,1,9571
395,2014-02-19,3,3789.0,536,1,1,4176
396,2014-02-19,3,10147.0,1089,1,1,10428
397,2014-02-19,3,5245.0,712,1,1,4282
398,2014-02-19,3,5705.0,601,1,1,6542
399,2014-02-19,3,5171.0,524,1,1,6032
400,2014-02-19,3,9683.0,1313,1,1,9635
401,2014-02-19,3,7309.0,645,1,1,7249
402,2014-02-19,3,5569.0,545,1,1,6426
403,2014-02-19,3,7752.0,748,1,1,7229
404,2014-02-19,3,5513.0,619,1,1,5523
405,2014-02-19,3,4832.0,522,1,1,3970
406,2014-02-19,3,5754.0,447,1,1,5904
407,2014-02-19,3,3833.0,302,1,1,5191
408,2014-02-19,3,5041.0,452,1,1,5592
409,2014-02-19,3,5734.0,589,1,1,4195
410,2014-02-19,3,7372.0,878,1,1,6240
411,2014-02-19,3,8517.0,663,1,1,8945
412,2014-02-19,3,8281.0,584,1,1,8857
413,2014-02-19,3,6893.0,887,1,1,7574
414,2014-02-19,3,5854.0,430,1,1,6356
415,2014-02-19,3,5659.0,463,1,1,4771
416,2014-02-19,3,10580.0,1341,1,1,11521
417,2014-02-19,3,7849.0,884,1,1,8093
418,2014-02-19,3,5634.0,567,1,1,4968
419,2014-02-19,3,5754.0,904,1,1,5320
420,2014-02-19,3,4115.0,373,1,1,3392
421,2014-02-19,3,7789.0,816,1,1,8558
422,2014-02-19,3,4571.0,471,1,1,5304
423,2014-02-19,3,9416.0,1651,1,1,11235
424,2014-02-19,3,5784.0,716,1,1,1854
425,2014-02-19,3,3264.0,436,1,1,4234
426,2014-02-19,3,5872.0,709,1,1,5939
427,2014-02-19,3,7893.0,787,1,1,8110
428,2014-02-19,3,5893.0,488,1,1,9984
429,2014-02-19,3,5467.0,390,1,1,6556
430,2014-02-19,3,8829.0,679,1,1,8846
431,2014-02-19,3,9572.0,962,1,1,9728
432,2014-02-19,3,11643.0,1559,1,1,11850
433,2014-02-19,3,4621.0,570,1,1,5889
434,2014-02-19,3,8562.0,619,1,1,10058
435,2014-02-19,3,3946.0,460,1,1,3418
436,2014-02-19,3,6072.0,641,1,1,6004
437,2014-02-19,3,7984.0,748,1,1,7126
438,2014-02-19,3,5148.0,554,1,1,5938
439,2014-02-19,3,7280.0,904,1,1,7054
440,2014-02-19,3,5111.0,576,1,1,4778
441,2014-02-19,3,6432.0,665,1,1,6382
442,2014-02-19,3,4265.0,446,1,1,4143
443,2014-02-19,3,5618.0,483,1,1,5940
444,2014-02-19,3,11404.0,1382,1,1,12304
445,2014-02-19,3,8647.0,1239,1,1,8696
446,2014-02-19,3,5454.0,681,1,1,6431
447,2014-02-19,3,5229.0,625,1,1,6079
448,2014-02-19,3,9260.0,790,1,1,8047
449,2014-02-19,3,11810.0,1631,1,1,12169
450,2014-02-19,3,7527.0,911,1,1,7636
451,2014-02-19,3,5449.0,481,1,1,6062
452,2014-02-19,3,4738.0,408,1,1,4703
453,2014-02-19,3,6361.0,721,1,1,7404
454,2014-02-19,3,7479.0,922,1,1,7038
455,2014-02-19,3,7355.0,468,1,1,7450
456,2014-02-19,3,6249.0,815,1,1,6244
457,2014-02-19,3,4752.0,383,1,1,4635
458,2014-02-19,3,6512.0,619,1,1,6387
459,2014-02-19,3,9019.0,1082,1,1,9504
460,2014-02-19,3,4253.0,335,1,1,4135
461,2014-02-19,3,5161.0,469,1,1,4617
462,2014-02-19,3,4679.0,606,1,1,7009
463,2014-02-19,3,6197.0,987,1,1,7567
464,2014-02-19,3,8761.0,1084,1,1,9303
465,2014-02-19,3,8077.0,630,1,1,10785
466,2014-02-19,3,8620.0,828,1,1,7351
467,2014-02-19,3,13150.0,1579,1,1,13222
468,2014-02-19,3,6666.0,729,1,1,9135
469,2014-02-19,3,11206.0,1478,1,1,11855
470,2014-02-19,3,12368.0,1628,1,1,12881
471,2014-02-19,3,7680.0,574,1,1,3236
472,2014-02-19,3,5289.0,726,1,1,5456
473,2014-02-19,3,3461.0,505,1,1,4288
474,2014-02-19,3,8592.0,838,1,1,7929
475,2014-02-19,3,6867.0,974,1,1,7098
476,2014-02-19,3,6341.0,685,1,1,5890
477,2014-02-19,3,5757.0,389,1,1,6475
478,2014-02-19,3,7046.0,727,1,1,7819
479,2014-02-19,3,11153.0,1252,1,1,11333
480,2014-02-19,3,5998.0,718,1,1,5285
481,2014-02-19,3,5847.0,502,1,1,5897
482,2014-02-19,3,7340.0,792,1,1,8619
483,2014-02-19,3,5206.0,641,1,1,4071
484,2014-02-19,3,7025.0,666,1,1,7819
485,2014-02-19,3,5333.0,442,1,1,6098
486,2014-02-19,3,5140.0,541,1,1,7414
487,2014-02-19,3,7499.0,662,1,1,5136
488,2014-02-19,3,3721.0,373,1,1,5175
489,2014-02-19,3,8640.0,703,1,1,8288
490,2014-02-19,3,8038.0,1045,1,1,9095
491,2014-02-19,3,6885.0,514,1,1,7287
492,2014-02-19,3,7414.0,1070,1,1,8356
493,2014-02-19,3,9024.0,844,1,1,8814
494,2014-02-19,3,8205.0,1178,1,1,8069
495,2014-02-19,3,5781.0,431,1,1,6343
496,2014-02-19,3,7738.0,801,1,1,7830
497,2014-02-19,3,9161.0,1155,1,1,11087
498,2014-02-19,3,6298.0,814,1,1,7559
499,2014-02-19,3,4909.0,681,1,1,5476
500,2014-02-19,3,5139.0,369,1,1,4400
501,2014-02-19,3,6522.0,689,1,1,5813
502,2014-02-19,3,10798.0,1471,1,1,12207
503,2014-02-19,3,6953.0,430,1,1,8497
504,2014-02-19,3,6027.0,914,1,1,6948
505,2014-02-19,3,5250.0,635,1,1,4830
506,2014-02-19,3,8842.0,1002,1,1,6956
507,2014-02-19,3,8768.0,638,1,1,9064
508,2014-02-19,3,6779.0,673,1,1,6652
509,2014-02-19,3,6517.0,526,1,1,9308
510,2014-02-19,3,9017.0,886,1,1,11519
511,2014-02-19,3,5937.0,801,1,1,5969
512,2014-02-19,3,5209.0,1307,1,1,8677
513,2014-02-19,3,17565.0,1997,1,1,19983
514,2014-02-19,3,6129.0,660,1,1,5838
515,2014-02-19,3,8877.0,682,1,1,8800
516,2014-02-19,3,6031.0,794,1,1,5895
517,2014-02-19,3,8822.0,788,1,1,7356
518,2014-02-19,3,5931.0,500,1,1,5847
519,2014-02-19,3,4647.0,464,1,1,7383
520,2014-02-19,3,3736.0,366,1,1,3542
521,2014-02-19,3,5082.0,396,1,1,5810
522,2014-02-19,3,8945.0,614,1,1,10331
523,2014-02-19,3,12730.0,1504,1,1,14755
524,2014-02-19,3,8360.0,838,1,1,9023
525,2014-02-19,3,9500.0,823,1,1,8957
526,2014-02-19,3,12740.0,1568,1,1,10952
527,2014-02-19,3,9860.0,912,1,1,11332
528,2014-02-19,3,11573.0,926,1,1,6083
529,2014-02-19,3,7798.0,723,1,1,8063
530,2014-02-19,3,2703.0,357,1,1,2793
531,2014-02-19,3,4577.0,579,1,1,4965
532,2014-02-19,3,11338.0,1295,1,1,10997
533,2014-02-19,3,9033.0,905,1,1,9862
534,2014-02-19,3,7470.0,566,1,1,7784
535,2014-02-19,3,8233.0,930,1,1,8044
536,2014-02-19,3,7969.0,876,1,1,6891
537,2014-02-19,3,5567.0,614,1,1,6554
538,2014-02-19,3,3613.0,548,1,1,3810
539,2014-02-19,3,9941.0,1043,1,1,11609
540,2014-02-19,3,5220.0,378,1,1,5683
541,2014-02-19,3,6346.0,846,1,1,6652
542,2014-02-19,3,6294.0,538,1,1,6551
543,2014-02-19,3,3994.0,323,1,1,3475
544,2014-02-19,3,15146.0,1850,1,1,10417
545,2014-02-19,3,11872.0,1154,1,1,12372
546,2014-02-19,3,13908.0,1562,1,1,15152
547,2014-02-19,3,6190.0,426,1,1,7120
548,2014-02-19,3,5282.0,412,1,1,5382
549,2014-02-19,3,4778.0,553,1,1,6036
550,2014-02-19,3,5806.0,474,1,1,7036
551,2014-02-19,3,6114.0,971,1,1,7117
552,2014-02-19,3,9903.0,789,1,1,7361
553,2014-02-19,3,6089.0,520,1,1,7276
554,2014-02-19,3,4261.0,518,1,1,4798
555,2014-02-19,3,4755.0,421,1,1,5192
556,2014-02-19,3,7148.0,843,1,1,7253
557,2014-02-19,3,5180.0,785,1,1,4449
558,2014-02-19,3,3164.0,439,1,1,6157
559,2014-02-19,3,6012.0,775,1,1,5689
560,2014-02-19,3,13576.0,1555,1,1,13151
561,2014-02-19,3,7143.0,684,1,1,9090
562,2014-02-19,3,19137.0,3151,1,1,18653
563,2014-02-19,3,5598.0,702,1,1,4586
564,2014-02-19,3,5147.0,439,1,1,6175
565,2014-02-19,3,7739.0,918,1,1,6156
566,2014-02-19,3,4925.0,526,1,1,4065
567,2014-02-19,3,5953.0,705,1,1,9213
568,2014-02-19,3,4398.0,376,1,1,5790
569,2014-02-19,3,5034.0,727,1,1,5028
570,2014-02-19,3,5302.0,721,1,1,5001
571,2014-02-19,3,6407.0,462,1,1,7254
572,2014-02-19,3,7255.0,584,1,1,7584
573,2014-02-19,3,4181.0,334,1,1,4799
574,2014-02-19,3,8995.0,655,1,1,8638
575,2014-02-19,3,6606.0,614,1,1,3976
576,2014-02-19,3,7070.0,936,1,1,5541
577,2014-02-19,3,4976.0,614,1,1,7828
578,2014-02-19,3,7132.0,611,1,1,8564
579,2014-02-19,3,8370.0,874,1,1,9997
580,2014-02-19,3,9182.0,1386,1,1,10577
581,2014-02-19,3,5924.0,635,1,1,6483
582,2014-02-19,3,7395.0,898,1,1,7635
583,2014-02-19,3,4659.0,450,1,1,5294
584,2014-02-19,3,5211.0,433,1,1,6175
585,2014-02-19,3,6634.0,935,1,1,5999
586,2014-02-19,3,15995.0,2335,1,1,15432
587,2014-02-19,3,8370.0,598,1,1,9691
588,2014-02-19,3,5524.0,630,1,1,5484
589,2014-02-19,3,5978.0,570,1,1,5952
590,2014-02-19,3,4817.0,346,1,1,5182
591,2014-02-19,3,5869.0,493,1,1,6182
592,2014-02-19,3,4420.0,552,1,1,5136
593,2014-02-19,3,8380.0,1073,1,1,10613
594,2014-02-19,3,4815.0,512,1,1,4267
595,2014-02-19,3,13959.0,1649,1,1,15898
596,2014-02-19,3,4210.0,618,1,1,3890
597,2014-02-19,3,4909.0,668,1,1,4605
598,2014-02-19,3,5468.0,750,1,1,6411
599,2014-02-19,3,8747.0,791,1,1,8001
600,2014-02-19,3,7072.0,583,1,1,6872
601,2014-02-19,3,4671.0,382,1,1,4616
602,2014-02-19,3,6820.0,661,1,1,7503
603,2014-02-19,3,8038.0,1054,1,1,7016
604,2014-02-19,3,8031.0,552,1,1,8756
605,2014-02-19,3,7728.0,513,1,1,7849
606,2014-02-19,3,6302.0,651,1,1,7657
607,2014-02-19,3,4311.0,427,1,1,4553
608,2014-02-19,3,9754.0,941,1,1,9571
609,2014-02-19,3,4602.0,523,1,1,5685
610,2014-02-19,3,4388.0,526,1,1,4064
611,2014-02-19,3,5522.0,464,1,1,6297
612,2014-02-19,3,6900.0,405,1,1,7505
613,2014-02-19,3,6728.0,1017,1,1,6968
614,2014-02-19,3,6682.0,862,1,1,6010
615,2014-02-19,3,9998.0,1183,1,1,9721
616,2014-02-19,3,9357.0,855,1,1,9461
617,2014-02-19,3,6211.0,566,1,1,6331
618,2014-02-19,3,6398.0,511,1,1,8971
619,2014-02-19,3,5286.0,503,1,1,2741
620,2014-02-19,3,7647.0,674,1,1,7992
621,2014-02-19,3,6171.0,848,1,1,6113
622,2014-02-19,3,4354.0,440,1,1,5148
623,2014-02-19,3,7059.0,820,1,1,9718
624,2014-02-19,3,7116.0,651,1,1,6983
625,2014-02-19,3,7080.0,634,1,1,6501
626,2014-02-19,3,9865.0,786,1,1,8769
627,2014-02-19,3,6810.0,639,1,1,4912
628,2014-02-19,3,6274.0,772,1,1,6712
629,2014-02-19,3,6835.0,632,1,1,7818
630,2014-02-19,3,7564.0,815,1,1,7296
631,2014-02-19,3,5431.0,605,1,1,6035
632,2014-02-19,3,6612.0,839,1,1,6867
633,2014-02-19,3,5608.0,446,1,1,7454
634,2014-02-19,3,7144.0,660,1,1,6691
635,2014-02-19,3,6436.0,597,1,1,5872
636,2014-02-19,3,6727.0,786,1,1,5679
637,2014-02-19,3,8696.0,679,1,1,9116
638,2014-02-19,3,6030.0,486,1,1,7016
639,2014-02-19,3,5648.0,562,1,1,6285
640,2014-02-19,3,11898.0,843,1,1,9815
641,2014-02-19,3,6345.0,559,1,1,6334
642,2014-02-19,3,4245.0,550,1,1,3121
643,2014-02-19,3,6958.0,873,1,1,7449
644,2014-02-19,3,7934.0,857,1,1,10348
645,2014-02-19,3,11075.0,1335,1,1,12339
646,2014-02-19,3,4880.0,658,1,1,5308
647,2014-02-19,3,5522.0,676,1,1,5776
648,2014-02-19,3,6084.0,546,1,1,6525
649,2014-02-19,3,4221.0,432,1,1,3931
650,2014-02-19,3,6226.0,608,1,1,6785
651,2014-02-19,3,7824.0,911,1,1,10079
652,2014-02-19,3,6636.0,630,1,1,7077
653,2014-02-19,3,6338.0,511,1,1,6478
654,2014-02-19,3,7077.0,705,1,1,7354
655,2014-02-19,3,6750.0,600,1,1,8755
656,2014-02-19,3,3308.0,395,1,1,3459
657,2014-02-19,3,5756.0,757,1,1,7281
658,2014-02-19,3,6758.0,641,1,1,6349
659,2014-02-19,3,6670.0,758,1,1,5630
660,2014-02-19,3,4857.0,533,1,1,4368
661,2014-02-19,3,7542.0,614,1,1,5637
662,2014-02-19,3,9084.0,782,1,1,7929
663,2014-02-19,3,4896.0,634,1,1,4631
664,2014-02-19,3,4752.0,630,1,1,4004
665,2014-02-19,3,9106.0,1327,1,1,9678
666,2014-02-19,3,7006.0,644,1,1,8051
667,2014-02-19,3,9594.0,757,1,1,10876
668,2014-02-19,3,8990.0,1134,1,1,9918
669,2014-02-19,3,4140.0,353,1,1,4052
670,2014-02-19,3,7104.0,698,1,1,7263
671,2014-02-19,3,5988.0,610,1,1,5426
672,2014-02-19,3,8158.0,1349,1,1,8477
673,2014-02-19,3,7069.0,575,1,1,5838
674,2014-02-19,3,9070.0,1144,1,1,8993
675,2014-02-19,3,4287.0,437,1,1,3911
676,2014-02-19,3,7079.0,1652,1,1,7748
677,2014-02-19,3,8852.0,650,1,1,10512
678,2014-02-19,3,7452.0,885,1,1,7526
679,2014-02-19,3,10621.0,1142,1,1,10750
680,2014-02-19,3,4704.0,712,1,1,5884
681,2014-02-19,3,3602.0,462,1,1,2946
682,2014-02-19,3,12949.0,1947,1,1,12404
683,2014-02-19,3,8813.0,855,1,1,9567
684,2014-02-19,3,7414.0,564,1,1,3806
685,2014-02-19,3,6671.0,579,1,1,5407
686,2014-02-19,3,6619.0,791,1,1,7030
687,2014-02-19,3,7694.0,700,1,1,6875
688,2014-02-19,3,3745.0,359,1,1,3700
689,2014-02-19,3,7398.0,697,1,1,7111
690,2014-02-19,3,5754.0,818,1,1,6330
691,2014-02-19,3,8177.0,609,1,1,8437
692,2014-02-19,3,7325.0,851,1,1,6694
693,2014-02-19,3,7708.0,566,1,1,8102
694,2014-02-19,3,8137.0,791,1,1,7708
695,2014-02-19,3,5469.0,533,1,1,7290
696,2014-02-19,3,7767.0,991,1,1,8602
697,2014-02-19,3,10806.0,989,1,1,12000
698,2014-02-19,3,15687.0,1927,1,1,16301
699,2014-02-19,3,9058.0,1004,1,1,8530
700,2014-02-19,3,5121.0,591,1,1,4547
701,2014-02-19,3,6149.0,645,1,1,5879
702,2014-02-19,3,4155.0,335,1,1,4275
703,2014-02-19,3,3712.0,388,1,1,3974
704,2014-02-19,3,9598.0,1013,1,1,10069
705,2014-02-19,3,8591.0,1000,1,1,9301
706,2014-02-19,3,5588.0,487,1,1,7660
707,2014-02-19,3,7852.0,892,1,1,7376
708,2014-02-19,3,3741.0,395,1,1,4193
709,2014-02-19,3,11855.0,1588,1,1,10622
710,2014-02-19,3,5100.0,371,1,1,4560
711,2014-02-19,3,8220.0,562,1,1,7750
712,2014-02-19,3,5265.0,471,1,1,6301
713,2014-02-19,3,10870.0,1410,1,1,10733
714,2014-02-19,3,3880.0,310,1,1,4461
715,2014-02-19,3,7655.0,757,1,1,7937
716,2014-02-19,3,5199.0,391,1,1,6563
717,2014-02-19,3,6187.0,624,1,1,6278
718,2014-02-19,3,8617.0,915,1,1,8662
719,2014-02-19,3,5148.0,418,1,1,5940
720,2014-02-19,3,8141.0,774,1,1,7108
721,2014-02-19,3,7266.0,727,1,1,7374
722,2014-02-19,3,10574.0,1599,1,1,10204
723,2014-02-19,3,7222.0,588,1,1,6963
724,2014-02-19,3,5484.0,607,1,1,6985
725,2014-02-19,3,4495.0,496,1,1,5815
726,2014-02-19,3,10902.0,1018,1,1,11794
727,2014-02-19,3,4695.0,491,1,1,4437
728,2014-02-19,3,4634.0,425,1,1,5565
729,2014-02-19,3,10750.0,1093,1,1,11570
730,2014-02-19,3,7445.0,920,1,1,7828
731,2014-02-19,3,10136.0,1026,1,1,8268
732,2014-02-19,3,4161.0,481,1,1,4508
733,2014-02-19,3,13850.0,3160,1,1,16954
734,2014-02-19,3,6382.0,560,1,1,6527
735,2014-02-19,3,6487.0,625,1,1,6041
736,2014-02-19,3,4843.0,436,1,1,9575
737,2014-02-19,3,6393.0,947,1,1,6304
738,2014-02-19,3,8800.0,700,1,1,9239
739,2014-02-19,3,10539.0,759,1,1,10159
740,2014-02-19,3,7202.0,496,1,1,7597
741,2014-02-19,3,8068.0,949,1,1,8807
742,2014-02-19,3,8338.0,865,1,1,10331
743,2014-02-19,3,4020.0,399,1,1,3501
744,2014-02-19,3,6873.0,775,1,1,8051
745,2014-02-19,3,8607.0,836,1,1,9165
746,2014-02-19,3,5988.0,494,1,1,5879
747,2014-02-19,3,7411.0,642,1,1,8876
748,2014-02-19,3,5516.0,450,1,1,5587
749,2014-02-19,3,5935.0,730,1,1,11187
750,2014-02-19,3,5120.0,380,1,1,6617
751,2014-02-19,3,4709.0,616,1,1,6156
752,2014-02-19,3,5468.0,480,1,1,6486
753,2014-02-19,3,9232.0,776,1,1,9730
754,2014-02-19,3,5988.0,800,1,1,7660
755,2014-02-19,3,9738.0,834,1,1,9568
756,2014-02-19,3,15462.0,2134,1,1,15325
757,2014-02-19,3,6435.0,592,1,1,5505
758,2014-02-19,3,5414.0,710,1,1,8210
759,2014-02-19,3,8034.0,872,1,1,6576
760,2014-02-19,3,6956.0,1046,1,1,7866
761,2014-02-19,3,8551.0,963,1,1,9805
762,2014-02-19,3,3766.0,372,1,1,2781
763,2014-02-19,3,5361.0,558,1,1,6515
764,2014-02-19,3,3644.0,410,1,1,4521
765,2014-02-19,3,8759.0,715,1,1,8889
766,2014-02-19,3,5829.0,506,1,1,6749
767,2014-02-19,3,6261.0,591,1,1,6621
768,2014-02-19,3,12613.0,1236,1,1,14610
769,2014-02-19,3,9686.0,2936,1,1,15752
770,2014-02-19,3,6899.0,771,1,1,6475
771,2014-02-19,3,5798.0,591,1,1,7238
772,2014-02-19,3,4341.0,534,1,1,4596
773,2014-02-19,3,5926.0,825,1,1,6952
774,2014-02-19,3,5238.0,688,1,1,7177
775,2014-02-19,3,8105.0,550,1,1,8864
776,2014-02-19,3,4946.0,563,1,1,6643
777,2014-02-19,3,3507.0,310,1,1,3288
778,2014-02-19,3,6443.0,866,1,1,6639
779,2014-02-19,3,7343.0,678,1,1,6861
780,2014-02-19,3,6298.0,718,1,1,8649
781,2014-02-19,3,5419.0,743,1,1,4982
782,2014-02-19,3,5660.0,510,1,1,6757
783,2014-02-19,3,6361.0,597,1,1,7351
784,2014-02-19,3,8370.0,850,1,1,8684
785,2014-02-19,3,6920.0,513,1,1,9187
786,2014-02-19,3,4041.0,609,1,1,4175
787,2014-02-19,3,9478.0,1135,1,1,10194
788,2014-02-19,3,18395.0,1740,1,1,21036
789,2014-02-19,3,3173.0,515,1,1,4429
790,2014-02-19,3,7009.0,627,1,1,7011
791,2014-02-19,3,7049.0,800,1,1,8982
792,2014-02-19,3,8818.0,738,1,1,9574
793,2014-02-19,3,4606.0,437,1,1,3948
794,2014-02-19,3,2546.0,453,1,1,4625
795,2014-02-19,3,5247.0,525,1,1,6054
796,2014-02-19,3,7795.0,677,1,1,7047
797,2014-02-19,3,3705.0,343,1,1,4857
798,2014-02-19,3,8265.0,982,1,1,6699
799,2014-02-19,3,11025.0,972,1,1,12241
800,2014-02-19,3,5770.0,524,1,1,5895
801,2014-02-19,3,4671.0,408,1,1,5015
802,2014-02-19,3,6979.0,536,1,1,8924
803,2014-02-19,3,5281.0,421,1,1,5556
804,2014-02-19,3,5434.0,446,1,1,5481
805,2014-02-19,3,5398.0,523,1,1,4957
806,2014-02-19,3,8041.0,564,1,1,7563
807,2014-02-19,3,10383.0,1005,1,1,11144
808,2014-02-19,3,7571.0,545,1,1,6805
809,2014-02-19,3,10466.0,889,1,1,9362
810,2014-02-19,3,6080.0,494,1,1,8818
811,2014-02-19,3,3711.0,630,1,1,4636
812,2014-02-19,3,7077.0,814,1,1,7264
813,2014-02-19,3,5967.0,694,1,1,6831
814,2014-02-19,3,8276.0,682,1,1,9174
815,2014-02-19,3,9259.0,878,1,1,9547
816,2014-02-19,3,4738.0,716,1,1,2295
817,2014-02-19,3,22607.0,3164,1,0,18453
818,2014-02-19,3,6851.0,640,1,1,5937
819,2014-02-19,3,6410.0,589,1,1,6644
820,2014-02-19,3,11962.0,1070,1,1,13557
821,2014-02-19,3,7172.0,878,1,1,8312
822,2014-02-19,3,8740.0,646,1,1,9287
823,2014-02-19,3,5761.0,522,1,1,7721
824,2014-02-19,3,6774.0,891,1,1,7209
825,2014-02-19,3,4375.0,476,1,1,5180
826,2014-02-19,3,8234.0,743,1,1,9443
827,2014-02-19,3,10599.0,1324,1,1,11153
828,2014-02-19,3,6107.0,651,1,1,5527
829,2014-02-19,3,6171.0,806,1,1,6228
830,2014-02-19,3,6831.0,606,1,1,5228
831,2014-02-19,3,14901.0,1733,1,1,13641
832,2014-02-19,3,6531.0,515,1,1,6015
833,2014-02-19,3,5729.0,507,1,1,6780
834,2014-02-19,3,6010.0,635,1,1,5306
835,2014-02-19,3,5158.0,648,1,1,4626
836,2014-02-19,3,6782.0,784,1,1,6571
838,2014-02-19,3,7971.0,788,1,1,8436
839,2014-02-19,3,6398.0,756,1,1,5040
840,2014-02-19,3,8533.0,1145,1,1,8565
841,2014-02-19,3,3074.0,424,1,1,3752
842,2014-02-19,3,15914.0,1041,1,1,18529
843,2014-02-19,3,9470.0,1075,1,1,9060
844,2014-02-19,3,5291.0,544,1,1,4540
845,2014-02-19,3,4561.0,353,1,1,5844
846,2014-02-19,3,9339.0,866,1,1,7769
847,2014-02-19,3,7019.0,943,1,1,7313
848,2014-02-19,3,6562.0,769,1,1,5885
849,2014-02-19,3,8351.0,946,1,1,9630
850,2014-02-19,3,6059.0,625,1,1,6272
851,2014-02-19,3,6185.0,478,1,1,6060
852,2014-02-19,3,4811.0,574,1,1,4496
853,2014-02-19,3,9338.0,1032,1,1,9806
854,2014-02-19,3,7323.0,699,1,1,6859
855,2014-02-19,3,6253.0,654,1,1,8812
856,2014-02-19,3,7445.0,960,1,1,7665
857,2014-02-19,3,6454.0,868,1,1,8204
858,2014-02-19,3,4756.0,399,1,1,5314
859,2014-02-19,3,6908.0,625,1,1,8010
860,2014-02-19,3,5178.0,622,1,1,6052
861,2014-02-19,3,3737.0,520,1,1,3120
862,2014-02-19,3,7952.0,1027,1,1,8634
863,2014-02-19,3,7147.0,846,1,1,8277
864,2014-02-19,3,4492.0,632,1,1,4446
865,2014-02-19,3,8736.0,633,1,1,8997
866,2014-02-19,3,6888.0,446,1,1,7552
867,2014-02-19,3,4060.0,351,1,1,6568
868,2014-02-19,3,9321.0,619,1,1,9508
869,2014-02-19,3,6233.0,905,1,1,8108
870,2014-02-19,3,6777.0,903,1,1,9104
871,2014-02-19,3,4775.0,381,1,1,9065
872,2014-02-19,3,9072.0,870,1,1,10198
873,2014-02-19,3,3927.0,474,1,1,3546
874,2014-02-19,3,4536.0,461,1,1,4530
875,2014-02-19,3,5487.0,472,1,1,5204
876,2014-02-19,3,10269.0,1062,1,1,10976
877,2014-02-19,3,6722.0,898,1,1,6812
878,2014-02-19,3,10650.0,901,1,1,9119
879,2014-02-19,3,3542.0,315,1,1,4327
880,2014-02-19,3,7528.0,820,1,1,8160
881,2014-02-19,3,4836.0,714,1,1,4641
882,2014-02-19,3,5784.0,737,1,1,6687
883,2014-02-19,3,5282.0,528,1,1,3818
884,2014-02-19,3,5757.0,528,1,1,5070
885,2014-02-19,3,4962.0,672,1,1,5597
886,2014-02-19,3,6928.0,653,1,1,6126
887,2014-02-19,3,7489.0,564,1,1,7455
888,2014-02-19,3,7545.0,662,1,1,8660
889,2014-02-19,3,4034.0,456,1,1,4404
890,2014-02-19,3,5354.0,415,1,1,8410
891,2014-02-19,3,7167.0,1005,1,1,8350
892,2014-02-19,3,8444.0,760,1,1,7626
893,2014-02-19,3,6381.0,837,1,1,6235
894,2014-02-19,3,9351.0,1086,1,1,8209
895,2014-02-19,3,9406.0,882,1,1,11443
896,2014-02-19,3,6094.0,930,1,1,6200
897,2014-02-19,3,2784.0,328,1,1,3727
898,2014-02-19,3,6851.0,694,1,1,6948
899,2014-02-19,3,5928.0,557,1,1,5011
900,2014-02-19,3,5848.0,518,1,1,5340
901,2014-02-19,3,7421.0,644,1,1,8153
902,2014-02-19,3,4675.0,600,1,1,5369
903,2014-02-19,3,10531.0,744,1,1,12627
904,2014-02-19,3,6107.0,494,1,1,7092
905,2014-02-19,3,9975.0,1469,1,1,9746
906,2014-02-19,3,11176.0,1344,1,1,12363
907,2014-02-19,3,5713.0,728,1,1,6569
908,2014-02-19,3,4793.0,389,1,1,4060
909,2014-02-19,3,11488.0,1111,1,1,12426
910,2014-02-19,3,5862.0,563,1,1,5687
911,2014-02-19,3,9414.0,852,1,1,10083
912,2014-02-19,3,4793.0,669,1,1,4779
913,2014-02-19,3,9535.0,1254,1,1,9182
914,2014-02-19,3,9300.0,1049,1,1,7977
915,2014-02-19,3,5917.0,440,1,1,7487
916,2014-02-19,3,5889.0,710,1,1,6100
917,2014-02-19,3,6870.0,764,1,1,7219
918,2014-02-19,3,5664.0,581,1,1,5597
919,2014-02-19,3,6097.0,747,1,1,5837
920,2014-02-19,3,4989.0,523,1,1,7138
921,2014-02-19,3,9896.0,1158,1,1,9981
922,2014-02-19,3,7721.0,685,1,1,7991
923,2014-02-19,3,5088.0,645,1,1,5982
924,2014-02-19,3,4910.0,458,1,1,4489
925,2014-02-19,3,6927.0,1177,1,1,6472
926,2014-02-19,3,7457.0,517,1,1,6810
927,2014-02-19,3,7050.0,887,1,1,4572
928,2014-02-19,3,7955.0,689,1,1,9438
929,2014-02-19,3,6033.0,726,1,1,5634
930,2014-02-19,3,6491.0,1029,1,1,7291
931,2014-02-19,3,2893.0,330,1,1,2148
932,2014-02-19,3,7767.0,783,1,1,7753
933,2014-02-19,3,8677.0,1032,1,1,7604
934,2014-02-19,3,6452.0,651,1,1,6184
935,2014-02-19,3,5599.0,552,1,1,6113
936,2014-02-19,3,7367.0,900,1,1,7481
937,2014-02-19,3,7991.0,600,1,1,6279
938,2014-02-19,3,9000.0,926,1,1,9711
939,2014-02-19,3,5414.0,523,1,1,7112
940,2014-02-19,3,7649.0,742,1,1,7235
941,2014-02-19,3,5735.0,581,1,1,6790
942,2014-02-19,3,6499.0,469,1,1,6784
943,2014-02-19,3,6802.0,584,1,1,7171
944,2014-02-19,3,7679.0,1136,1,1,7684
945,2014-02-19,3,4153.0,509,1,1,4997
946,2014-02-19,3,4146.0,587,1,1,4634
947,2014-02-19,3,9600.0,1249,1,1,9079
948,2014-02-19,3,6392.0,1639,1,1,6304
949,2014-02-19,3,5753.0,544,1,1,5778
950,2014-02-19,3,6346.0,615,1,1,5462
951,2014-02-19,3,7930.0,727,1,1,7654
952,2014-02-19,3,6379.0,481,1,1,7707
953,2014-02-19,3,5761.0,587,1,1,4858
954,2014-02-19,3,7398.0,1041,1,1,7468
955,2014-02-19,3,4824.0,464,1,1,5241
956,2014-02-19,3,3965.0,548,1,1,3902
957,2014-02-19,3,7748.0,858,1,1,8283
958,2014-02-19,3,4244.0,579,1,1,3609
959,2014-02-19,3,7070.0,773,1,1,9318
960,2014-02-19,3,7712.0,564,1,1,10747
961,2014-02-19,3,6269.0,671,1,1,7384
962,2014-02-19,3,7320.0,919,1,1,6104
963,2014-02-19,3,11815.0,1011,1,1,13852
964,2014-02-19,3,10455.0,1406,1,1,10392
965,2014-02-19,3,9679.0,1009,1,1,9715
966,2014-02-19,3,5234.0,629,1,1,2905
967,2014-02-19,3,8145.0,871,1,1,9251
968,2014-02-19,3,7429.0,891,1,1,9218
969,2014-02-19,3,3705.0,619,1,1,2118
970,2014-02-19,3,3765.0,453,1,1,3865
971,2014-02-19,3,9087.0,1026,1,1,8558
972,2014-02-19,3,3558.0,403,1,1,3473
973,2014-02-19,3,5984.0,792,1,1,6474
974,2014-02-19,3,11203.0,1591,1,1,10182
975,2014-02-19,3,7672.0,738,1,1,7690
976,2014-02-19,3,8158.0,795,1,1,6915
977,2014-02-19,3,5357.0,534,1,1,5386
978,2014-02-19,3,7455.0,1000,1,1,7562
979,2014-02-19,3,6399.0,625,1,1,6301
980,2014-02-19,3,6921.0,542,1,1,7044
981,2014-02-19,3,7401.0,730,1,1,8033
982,2014-02-19,3,8871.0,722,1,1,8559
983,2014-02-19,3,10523.0,1364,1,1,12354
984,2014-02-19,3,6502.0,721,1,1,4911
985,2014-02-19,3,7364.0,710,1,1,8637
986,2014-02-19,3,6436.0,806,1,1,5326
987,2014-02-19,3,6958.0,879,1,1,7412
988,2014-02-19,3,4587.0,693,1,1,4421
989,2014-02-19,3,5720.0,607,1,1,7750
990,2014-02-19,3,6893.0,547,1,1,5764
991,2014-02-19,3,4831.0,476,1,1,6809
992,2014-02-19,3,6619.0,790,1,1,6849
993,2014-02-19,3,6695.0,656,1,1,6691
994,2014-02-19,3,5041.0,450,1,1,4521
995,2014-02-19,3,9270.0,763,1,1,9857
996,2014-02-19,3,7136.0,721,1,1,6876
997,2014-02-19,3,5358.0,393,1,1,5452
998,2014-02-19,3,4592.0,541,1,1,5257
999,2014-02-19,3,9552.0,630,1,1,9292
1000,2014-02-19,3,7068.0,658,1,1,7086
1001,2014-02-19,3,5658.0,598,1,1,3120
1002,2014-02-19,3,6635.0,768,1,1,7159
1003,2014-02-19,3,7756.0,754,1,1,7467
1004,2014-02-19,3,4869.0,412,1,1,4939
1005,2014-02-19,3,5419.0,824,1,1,6269
1006,2014-02-19,3,6053.0,840,1,1,7396
1007,2014-02-19,3,6480.0,732,1,1,7334
1008,2014-02-19,3,5549.0,708,1,1,6608
1009,2014-02-19,3,4719.0,453,1,1,5081
1010,2014-02-19,3,9157.0,790,1,1,7350
1011,2014-02-19,3,8196.0,942,1,1,10373
1012,2014-02-19,3,5629.0,512,1,1,6028
1013,2014-02-19,3,4598.0,485,1,1,5904
1014,2014-02-19,3,12308.0,1331,1,1,12011
1015,2014-02-19,3,6805.0,472,1,1,5893
1016,2014-02-19,3,5475.0,487,1,1,6669
1017,2014-02-19,3,7693.0,1005,1,1,7570
1018,2014-02-19,3,10959.0,1252,1,1,12820
1019,2014-02-19,3,8853.0,739,1,1,9437
1020,2014-02-19,3,9542.0,1218,1,1,9100
1021,2014-02-19,3,7930.0,964,1,1,9299
1022,2014-02-19,3,7134.0,834,1,1,8482
1023,2014-02-19,3,6610.0,641,1,1,5447
1024,2014-02-19,3,6346.0,802,1,1,6437
1025,2014-02-19,3,8730.0,956,1,1,8081
1026,2014-02-19,3,9043.0,1103,1,1,8747
1027,2014-02-19,3,13879.0,1702,1,1,11678
1028,2014-02-19,3,4688.0,541,1,1,4806
1029,2014-02-19,3,6468.0,913,1,1,5915
1030,2014-02-19,3,3608.0,345,1,1,3924
1031,2014-02-19,3,4546.0,419,1,1,4767
1032,2014-02-19,3,9015.0,965,1,1,8678
1033,2014-02-19,3,13880.0,1306,1,1,14664
1034,2014-02-19,3,7012.0,694,1,1,6949
1035,2014-02-19,3,4964.0,555,1,1,6301
1036,2014-02-19,3,3809.0,367,1,1,6224
1037,2014-02-19,3,7271.0,903,1,1,6940
1038,2014-02-19,3,5481.0,444,1,1,6109
1039,2014-02-19,3,8035.0,1047,1,1,8652
1040,2014-02-19,3,8443.0,821,1,1,8410
1041,2014-02-19,3,5843.0,688,1,1,6462
1042,2014-02-19,3,4324.0,543,1,1,4609
1043,2014-02-19,3,8437.0,1070,1,1,8719
1044,2014-02-19,3,7227.0,898,1,1,7328
1045,2014-02-19,3,6243.0,782,1,1,7504
1046,2014-02-19,3,9163.0,669,1,1,9042
1047,2014-02-19,3,4596.0,523,1,1,4306
1048,2014-02-19,3,7091.0,527,1,1,7223
1049,2014-02-19,3,3761.0,647,1,1,3958
1050,2014-02-19,3,7219.0,507,1,1,8088
1051,2014-02-19,3,8323.0,1118,1,1,6796
1052,2014-02-19,3,7437.0,720,1,1,7978
1053,2014-02-19,3,10481.0,1143,1,1,9143
1054,2014-02-19,3,5394.0,555,1,1,6214
1055,2014-02-19,3,8418.0,1052,1,1,8201
1056,2014-02-19,3,3746.0,352,1,1,4331
1057,2014-02-19,3,6268.0,572,1,1,6169
1058,2014-02-19,3,7590.0,738,1,1,7316
1059,2014-02-19,3,8584.0,1102,1,1,8754
1060,2014-02-19,3,7321.0,897,1,1,8013
1061,2014-02-19,3,6666.0,507,1,1,9000
1062,2014-02-19,3,6742.0,592,1,1,7601
1063,2014-02-19,3,4008.0,513,1,1,5418
1064,2014-02-19,3,9243.0,1080,1,1,10773
1065,2014-02-19,3,3576.0,428,1,1,5689
1066,2014-02-19,3,11046.0,1057,1,1,10479
1067,2014-02-19,3,5867.0,480,1,1,5573
1068,2014-02-19,3,4502.0,307,1,1,4492
1069,2014-02-19,3,8331.0,1102,1,1,5351
1070,2014-02-19,3,6908.0,849,1,1,7105
1071,2014-02-19,3,6164.0,705,1,1,6045
1072,2014-02-19,3,7567.0,688,1,1,7321
1073,2014-02-19,3,7365.0,944,1,1,7690
1074,2014-02-19,3,5206.0,510,1,1,5925
1075,2014-02-19,3,9837.0,1041,1,1,10574
1076,2014-02-19,3,3634.0,550,1,1,6580
1077,2014-02-19,3,4888.0,517,1,1,5604
1078,2014-02-19,3,7963.0,579,1,1,7346
1079,2014-02-19,3,10133.0,726,1,1,9284
1080,2014-02-19,3,10494.0,849,1,1,10284
1081,2014-02-19,3,8511.0,1257,1,1,7070
1082,2014-02-19,3,7202.0,1059,1,1,6393
1083,2014-02-19,3,5092.0,363,1,1,5248
1084,2014-02-19,3,5659.0,755,1,1,8317
1085,2014-02-19,3,8455.0,813,1,1,8290
1086,2014-02-19,3,8434.0,895,1,1,8532
1087,2014-02-19,3,5692.0,559,1,1,5531
1088,2014-02-19,3,5828.0,533,1,1,5963
1089,2014-02-19,3,9590.0,944,1,1,10707
1090,2014-02-19,3,7981.0,962,1,1,6859
1091,2014-02-19,3,8532.0,649,1,1,7337
1092,2014-02-19,3,11540.0,1110,1,1,13005
1093,2014-02-19,3,7571.0,797,1,1,8729
1094,2014-02-19,3,4461.0,348,1,1,5401
1095,2014-02-19,3,5210.0,666,1,1,4310
1096,2014-02-19,3,5162.0,624,1,1,5823
1097,2014-02-19,3,9301.0,2356,1,1,10515
1098,2014-02-19,3,5708.0,751,1,1,2698
1099,2014-02-19,3,6598.0,775,1,1,8115
1100,2014-02-19,3,5784.0,662,1,1,6490
1101,2014-02-19,3,9569.0,914,1,1,10331
1102,2014-02-19,3,6226.0,668,1,1,6418
1103,2014-02-19,3,5609.0,401,1,1,5261
1104,2014-02-19,3,5412.0,395,1,1,6106
1105,2014-02-19,3,4283.0,501,1,1,4904
1106,2014-02-19,3,4764.0,569,1,1,5705
1107,2014-02-19,3,6315.0,661,1,1,5092
1108,2014-02-19,3,6906.0,615,1,1,6131
1109,2014-02-19,3,4975.0,436,1,1,5425
1110,2014-02-19,3,5312.0,595,1,1,5006
1111,2014-02-19,3,5637.0,509,1,1,6186
1112,2014-02-19,3,10995.0,860,1,1,12107
1113,2014-02-19,3,5586.0,650,1,1,7072
1114,2014-02-19,3,19369.0,2781,1,1,20136
1115,2014-02-19,3,6977.0,440,1,1,6503
1,2014-02-12,3,3662.0,508,0,0,5176
2,2014-02-12,3,4848.0,654,0,0,4823
3,2014-02-12,3,5675.0,710,0,0,4953
4,2014-02-12,3,8244.0,1214,0,0,8452
5,2014-02-12,3,4475.0,604,0,0,3065
6,2014-02-12,3,4605.0,569,0,0,1580
7,2014-02-12,3,6626.0,820,0,0,6108
8,2014-02-12,3,4076.0,552,0,0,3720
9,2014-02-12,3,5070.0,499,0,0,4437
10,2014-02-12,3,4723.0,578,0,0,4822
11,2014-02-12,3,6948.0,1140,0,0,6156
12,2014-02-12,3,5842.0,825,0,0,5848
13,2014-02-12,3,2826.0,267,0,0,4285
14,2014-02-12,3,4690.0,598,0,0,5451
15,2014-02-12,3,4613.0,555,0,0,5101
16,2014-02-12,3,7117.0,941,0,0,6514
17,2014-02-12,3,5041.0,765,0,0,4989
18,2014-02-12,3,5350.0,676,0,0,4827
19,2014-02-12,3,5068.0,565,0,0,5224
20,2014-02-12,3,6413.0,851,0,0,6612
21,2014-02-12,3,3542.0,400,0,0,5200
22,2014-02-12,3,2954.0,428,0,0,3033
23,2014-02-12,3,3902.0,370,0,0,4050
24,2014-02-12,3,7490.0,756,0,0,6451
26,2014-02-12,3,3962.0,402,0,0,6485
27,2014-02-12,3,7376.0,979,0,0,6901
28,2014-02-12,3,4273.0,540,0,0,8173
29,2014-02-12,3,5526.0,577,0,0,7330
30,2014-02-12,3,4893.0,759,0,0,4942
31,2014-02-12,3,4293.0,492,0,0,4466
32,2014-02-12,3,3168.0,428,0,0,3531
33,2014-02-12,3,6289.0,737,0,0,7503
34,2014-02-12,3,6053.0,918,0,0,5908
35,2014-02-12,3,6339.0,597,0,0,6053
36,2014-02-12,3,7083.0,931,0,0,6622
37,2014-02-12,3,4571.0,560,0,0,3993
38,2014-02-12,3,4109.0,409,0,0,5061
39,2014-02-12,3,3942.0,582,0,0,4823
40,2014-02-12,3,3807.0,550,0,0,3132
41,2014-02-12,3,4086.0,316,0,0,4718
42,2014-02-12,3,9347.0,1167,0,0,8740
43,2014-02-12,3,5690.0,580,0,0,5259
44,2014-02-12,3,4358.0,571,0,0,4071
45,2014-02-12,3,3577.0,333,0,0,3732
46,2014-02-12,3,3324.0,507,0,0,4178
47,2014-02-12,3,6264.0,934,0,0,4682
48,2014-02-12,3,4286.0,502,0,0,2338
49,2014-02-12,3,4732.0,403,0,0,5339
50,2014-02-12,3,2808.0,267,0,0,1398
51,2014-02-12,3,4875.0,394,0,0,5658
52,2014-02-12,3,5952.0,427,0,0,5426
53,2014-02-12,3,4493.0,533,0,0,3823
54,2014-02-12,3,5352.0,582,0,0,5809
55,2014-02-12,3,3721.0,512,0,0,4131
56,2014-02-12,3,4617.0,371,0,0,4400
57,2014-02-12,3,9166.0,924,0,0,10587
58,2014-02-12,3,4185.0,407,0,0,6744
59,2014-02-12,3,4727.0,513,0,0,4503
60,2014-02-12,3,7280.0,761,0,0,5829
61,2014-02-12,3,4153.0,537,0,0,4477
62,2014-02-12,3,5682.0,689,0,0,4565
63,2014-02-12,3,5444.0,572,0,0,4923
64,2014-02-12,3,7364.0,602,0,0,7847
65,2014-02-12,3,3937.0,385,0,0,3907
66,2014-02-12,3,4476.0,416,0,0,3452
67,2014-02-12,3,6378.0,770,0,0,6336
68,2014-02-12,3,6566.0,1102,0,0,5745
69,2014-02-12,3,7459.0,965,0,0,7196
70,2014-02-12,3,4955.0,594,0,0,5958
71,2014-02-12,3,7046.0,668,0,0,5416
72,2014-02-12,3,3090.0,381,0,0,3169
73,2014-02-12,3,3799.0,491,0,0,4313
74,2014-02-12,3,5097.0,800,0,0,3653
75,2014-02-12,3,4222.0,521,0,0,3590
76,2014-02-12,3,6715.0,785,0,0,6357
77,2014-02-12,3,5169.0,500,0,0,5309
78,2014-02-12,3,2627.0,432,0,0,2482
79,2014-02-12,3,3386.0,458,0,0,4187
80,2014-02-12,3,4933.0,435,0,0,5542
81,2014-02-12,3,5919.0,513,0,0,5906
82,2014-02-12,3,7078.0,763,0,0,6351
83,2014-02-12,3,2873.0,306,0,0,1227
84,2014-02-12,3,11555.0,1481,0,0,10580
85,2014-02-12,3,5040.0,767,0,0,5726
86,2014-02-12,3,3545.0,548,0,0,3029
87,2014-02-12,3,5170.0,769,0,0,4776
88,2014-02-12,3,4992.0,609,0,0,5217
89,2014-02-12,3,5160.0,586,0,0,5399
90,2014-02-12,3,7086.0,989,0,0,7135
91,2014-02-12,3,5566.0,707,0,0,3686
92,2014-02-12,3,4042.0,435,0,0,4745
93,2014-02-12,3,4773.0,571,0,0,4943
94,2014-02-12,3,5209.0,557,0,0,4399
95,2014-02-12,3,6629.0,815,0,0,6208
96,2014-02-12,3,4509.0,569,0,0,4327
97,2014-02-12,3,4897.0,579,0,0,4566
98,2014-02-12,3,3585.0,349,0,0,3272
99,2014-02-12,3,3801.0,391,0,0,3342
100,2014-02-12,3,5986.0,562,0,0,6068
101,2014-02-12,3,5415.0,672,0,0,6566
102,2014-02-12,3,5343.0,894,0,0,5316
103,2014-02-12,3,3464.0,362,0,0,4415
104,2014-02-12,3,8343.0,1182,0,0,7787
105,2014-02-12,3,3590.0,535,0,0,3601
106,2014-02-12,3,8254.0,844,0,0,3976
107,2014-02-12,3,5992.0,881,0,0,6048
108,2014-02-12,3,8510.0,694,0,0,9043
109,2014-02-12,3,5451.0,683,0,0,4794
110,2014-02-12,3,3675.0,561,0,0,2022
111,2014-02-12,3,4376.0,434,0,0,4964
112,2014-02-12,3,5241.0,745,0,0,5143
113,2014-02-12,3,6196.0,641,0,0,6319
114,2014-02-12,3,4085.0,533,0,0,5160
115,2014-02-12,3,5355.0,448,0,0,6113
116,2014-02-12,3,6044.0,703,0,0,6442
117,2014-02-12,3,2840.0,461,0,0,2287
118,2014-02-12,3,5503.0,504,0,0,4540
119,2014-02-12,3,5024.0,653,0,0,6200
120,2014-02-12,3,5372.0,533,0,0,4480
121,2014-02-12,3,3355.0,455,0,0,4015
122,2014-02-12,3,4637.0,598,0,0,4234
123,2014-02-12,3,7333.0,912,0,0,7054
124,2014-02-12,3,3787.0,496,0,0,3571
125,2014-02-12,3,10275.0,1515,0,0,9506
126,2014-02-12,3,5020.0,484,0,0,4849
127,2014-02-12,3,3862.0,544,0,0,2752
128,2014-02-12,3,6032.0,548,0,0,6020
129,2014-02-12,3,7377.0,976,0,0,6011
130,2014-02-12,3,4656.0,560,0,0,4357
131,2014-02-12,3,4239.0,517,0,0,4471
132,2014-02-12,3,5067.0,502,0,0,5150
133,2014-02-12,3,4776.0,695,0,0,2499
134,2014-02-12,3,4382.0,478,0,0,3127
135,2014-02-12,3,4258.0,464,0,0,6535
136,2014-02-12,3,4991.0,415,0,0,5104
137,2014-02-12,3,6329.0,850,0,0,6600
138,2014-02-12,3,6070.0,652,0,0,6267
139,2014-02-12,3,5321.0,467,0,0,4172
140,2014-02-12,3,6553.0,970,0,0,6125
141,2014-02-12,3,4071.0,559,0,0,3726
142,2014-02-12,3,4130.0,552,0,0,6024
143,2014-02-12,3,4595.0,464,0,0,7097
144,2014-02-12,3,5957.0,613,0,0,6218
145,2014-02-12,3,5842.0,965,0,0,6477
146,2014-02-12,3,5795.0,635,0,0,7022
147,2014-02-12,3,6653.0,774,0,0,6039
148,2014-02-12,3,6931.0,755,0,0,7438
149,2014-02-12,3,4056.0,403,0,0,4145
150,2014-02-12,3,5938.0,663,0,0,7028
151,2014-02-12,3,5983.0,625,0,0,5010
152,2014-02-12,3,4487.0,585,0,0,4148
153,2014-02-12,3,5785.0,604,0,0,7213
154,2014-02-12,3,6289.0,608,0,0,6563
155,2014-02-12,3,4928.0,562,0,0,5791
156,2014-02-12,3,5328.0,609,0,0,4444
157,2014-02-12,3,8212.0,952,0,0,8495
158,2014-02-12,3,7226.0,487,0,0,4582
159,2014-02-12,3,5208.0,535,0,0,5020
160,2014-02-12,3,3725.0,440,0,0,3583
161,2014-02-12,3,6210.0,764,0,0,4267
162,2014-02-12,3,4626.0,386,0,0,5579
163,2014-02-12,3,6309.0,837,0,0,2940
164,2014-02-12,3,4456.0,542,0,0,2426
165,2014-02-12,3,3645.0,405,0,0,4081
166,2014-02-12,3,5363.0,808,0,0,3777
167,2014-02-12,3,7976.0,1064,0,0,6990
168,2014-02-12,3,6168.0,677,0,0,6988
169,2014-02-12,3,5561.0,646,0,0,5530
170,2014-02-12,3,3790.0,480,0,0,4713
171,2014-02-12,3,6243.0,728,0,0,7210
172,2014-02-12,3,5823.0,757,0,0,5517
173,2014-02-12,3,7308.0,1001,0,0,6389
174,2014-02-12,3,5050.0,436,0,0,4539
175,2014-02-12,3,4328.0,589,0,0,4993
176,2014-02-12,3,4588.0,609,0,0,4389
177,2014-02-12,3,3499.0,473,0,0,2948
178,2014-02-12,3,7441.0,759,0,0,8188
179,2014-02-12,3,6260.0,889,0,0,5996
180,2014-02-12,3,5763.0,748,0,0,5198
181,2014-02-12,3,4822.0,578,0,0,3608
182,2014-02-12,3,4124.0,344,0,0,5972
183,2014-02-12,3,3693.0,526,0,0,3800
184,2014-02-12,3,5464.0,533,0,0,5137
185,2014-02-12,3,4256.0,396,0,0,6121
186,2014-02-12,3,2450.0,289,0,0,2232
187,2014-02-12,3,5009.0,678,0,0,3225
188,2014-02-12,3,3498.0,341,0,0,7824
189,2014-02-12,3,6568.0,748,0,0,6628
190,2014-02-12,3,6487.0,630,0,0,5943
191,2014-02-12,3,4860.0,584,0,0,4404
192,2014-02-12,3,5591.0,444,0,0,6317
193,2014-02-12,3,3943.0,698,0,0,4015
194,2014-02-12,3,3685.0,351,0,0,5350
195,2014-02-12,3,8233.0,1162,0,0,7879
196,2014-02-12,3,4801.0,692,0,0,3908
197,2014-02-12,3,5526.0,785,0,0,4082
198,2014-02-12,3,1801.0,249,0,0,1166
199,2014-02-12,3,5744.0,487,0,0,6454
200,2014-02-12,3,6983.0,973,0,0,6187
201,2014-02-12,3,3610.0,338,0,0,4778
202,2014-02-12,3,4550.0,433,0,0,3963
203,2014-02-12,3,5908.0,910,0,0,4912
204,2014-02-12,3,4749.0,498,0,0,4251
205,2014-02-12,3,4831.0,739,0,0,5272
206,2014-02-12,3,6401.0,794,0,0,5196
207,2014-02-12,3,9071.0,1243,0,0,9086
208,2014-02-12,3,2006.0,322,0,0,1478
209,2014-02-12,3,4022.0,475,0,0,5269
210,2014-02-12,3,2396.0,257,0,0,2270
211,2014-02-12,3,10617.0,1382,0,0,11409
212,2014-02-12,3,4062.0,493,0,0,3513
213,2014-02-12,3,6006.0,587,0,0,5986
214,2014-02-12,3,6457.0,548,0,0,7831
215,2014-02-12,3,3898.0,319,0,0,4907
216,2014-02-12,3,4847.0,751,0,0,4219
217,2014-02-12,3,4340.0,614,0,0,3427
218,2014-02-12,3,4819.0,743,0,0,3096
219,2014-02-12,3,2452.0,373,0,0,2506
220,2014-02-12,3,4027.0,605,0,0,4590
221,2014-02-12,3,4293.0,479,0,0,4383
222,2014-02-12,3,4304.0,532,0,0,5492
223,2014-02-12,3,5838.0,678,0,0,5394
224,2014-02-12,3,4434.0,368,0,0,4874
225,2014-02-12,3,4367.0,468,0,0,4035
226,2014-02-12,3,5117.0,600,0,0,5393
227,2014-02-12,3,4943.0,503,0,0,5342
228,2014-02-12,3,5893.0,523,0,0,5947
229,2014-02-12,3,6271.0,596,0,0,4755
230,2014-02-12,3,5696.0,833,0,0,5663
231,2014-02-12,3,3583.0,318,0,0,3558
232,2014-02-12,3,2581.0,260,0,0,3280
233,2014-02-12,3,8269.0,994,0,0,6708
234,2014-02-12,3,8298.0,840,0,0,11208
235,2014-02-12,3,4159.0,436,0,0,3645
236,2014-02-12,3,6015.0,805,0,0,4509
237,2014-02-12,3,3990.0,544,0,0,3565
238,2014-02-12,3,6142.0,1021,0,0,5347
239,2014-02-12,3,3357.0,358,0,0,4346
240,2014-02-12,3,4381.0,448,0,0,4672
241,2014-02-12,3,5293.0,619,0,0,4912
242,2014-02-12,3,2584.0,254,0,0,3310
243,2014-02-12,3,5012.0,753,0,0,5764
244,2014-02-12,3,3419.0,442,0,0,3005
245,2014-02-12,3,8324.0,1047,0,0,7562
246,2014-02-12,3,5439.0,810,0,0,5528
247,2014-02-12,3,6251.0,547,0,0,7224
248,2014-02-12,3,6655.0,997,0,0,6122
249,2014-02-12,3,3742.0,448,0,0,3246
250,2014-02-12,3,6804.0,557,0,0,6493
251,2014-02-12,3,16607.0,2239,0,0,16570
252,2014-02-12,3,7086.0,641,0,0,6464
253,2014-02-12,3,4539.0,623,0,0,4416
254,2014-02-12,3,2173.0,208,0,0,2439
255,2014-02-12,3,4366.0,547,0,0,5750
256,2014-02-12,3,7588.0,1208,0,0,8039
257,2014-02-12,3,4039.0,566,0,0,2609
258,2014-02-12,3,4795.0,453,0,0,4963
259,2014-02-12,3,11310.0,2402,0,0,10327
260,2014-02-12,3,5660.0,828,0,0,4533
261,2014-02-12,3,9251.0,812,0,0,9233
262,2014-02-12,3,15520.0,2795,0,0,18528
263,2014-02-12,3,2738.0,311,0,0,3350
264,2014-02-12,3,5806.0,879,0,0,6849
265,2014-02-12,3,4191.0,533,0,0,4625
266,2014-02-12,3,3151.0,480,0,0,3995
267,2014-02-12,3,5911.0,800,0,0,6457
268,2014-02-12,3,4026.0,577,0,0,3317
269,2014-02-12,3,7308.0,1110,0,0,7345
270,2014-02-12,3,8012.0,1078,0,0,7084
271,2014-02-12,3,6393.0,716,0,0,6304
272,2014-02-12,3,4399.0,563,0,0,4962
273,2014-02-12,3,4586.0,569,0,0,4212
274,2014-02-12,3,3146.0,886,0,0,2578
275,2014-02-12,3,6007.0,664,0,0,5547
276,2014-02-12,3,3583.0,485,0,0,4504
277,2014-02-12,3,5373.0,458,0,0,5267
278,2014-02-12,3,5579.0,758,0,0,4377
279,2014-02-12,3,6348.0,528,0,0,8196
280,2014-02-12,3,4454.0,434,0,0,4099
281,2014-02-12,3,4410.0,446,0,0,949
282,2014-02-12,3,3883.0,643,0,0,4856
283,2014-02-12,3,5316.0,618,0,0,5241
284,2014-02-12,3,3372.0,340,0,0,3634
285,2014-02-12,3,4387.0,405,0,0,4281
286,2014-02-12,3,3856.0,390,0,0,3289
287,2014-02-12,3,6489.0,671,0,0,6479
288,2014-02-12,3,4233.0,335,0,0,5338
289,2014-02-12,3,5044.0,512,0,0,4763
290,2014-02-12,3,4652.0,577,0,0,4847
291,2014-02-12,3,6807.0,776,0,0,6785
292,2014-02-12,3,4759.0,670,0,0,5252
293,2014-02-12,3,5125.0,741,0,0,3784
294,2014-02-12,3,5602.0,805,0,0,5396
295,2014-02-12,3,4183.0,581,0,0,3768
296,2014-02-12,3,5824.0,766,0,0,2978
297,2014-02-12,3,5827.0,680,0,0,4898
298,2014-02-12,3,6112.0,519,0,0,6221
299,2014-02-12,3,4269.0,470,0,0,4307
300,2014-02-12,3,5526.0,782,0,0,6907
301,2014-02-12,3,5089.0,592,0,0,5925
302,2014-02-12,3,2124.0,239,0,0,3544
303,2014-02-12,3,5165.0,619,0,0,4741
304,2014-02-12,3,6098.0,1048,0,0,5656
305,2014-02-12,3,3650.0,412,0,0,4004
306,2014-02-12,3,3984.0,453,0,0,3413
307,2014-02-12,3,2113.0,259,0,0,1865
308,2014-02-12,3,7871.0,848,0,0,7416
309,2014-02-12,3,4864.0,482,0,0,4556
310,2014-02-12,3,7061.0,650,0,0,6198
311,2014-02-12,3,5711.0,834,0,0,5518
312,2014-02-12,3,4016.0,453,0,0,4613
313,2014-02-12,3,5056.0,582,0,0,4814
314,2014-02-12,3,4105.0,521,0,0,4203
315,2014-02-12,3,3552.0,439,0,0,3140
316,2014-02-12,3,6918.0,706,0,0,7336
317,2014-02-12,3,3764.0,451,0,0,4084
318,2014-02-12,3,5491.0,575,0,0,6811
319,2014-02-12,3,6881.0,800,0,0,6428
320,2014-02-12,3,12334.0,1908,0,0,11406
321,2014-02-12,3,4141.0,485,0,0,5121
322,2014-02-12,3,3567.0,451,0,0,3857
323,2014-02-12,3,6478.0,567,0,0,5718
324,2014-02-12,3,4441.0,644,0,0,2483
325,2014-02-12,3,4846.0,585,0,0,3894
326,2014-02-12,3,3420.0,308,0,0,3140
327,2014-02-12,3,5757.0,804,0,0,5761
328,2014-02-12,3,4044.0,513,0,0,6015
329,2014-02-12,3,5256.0,551,0,0,5193
330,2014-02-12,3,2875.0,361,0,0,2950
331,2014-02-12,3,5977.0,836,0,0,3453
332,2014-02-12,3,3620.0,544,0,0,3214
333,2014-02-12,3,8109.0,1196,0,0,7518
334,2014-02-12,3,4491.0,519,0,0,6978
335,2014-02-12,3,13033.0,2661,0,0,11129
336,2014-02-12,3,10991.0,1756,0,0,11369
337,2014-02-12,3,4083.0,333,0,0,3893
338,2014-02-12,3,5607.0,553,0,0,4667
339,2014-02-12,3,4314.0,630,0,0,3820
340,2014-02-12,3,5290.0,678,0,0,5518
341,2014-02-12,3,4465.0,689,0,0,4219
342,2014-02-12,3,8374.0,704,0,0,8707
343,2014-02-12,3,5330.0,577,0,0,6341
344,2014-02-12,3,6016.0,957,0,0,6953
345,2014-02-12,3,3819.0,428,0,0,4727
346,2014-02-12,3,5771.0,601,0,0,4515
347,2014-02-12,3,3120.0,296,0,0,3796
348,2014-02-12,3,6492.0,609,0,0,8603
349,2014-02-12,3,6792.0,774,0,0,5670
350,2014-02-12,3,4566.0,372,0,0,5122
351,2014-02-12,3,4496.0,427,0,0,5484
352,2014-02-12,3,5325.0,550,0,0,4173
353,2014-02-12,3,5222.0,1430,0,0,2868
354,2014-02-12,3,6219.0,586,0,0,5777
355,2014-02-12,3,7815.0,1059,0,0,6812
356,2014-02-12,3,4471.0,384,0,0,5003
357,2014-02-12,3,5710.0,905,0,0,5736
358,2014-02-12,3,8146.0,983,0,0,8489
359,2014-02-12,3,5294.0,517,0,0,4672
360,2014-02-12,3,5330.0,710,0,0,5706
361,2014-02-12,3,4701.0,543,0,0,4793
362,2014-02-12,3,7073.0,1060,0,0,8131
363,2014-02-12,3,5758.0,848,0,0,4947
364,2014-02-12,3,3724.0,515,0,0,2638
365,2014-02-12,3,4006.0,518,0,0,3951
366,2014-02-12,3,5587.0,622,0,0,5128
367,2014-02-12,3,3551.0,437,0,0,2047
368,2014-02-12,3,6536.0,574,0,0,8530
369,2014-02-12,3,5649.0,493,0,0,4979
370,2014-02-12,3,5326.0,484,0,0,4927
371,2014-02-12,3,4670.0,455,0,0,5698
372,2014-02-12,3,6659.0,680,0,0,5657
373,2014-02-12,3,3678.0,287,0,0,3692
374,2014-02-12,3,6650.0,845,0,0,6546
375,2014-02-12,3,7473.0,688,0,0,7056
376,2014-02-12,3,6235.0,846,0,0,6453
377,2014-02-12,3,5694.0,833,0,0,5767
378,2014-02-12,3,5156.0,914,0,0,5074
379,2014-02-12,3,3187.0,460,0,0,3309
380,2014-02-12,3,11684.0,1268,0,0,9256
381,2014-02-12,3,7505.0,931,0,0,7071
382,2014-02-12,3,5676.0,517,0,0,6475
383,2014-02-12,3,14310.0,2008,0,0,12977
384,2014-02-12,3,7108.0,914,0,0,7829
385,2014-02-12,3,5138.0,509,0,0,5566
386,2014-02-12,3,7162.0,629,0,0,8418
387,2014-02-12,3,6672.0,1020,0,0,8004
388,2014-02-12,3,8120.0,984,0,0,8827
389,2014-02-12,3,8261.0,1188,0,0,7154
391,2014-02-12,3,4884.0,627,0,0,5874
392,2014-02-12,3,5766.0,631,0,0,4125
393,2014-02-12,3,5075.0,523,0,0,6824
394,2014-02-12,3,6300.0,562,0,0,7208
395,2014-02-12,3,2994.0,461,0,0,3053
396,2014-02-12,3,8158.0,991,0,0,8961
397,2014-02-12,3,4555.0,684,0,0,4357
398,2014-02-12,3,3795.0,491,0,0,5012
399,2014-02-12,3,4349.0,504,0,0,2629
400,2014-02-12,3,7323.0,1094,0,0,7221
401,2014-02-12,3,5790.0,649,0,0,5209
402,2014-02-12,3,4259.0,489,0,0,4927
403,2014-02-12,3,5965.0,670,0,0,6845
404,2014-02-12,3,4756.0,609,0,0,3297
405,2014-02-12,3,2913.0,367,0,0,3790
406,2014-02-12,3,4868.0,389,0,0,5454
407,2014-02-12,3,2673.0,242,0,0,2687
408,2014-02-12,3,3279.0,368,0,0,4302
409,2014-02-12,3,3658.0,431,0,0,5728
410,2014-02-12,3,4916.0,734,0,0,5196
411,2014-02-12,3,7003.0,575,0,0,8203
412,2014-02-12,3,6627.0,506,0,0,7310
413,2014-02-12,3,5715.0,812,0,0,6166
414,2014-02-12,3,4685.0,410,0,0,4387
415,2014-02-12,3,4649.0,439,0,0,5345
416,2014-02-12,3,8324.0,1245,0,0,7567
417,2014-02-12,3,6546.0,764,0,0,4239
418,2014-02-12,3,4426.0,524,0,0,3044
419,2014-02-12,3,4246.0,752,0,0,3826
420,2014-02-12,3,3378.0,358,0,0,2827
421,2014-02-12,3,6581.0,754,0,0,6869
422,2014-02-12,3,3850.0,436,0,0,3619
423,2014-02-12,3,7723.0,1566,0,0,8986
424,2014-02-12,3,5415.0,673,0,0,5218
425,2014-02-12,3,3090.0,411,0,0,3143
426,2014-02-12,3,4195.0,628,0,0,4317
427,2014-02-12,3,5205.0,650,0,0,5476
428,2014-02-12,3,4573.0,392,0,0,5276
429,2014-02-12,3,3624.0,324,0,0,3383
430,2014-02-12,3,6733.0,592,0,0,6193
431,2014-02-12,3,7089.0,852,0,0,8704
432,2014-02-12,3,9393.0,1466,0,0,6969
433,2014-02-12,3,4576.0,544,0,0,3888
434,2014-02-12,3,7085.0,595,0,0,7713
435,2014-02-12,3,3190.0,413,0,0,4879
436,2014-02-12,3,4416.0,555,0,0,6885
437,2014-02-12,3,4734.0,502,0,0,6723
438,2014-02-12,3,4160.0,472,0,0,5318
439,2014-02-12,3,5457.0,742,0,0,6113
440,2014-02-12,3,4114.0,569,0,0,4774
441,2014-02-12,3,4111.0,554,0,0,4440
442,2014-02-12,3,2900.0,398,0,0,4257
443,2014-02-12,3,4467.0,434,0,0,4089
444,2014-02-12,3,8766.0,1057,0,0,9728
445,2014-02-12,3,6374.0,1080,0,0,6929
446,2014-02-12,3,4305.0,622,0,0,3817
447,2014-02-12,3,4556.0,565,0,0,5510
448,2014-02-12,3,7425.0,736,0,0,6664
449,2014-02-12,3,9140.0,1419,0,0,10521
450,2014-02-12,3,5562.0,790,0,0,4618
451,2014-02-12,3,4391.0,407,0,0,6343
452,2014-02-12,3,3631.0,398,0,0,-1401
453,2014-02-12,3,5964.0,764,0,0,5956
454,2014-02-12,3,5338.0,735,0,0,4600
455,2014-02-12,3,6116.0,405,0,0,4894
456,2014-02-12,3,4907.0,832,0,0,5171
457,2014-02-12,3,3855.0,377,0,0,4614
458,2014-02-12,3,5616.0,578,0,0,5526
459,2014-02-12,3,7087.0,1041,0,0,6889
460,2014-02-12,3,2838.0,277,0,0,3318
461,2014-02-12,3,3435.0,394,0,0,3721
462,2014-02-12,3,4158.0,592,0,0,3365
463,2014-02-12,3,5175.0,887,0,0,4942
464,2014-02-12,3,8017.0,1044,0,0,8136
465,2014-02-12,3,5123.0,478,0,0,7272
466,2014-02-12,3,6213.0,728,0,0,4747
467,2014-02-12,3,11040.0,1483,0,0,9554
468,2014-02-12,3,4818.0,617,0,0,4058
469,2014-02-12,3,8731.0,1232,0,0,8941
470,2014-02-12,3,9561.0,1431,0,0,9534
471,2014-02-12,3,6140.0,518,0,0,7021
472,2014-02-12,3,4240.0,638,0,0,4310
473,2014-02-12,3,2698.0,412,0,0,4321
474,2014-02-12,3,6614.0,719,0,0,6628
475,2014-02-12,3,4704.0,772,0,0,4776
476,2014-02-12,3,4870.0,630,0,0,3838
477,2014-02-12,3,4212.0,310,0,0,3860
478,2014-02-12,3,5373.0,643,0,0,4908
479,2014-02-12,3,9155.0,1135,0,0,9582
480,2014-02-12,3,4848.0,659,0,0,4109
481,2014-02-12,3,3874.0,409,0,0,4627
482,2014-02-12,3,5897.0,736,0,0,6729
483,2014-02-12,3,3853.0,587,0,0,3545
484,2014-02-12,3,5135.0,569,0,0,5270
485,2014-02-12,3,3589.0,343,0,0,4320
486,2014-02-12,3,3454.0,448,0,0,3320
487,2014-02-12,3,4812.0,544,0,0,4666
488,2014-02-12,3,2716.0,346,0,0,1528
489,2014-02-12,3,5744.0,598,0,0,4297
490,2014-02-12,3,6918.0,986,0,0,6064
491,2014-02-12,3,4359.0,432,0,0,4494
492,2014-02-12,3,6035.0,971,0,0,6546
493,2014-02-12,3,5469.0,684,0,0,6758
494,2014-02-12,3,6103.0,973,0,0,6120
495,2014-02-12,3,3187.0,297,0,0,3722
496,2014-02-12,3,5761.0,706,0,0,4721
497,2014-02-12,3,8155.0,1087,0,0,6447
498,2014-02-12,3,5845.0,797,0,0,5493
499,2014-02-12,3,3855.0,627,0,0,5096
500,2014-02-12,3,3901.0,319,0,0,3716
501,2014-02-12,3,4398.0,594,0,0,4306
502,2014-02-12,3,8459.0,1338,0,0,8755
503,2014-02-12,3,3964.0,334,0,0,4418
504,2014-02-12,3,5232.0,839,0,0,5073
505,2014-02-12,3,4032.0,555,0,0,3536
506,2014-02-12,3,6459.0,850,0,0,6100
507,2014-02-12,3,5566.0,525,0,0,5676
508,2014-02-12,3,5326.0,641,0,0,5938
509,2014-02-12,3,5044.0,518,0,0,4190
510,2014-02-12,3,7154.0,857,0,0,6529
511,2014-02-12,3,5015.0,789,0,0,4433
512,2014-02-12,3,4610.0,1237,0,0,5538
513,2014-02-12,3,14876.0,1834,0,0,15967
514,2014-02-12,3,4568.0,526,0,0,4699
515,2014-02-12,3,6715.0,602,0,0,8484
516,2014-02-12,3,4513.0,664,0,0,4375
517,2014-02-12,3,4555.0,578,0,0,5622
518,2014-02-12,3,4015.0,425,0,0,4561
519,2014-02-12,3,3371.0,415,0,0,3333
520,2014-02-12,3,3026.0,379,0,0,4349
521,2014-02-12,3,3141.0,308,0,0,1863
522,2014-02-12,3,6093.0,530,0,0,6680
523,2014-02-12,3,10705.0,1438,0,0,11503
524,2014-02-12,3,6558.0,753,0,0,6317
525,2014-02-12,3,7917.0,760,0,0,7103
526,2014-02-12,3,8460.0,1276,0,0,8721
527,2014-02-12,3,8963.0,936,0,0,8371
528,2014-02-12,3,7744.0,796,0,0,9539
529,2014-02-12,3,6237.0,666,0,0,5607
530,2014-02-12,3,1826.0,266,0,0,2988
531,2014-02-12,3,3946.0,553,0,0,4395
532,2014-02-12,3,9136.0,1178,0,0,9595
533,2014-02-12,3,7664.0,818,0,0,8056
534,2014-02-12,3,5314.0,428,0,0,6503
535,2014-02-12,3,7162.0,903,0,0,5274
536,2014-02-12,3,6446.0,776,0,0,6283
537,2014-02-12,3,5023.0,581,0,0,3168
538,2014-02-12,3,3290.0,551,0,0,3662
539,2014-02-12,3,9004.0,963,0,0,10677
540,2014-02-12,3,3928.0,342,0,0,4444
541,2014-02-12,3,5300.0,759,0,0,4625
542,2014-02-12,3,4578.0,488,0,0,3545
543,2014-02-12,3,1806.0,187,0,0,3004
544,2014-02-12,3,10545.0,1531,0,0,9508
545,2014-02-12,3,8203.0,952,0,0,7601
546,2014-02-12,3,10432.0,1396,0,0,9648
547,2014-02-12,3,4065.0,341,0,0,4544
548,2014-02-12,3,3435.0,312,0,0,3030
549,2014-02-12,3,4120.0,550,0,0,3206
550,2014-02-12,3,4660.0,405,0,0,4324
551,2014-02-12,3,5604.0,923,0,0,5901
552,2014-02-12,3,5317.0,585,0,0,6104
553,2014-02-12,3,4942.0,495,0,0,4616
554,2014-02-12,3,3456.0,523,0,0,3521
555,2014-02-12,3,3371.0,346,0,0,3340
556,2014-02-12,3,6053.0,769,0,0,6725
557,2014-02-12,3,3630.0,651,0,0,2862
558,2014-02-12,3,2538.0,423,0,0,3539
559,2014-02-12,3,4943.0,741,0,0,3918
560,2014-02-12,3,10556.0,1378,0,0,10285
561,2014-02-12,3,5453.0,604,0,0,5186
562,2014-02-12,3,17255.0,3071,0,0,16664
563,2014-02-12,3,4703.0,678,0,0,4700
564,2014-02-12,3,4121.0,369,0,0,6008
565,2014-02-12,3,5935.0,834,0,0,4338
566,2014-02-12,3,3388.0,458,0,0,4828
567,2014-02-12,3,4055.0,632,0,0,3262
568,2014-02-12,3,3523.0,355,0,0,3804
569,2014-02-12,3,4024.0,654,0,0,3751
570,2014-02-12,3,3921.0,606,0,0,3089
571,2014-02-12,3,5129.0,421,0,0,7055
572,2014-02-12,3,5055.0,481,0,0,5710
573,2014-02-12,3,3084.0,281,0,0,3152
574,2014-02-12,3,6922.0,555,0,0,6434
575,2014-02-12,3,3418.0,389,0,0,4368
576,2014-02-12,3,5049.0,815,0,0,6199
577,2014-02-12,3,3807.0,533,0,0,5116
578,2014-02-12,3,5398.0,547,0,0,5664
579,2014-02-12,3,6006.0,734,0,0,6318
580,2014-02-12,3,7706.0,1382,0,0,7996
581,2014-02-12,3,4257.0,581,0,0,5833
582,2014-02-12,3,4996.0,737,0,0,5656
583,2014-02-12,3,3716.0,378,0,0,4073
584,2014-02-12,3,3698.0,384,0,0,3825
585,2014-02-12,3,5183.0,893,0,0,3893
586,2014-02-12,3,12692.0,2142,0,0,11013
587,2014-02-12,3,6644.0,528,0,0,6753
588,2014-02-12,3,4552.0,566,0,0,4667
589,2014-02-12,3,3988.0,498,0,0,4399
590,2014-02-12,3,3955.0,334,0,0,3897
591,2014-02-12,3,4942.0,466,0,0,3916
592,2014-02-12,3,3420.0,507,0,0,4458
593,2014-02-12,3,7277.0,1011,0,0,7697
594,2014-02-12,3,3996.0,452,0,0,3118
595,2014-02-12,3,11532.0,1487,0,0,11073
596,2014-02-12,3,3554.0,600,0,0,2943
597,2014-02-12,3,4124.0,657,0,0,6438
598,2014-02-12,3,3796.0,619,0,0,4051
599,2014-02-12,3,6832.0,721,0,0,8632
600,2014-02-12,3,4947.0,499,0,0,5583
601,2014-02-12,3,3328.0,328,0,0,3578
602,2014-02-12,3,5139.0,565,0,0,5201
603,2014-02-12,3,5566.0,929,0,0,5053
604,2014-02-12,3,6562.0,507,0,0,6302
605,2014-02-12,3,5325.0,417,0,0,6483
606,2014-02-12,3,5065.0,599,0,0,3785
607,2014-02-12,3,2623.0,334,0,0,3930
608,2014-02-12,3,7086.0,805,0,0,7117
609,2014-02-12,3,3862.0,479,0,0,3202
610,2014-02-12,3,3434.0,476,0,0,2530
611,2014-02-12,3,4832.0,421,0,0,5011
612,2014-02-12,3,4672.0,330,0,0,5523
613,2014-02-12,3,5313.0,874,0,0,4147
614,2014-02-12,3,5583.0,807,0,0,3982
615,2014-02-12,3,7588.0,1084,0,0,8520
616,2014-02-12,3,7094.0,791,0,0,7265
617,2014-02-12,3,5598.0,555,0,0,5506
618,2014-02-12,3,4330.0,401,0,0,6940
619,2014-02-12,3,3535.0,394,0,0,4126
620,2014-02-12,3,5831.0,576,0,0,7010
621,2014-02-12,3,4748.0,712,0,0,5400
622,2014-02-12,3,3644.0,426,0,0,4109
623,2014-02-12,3,6102.0,823,0,0,6944
624,2014-02-12,3,6303.0,659,0,0,5469
625,2014-02-12,3,5086.0,565,0,0,4457
626,2014-02-12,3,6800.0,647,0,0,7061
627,2014-02-12,3,5111.0,573,0,0,4556
628,2014-02-12,3,5455.0,749,0,0,4252
629,2014-02-12,3,6221.0,620,0,0,5687
630,2014-02-12,3,6751.0,847,0,0,3588
631,2014-02-12,3,4111.0,560,0,0,4249
632,2014-02-12,3,5371.0,798,0,0,5620
633,2014-02-12,3,5335.0,437,0,0,7302
634,2014-02-12,3,5440.0,572,0,0,5207
635,2014-02-12,3,4331.0,505,0,0,5051
636,2014-02-12,3,3858.0,533,0,0,4049
637,2014-02-12,3,6554.0,582,0,0,6122
638,2014-02-12,3,4733.0,424,0,0,5498
639,2014-02-12,3,3477.0,424,0,0,3840
640,2014-02-12,3,8392.0,722,0,0,8738
641,2014-02-12,3,4636.0,479,0,0,5157
642,2014-02-12,3,3549.0,510,0,0,2683
643,2014-02-12,3,6500.0,912,0,0,7882
644,2014-02-12,3,6836.0,835,0,0,6320
645,2014-02-12,3,8206.0,1150,0,0,9538
646,2014-02-12,3,4214.0,633,0,0,5301
647,2014-02-12,3,4510.0,622,0,0,3496
648,2014-02-12,3,4555.0,487,0,0,6622
649,2014-02-12,3,3281.0,384,0,0,3341
650,2014-02-12,3,4794.0,557,0,0,5108
651,2014-02-12,3,6570.0,812,0,0,4932
652,2014-02-12,3,4460.0,523,0,0,5555
653,2014-02-12,3,4344.0,417,0,0,4284
654,2014-02-12,3,5697.0,696,0,0,5071
655,2014-02-12,3,5985.0,564,0,0,5164
656,2014-02-12,3,2748.0,337,0,0,4682
657,2014-02-12,3,4576.0,651,0,0,4745
658,2014-02-12,3,5019.0,555,0,0,3855
659,2014-02-12,3,5148.0,717,0,0,4581
660,2014-02-12,3,3394.0,429,0,0,3292
661,2014-02-12,3,6506.0,550,0,0,6239
662,2014-02-12,3,6356.0,640,0,0,6379
663,2014-02-12,3,4025.0,646,0,0,2980
664,2014-02-12,3,3545.0,507,0,0,3204
665,2014-02-12,3,7323.0,1261,0,0,6354
666,2014-02-12,3,4428.0,485,0,0,5552
667,2014-02-12,3,6005.0,630,0,0,6602
668,2014-02-12,3,7109.0,1026,0,0,6523
669,2014-02-12,3,3172.0,298,0,0,3992
670,2014-02-12,3,5076.0,611,0,0,5602
671,2014-02-12,3,4322.0,526,0,0,5841
672,2014-02-12,3,6085.0,1124,0,0,7337
673,2014-02-12,3,5243.0,507,0,0,5070
674,2014-02-12,3,6503.0,967,0,0,5932
675,2014-02-12,3,3043.0,379,0,0,2498
676,2014-02-12,3,6288.0,1568,0,0,7462
677,2014-02-12,3,6220.0,581,0,0,6296
678,2014-02-12,3,5174.0,732,0,0,5955
679,2014-02-12,3,8056.0,1007,0,0,8337
680,2014-02-12,3,4578.0,763,0,0,3269
681,2014-02-12,3,2476.0,449,0,0,6760
682,2014-02-12,3,10282.0,1729,0,0,8775
683,2014-02-12,3,7935.0,873,0,0,6024
684,2014-02-12,3,5409.0,455,0,0,6028
685,2014-02-12,3,4857.0,543,0,0,3828
686,2014-02-12,3,4907.0,668,0,0,4593
687,2014-02-12,3,6639.0,665,0,0,5493
688,2014-02-12,3,3173.0,337,0,0,2831
689,2014-02-12,3,5125.0,619,0,0,5131
690,2014-02-12,3,4847.0,831,0,0,4722
691,2014-02-12,3,5974.0,491,0,0,7146
692,2014-02-12,3,5134.0,748,0,0,4364
693,2014-02-12,3,3998.0,367,0,0,709
694,2014-02-12,3,5958.0,635,0,0,6435
695,2014-02-12,3,3642.0,396,0,0,3738
696,2014-02-12,3,6427.0,912,0,0,5534
697,2014-02-12,3,8568.0,892,0,0,8517
698,2014-02-12,3,13856.0,1856,0,0,12870
699,2014-02-12,3,6706.0,871,0,0,5202
700,2014-02-12,3,3426.0,520,0,0,6276
701,2014-02-12,3,4375.0,537,0,0,4598
702,2014-02-12,3,3058.0,273,0,0,2910
703,2014-02-12,3,2895.0,343,0,0,3024
704,2014-02-12,3,8615.0,1005,0,0,9648
705,2014-02-12,3,6355.0,891,0,0,6099
706,2014-02-12,3,3918.0,416,0,0,5250
707,2014-02-12,3,6894.0,844,0,0,6787
708,2014-02-12,3,3539.0,407,0,0,3443
709,2014-02-12,3,9577.0,1415,0,0,5675
710,2014-02-12,3,3516.0,306,0,0,3242
711,2014-02-12,3,5419.0,442,0,0,6212
712,2014-02-12,3,5234.0,482,0,0,5043
713,2014-02-12,3,8282.0,1212,0,0,7655
714,2014-02-12,3,3201.0,276,0,0,4454
715,2014-02-12,3,5465.0,689,0,0,4989
716,2014-02-12,3,3885.0,347,0,0,5029
717,2014-02-12,3,3641.0,475,0,0,5852
718,2014-02-12,3,6438.0,805,0,0,5825
719,2014-02-12,3,4477.0,383,0,0,3433
720,2014-02-12,3,6495.0,711,0,0,6802
721,2014-02-12,3,5968.0,710,0,0,5082
722,2014-02-12,3,8629.0,1509,0,0,7452
723,2014-02-12,3,5051.0,443,0,0,5731
724,2014-02-12,3,5467.0,628,0,0,6323
725,2014-02-12,3,4566.0,508,0,0,4066
726,2014-02-12,3,9589.0,1095,0,0,8507
727,2014-02-12,3,3683.0,423,0,0,3626
728,2014-02-12,3,3457.0,358,0,0,3553
729,2014-02-12,3,8003.0,944,0,0,8719
730,2014-02-12,3,6234.0,886,0,0,5648
731,2014-02-12,3,7109.0,901,0,0,6430
732,2014-02-12,3,3799.0,484,0,0,4516
733,2014-02-12,3,13010.0,3236,0,0,13661
734,2014-02-12,3,4291.0,502,0,0,5391
735,2014-02-12,3,3543.0,440,0,0,4864
736,2014-02-12,3,3796.0,409,0,0,4338
737,2014-02-12,3,5389.0,844,0,0,5017
738,2014-02-12,3,6434.0,582,0,0,5900
739,2014-02-12,3,7309.0,622,0,0,6952
740,2014-02-12,3,5263.0,412,0,0,6622
741,2014-02-12,3,6821.0,875,0,0,7020
742,2014-02-12,3,6109.0,740,0,0,6356
743,2014-02-12,3,2878.0,383,0,0,3121
744,2014-02-12,3,6250.0,760,0,0,5311
745,2014-02-12,3,6290.0,736,0,0,7395
746,2014-02-12,3,3977.0,379,0,0,4399
747,2014-02-12,3,5948.0,625,0,0,5766
748,2014-02-12,3,3901.0,374,0,0,5065
749,2014-02-12,3,4626.0,686,0,0,4818
750,2014-02-12,3,3799.0,340,0,0,4805
751,2014-02-12,3,3761.0,547,0,0,4629
752,2014-02-12,3,4024.0,386,0,0,5510
753,2014-02-12,3,6500.0,656,0,0,7543
754,2014-02-12,3,5483.0,764,0,0,6935
755,2014-02-12,3,8212.0,744,0,0,8830
756,2014-02-12,3,12616.0,1929,0,0,15171
757,2014-02-12,3,4517.0,495,0,0,6067
758,2014-02-12,3,4278.0,646,0,0,3392
759,2014-02-12,3,5464.0,736,0,0,5179
760,2014-02-12,3,6676.0,1059,0,0,5551
761,2014-02-12,3,7573.0,942,0,0,6041
762,2014-02-12,3,1935.0,271,0,0,3937
763,2014-02-12,3,4500.0,466,0,0,5562
764,2014-02-12,3,2992.0,382,0,0,1957
765,2014-02-12,3,6736.0,655,0,0,5302
766,2014-02-12,3,4934.0,476,0,0,4298
767,2014-02-12,3,4577.0,558,0,0,2524
768,2014-02-12,3,10240.0,1185,0,0,11068
769,2014-02-12,3,9514.0,2906,0,0,6587
770,2014-02-12,3,5507.0,690,0,0,5710
771,2014-02-12,3,5252.0,652,0,0,5500
772,2014-02-12,3,3059.0,449,0,0,2552
773,2014-02-12,3,6395.0,781,0,0,3249
774,2014-02-12,3,4994.0,744,0,0,1592
775,2014-02-12,3,7418.0,555,0,0,6903
776,2014-02-12,3,3484.0,442,0,0,1633
777,2014-02-12,3,2664.0,272,0,0,2908
778,2014-02-12,3,4895.0,704,0,0,4817
779,2014-02-12,3,5568.0,627,0,0,5372
780,2014-02-12,3,4812.0,663,0,0,4680
781,2014-02-12,3,3799.0,659,0,0,3889
782,2014-02-12,3,3876.0,442,0,0,4288
783,2014-02-12,3,5001.0,592,0,0,6054
784,2014-02-12,3,6195.0,798,0,0,6647
785,2014-02-12,3,3780.0,385,0,0,5388
786,2014-02-12,3,3063.0,534,0,0,2542
787,2014-02-12,3,9107.0,1047,0,0,8896
788,2014-02-12,3,16544.0,1728,0,0,15261
789,2014-02-12,3,3286.0,459,0,0,3397
790,2014-02-12,3,5492.0,560,0,0,5976
791,2014-02-12,3,5886.0,710,0,0,7333
792,2014-02-12,3,4952.0,576,0,0,337
793,2014-02-12,3,2512.0,308,0,0,3610
794,2014-02-12,3,3001.0,509,0,0,2731
795,2014-02-12,3,2932.0,404,0,0,5138
796,2014-02-12,3,5711.0,620,0,0,6525
797,2014-02-12,3,2561.0,288,0,0,150
798,2014-02-12,3,7040.0,965,0,0,4649
799,2014-02-12,3,8459.0,839,0,0,9035
800,2014-02-12,3,4598.0,446,0,0,3088
801,2014-02-12,3,3388.0,400,0,0,3924
802,2014-02-12,3,5073.0,466,0,0,5553
803,2014-02-12,3,4157.0,405,0,0,4175
804,2014-02-12,3,4153.0,371,0,0,4815
805,2014-02-12,3,3875.0,428,0,0,4440
806,2014-02-12,3,4502.0,414,0,0,5482
807,2014-02-12,3,8311.0,919,0,0,8617
808,2014-02-12,3,6301.0,585,0,0,5128
809,2014-02-12,3,7213.0,674,0,0,7436
810,2014-02-12,3,4556.0,426,0,0,5439
811,2014-02-12,3,3800.0,680,0,0,2447
812,2014-02-12,3,5615.0,741,0,0,5213
813,2014-02-12,3,5005.0,625,0,0,5427
814,2014-02-12,3,6565.0,565,0,0,6101
815,2014-02-12,3,7234.0,783,0,0,7313
816,2014-02-12,3,4110.0,678,0,0,2946
817,2014-02-12,3,20459.0,3208,0,0,17267
818,2014-02-12,3,4509.0,544,0,0,7455
819,2014-02-12,3,4939.0,491,0,0,5912
820,2014-02-12,3,9427.0,980,0,0,10255
821,2014-02-12,3,5859.0,817,0,0,5891
822,2014-02-12,3,5556.0,529,0,0,9973
823,2014-02-12,3,4296.0,502,0,0,3259
824,2014-02-12,3,6324.0,913,0,0,6999
825,2014-02-12,3,3102.0,401,0,0,3703
826,2014-02-12,3,7175.0,716,0,0,7628
827,2014-02-12,3,8649.0,1214,0,0,9125
828,2014-02-12,3,4221.0,569,0,0,2576
829,2014-02-12,3,4532.0,674,0,0,3840
830,2014-02-12,3,5469.0,578,0,0,4312
831,2014-02-12,3,10358.0,1500,0,0,10134
832,2014-02-12,3,4303.0,450,0,0,4324
833,2014-02-12,3,4547.0,463,0,0,4693
834,2014-02-12,3,4440.0,563,0,0,4872
835,2014-02-12,3,4031.0,611,0,0,4176
836,2014-02-12,3,5298.0,726,0,0,3418
838,2014-02-12,3,7132.0,797,0,0,6661
839,2014-02-12,3,4607.0,639,0,0,3517
840,2014-02-12,3,6837.0,1070,0,0,6047
841,2014-02-12,3,2716.0,417,0,0,2523
842,2014-02-12,3,15246.0,962,0,0,14734
843,2014-02-12,3,7141.0,929,0,0,6959
844,2014-02-12,3,3732.0,462,0,0,2854
845,2014-02-12,3,3386.0,271,0,0,3405
846,2014-02-12,3,6777.0,728,0,0,5906
847,2014-02-12,3,5463.0,912,0,0,5801
848,2014-02-12,3,4770.0,646,0,0,4777
849,2014-02-12,3,6610.0,823,0,0,7102
850,2014-02-12,3,5008.0,545,0,0,4695
851,2014-02-12,3,4752.0,430,0,0,3867
852,2014-02-12,3,3529.0,560,0,0,4535
853,2014-02-12,3,7964.0,963,0,0,5513
854,2014-02-12,3,4727.0,594,0,0,4663
855,2014-02-12,3,4464.0,525,0,0,4504
856,2014-02-12,3,5433.0,875,0,0,5988
857,2014-02-12,3,5753.0,789,0,0,5801
858,2014-02-12,3,3850.0,390,0,0,1657
859,2014-02-12,3,5826.0,625,0,0,5505
860,2014-02-12,3,4176.0,596,0,0,5783
861,2014-02-12,3,2855.0,520,0,0,2972
862,2014-02-12,3,7105.0,1072,0,0,5460
863,2014-02-12,3,6675.0,875,0,0,5612
864,2014-02-12,3,3444.0,568,0,0,2098
865,2014-02-12,3,5835.0,540,0,0,3330
866,2014-02-12,3,4824.0,367,0,0,7341
867,2014-02-12,3,2747.0,296,0,0,5742
868,2014-02-12,3,7369.0,547,0,0,7433
869,2014-02-12,3,4285.0,744,0,0,3843
870,2014-02-12,3,6329.0,876,0,0,4078
871,2014-02-12,3,4150.0,366,0,0,4661
872,2014-02-12,3,7140.0,791,0,0,7302
873,2014-02-12,3,3853.0,509,0,0,2969
874,2014-02-12,3,3316.0,408,0,0,4471
875,2014-02-12,3,3534.0,367,0,0,3805
876,2014-02-12,3,7437.0,953,0,0,7239
877,2014-02-12,3,5353.0,872,0,0,4658
878,2014-02-12,3,7942.0,847,0,0,7088
879,2014-02-12,3,2736.0,274,0,0,2503
880,2014-02-12,3,6009.0,745,0,0,7315
881,2014-02-12,3,3585.0,606,0,0,3225
882,2014-02-12,3,5216.0,726,0,0,5515
883,2014-02-12,3,3707.0,441,0,0,2782
884,2014-02-12,3,3975.0,426,0,0,4393
885,2014-02-12,3,4771.0,646,0,0,3592
886,2014-02-12,3,5262.0,576,0,0,4848
887,2014-02-12,3,4977.0,460,0,0,4835
888,2014-02-12,3,5425.0,581,0,0,6615
889,2014-02-12,3,3370.0,410,0,0,3605
890,2014-02-12,3,3871.0,324,0,0,4579
891,2014-02-12,3,6337.0,982,0,0,6537
892,2014-02-12,3,6180.0,668,0,0,6260
893,2014-02-12,3,5547.0,791,0,0,3884
894,2014-02-12,3,6378.0,945,0,0,8065
895,2014-02-12,3,7281.0,757,0,0,7459
896,2014-02-12,3,5895.0,964,0,0,5340
897,2014-02-12,3,2152.0,265,0,0,1983
898,2014-02-12,3,5645.0,701,0,0,5384
899,2014-02-12,3,4167.0,517,0,0,7702
900,2014-02-12,3,4774.0,488,0,0,6385
901,2014-02-12,3,6146.0,571,0,0,3042
902,2014-02-12,3,4400.0,599,0,0,3504
903,2014-02-12,3,8402.0,654,0,0,10055
904,2014-02-12,3,4282.0,426,0,0,6259
905,2014-02-12,3,8408.0,1398,0,0,7596
906,2014-02-12,3,9061.0,1180,0,0,8099
907,2014-02-12,3,5117.0,698,0,0,4688
908,2014-02-12,3,3365.0,316,0,0,3242
909,2014-02-12,3,7665.0,838,0,0,7372
910,2014-02-12,3,3789.0,461,0,0,3588
911,2014-02-12,3,7674.0,812,0,0,8396
912,2014-02-12,3,4738.0,653,0,0,3098
913,2014-02-12,3,6474.0,1004,0,0,6718
914,2014-02-12,3,7196.0,1039,0,0,7522
915,2014-02-12,3,3672.0,352,0,0,5533
916,2014-02-12,3,4124.0,610,0,0,4394
917,2014-02-12,3,5634.0,688,0,0,5545
918,2014-02-12,3,4463.0,568,0,0,4851
919,2014-02-12,3,4625.0,641,0,0,4917
920,2014-02-12,3,4382.0,497,0,0,7644
921,2014-02-12,3,8656.0,1064,0,0,7151
922,2014-02-12,3,6205.0,639,0,0,6292
923,2014-02-12,3,4630.0,603,0,0,4275
924,2014-02-12,3,3586.0,410,0,0,3301
925,2014-02-12,3,5527.0,1055,0,0,5392
926,2014-02-12,3,4736.0,431,0,0,5492
927,2014-02-12,3,4916.0,774,0,0,5105
928,2014-02-12,3,5134.0,517,0,0,5870
929,2014-02-12,3,5142.0,721,0,0,4868
930,2014-02-12,3,4811.0,909,0,0,6134
931,2014-02-12,3,2634.0,349,0,0,2818
932,2014-02-12,3,6121.0,679,0,0,5808
933,2014-02-12,3,6166.0,913,0,0,6060
934,2014-02-12,3,5400.0,650,0,0,4922
935,2014-02-12,3,4667.0,580,0,0,4590
936,2014-02-12,3,6227.0,836,0,0,4250
937,2014-02-12,3,4954.0,465,0,0,4541
938,2014-02-12,3,7335.0,831,0,0,7261
939,2014-02-12,3,4016.0,441,0,0,6312
940,2014-02-12,3,6015.0,646,0,0,4161
941,2014-02-12,3,3707.0,499,0,0,3656
942,2014-02-12,3,4197.0,387,0,0,3933
943,2014-02-12,3,5338.0,509,0,0,5287
944,2014-02-12,3,5973.0,1014,0,0,5743
945,2014-02-12,3,3911.0,577,0,0,1710
946,2014-02-12,3,3456.0,483,0,0,4267
947,2014-02-12,3,7029.0,1099,0,0,8581
948,2014-02-12,3,6140.0,1641,0,0,4833
949,2014-02-12,3,4530.0,495,0,0,2975
950,2014-02-12,3,4122.0,502,0,0,3360
951,2014-02-12,3,5991.0,630,0,0,5331
952,2014-02-12,3,4799.0,447,0,0,1915
953,2014-02-12,3,4175.0,495,0,0,4303
954,2014-02-12,3,5636.0,905,0,0,5440
955,2014-02-12,3,3641.0,396,0,0,4760
956,2014-02-12,3,3767.0,517,0,0,3274
957,2014-02-12,3,6354.0,828,0,0,7431
958,2014-02-12,3,3718.0,557,0,0,2970
959,2014-02-12,3,5934.0,727,0,0,5745
960,2014-02-12,3,6023.0,519,0,0,4999
961,2014-02-12,3,5092.0,591,0,0,5288
962,2014-02-12,3,5157.0,766,0,0,6000
963,2014-02-12,3,8372.0,866,0,0,8993
964,2014-02-12,3,7541.0,1231,0,0,7162
965,2014-02-12,3,7268.0,882,0,0,6226
966,2014-02-12,3,3718.0,565,0,0,4548
967,2014-02-12,3,5849.0,740,0,0,5770
968,2014-02-12,3,6519.0,897,0,0,5799
969,2014-02-12,3,2965.0,553,0,0,2790
970,2014-02-12,3,3463.0,448,0,0,4858
971,2014-02-12,3,5885.0,788,0,0,5777
972,2014-02-12,3,2875.0,369,0,0,2719
973,2014-02-12,3,4625.0,721,0,0,5700
974,2014-02-12,3,9561.0,1510,0,0,9281
975,2014-02-12,3,5796.0,633,0,0,6788
976,2014-02-12,3,6217.0,716,0,0,2662
977,2014-02-12,3,3715.0,419,0,0,4260
978,2014-02-12,3,5980.0,920,0,0,5504
979,2014-02-12,3,4169.0,517,0,0,4836
980,2014-02-12,3,4870.0,465,0,0,7790
981,2014-02-12,3,5176.0,622,0,0,4428
982,2014-02-12,3,5947.0,564,0,0,5154
983,2014-02-12,3,10120.0,1434,0,0,9596
984,2014-02-12,3,4208.0,602,0,0,4938
985,2014-02-12,3,5615.0,669,0,0,5969
986,2014-02-12,3,4718.0,737,0,0,5470
987,2014-02-12,3,5663.0,814,0,0,5769
988,2014-02-12,3,3725.0,640,0,0,3155
989,2014-02-12,3,4378.0,574,0,0,4231
990,2014-02-12,3,4600.0,451,0,0,4622
991,2014-02-12,3,4052.0,393,0,0,4767
992,2014-02-12,3,5321.0,699,0,0,4169
993,2014-02-12,3,5729.0,637,0,0,4842
994,2014-02-12,3,3672.0,413,0,0,3212
995,2014-02-12,3,7312.0,662,0,0,7412
996,2014-02-12,3,5073.0,629,0,0,4280
997,2014-02-12,3,3388.0,323,0,0,4035
998,2014-02-12,3,3645.0,493,0,0,3565
999,2014-02-12,3,7128.0,544,0,0,7459
1000,2014-02-12,3,5167.0,555,0,0,6060
1001,2014-02-12,3,3967.0,551,0,0,5012
1002,2014-02-12,3,4895.0,620,0,0,5046
1003,2014-02-12,3,5217.0,654,0,0,5034
1004,2014-02-12,3,3815.0,360,0,0,3386
1005,2014-02-12,3,4932.0,778,0,0,4982
1006,2014-02-12,3,4773.0,760,0,0,6415
1007,2014-02-12,3,4951.0,668,0,0,5063
1008,2014-02-12,3,4083.0,645,0,0,5371
1009,2014-02-12,3,4175.0,420,0,0,3131
1010,2014-02-12,3,5683.0,616,0,0,6422
1011,2014-02-12,3,6398.0,839,0,0,6436
1012,2014-02-12,3,4867.0,458,0,0,5174
1013,2014-02-12,3,3083.0,398,0,0,4124
1014,2014-02-12,3,11158.0,1338,0,0,9290
1015,2014-02-12,3,4071.0,410,0,0,4022
1016,2014-02-12,3,3959.0,417,0,0,3829
1017,2014-02-12,3,6235.0,964,0,0,6090
1018,2014-02-12,3,9160.0,1211,0,0,8476
1019,2014-02-12,3,6454.0,605,0,0,7298
1020,2014-02-12,3,7180.0,990,0,0,7734
1021,2014-02-12,3,7645.0,952,0,0,8174
1022,2014-02-12,3,5559.0,730,0,0,7026
1023,2014-02-12,3,4217.0,510,0,0,5476
1024,2014-02-12,3,4431.0,665,0,0,4112
1025,2014-02-12,3,6420.0,805,0,0,6470
1026,2014-02-12,3,6748.0,997,0,0,9010
1027,2014-02-12,3,10186.0,1375,0,0,10017
1028,2014-02-12,3,3509.0,458,0,0,4024
1029,2014-02-12,3,4894.0,760,0,0,3464
1030,2014-02-12,3,2773.0,290,0,0,2778
1031,2014-02-12,3,2929.0,317,0,0,3237
1032,2014-02-12,3,7540.0,894,0,0,6358
1033,2014-02-12,3,11352.0,1206,0,0,9692
1034,2014-02-12,3,5661.0,660,0,0,3957
1035,2014-02-12,3,3691.0,536,0,0,3222
1036,2014-02-12,3,3814.0,420,0,0,3729
1037,2014-02-12,3,5593.0,855,0,0,7393
1038,2014-02-12,3,4336.0,417,0,0,4181
1039,2014-02-12,3,6426.0,944,0,0,5391
1040,2014-02-12,3,7027.0,780,0,0,7822
1041,2014-02-12,3,4549.0,576,0,0,4644
1042,2014-02-12,3,3166.0,469,0,0,3657
1043,2014-02-12,3,6532.0,1037,0,0,7625
1044,2014-02-12,3,4922.0,723,0,0,5788
1045,2014-02-12,3,5697.0,789,0,0,4680
1046,2014-02-12,3,6938.0,583,0,0,6424
1047,2014-02-12,3,4691.0,486,0,0,4041
1048,2014-02-12,3,4732.0,418,0,0,4750
1049,2014-02-12,3,3481.0,616,0,0,3095
1050,2014-02-12,3,5517.0,416,0,0,8662
1051,2014-02-12,3,6062.0,943,0,0,4472
1052,2014-02-12,3,5841.0,700,0,0,5824
1053,2014-02-12,3,6909.0,915,0,0,7857
1054,2014-02-12,3,4821.0,580,0,0,4005
1055,2014-02-12,3,6349.0,868,0,0,3320
1056,2014-02-12,3,2941.0,314,0,0,3259
1057,2014-02-12,3,4591.0,512,0,0,5470
1058,2014-02-12,3,5476.0,684,0,0,6435
1059,2014-02-12,3,6730.0,1000,0,0,5280
1060,2014-02-12,3,6108.0,807,0,0,5607
1061,2014-02-12,3,5644.0,485,0,0,6168
1062,2014-02-12,3,4510.0,459,0,0,4109
1063,2014-02-12,3,3280.0,495,0,0,3410
1064,2014-02-12,3,7859.0,977,0,0,7122
1065,2014-02-12,3,3420.0,457,0,0,3420
1066,2014-02-12,3,9611.0,1081,0,0,10283
1067,2014-02-12,3,4476.0,418,0,0,3053
1068,2014-02-12,3,3945.0,274,0,0,6474
1069,2014-02-12,3,6463.0,1006,0,0,3732
1070,2014-02-12,3,5209.0,713,0,0,5916
1071,2014-02-12,3,4768.0,651,0,0,4808
1072,2014-02-12,3,6242.0,619,0,0,4420
1073,2014-02-12,3,6302.0,911,0,0,4910
1074,2014-02-12,3,3494.0,452,0,0,3968
1075,2014-02-12,3,8748.0,967,0,0,9196
1076,2014-02-12,3,2786.0,508,0,0,4060
1077,2014-02-12,3,3424.0,422,0,0,2572
1078,2014-02-12,3,4890.0,430,0,0,4905
1079,2014-02-12,3,5936.0,563,0,0,6266
1080,2014-02-12,3,8696.0,759,0,0,7358
1081,2014-02-12,3,6604.0,1126,0,0,5679
1082,2014-02-12,3,5758.0,936,0,0,5281
1083,2014-02-12,3,4147.0,325,0,0,4437
1084,2014-02-12,3,5240.0,746,0,0,2243
1085,2014-02-12,3,6317.0,724,0,0,5675
1086,2014-02-12,3,5291.0,705,0,0,6247
1087,2014-02-12,3,4803.0,525,0,0,5143
1088,2014-02-12,3,4333.0,465,0,0,4134
1089,2014-02-12,3,7727.0,871,0,0,9544
1090,2014-02-12,3,6271.0,946,0,0,4429
1091,2014-02-12,3,5669.0,546,0,0,5996
1092,2014-02-12,3,9377.0,983,0,0,9125
1093,2014-02-12,3,7366.0,812,0,0,5962
1094,2014-02-12,3,3478.0,314,0,0,2976
1095,2014-02-12,3,4284.0,657,0,0,3554
1096,2014-02-12,3,4030.0,561,0,0,3783
1097,2014-02-12,3,9414.0,2533,0,0,8642
1098,2014-02-12,3,4311.0,657,0,0,4091
1099,2014-02-12,3,6140.0,807,0,0,4629
1100,2014-02-12,3,4263.0,623,0,0,3618
1101,2014-02-12,3,7351.0,866,0,0,8258
1102,2014-02-12,3,5988.0,680,0,0,5835
1103,2014-02-12,3,3484.0,288,0,0,4468
1104,2014-02-12,3,3898.0,323,0,0,4847
1105,2014-02-12,3,3372.0,406,0,0,3898
1106,2014-02-12,3,4206.0,529,0,0,6905
1107,2014-02-12,3,4234.0,521,0,0,4568
1108,2014-02-12,3,4832.0,533,0,0,4301
1109,2014-02-12,3,3652.0,394,0,0,3029
1110,2014-02-12,3,3179.0,429,0,0,3420
1111,2014-02-12,3,4889.0,433,0,0,4183
1112,2014-02-12,3,6779.0,647,0,0,8356
1113,2014-02-12,3,5347.0,648,0,0,3839
1114,2014-02-12,3,17462.0,2826,0,0,16681
1115,2014-02-12,3,3982.0,319,0,0,5827
1,2014-02-05,3,5031.0,581,1,1,6615
2,2014-02-05,3,7198.0,820,1,1,5052
3,2014-02-05,3,8124.0,834,1,1,8026
4,2014-02-05,3,10046.0,1386,1,1,10152
5,2014-02-05,3,6486.0,700,1,1,4832
6,2014-02-05,3,6017.0,695,1,1,6771
7,2014-02-05,3,8998.0,922,1,1,9464
8,2014-02-05,3,6595.0,757,1,1,6899
9,2014-02-05,3,7514.0,643,1,1,6754
10,2014-02-05,3,5062.0,590,1,1,5688
11,2014-02-05,3,9024.0,1219,1,1,7995
12,2014-02-05,3,9489.0,1036,1,1,7473
13,2014-02-05,3,6058.0,441,1,1,4821
14,2014-02-05,3,5842.0,634,1,1,6126
15,2014-02-05,3,7593.0,665,1,1,7128
16,2014-02-05,3,8487.0,915,1,1,8107
17,2014-02-05,3,8126.0,926,1,1,6220
18,2014-02-05,3,7434.0,826,1,1,7110
19,2014-02-05,3,7119.0,708,1,1,7645
20,2014-02-05,3,8352.0,964,1,1,7972
21,2014-02-05,3,6339.0,582,1,1,7936
22,2014-02-05,3,4805.0,505,1,1,4885
23,2014-02-05,3,6132.0,465,1,1,8180
24,2014-02-05,3,11179.0,973,1,1,10095
26,2014-02-05,3,7733.0,555,1,1,5608
27,2014-02-05,3,11685.0,1189,1,1,9393
28,2014-02-05,3,5635.0,603,1,1,5888
29,2014-02-05,3,7699.0,684,1,1,8092
30,2014-02-05,3,6529.0,937,1,1,6046
31,2014-02-05,3,5940.0,578,1,1,7754
32,2014-02-05,3,4577.0,508,1,1,4007
33,2014-02-05,3,9160.0,838,1,1,9471
34,2014-02-05,3,7865.0,974,1,1,7564
35,2014-02-05,3,11133.0,736,1,1,9314
36,2014-02-05,3,9588.0,1110,1,1,10579
37,2014-02-05,3,7061.0,722,1,1,6325
38,2014-02-05,3,6337.0,529,1,1,6571
39,2014-02-05,3,6837.0,791,1,1,5686
40,2014-02-05,3,5184.0,650,1,1,4814
41,2014-02-05,3,5495.0,403,1,1,5341
42,2014-02-05,3,11022.0,1206,1,1,10674
43,2014-02-05,3,8601.0,714,1,1,8742
44,2014-02-05,3,6246.0,681,1,1,4507
45,2014-02-05,3,5578.0,386,1,1,5771
46,2014-02-05,3,6398.0,743,1,1,5491
47,2014-02-05,3,8346.0,1080,1,1,6557
48,2014-02-05,3,4588.0,494,1,1,4216
49,2014-02-05,3,7869.0,526,1,1,7433
50,2014-02-05,3,4572.0,340,1,1,4849
51,2014-02-05,3,6111.0,431,1,1,5732
52,2014-02-05,3,9276.0,570,1,1,8046
53,2014-02-05,3,6169.0,627,1,1,7506
54,2014-02-05,3,8137.0,725,1,1,7903
55,2014-02-05,3,5564.0,615,1,1,5300
56,2014-02-05,3,6508.0,408,1,1,7014
57,2014-02-05,3,12888.0,1141,1,1,13577
58,2014-02-05,3,7068.0,517,1,1,7267
59,2014-02-05,3,6726.0,685,1,1,5869
60,2014-02-05,3,9652.0,861,1,1,9281
61,2014-02-05,3,4997.0,617,1,1,5497
62,2014-02-05,3,7357.0,792,1,1,8059
63,2014-02-05,3,7176.0,619,1,1,7575
64,2014-02-05,3,9871.0,726,1,1,7717
65,2014-02-05,3,5731.0,491,1,1,5406
66,2014-02-05,3,5974.0,490,1,1,6809
67,2014-02-05,3,9609.0,932,1,1,8173
68,2014-02-05,3,7152.0,1139,1,1,7361
69,2014-02-05,3,9876.0,1164,1,1,10276
70,2014-02-05,3,7338.0,767,1,1,7069
71,2014-02-05,3,10738.0,799,1,1,9344
72,2014-02-05,3,5457.0,563,1,1,4071
73,2014-02-05,3,5668.0,551,1,1,3380
74,2014-02-05,3,6347.0,871,1,1,6503
75,2014-02-05,3,5711.0,592,1,1,6254
76,2014-02-05,3,8947.0,878,1,1,10116
77,2014-02-05,3,7447.0,662,1,1,7012
78,2014-02-05,3,3884.0,513,1,1,3482
79,2014-02-05,3,6124.0,580,1,1,5388
80,2014-02-05,3,6838.0,489,1,1,7706
81,2014-02-05,3,6234.0,527,1,1,7056
82,2014-02-05,3,10061.0,893,1,1,9410
83,2014-02-05,3,3772.0,361,1,1,5582
84,2014-02-05,3,14895.0,1622,1,1,14160
85,2014-02-05,3,7107.0,914,1,1,5764
86,2014-02-05,3,5300.0,673,1,1,5216
87,2014-02-05,3,6950.0,804,1,1,5666
88,2014-02-05,3,7096.0,693,1,1,6771
89,2014-02-05,3,6827.0,693,1,1,5304
90,2014-02-05,3,9105.0,1108,1,1,8675
91,2014-02-05,3,6563.0,721,1,1,4902
92,2014-02-05,3,7221.0,561,1,1,6246
93,2014-02-05,3,6210.0,598,1,1,6723
94,2014-02-05,3,8060.0,652,1,1,8063
95,2014-02-05,3,8612.0,910,1,1,7635
96,2014-02-05,3,7000.0,672,1,1,3782
97,2014-02-05,3,7416.0,689,1,1,6850
98,2014-02-05,3,4743.0,405,1,1,7261
99,2014-02-05,3,5636.0,504,1,1,5628
100,2014-02-05,3,8102.0,664,1,1,6397
101,2014-02-05,3,7782.0,769,1,1,7191
102,2014-02-05,3,7803.0,1154,1,1,8891
103,2014-02-05,3,4078.0,386,1,1,6436
104,2014-02-05,3,10113.0,1265,1,1,10448
105,2014-02-05,3,4926.0,617,1,1,5000
106,2014-02-05,3,9102.0,825,1,1,8898
107,2014-02-05,3,7477.0,959,1,1,8665
108,2014-02-05,3,10664.0,815,1,1,13174
109,2014-02-05,3,7080.0,757,1,1,8432
110,2014-02-05,3,5024.0,619,1,1,4306
111,2014-02-05,3,7804.0,570,1,1,6424
112,2014-02-05,3,6942.0,813,1,1,8137
113,2014-02-05,3,8879.0,821,1,1,8682
114,2014-02-05,3,5828.0,658,1,1,5817
115,2014-02-05,3,7896.0,574,1,1,7324
116,2014-02-05,3,7619.0,820,1,1,10416
117,2014-02-05,3,4217.0,526,1,1,3454
118,2014-02-05,3,8330.0,642,1,1,7926
119,2014-02-05,3,7331.0,732,1,1,7159
120,2014-02-05,3,7607.0,654,1,1,9343
121,2014-02-05,3,5149.0,512,1,1,4281
122,2014-02-05,3,6035.0,678,1,1,6695
123,2014-02-05,3,10528.0,1176,1,1,9289
124,2014-02-05,3,4749.0,560,1,1,4311
125,2014-02-05,3,12692.0,1707,1,1,12145
126,2014-02-05,3,7055.0,611,1,1,5147
127,2014-02-05,3,5700.0,695,1,1,6101
128,2014-02-05,3,7648.0,608,1,1,7843
129,2014-02-05,3,10667.0,1235,1,1,11063
130,2014-02-05,3,5346.0,591,1,1,4557
131,2014-02-05,3,6561.0,651,1,1,5737
132,2014-02-05,3,6261.0,571,1,1,7951
133,2014-02-05,3,7836.0,842,1,1,5427
134,2014-02-05,3,5025.0,532,1,1,5020
135,2014-02-05,3,6223.0,505,1,1,6934
136,2014-02-05,3,7608.0,544,1,1,7673
137,2014-02-05,3,8710.0,957,1,1,5866
138,2014-02-05,3,8311.0,787,1,1,6512
139,2014-02-05,3,7224.0,533,1,1,7244
140,2014-02-05,3,7703.0,1004,1,1,8004
141,2014-02-05,3,6698.0,676,1,1,6526
142,2014-02-05,3,4759.0,586,1,1,2546
143,2014-02-05,3,7378.0,612,1,1,7203
144,2014-02-05,3,7983.0,670,1,1,7472
145,2014-02-05,3,9410.0,1257,1,1,8306
146,2014-02-05,3,8046.0,673,1,1,8283
147,2014-02-05,3,10062.0,988,1,1,7606
148,2014-02-05,3,8912.0,834,1,1,8102
149,2014-02-05,3,6776.0,523,1,1,6540
150,2014-02-05,3,8696.0,833,1,1,8719
151,2014-02-05,3,6946.0,659,1,1,6982
152,2014-02-05,3,7382.0,765,1,1,4916
153,2014-02-05,3,8938.0,707,1,1,6561
154,2014-02-05,3,9194.0,720,1,1,8889
155,2014-02-05,3,7337.0,645,1,1,7504
156,2014-02-05,3,8828.0,810,1,1,6417
157,2014-02-05,3,11358.0,1115,1,1,11115
158,2014-02-05,3,9448.0,548,1,1,9027
159,2014-02-05,3,8055.0,660,1,1,7585
160,2014-02-05,3,6119.0,565,1,1,6809
161,2014-02-05,3,7101.0,791,1,1,8103
162,2014-02-05,3,8344.0,549,1,1,7720
163,2014-02-05,3,6580.0,772,1,1,7482
164,2014-02-05,3,7545.0,700,1,1,7721
165,2014-02-05,3,4759.0,511,1,1,4709
166,2014-02-05,3,7107.0,888,1,1,7331
167,2014-02-05,3,12351.0,1374,1,1,8244
168,2014-02-05,3,8622.0,771,1,1,8089
169,2014-02-05,3,7842.0,739,1,1,8749
170,2014-02-05,3,5435.0,531,1,1,4975
171,2014-02-05,3,9232.0,907,1,1,9332
172,2014-02-05,3,7060.0,894,1,1,6436
173,2014-02-05,3,8702.0,1024,1,1,8479
174,2014-02-05,3,5796.0,416,1,1,6532
175,2014-02-05,3,6151.0,683,1,1,7131
176,2014-02-05,3,5916.0,687,1,1,6425
177,2014-02-05,3,5097.0,575,1,1,4717
178,2014-02-05,3,11462.0,976,1,1,10857
179,2014-02-05,3,8641.0,1052,1,1,8208
180,2014-02-05,3,7528.0,863,1,1,7867
181,2014-02-05,3,8379.0,781,1,1,6416
182,2014-02-05,3,5437.0,404,1,1,6165
183,2014-02-05,3,4876.0,561,1,1,6768
184,2014-02-05,3,7578.0,619,1,1,7461
185,2014-02-05,3,6649.0,465,1,1,7221
186,2014-02-05,3,4114.0,378,1,1,4555
187,2014-02-05,3,6467.0,828,1,1,5635
188,2014-02-05,3,5601.0,456,1,1,5022
189,2014-02-05,3,10291.0,867,1,1,10099
190,2014-02-05,3,7587.0,685,1,1,7469
191,2014-02-05,3,5890.0,624,1,1,6595
192,2014-02-05,3,7326.0,529,1,1,8036
193,2014-02-05,3,7376.0,999,1,1,6232
194,2014-02-05,3,4962.0,407,1,1,5082
195,2014-02-05,3,12573.0,1434,1,1,11715
196,2014-02-05,3,5530.0,717,1,1,5095
197,2014-02-05,3,8746.0,973,1,1,5861
198,2014-02-05,3,3460.0,364,1,1,2007
199,2014-02-05,3,8741.0,595,1,1,7049
200,2014-02-05,3,8352.0,1000,1,1,8688
201,2014-02-05,3,5503.0,373,1,1,5145
202,2014-02-05,3,6174.0,480,1,1,7228
203,2014-02-05,3,9195.0,1184,1,1,7285
204,2014-02-05,3,5932.0,555,1,1,5040
205,2014-02-05,3,7556.0,959,1,1,8220
206,2014-02-05,3,7946.0,882,1,1,7837
207,2014-02-05,3,13333.0,1458,1,1,10956
208,2014-02-05,3,2740.0,363,1,1,3181
209,2014-02-05,3,5830.0,592,1,1,6931
210,2014-02-05,3,3960.0,351,1,1,3827
211,2014-02-05,3,15119.0,1619,1,1,15446
212,2014-02-05,3,6533.0,574,1,1,2915
213,2014-02-05,3,9844.0,736,1,1,12833
214,2014-02-05,3,9200.0,665,1,1,8757
215,2014-02-05,3,7534.0,500,1,1,10007
216,2014-02-05,3,7512.0,905,1,1,6800
217,2014-02-05,3,4640.0,668,1,1,5182
218,2014-02-05,3,5967.0,773,1,1,5099
219,2014-02-05,3,3679.0,446,1,1,2272
220,2014-02-05,3,5596.0,722,1,1,5505
221,2014-02-05,3,5761.0,530,1,1,9869
222,2014-02-05,3,5431.0,600,1,1,5543
223,2014-02-05,3,8764.0,808,1,1,8030
224,2014-02-05,3,7031.0,474,1,1,7750
225,2014-02-05,3,5316.0,575,1,1,5896
226,2014-02-05,3,7538.0,693,1,1,7931
227,2014-02-05,3,6744.0,598,1,1,5946
228,2014-02-05,3,7876.0,540,1,1,7705
229,2014-02-05,3,9332.0,742,1,1,9425
230,2014-02-05,3,7921.0,940,1,1,8688
231,2014-02-05,3,5039.0,393,1,1,5328
232,2014-02-05,3,2924.0,250,1,1,2636
233,2014-02-05,3,10102.0,1060,1,1,11694
234,2014-02-05,3,13886.0,1148,1,1,11126
235,2014-02-05,3,6945.0,565,1,1,7397
236,2014-02-05,3,7224.0,887,1,1,7423
237,2014-02-05,3,4346.0,545,1,1,3450
238,2014-02-05,3,9155.0,1291,1,1,8821
239,2014-02-05,3,4985.0,445,1,1,5902
240,2014-02-05,3,4732.0,453,1,1,7173
241,2014-02-05,3,6787.0,722,1,1,7558
242,2014-02-05,3,4327.0,344,1,1,3057
243,2014-02-05,3,9511.0,1096,1,1,8380
244,2014-02-05,3,5502.0,520,1,1,4066
245,2014-02-05,3,9194.0,1076,1,1,9690
246,2014-02-05,3,7522.0,987,1,1,6853
247,2014-02-05,3,9467.0,710,1,1,8937
248,2014-02-05,3,8995.0,1150,1,1,7616
249,2014-02-05,3,4857.0,501,1,1,6684
250,2014-02-05,3,10511.0,713,1,1,8817
251,2014-02-05,3,21067.0,2566,1,1,18731
252,2014-02-05,3,12976.0,854,1,1,11076
253,2014-02-05,3,7481.0,796,1,1,6078
254,2014-02-05,3,3024.0,238,1,1,2723
255,2014-02-05,3,6497.0,660,1,1,6832
256,2014-02-05,3,11279.0,1398,1,1,10411
257,2014-02-05,3,5661.0,651,1,1,6220
258,2014-02-05,3,5452.0,466,1,1,5645
259,2014-02-05,3,12924.0,2621,1,1,13459
260,2014-02-05,3,6822.0,914,1,1,7197
261,2014-02-05,3,16781.0,1092,1,1,14789
262,2014-02-05,3,19773.0,2992,1,1,21885
263,2014-02-05,3,3458.0,336,1,1,1898
264,2014-02-05,3,8704.0,1135,1,1,8103
265,2014-02-05,3,5597.0,531,1,1,5468
266,2014-02-05,3,4937.0,603,1,1,4938
267,2014-02-05,3,8718.0,968,1,1,10890
268,2014-02-05,3,6350.0,741,1,1,4618
269,2014-02-05,3,10361.0,1311,1,1,9613
270,2014-02-05,3,9041.0,1193,1,1,10588
271,2014-02-05,3,10012.0,982,1,1,10076
272,2014-02-05,3,7673.0,704,1,1,7350
273,2014-02-05,3,7629.0,750,1,1,7551
274,2014-02-05,3,3306.0,853,1,1,4095
275,2014-02-05,3,8482.0,777,1,1,8638
276,2014-02-05,3,4966.0,596,1,1,4405
277,2014-02-05,3,7451.0,553,1,1,7310
278,2014-02-05,3,8066.0,867,1,1,7658
279,2014-02-05,3,8958.0,648,1,1,9596
280,2014-02-05,3,5856.0,473,1,1,6238
281,2014-02-05,3,5564.0,485,1,1,7626
282,2014-02-05,3,5024.0,685,1,1,5351
283,2014-02-05,3,6777.0,700,1,1,8733
284,2014-02-05,3,6218.0,478,1,1,6541
285,2014-02-05,3,5104.0,421,1,1,5151
286,2014-02-05,3,5688.0,476,1,1,6214
287,2014-02-05,3,8285.0,811,1,1,8538
288,2014-02-05,3,5924.0,413,1,1,6668
289,2014-02-05,3,7007.0,550,1,1,6151
290,2014-02-05,3,8015.0,737,1,1,7883
291,2014-02-05,3,8932.0,905,1,1,7728
292,2014-02-05,3,6216.0,724,1,1,3441
293,2014-02-05,3,7041.0,872,1,1,6784
294,2014-02-05,3,6606.0,863,1,1,7584
295,2014-02-05,3,5770.0,663,1,1,4476
296,2014-02-05,3,7726.0,780,1,1,9050
297,2014-02-05,3,8169.0,774,1,1,8088
298,2014-02-05,3,7785.0,627,1,1,9098
299,2014-02-05,3,5235.0,512,1,1,4281
300,2014-02-05,3,6895.0,839,1,1,7498
301,2014-02-05,3,5813.0,640,1,1,5594
302,2014-02-05,3,3748.0,304,1,1,3813
303,2014-02-05,3,7176.0,726,1,1,6863
304,2014-02-05,3,8165.0,1139,1,1,8820
305,2014-02-05,3,5449.0,466,1,1,5268
306,2014-02-05,3,4793.0,475,1,1,3727
307,2014-02-05,3,2509.0,267,1,1,2967
308,2014-02-05,3,11302.0,1052,1,1,10162
309,2014-02-05,3,8140.0,637,1,1,7686
310,2014-02-05,3,8336.0,670,1,1,7818
311,2014-02-05,3,7963.0,971,1,1,6494
312,2014-02-05,3,6083.0,519,1,1,6028
313,2014-02-05,3,7781.0,718,1,1,6312
314,2014-02-05,3,6454.0,674,1,1,5365
315,2014-02-05,3,5042.0,505,1,1,4406
316,2014-02-05,3,10653.0,918,1,1,11966
317,2014-02-05,3,5496.0,550,1,1,5243
318,2014-02-05,3,8926.0,759,1,1,7783
319,2014-02-05,3,7822.0,808,1,1,8710
320,2014-02-05,3,16967.0,2153,1,1,15802
321,2014-02-05,3,6032.0,583,1,1,5264
322,2014-02-05,3,5414.0,567,1,1,5433
323,2014-02-05,3,7829.0,618,1,1,7775
324,2014-02-05,3,6465.0,780,1,1,4778
325,2014-02-05,3,6754.0,662,1,1,5335
326,2014-02-05,3,4621.0,335,1,1,4454
327,2014-02-05,3,7882.0,953,1,1,7557
328,2014-02-05,3,5096.0,575,1,1,7654
329,2014-02-05,3,7297.0,646,1,1,8356
330,2014-02-05,3,4015.0,429,1,1,4615
331,2014-02-05,3,7009.0,914,1,1,7754
332,2014-02-05,3,4354.0,560,1,1,3987
333,2014-02-05,3,10190.0,1298,1,1,10208
334,2014-02-05,3,6383.0,596,1,1,6631
335,2014-02-05,3,19837.0,3184,1,1,16357
336,2014-02-05,3,15924.0,2078,1,1,15280
337,2014-02-05,3,4906.0,368,1,1,3972
338,2014-02-05,3,7573.0,596,1,1,8629
339,2014-02-05,3,5472.0,655,1,1,2237
340,2014-02-05,3,8839.0,882,1,1,7856
341,2014-02-05,3,5768.0,814,1,1,6685
342,2014-02-05,3,11646.0,839,1,1,10857
343,2014-02-05,3,7728.0,669,1,1,7140
344,2014-02-05,3,9257.0,1217,1,1,7980
345,2014-02-05,3,5228.0,521,1,1,4745
346,2014-02-05,3,6580.0,609,1,1,7037
347,2014-02-05,3,4896.0,377,1,1,6040
348,2014-02-05,3,8702.0,709,1,1,9753
349,2014-02-05,3,7944.0,775,1,1,8016
350,2014-02-05,3,7095.0,463,1,1,6230
351,2014-02-05,3,6533.0,537,1,1,6291
352,2014-02-05,3,6512.0,589,1,1,7187
353,2014-02-05,3,6069.0,1498,1,1,5410
354,2014-02-05,3,8331.0,701,1,1,7686
355,2014-02-05,3,9947.0,1186,1,1,8588
356,2014-02-05,3,5552.0,433,1,1,6931
357,2014-02-05,3,9248.0,1154,1,1,8774
358,2014-02-05,3,10460.0,1128,1,1,10232
359,2014-02-05,3,6723.0,567,1,1,9650
360,2014-02-05,3,7498.0,753,1,1,6878
361,2014-02-05,3,7013.0,618,1,1,7040
362,2014-02-05,3,9737.0,1196,1,1,8580
363,2014-02-05,3,7176.0,980,1,1,6470
364,2014-02-05,3,4678.0,528,1,1,5431
365,2014-02-05,3,5923.0,604,1,1,4620
366,2014-02-05,3,6325.0,609,1,1,3730
367,2014-02-05,3,6111.0,583,1,1,5705
368,2014-02-05,3,10594.0,743,1,1,10022
369,2014-02-05,3,7089.0,528,1,1,8178
370,2014-02-05,3,8195.0,603,1,1,7996
371,2014-02-05,3,7949.0,576,1,1,7463
372,2014-02-05,3,8776.0,757,1,1,9561
373,2014-02-05,3,5075.0,331,1,1,5238
374,2014-02-05,3,8097.0,880,1,1,7050
375,2014-02-05,3,11842.0,908,1,1,9476
376,2014-02-05,3,9156.0,1016,1,1,8764
377,2014-02-05,3,8727.0,996,1,1,8777
378,2014-02-05,3,7637.0,1053,1,1,8049
379,2014-02-05,3,4332.0,512,1,1,5483
380,2014-02-05,3,17869.0,1661,1,1,14366
381,2014-02-05,3,9509.0,1042,1,1,7818
382,2014-02-05,3,8359.0,672,1,1,10261
383,2014-02-05,3,18099.0,2187,1,1,15274
384,2014-02-05,3,9908.0,1060,1,1,10002
385,2014-02-05,3,8531.0,705,1,1,9921
386,2014-02-05,3,10605.0,764,1,1,10027
387,2014-02-05,3,10236.0,1257,1,1,10328
388,2014-02-05,3,11211.0,1141,1,1,10442
389,2014-02-05,3,12508.0,1424,1,1,13465
390,2014-02-05,3,14098.0,1250,1,1,13403
391,2014-02-05,3,6409.0,749,1,1,6640
392,2014-02-05,3,8160.0,745,1,1,8176
393,2014-02-05,3,6434.0,620,1,1,6274
394,2014-02-05,3,7671.0,554,1,1,7269
395,2014-02-05,3,3856.0,508,1,1,3657
396,2014-02-05,3,10668.0,1091,1,1,10301
397,2014-02-05,3,7083.0,915,1,1,6561
398,2014-02-05,3,6197.0,637,1,1,5411
399,2014-02-05,3,6147.0,598,1,1,6471
400,2014-02-05,3,10370.0,1349,1,1,9722
401,2014-02-05,3,8293.0,779,1,1,6185
402,2014-02-05,3,5951.0,610,1,1,4906
403,2014-02-05,3,8348.0,766,1,1,8886
404,2014-02-05,3,5986.0,660,1,1,7482
405,2014-02-05,3,5647.0,535,1,1,3193
406,2014-02-05,3,6260.0,416,1,1,6568
407,2014-02-05,3,4170.0,316,1,1,4598
408,2014-02-05,3,4822.0,464,1,1,6695
409,2014-02-05,3,6006.0,559,1,1,6998
410,2014-02-05,3,7498.0,921,1,1,6974
411,2014-02-05,3,8727.0,637,1,1,9458
412,2014-02-05,3,9033.0,601,1,1,9726
413,2014-02-05,3,8377.0,1018,1,1,8371
414,2014-02-05,3,6378.0,425,1,1,6763
415,2014-02-05,3,5925.0,471,1,1,6153
416,2014-02-05,3,12468.0,1517,1,1,10419
417,2014-02-05,3,7838.0,809,1,1,6840
418,2014-02-05,3,6840.0,597,1,1,5565
419,2014-02-05,3,5758.0,901,1,1,5812
420,2014-02-05,3,4350.0,359,1,1,5446
421,2014-02-05,3,8156.0,855,1,1,8123
422,2014-02-05,3,4907.0,474,1,1,4703
423,2014-02-05,3,10295.0,1600,1,1,11253
424,2014-02-05,3,6744.0,781,1,1,7732
425,2014-02-05,3,3292.0,422,1,1,3432
426,2014-02-05,3,6634.0,748,1,1,5192
427,2014-02-05,3,9108.0,839,1,1,8557
428,2014-02-05,3,6258.0,497,1,1,6664
429,2014-02-05,3,5460.0,417,1,1,6068
430,2014-02-05,3,7771.0,635,1,1,8713
431,2014-02-05,3,9733.0,929,1,1,10143
432,2014-02-05,3,11947.0,1579,1,1,13150
433,2014-02-05,3,6039.0,658,1,1,6198
434,2014-02-05,3,9481.0,654,1,1,10788
435,2014-02-05,3,3805.0,430,1,1,4422
436,2014-02-05,3,6639.0,720,1,1,5863
437,2014-02-05,3,7341.0,662,1,1,6079
438,2014-02-05,3,6083.0,577,1,1,7934
439,2014-02-05,3,7716.0,944,1,1,7008
440,2014-02-05,3,5989.0,631,1,1,5064
441,2014-02-05,3,7025.0,671,1,1,5842
442,2014-02-05,3,4532.0,438,1,1,4193
443,2014-02-05,3,5648.0,512,1,1,5236
444,2014-02-05,3,10995.0,1243,1,1,11727
445,2014-02-05,3,7696.0,1118,1,1,9320
446,2014-02-05,3,6291.0,772,1,1,5042
447,2014-02-05,3,6048.0,652,1,1,3849
448,2014-02-05,3,9395.0,794,1,1,8389
449,2014-02-05,3,13383.0,1685,1,1,12970
450,2014-02-05,3,8882.0,985,1,1,9467
451,2014-02-05,3,5427.0,437,1,1,4869
452,2014-02-05,3,5535.0,479,1,1,5125
453,2014-02-05,3,7793.0,802,1,1,5814
454,2014-02-05,3,7002.0,882,1,1,4446
455,2014-02-05,3,8202.0,460,1,1,7703
456,2014-02-05,3,6897.0,898,1,1,7964
457,2014-02-05,3,4739.0,377,1,1,7568
458,2014-02-05,3,8036.0,657,1,1,8192
459,2014-02-05,3,11319.0,1275,1,1,9846
460,2014-02-05,3,4047.0,352,1,1,4090
461,2014-02-05,3,4911.0,460,1,1,6201
462,2014-02-05,3,5163.0,625,1,1,5171
463,2014-02-05,3,7154.0,1106,1,1,6590
464,2014-02-05,3,11306.0,1290,1,1,11460
465,2014-02-05,3,8215.0,592,1,1,9619
466,2014-02-05,3,9064.0,861,1,1,8888
467,2014-02-05,3,13733.0,1594,1,1,14144
468,2014-02-05,3,6914.0,728,1,1,9162
469,2014-02-05,3,13442.0,1671,1,1,12798
470,2014-02-05,3,13275.0,1668,1,1,13028
471,2014-02-05,3,8025.0,578,1,1,7956
472,2014-02-05,3,5579.0,744,1,1,5482
473,2014-02-05,3,4067.0,533,1,1,3922
474,2014-02-05,3,9232.0,871,1,1,5908
475,2014-02-05,3,7157.0,1008,1,1,3664
476,2014-02-05,3,7082.0,787,1,1,7369
477,2014-02-05,3,6332.0,381,1,1,7645
478,2014-02-05,3,7948.0,747,1,1,7692
479,2014-02-05,3,12481.0,1341,1,1,11530
480,2014-02-05,3,6001.0,709,1,1,5157
481,2014-02-05,3,6007.0,498,1,1,6107
482,2014-02-05,3,8410.0,903,1,1,9026
483,2014-02-05,3,6156.0,737,1,1,5404
484,2014-02-05,3,6365.0,638,1,1,9223
485,2014-02-05,3,4549.0,416,1,1,5495
486,2014-02-05,3,5163.0,605,1,1,4825
487,2014-02-05,3,6818.0,630,1,1,7257
488,2014-02-05,3,4228.0,426,1,1,3703
489,2014-02-05,3,9647.0,786,1,1,6791
490,2014-02-05,3,8349.0,1140,1,1,7706
491,2014-02-05,3,6778.0,519,1,1,6643
492,2014-02-05,3,9124.0,1201,1,1,6560
493,2014-02-05,3,9065.0,830,1,1,8365
494,2014-02-05,3,8747.0,1147,1,1,7961
495,2014-02-05,3,5443.0,383,1,1,5256
496,2014-02-05,3,8261.0,835,1,1,8360
497,2014-02-05,3,9289.0,1094,1,1,10943
498,2014-02-05,3,6715.0,896,1,1,6703
499,2014-02-05,3,5472.0,714,1,1,5469
500,2014-02-05,3,5416.0,382,1,1,5254
501,2014-02-05,3,7496.0,773,1,1,7094
502,2014-02-05,3,11640.0,1634,1,1,10922
503,2014-02-05,3,6808.0,464,1,1,6352
504,2014-02-05,3,6688.0,1002,1,1,6921
505,2014-02-05,3,5222.0,659,1,1,5052
506,2014-02-05,3,9410.0,1019,1,1,8335
507,2014-02-05,3,8741.0,646,1,1,9730
508,2014-02-05,3,7336.0,678,1,1,5867
509,2014-02-05,3,7481.0,594,1,1,6473
510,2014-02-05,3,9256.0,936,1,1,7388
511,2014-02-05,3,6270.0,831,1,1,6318
512,2014-02-05,3,5748.0,1359,1,1,5823
513,2014-02-05,3,19580.0,2181,1,1,18382
514,2014-02-05,3,6354.0,650,1,1,4820
515,2014-02-05,3,8882.0,662,1,1,12070
516,2014-02-05,3,6172.0,772,1,1,6245
517,2014-02-05,3,6671.0,718,1,1,4457
518,2014-02-05,3,6027.0,496,1,1,6089
519,2014-02-05,3,5267.0,511,1,1,5310
520,2014-02-05,3,3894.0,389,1,1,2995
521,2014-02-05,3,4833.0,356,1,1,6371
522,2014-02-05,3,8257.0,598,1,1,7188
523,2014-02-05,3,13932.0,1632,1,1,15133
524,2014-02-05,3,7860.0,865,1,1,8684
525,2014-02-05,3,9978.0,845,1,1,11013
526,2014-02-05,3,12016.0,1581,1,1,11820
527,2014-02-05,3,11485.0,1009,1,1,13293
528,2014-02-05,3,12379.0,1027,1,1,12342
529,2014-02-05,3,7897.0,734,1,1,8664
530,2014-02-05,3,2679.0,349,1,1,3308
531,2014-02-05,3,4933.0,576,1,1,6211
532,2014-02-05,3,11401.0,1300,1,1,12197
533,2014-02-05,3,10116.0,871,1,1,9942
534,2014-02-05,3,8451.0,531,1,1,8686
535,2014-02-05,3,8890.0,973,1,1,8468
536,2014-02-05,3,8869.0,902,1,1,7153
537,2014-02-05,3,6236.0,698,1,1,6393
538,2014-02-05,3,4663.0,633,1,1,5199
539,2014-02-05,3,11764.0,1150,1,1,11466
540,2014-02-05,3,5891.0,415,1,1,4466
541,2014-02-05,3,6991.0,939,1,1,8206
542,2014-02-05,3,7053.0,550,1,1,5476
543,2014-02-05,3,4003.0,312,1,1,1124
544,2014-02-05,3,16366.0,1964,1,1,14435
545,2014-02-05,3,12559.0,1203,1,1,11435
546,2014-02-05,3,12830.0,1489,1,1,14791
547,2014-02-05,3,5563.0,417,1,1,6764
548,2014-02-05,3,5790.0,401,1,1,3605
549,2014-02-05,3,4728.0,559,1,1,4515
550,2014-02-05,3,6009.0,433,1,1,7047
551,2014-02-05,3,7287.0,1036,1,1,7818
552,2014-02-05,3,10654.0,834,1,1,7690
553,2014-02-05,3,5919.0,545,1,1,7512
554,2014-02-05,3,4732.0,594,1,1,4354
555,2014-02-05,3,5538.0,453,1,1,4417
556,2014-02-05,3,7728.0,898,1,1,8547
557,2014-02-05,3,5502.0,832,1,1,4956
558,2014-02-05,3,3791.0,512,1,1,3382
559,2014-02-05,3,7398.0,836,1,1,8115
560,2014-02-05,3,14538.0,1692,1,1,14449
561,2014-02-05,3,7576.0,708,1,1,7989
562,2014-02-05,3,18962.0,3138,1,1,17814
563,2014-02-05,3,5682.0,695,1,1,4328
564,2014-02-05,3,5806.0,457,1,1,6014
565,2014-02-05,3,7966.0,930,1,1,6331
566,2014-02-05,3,5786.0,558,1,1,5808
567,2014-02-05,3,6622.0,750,1,1,5270
568,2014-02-05,3,4652.0,383,1,1,4930
569,2014-02-05,3,4955.0,721,1,1,4530
570,2014-02-05,3,5084.0,713,1,1,4705
571,2014-02-05,3,7434.0,546,1,1,6931
572,2014-02-05,3,8400.0,609,1,1,8462
573,2014-02-05,3,5141.0,397,1,1,5255
574,2014-02-05,3,10531.0,709,1,1,9240
575,2014-02-05,3,6738.0,603,1,1,5370
576,2014-02-05,3,7675.0,961,1,1,6178
577,2014-02-05,3,5626.0,637,1,1,5383
578,2014-02-05,3,8442.0,693,1,1,6746
579,2014-02-05,3,9937.0,964,1,1,11854
580,2014-02-05,3,9884.0,1488,1,1,8850
581,2014-02-05,3,6328.0,630,1,1,7849
582,2014-02-05,3,6766.0,816,1,1,7772
583,2014-02-05,3,4251.0,446,1,1,4848
584,2014-02-05,3,5560.0,430,1,1,5746
585,2014-02-05,3,7332.0,1037,1,1,6617
586,2014-02-05,3,17041.0,2433,1,1,17611
587,2014-02-05,3,9014.0,582,1,1,11339
588,2014-02-05,3,5921.0,680,1,1,6309
589,2014-02-05,3,5880.0,560,1,1,4641
590,2014-02-05,3,5305.0,370,1,1,5709
591,2014-02-05,3,6245.0,515,1,1,6243
592,2014-02-05,3,5314.0,610,1,1,4672
593,2014-02-05,3,9096.0,1096,1,1,9010
594,2014-02-05,3,4660.0,485,1,1,3692
595,2014-02-05,3,15940.0,1819,1,1,16784
596,2014-02-05,3,4368.0,642,1,1,4956
597,2014-02-05,3,4598.0,624,1,1,5338
598,2014-02-05,3,5970.0,791,1,1,3651
599,2014-02-05,3,9134.0,818,1,1,10487
600,2014-02-05,3,7367.0,597,1,1,6286
601,2014-02-05,3,4833.0,356,1,1,5450
602,2014-02-05,3,7465.0,628,1,1,6246
603,2014-02-05,3,8071.0,1051,1,1,7034
604,2014-02-05,3,8949.0,625,1,1,9755
605,2014-02-05,3,7996.0,523,1,1,7579
606,2014-02-05,3,7121.0,747,1,1,7030
607,2014-02-05,3,5520.0,479,1,1,3953
608,2014-02-05,3,10304.0,989,1,1,8986
609,2014-02-05,3,4798.0,536,1,1,5035
610,2014-02-05,3,4797.0,534,1,1,4331
611,2014-02-05,3,6341.0,517,1,1,5816
612,2014-02-05,3,7392.0,408,1,1,6330
613,2014-02-05,3,7174.0,998,1,1,7363
614,2014-02-05,3,6597.0,839,1,1,5895
615,2014-02-05,3,11063.0,1321,1,1,9245
616,2014-02-05,3,9800.0,872,1,1,8466
617,2014-02-05,3,8122.0,678,1,1,6825
618,2014-02-05,3,7056.0,475,1,1,7899
619,2014-02-05,3,5530.0,483,1,1,4588
620,2014-02-05,3,8235.0,706,1,1,10061
621,2014-02-05,3,6673.0,855,1,1,7004
622,2014-02-05,3,5005.0,491,1,1,5440
623,2014-02-05,3,7144.0,863,1,1,7653
624,2014-02-05,3,7577.0,694,1,1,5005
625,2014-02-05,3,6776.0,644,1,1,7567
626,2014-02-05,3,10835.0,869,1,1,10133
627,2014-02-05,3,6694.0,639,1,1,6451
628,2014-02-05,3,7788.0,924,1,1,7227
629,2014-02-05,3,8036.0,712,1,1,8308
630,2014-02-05,3,9551.0,984,1,1,7577
631,2014-02-05,3,6174.0,701,1,1,5314
632,2014-02-05,3,7425.0,919,1,1,7045
633,2014-02-05,3,6491.0,471,1,1,7349
634,2014-02-05,3,7545.0,718,1,1,5624
635,2014-02-05,3,7005.0,674,1,1,4883
636,2014-02-05,3,7525.0,823,1,1,6494
637,2014-02-05,3,8969.0,651,1,1,9663
638,2014-02-05,3,6196.0,492,1,1,7619
639,2014-02-05,3,5874.0,563,1,1,5226
640,2014-02-05,3,12285.0,877,1,1,11419
641,2014-02-05,3,7488.0,617,1,1,6643
642,2014-02-05,3,4773.0,551,1,1,3603
643,2014-02-05,3,8379.0,1005,1,1,9126
644,2014-02-05,3,9626.0,971,1,1,8274
645,2014-02-05,3,11552.0,1311,1,1,12079
646,2014-02-05,3,5699.0,790,1,1,6358
647,2014-02-05,3,6578.0,764,1,1,5209
648,2014-02-05,3,6393.0,585,1,1,6665
649,2014-02-05,3,4581.0,463,1,1,3625
650,2014-02-05,3,6329.0,627,1,1,7101
651,2014-02-05,3,7800.0,957,1,1,8130
652,2014-02-05,3,7086.0,682,1,1,8331
653,2014-02-05,3,6215.0,501,1,1,6618
654,2014-02-05,3,7907.0,806,1,1,6889
655,2014-02-05,3,9192.0,724,1,1,9129
656,2014-02-05,3,3648.0,356,1,1,3146
657,2014-02-05,3,6136.0,790,1,1,6947
658,2014-02-05,3,6737.0,588,1,1,7090
659,2014-02-05,3,7014.0,790,1,1,7536
660,2014-02-05,3,5018.0,533,1,1,5156
661,2014-02-05,3,7153.0,575,1,1,7802
662,2014-02-05,3,11332.0,877,1,1,9367
663,2014-02-05,3,5244.0,673,1,1,5691
664,2014-02-05,3,5946.0,655,1,1,4782
665,2014-02-05,3,9725.0,1378,1,1,8489
666,2014-02-05,3,8304.0,662,1,1,7018
667,2014-02-05,3,9768.0,834,1,1,9943
668,2014-02-05,3,10155.0,1268,1,1,9709
669,2014-02-05,3,3825.0,308,1,1,3746
670,2014-02-05,3,7523.0,718,1,1,6438
671,2014-02-05,3,6295.0,611,1,1,5465
672,2014-02-05,3,8880.0,1312,1,1,8669
673,2014-02-05,3,7492.0,563,1,1,4739
674,2014-02-05,3,9556.0,1168,1,1,9291
675,2014-02-05,3,4896.0,442,1,1,5541
676,2014-02-05,3,7634.0,1614,1,1,6957
677,2014-02-05,3,9509.0,663,1,1,8349
678,2014-02-05,3,8346.0,920,1,1,7209
679,2014-02-05,3,10669.0,1086,1,1,10000
680,2014-02-05,3,5214.0,796,1,1,6555
681,2014-02-05,3,3329.0,413,1,1,4177
682,2014-02-05,3,14400.0,1996,1,1,12217
683,2014-02-05,3,10484.0,935,1,1,9472
684,2014-02-05,3,7625.0,591,1,1,8071
685,2014-02-05,3,7178.0,603,1,1,6036
686,2014-02-05,3,7468.0,832,1,1,6583
687,2014-02-05,3,8612.0,710,1,1,8629
688,2014-02-05,3,4248.0,399,1,1,4853
689,2014-02-05,3,8156.0,706,1,1,7728
690,2014-02-05,3,7041.0,899,1,1,5790
691,2014-02-05,3,9577.0,668,1,1,6585
692,2014-02-05,3,8116.0,943,1,1,7273
693,2014-02-05,3,7791.0,555,1,1,6748
694,2014-02-05,3,8768.0,824,1,1,8774
695,2014-02-05,3,6361.0,574,1,1,6513
696,2014-02-05,3,8654.0,1043,1,1,7035
697,2014-02-05,3,11450.0,1016,1,1,11472
698,2014-02-05,3,16750.0,2046,1,1,16019
699,2014-02-05,3,8243.0,900,1,1,9261
700,2014-02-05,3,5024.0,587,1,1,5546
701,2014-02-05,3,6899.0,706,1,1,6078
702,2014-02-05,3,5501.0,383,1,1,6034
703,2014-02-05,3,3392.0,379,1,1,3626
704,2014-02-05,3,11541.0,1107,1,1,10002
705,2014-02-05,3,10053.0,1093,1,1,9762
706,2014-02-05,3,5675.0,490,1,1,5576
707,2014-02-05,3,9045.0,954,1,1,6374
708,2014-02-05,3,4132.0,432,1,1,3894
709,2014-02-05,3,12261.0,1482,1,1,9240
710,2014-02-05,3,4822.0,373,1,1,4647
711,2014-02-05,3,7868.0,535,1,1,6455
712,2014-02-05,3,7970.0,620,1,1,7014
713,2014-02-05,3,11305.0,1354,1,1,11619
714,2014-02-05,3,4660.0,316,1,1,3092
715,2014-02-05,3,8772.0,853,1,1,5809
716,2014-02-05,3,6386.0,447,1,1,7521
717,2014-02-05,3,6620.0,632,1,1,6996
718,2014-02-05,3,8053.0,842,1,1,9442
719,2014-02-05,3,5548.0,416,1,1,5502
720,2014-02-05,3,8765.0,825,1,1,6304
721,2014-02-05,3,7332.0,746,1,1,7970
722,2014-02-05,3,11136.0,1627,1,1,10070
723,2014-02-05,3,7100.0,531,1,1,6622
724,2014-02-05,3,6250.0,657,1,1,10029
725,2014-02-05,3,5685.0,582,1,1,8378
726,2014-02-05,3,14029.0,1265,1,1,12396
727,2014-02-05,3,5365.0,496,1,1,4929
728,2014-02-05,3,4341.0,399,1,1,5253
729,2014-02-05,3,11331.0,1134,1,1,12796
730,2014-02-05,3,8707.0,1024,1,1,7070
731,2014-02-05,3,10642.0,1059,1,1,9737
732,2014-02-05,3,5174.0,582,1,1,3807
733,2014-02-05,3,14998.0,3381,1,1,15748
734,2014-02-05,3,6780.0,605,1,1,5972
735,2014-02-05,3,7063.0,627,1,1,6610
736,2014-02-05,3,6258.0,525,1,1,8531
737,2014-02-05,3,7636.0,992,1,1,6745
738,2014-02-05,3,9015.0,694,1,1,8250
739,2014-02-05,3,10333.0,786,1,1,10063
740,2014-02-05,3,8398.0,506,1,1,8026
741,2014-02-05,3,9426.0,1059,1,1,8902
742,2014-02-05,3,8776.0,904,1,1,9224
743,2014-02-05,3,4213.0,462,1,1,4095
744,2014-02-05,3,7938.0,871,1,1,7127
745,2014-02-05,3,10237.0,990,1,1,8499
746,2014-02-05,3,6426.0,472,1,1,5890
747,2014-02-05,3,8660.0,715,1,1,7391
748,2014-02-05,3,6762.0,507,1,1,5128
749,2014-02-05,3,6354.0,704,1,1,5940
750,2014-02-05,3,4965.0,405,1,1,4408
751,2014-02-05,3,5415.0,663,1,1,4807
752,2014-02-05,3,6858.0,521,1,1,5576
753,2014-02-05,3,9532.0,820,1,1,8891
754,2014-02-05,3,9876.0,1161,1,1,8224
755,2014-02-05,3,11068.0,910,1,1,10287
756,2014-02-05,3,16319.0,2211,1,1,16340
757,2014-02-05,3,6973.0,575,1,1,6887
758,2014-02-05,3,5979.0,734,1,1,5234
759,2014-02-05,3,8528.0,860,1,1,7135
760,2014-02-05,3,7251.0,1100,1,1,8464
761,2014-02-05,3,10315.0,1122,1,1,10082
762,2014-02-05,3,3867.0,382,1,1,3712
763,2014-02-05,3,6461.0,584,1,1,6807
764,2014-02-05,3,3539.0,392,1,1,3842
765,2014-02-05,3,8742.0,723,1,1,8471
766,2014-02-05,3,6553.0,517,1,1,6293
767,2014-02-05,3,7023.0,652,1,1,6067
768,2014-02-05,3,15219.0,1477,1,1,14407
769,2014-02-05,3,11333.0,3224,1,1,13181
770,2014-02-05,3,7119.0,780,1,1,6183
771,2014-02-05,3,6942.0,743,1,1,7281
772,2014-02-05,3,3998.0,526,1,1,5441
773,2014-02-05,3,6444.0,824,1,1,5527
774,2014-02-05,3,6136.0,781,1,1,6440
775,2014-02-05,3,8421.0,584,1,1,8356
776,2014-02-05,3,5094.0,568,1,1,4122
777,2014-02-05,3,3888.0,332,1,1,4726
778,2014-02-05,3,6844.0,871,1,1,6771
779,2014-02-05,3,7912.0,738,1,1,6778
780,2014-02-05,3,7415.0,844,1,1,8180
781,2014-02-05,3,6598.0,851,1,1,6328
782,2014-02-05,3,5824.0,515,1,1,5659
783,2014-02-05,3,6652.0,695,1,1,7426
784,2014-02-05,3,9705.0,924,1,1,5585
785,2014-02-05,3,6927.0,534,1,1,7180
786,2014-02-05,3,4394.0,645,1,1,3121
787,2014-02-05,3,10604.0,1173,1,1,9006
788,2014-02-05,3,19745.0,1829,1,1,19226
789,2014-02-05,3,3229.0,471,1,1,2967
790,2014-02-05,3,7479.0,634,1,1,7715
791,2014-02-05,3,8031.0,863,1,1,7743
792,2014-02-05,3,9211.0,729,1,1,9101
793,2014-02-05,3,5971.0,484,1,1,5271
794,2014-02-05,3,3071.0,568,1,1,3273
795,2014-02-05,3,5609.0,550,1,1,4936
796,2014-02-05,3,8510.0,732,1,1,7589
797,2014-02-05,3,3871.0,382,1,1,3099
798,2014-02-05,3,8599.0,1073,1,1,8766
799,2014-02-05,3,10743.0,972,1,1,13391
800,2014-02-05,3,6067.0,512,1,1,5582
801,2014-02-05,3,5059.0,428,1,1,4030
802,2014-02-05,3,7641.0,560,1,1,5966
803,2014-02-05,3,6740.0,544,1,1,6281
804,2014-02-05,3,5321.0,453,1,1,6487
805,2014-02-05,3,6084.0,551,1,1,5531
806,2014-02-05,3,7871.0,570,1,1,7554
807,2014-02-05,3,9801.0,920,1,1,10624
808,2014-02-05,3,7938.0,634,1,1,8519
809,2014-02-05,3,10903.0,900,1,1,9079
810,2014-02-05,3,6246.0,471,1,1,6601
811,2014-02-05,3,4125.0,687,1,1,4570
812,2014-02-05,3,7344.0,836,1,1,7554
813,2014-02-05,3,6402.0,683,1,1,6060
814,2014-02-05,3,9567.0,730,1,1,8674
815,2014-02-05,3,10545.0,967,1,1,10088
816,2014-02-05,3,4931.0,708,1,1,6260
817,2014-02-05,3,24189.0,3348,1,0,18019
818,2014-02-05,3,6961.0,640,1,1,6610
819,2014-02-05,3,6777.0,569,1,1,7516
820,2014-02-05,3,12559.0,1132,1,1,10951
821,2014-02-05,3,7502.0,905,1,1,7725
822,2014-02-05,3,8068.0,633,1,1,7681
823,2014-02-05,3,6653.0,620,1,1,6177
824,2014-02-05,3,9651.0,1166,1,1,8882
825,2014-02-05,3,5100.0,531,1,1,3513
826,2014-02-05,3,9888.0,834,1,1,8499
827,2014-02-05,3,10342.0,1297,1,1,13352
828,2014-02-05,3,5634.0,633,1,1,4675
829,2014-02-05,3,5714.0,700,1,1,4917
830,2014-02-05,3,8362.0,716,1,1,8780
831,2014-02-05,3,15385.0,1774,1,1,14405
832,2014-02-05,3,7701.0,565,1,1,6657
833,2014-02-05,3,6148.0,505,1,1,6968
834,2014-02-05,3,6227.0,685,1,1,5984
835,2014-02-05,3,5380.0,693,1,1,5402
836,2014-02-05,3,6857.0,888,1,1,7399
838,2014-02-05,3,8392.0,818,1,1,7778
839,2014-02-05,3,6822.0,771,1,1,6545
840,2014-02-05,3,9277.0,1240,1,1,7694
841,2014-02-05,3,3265.0,446,1,1,3182
842,2014-02-05,3,18989.0,1135,1,1,19090
843,2014-02-05,3,9995.0,1159,1,1,8520
844,2014-02-05,3,5587.0,591,1,1,4460
845,2014-02-05,3,5084.0,333,1,1,4507
846,2014-02-05,3,9738.0,889,1,1,11350
847,2014-02-05,3,7606.0,1027,1,1,9196
848,2014-02-05,3,7236.0,778,1,1,7572
849,2014-02-05,3,8557.0,942,1,1,8081
850,2014-02-05,3,7359.0,685,1,1,6572
851,2014-02-05,3,5339.0,472,1,1,6589
852,2014-02-05,3,4783.0,568,1,1,4552
853,2014-02-05,3,9356.0,1029,1,1,10083
854,2014-02-05,3,7696.0,737,1,1,6287
855,2014-02-05,3,6691.0,612,1,1,6130
856,2014-02-05,3,8282.0,1042,1,1,8049
857,2014-02-05,3,7317.0,854,1,1,7030
858,2014-02-05,3,5242.0,439,1,1,5077
859,2014-02-05,3,7115.0,700,1,1,6069
860,2014-02-05,3,5735.0,669,1,1,5665
861,2014-02-05,3,3558.0,505,1,1,3120
862,2014-02-05,3,9133.0,1129,1,1,9336
863,2014-02-05,3,9001.0,968,1,1,8371
864,2014-02-05,3,4475.0,602,1,1,3070
865,2014-02-05,3,8471.0,657,1,1,9269
866,2014-02-05,3,7541.0,489,1,1,7661
867,2014-02-05,3,4401.0,379,1,1,2992
868,2014-02-05,3,8639.0,583,1,1,8735
869,2014-02-05,3,7569.0,983,1,1,5671
870,2014-02-05,3,7369.0,918,1,1,8722
871,2014-02-05,3,5530.0,377,1,1,7206
872,2014-02-05,3,9298.0,894,1,1,9969
873,2014-02-05,3,4419.0,501,1,1,1980
874,2014-02-05,3,4334.0,465,1,1,2823
875,2014-02-05,3,6036.0,522,1,1,5565
876,2014-02-05,3,11069.0,1059,1,1,7479
877,2014-02-05,3,7161.0,978,1,1,5528
878,2014-02-05,3,9619.0,864,1,1,9821
879,2014-02-05,3,4095.0,331,1,1,3001
880,2014-02-05,3,7856.0,806,1,1,8148
881,2014-02-05,3,5296.0,775,1,1,4575
882,2014-02-05,3,6425.0,790,1,1,6521
883,2014-02-05,3,5091.0,500,1,1,3829
884,2014-02-05,3,5730.0,509,1,1,5953
885,2014-02-05,3,4876.0,677,1,1,5184
886,2014-02-05,3,7735.0,695,1,1,6812
887,2014-02-05,3,6535.0,529,1,1,6502
888,2014-02-05,3,7664.0,727,1,1,8366
889,2014-02-05,3,4095.0,405,1,1,2993
890,2014-02-05,3,5875.0,414,1,1,6729
891,2014-02-05,3,7800.0,1048,1,1,9202
892,2014-02-05,3,8377.0,840,1,1,7364
893,2014-02-05,3,8026.0,998,1,1,7353
894,2014-02-05,3,10842.0,1211,1,1,8366
895,2014-02-05,3,9915.0,882,1,1,8769
896,2014-02-05,3,7093.0,1068,1,1,6219
897,2014-02-05,3,3234.0,328,1,1,3227
898,2014-02-05,3,8337.0,877,1,1,8686
899,2014-02-05,3,6678.0,648,1,1,5414
900,2014-02-05,3,6083.0,555,1,1,6084
901,2014-02-05,3,7878.0,672,1,1,8341
902,2014-02-05,3,5567.0,693,1,1,6556
903,2014-02-05,3,12472.0,819,1,1,11870
904,2014-02-05,3,5905.0,471,1,1,6726
905,2014-02-05,3,11189.0,1583,1,1,10651
906,2014-02-05,3,11486.0,1295,1,1,11832
907,2014-02-05,3,5731.0,737,1,1,7445
908,2014-02-05,3,5343.0,412,1,1,5144
909,2014-02-05,3,13017.0,1163,1,1,10773
910,2014-02-05,3,5869.0,582,1,1,4967
911,2014-02-05,3,10903.0,947,1,1,10471
912,2014-02-05,3,5931.0,716,1,1,3387
913,2014-02-05,3,9530.0,1152,1,1,10384
914,2014-02-05,3,10405.0,1188,1,1,10924
915,2014-02-05,3,5672.0,416,1,1,5797
916,2014-02-05,3,5300.0,683,1,1,7078
917,2014-02-05,3,7409.0,761,1,1,6670
918,2014-02-05,3,6347.0,689,1,1,6480
919,2014-02-05,3,6494.0,779,1,1,6524
920,2014-02-05,3,6708.0,599,1,1,5092
921,2014-02-05,3,10467.0,1209,1,1,10343
922,2014-02-05,3,7851.0,729,1,1,9946
923,2014-02-05,3,5576.0,622,1,1,5239
924,2014-02-05,3,5758.0,486,1,1,4620
925,2014-02-05,3,6828.0,1146,1,1,8376
926,2014-02-05,3,7632.0,501,1,1,6127
927,2014-02-05,3,7501.0,896,1,1,6913
928,2014-02-05,3,9661.0,788,1,1,8610
929,2014-02-05,3,6701.0,791,1,1,7746
930,2014-02-05,3,7339.0,1209,1,1,6161
931,2014-02-05,3,3650.0,392,1,1,3557
932,2014-02-05,3,8339.0,812,1,1,7611
933,2014-02-05,3,8672.0,1060,1,1,7847
934,2014-02-05,3,7966.0,735,1,1,7856
935,2014-02-05,3,6361.0,625,1,1,5864
936,2014-02-05,3,7700.0,945,1,1,6834
937,2014-02-05,3,6781.0,560,1,1,7226
938,2014-02-05,3,10558.0,1003,1,1,9554
939,2014-02-05,3,6460.0,617,1,1,4559
940,2014-02-05,3,8048.0,767,1,1,7156
941,2014-02-05,3,6279.0,630,1,1,5357
942,2014-02-05,3,6581.0,454,1,1,7926
943,2014-02-05,3,6540.0,537,1,1,6228
944,2014-02-05,3,7581.0,1156,1,1,8846
945,2014-02-05,3,4350.0,569,1,1,4725
946,2014-02-05,3,4169.0,536,1,1,4209
947,2014-02-05,3,9976.0,1249,1,1,6653
948,2014-02-05,3,6845.0,1678,1,1,7840
949,2014-02-05,3,6371.0,581,1,1,4910
950,2014-02-05,3,6527.0,601,1,1,6174
951,2014-02-05,3,7486.0,706,1,1,7673
952,2014-02-05,3,6390.0,482,1,1,5993
953,2014-02-05,3,6140.0,578,1,1,5181
954,2014-02-05,3,8329.0,1095,1,1,6424
955,2014-02-05,3,4794.0,477,1,1,5109
956,2014-02-05,3,4270.0,584,1,1,3404
957,2014-02-05,3,8406.0,880,1,1,6981
958,2014-02-05,3,4217.0,561,1,1,2648
959,2014-02-05,3,8634.0,830,1,1,7384
960,2014-02-05,3,7386.0,563,1,1,6567
961,2014-02-05,3,6439.0,651,1,1,6774
962,2014-02-05,3,7623.0,991,1,1,7492
963,2014-02-05,3,12601.0,1130,1,1,12332
964,2014-02-05,3,10597.0,1366,1,1,9165
965,2014-02-05,3,11189.0,1117,1,1,9001
966,2014-02-05,3,5150.0,657,1,1,5020
967,2014-02-05,3,8510.0,890,1,1,9023
968,2014-02-05,3,8417.0,1033,1,1,7964
969,2014-02-05,3,4155.0,680,1,1,3881
970,2014-02-05,3,4275.0,516,1,1,4905
971,2014-02-05,3,8451.0,952,1,1,9195
972,2014-02-05,3,4103.0,427,1,1,3755
973,2014-02-05,3,7164.0,869,1,1,6691
974,2014-02-05,3,12672.0,1722,1,1,12474
975,2014-02-05,3,8062.0,787,1,1,8158
976,2014-02-05,3,8896.0,823,1,1,8222
977,2014-02-05,3,5692.0,555,1,1,5554
978,2014-02-05,3,8621.0,1099,1,1,10016
979,2014-02-05,3,7316.0,665,1,1,7215
980,2014-02-05,3,7774.0,565,1,1,7008
981,2014-02-05,3,7672.0,723,1,1,6846
982,2014-02-05,3,8770.0,716,1,1,8870
983,2014-02-05,3,12296.0,1606,1,1,13900
984,2014-02-05,3,7208.0,771,1,1,6878
985,2014-02-05,3,8553.0,739,1,1,8397
986,2014-02-05,3,7282.0,894,1,1,5588
987,2014-02-05,3,7536.0,900,1,1,8106
988,2014-02-05,3,4616.0,687,1,1,4809
989,2014-02-05,3,6136.0,631,1,1,5751
990,2014-02-05,3,7002.0,544,1,1,7350
991,2014-02-05,3,4605.0,431,1,1,4782
992,2014-02-05,3,6746.0,782,1,1,6864
993,2014-02-05,3,7645.0,761,1,1,6589
994,2014-02-05,3,5092.0,463,1,1,3925
995,2014-02-05,3,10200.0,808,1,1,9174
996,2014-02-05,3,7694.0,763,1,1,6411
997,2014-02-05,3,5546.0,423,1,1,4245
998,2014-02-05,3,4583.0,538,1,1,3873
999,2014-02-05,3,11093.0,769,1,1,9332
1000,2014-02-05,3,7406.0,657,1,1,6634
1001,2014-02-05,3,5853.0,625,1,1,5443
1002,2014-02-05,3,6705.0,732,1,1,6062
1003,2014-02-05,3,7902.0,748,1,1,7456
1004,2014-02-05,3,5378.0,464,1,1,4688
1005,2014-02-05,3,6076.0,878,1,1,6475
1006,2014-02-05,3,7807.0,930,1,1,6894
1007,2014-02-05,3,8107.0,844,1,1,7349
1008,2014-02-05,3,6875.0,796,1,1,8058
1009,2014-02-05,3,5514.0,465,1,1,7037
1010,2014-02-05,3,10000.0,820,1,1,9515
1011,2014-02-05,3,10250.0,1085,1,1,7895
1012,2014-02-05,3,5663.0,471,1,1,8918
1013,2014-02-05,3,4939.0,505,1,1,4571
1014,2014-02-05,3,15122.0,1470,1,1,12835
1015,2014-02-05,3,6078.0,464,1,1,7280
1016,2014-02-05,3,6690.0,552,1,1,5383
1017,2014-02-05,3,8516.0,1115,1,1,6610
1018,2014-02-05,3,12426.0,1440,1,1,11558
1019,2014-02-05,3,9888.0,771,1,1,11124
1020,2014-02-05,3,8828.0,1106,1,1,10257
1021,2014-02-05,3,9033.0,984,1,1,9410
1022,2014-02-05,3,8216.0,886,1,1,7905
1023,2014-02-05,3,6468.0,615,1,1,6441
1024,2014-02-05,3,6256.0,756,1,1,6845
1025,2014-02-05,3,7960.0,868,1,1,5737
1026,2014-02-05,3,10126.0,1180,1,1,10721
1027,2014-02-05,3,15460.0,1742,1,1,14504
1028,2014-02-05,3,5540.0,617,1,1,5517
1029,2014-02-05,3,6046.0,828,1,1,6342
1030,2014-02-05,3,4347.0,399,1,1,2520
1031,2014-02-05,3,5197.0,438,1,1,5601
1032,2014-02-05,3,9859.0,1007,1,1,10258
1033,2014-02-05,3,16054.0,1392,1,1,15583
1034,2014-02-05,3,7814.0,841,1,1,6337
1035,2014-02-05,3,6185.0,627,1,1,4075
1036,2014-02-05,3,4712.0,425,1,1,4518
1037,2014-02-05,3,7514.0,921,1,1,7461
1038,2014-02-05,3,5686.0,466,1,1,6043
1039,2014-02-05,3,8361.0,1061,1,1,7301
1040,2014-02-05,3,8591.0,845,1,1,8500
1041,2014-02-05,3,6402.0,714,1,1,5381
1042,2014-02-05,3,4908.0,567,1,1,2944
1043,2014-02-05,3,10012.0,1260,1,1,11274
1044,2014-02-05,3,7174.0,886,1,1,6616
1045,2014-02-05,3,6978.0,821,1,1,8458
1046,2014-02-05,3,9655.0,684,1,1,8391
1047,2014-02-05,3,5249.0,555,1,1,5226
1048,2014-02-05,3,6974.0,528,1,1,6155
1049,2014-02-05,3,4374.0,705,1,1,5308
1050,2014-02-05,3,8199.0,514,1,1,9807
1051,2014-02-05,3,8957.0,1135,1,1,8125
1052,2014-02-05,3,7148.0,739,1,1,7185
1053,2014-02-05,3,11520.0,1279,1,1,8995
1054,2014-02-05,3,6831.0,653,1,1,6158
1055,2014-02-05,3,8675.0,1074,1,1,7154
1056,2014-02-05,3,3511.0,346,1,1,5701
1057,2014-02-05,3,6591.0,625,1,1,6283
1058,2014-02-05,3,7737.0,740,1,1,7979
1059,2014-02-05,3,9308.0,1161,1,1,8459
1060,2014-02-05,3,8452.0,926,1,1,8309
1061,2014-02-05,3,7793.0,565,1,1,7239
1062,2014-02-05,3,6146.0,533,1,1,5985
1063,2014-02-05,3,5160.0,589,1,1,4102
1064,2014-02-05,3,9730.0,1104,1,1,9509
1065,2014-02-05,3,4890.0,539,1,1,4390
1066,2014-02-05,3,10758.0,1107,1,1,10600
1067,2014-02-05,3,5944.0,492,1,1,5421
1068,2014-02-05,3,4683.0,308,1,1,4562
1069,2014-02-05,3,9535.0,1198,1,1,5957
1070,2014-02-05,3,7428.0,936,1,1,7362
1071,2014-02-05,3,7330.0,785,1,1,4606
1072,2014-02-05,3,7776.0,711,1,1,7601
1073,2014-02-05,3,7840.0,1009,1,1,7461
1074,2014-02-05,3,5994.0,627,1,1,5226
1075,2014-02-05,3,10679.0,1038,1,1,9263
1076,2014-02-05,3,4096.0,601,1,1,4411
1077,2014-02-05,3,4596.0,496,1,1,4978
1078,2014-02-05,3,9264.0,617,1,1,3946
1079,2014-02-05,3,10176.0,735,1,1,8830
1080,2014-02-05,3,11153.0,881,1,1,9755
1081,2014-02-05,3,7804.0,1143,1,1,6239
1082,2014-02-05,3,8050.0,1048,1,1,5048
1083,2014-02-05,3,5102.0,342,1,1,4418
1084,2014-02-05,3,6439.0,773,1,1,6215
1085,2014-02-05,3,8836.0,844,1,1,7856
1086,2014-02-05,3,9880.0,939,1,1,8588
1087,2014-02-05,3,5951.0,585,1,1,7177
1088,2014-02-05,3,5738.0,515,1,1,5602
1089,2014-02-05,3,10016.0,980,1,1,9728
1090,2014-02-05,3,7992.0,1005,1,1,7047
1091,2014-02-05,3,9774.0,743,1,1,8645
1092,2014-02-05,3,11906.0,1167,1,1,12253
1093,2014-02-05,3,8990.0,908,1,1,8537
1094,2014-02-05,3,4224.0,335,1,1,4008
1095,2014-02-05,3,5327.0,693,1,1,4659
1096,2014-02-05,3,5103.0,607,1,1,5993
1097,2014-02-05,3,10177.0,2500,1,1,9435
1098,2014-02-05,3,6274.0,808,1,1,5631
1099,2014-02-05,3,8062.0,973,1,1,8272
1100,2014-02-05,3,6319.0,689,1,1,4841
1101,2014-02-05,3,10125.0,948,1,1,9943
1102,2014-02-05,3,7714.0,753,1,1,7124
1103,2014-02-05,3,4865.0,346,1,1,4954
1104,2014-02-05,3,5619.0,399,1,1,5288
1105,2014-02-05,3,4874.0,519,1,1,4490
1106,2014-02-05,3,5503.0,587,1,1,5192
1107,2014-02-05,3,7169.0,678,1,1,5854
1108,2014-02-05,3,7083.0,721,1,1,4563
1109,2014-02-05,3,6245.0,475,1,1,6019
1110,2014-02-05,3,4957.0,547,1,1,2919
1111,2014-02-05,3,6514.0,501,1,1,5798
1112,2014-02-05,3,12141.0,897,1,1,11652
1113,2014-02-05,3,6785.0,726,1,1,5903
1114,2014-02-05,3,19543.0,2836,1,1,21583
1115,2014-02-05,3,6148.0,413,1,1,6379
