Store,Date,DayOfWeek,Sales,Customers,Promo,mean_Promo,POST_Promo,POST_Sales
1,2014-02-26,3,4108.0,491,0,0.0,0,3883
2,2014-02-26,3,4548.0,632,0,0.0,0,4275
3,2014-02-26,3,4580.0,640,0,0.0,0,5085
4,2014-02-26,3,6987.0,1100,0,0.0,0,7732
5,2014-02-26,3,3568.0,548,0,0.0,0,4465
6,2014-02-26,3,4111.0,545,0,0.0,0,3706
7,2014-02-26,3,5812.0,746,0,0.0,0,7368
8,2014-02-26,3,3719.0,560,0,0.0,0,3688
9,2014-02-26,3,5627.0,527,0,0.0,0,5743
10,2014-02-26,3,4253.0,560,0,0.0,0,3923
11,2014-02-26,3,7000.0,1120,0,0.0,0,5987
12,2014-02-26,3,5680.0,794,0,0.0,0,5078
13,2014-02-26,3,2820.0,255,0,0.0,0,3645
14,2014-02-26,3,4408.0,574,0,0.0,0,4250
15,2014-02-26,3,4507.0,488,0,0.0,0,5143
16,2014-02-26,3,6439.0,802,0,0.0,0,5924
17,2014-02-26,3,4426.0,671,0,0.0,0,3533
18,2014-02-26,3,4630.0,627,0,0.0,0,6359
19,2014-02-26,3,5543.0,571,0,0.0,0,5147
20,2014-02-26,3,6497.0,834,0,0.0,0,7670
21,2014-02-26,3,3675.0,384,0,0.0,0,4710
22,2014-02-26,3,4192.0,554,0,0.0,0,3173
23,2014-02-26,3,4393.0,426,0,0.0,0,4411
24,2014-02-26,3,6937.0,663,0,0.0,0,6853
25,2014-02-26,3,10499.0,1626,0,0.0,0,13036
26,2014-02-26,3,4669.0,430,0,0.0,0,2594
27,2014-02-26,3,6027.0,838,0,0.0,0,6340
28,2014-02-26,3,4348.0,481,0,0.0,0,4203
29,2014-02-26,3,4990.0,531,0,0.0,0,5273
30,2014-02-26,3,5228.0,888,0,0.0,0,4525
31,2014-02-26,3,4426.0,461,0,0.0,0,4242
32,2014-02-26,3,2849.0,414,0,0.0,0,7111
33,2014-02-26,3,8052.0,887,0,0.0,0,4084
34,2014-02-26,3,6121.0,862,0,0.0,0,5842
35,2014-02-26,3,6870.0,599,0,0.0,0,6701
36,2014-02-26,3,6648.0,890,0,0.0,0,7605
37,2014-02-26,3,4276.0,543,0,0.0,0,4300
38,2014-02-26,3,4765.0,516,0,0.0,0,4936
39,2014-02-26,3,4511.0,657,0,0.0,0,3991
40,2014-02-26,3,4378.0,603,0,0.0,0,4408
41,2014-02-26,3,3475.0,327,0,0.0,0,4608
42,2014-02-26,3,8588.0,1075,0,0.0,0,8047
43,2014-02-26,3,7152.0,737,0,0.0,0,4846
44,2014-02-26,3,4379.0,587,0,0.0,0,4187
45,2014-02-26,3,3780.0,351,0,0.0,0,4528
46,2014-02-26,3,3269.0,486,0,0.0,0,4611
47,2014-02-26,3,5289.0,829,0,0.0,0,4685
48,2014-02-26,3,3412.0,403,0,0.0,0,4260
49,2014-02-26,3,5977.0,448,0,0.0,0,4885
50,2014-02-26,3,3070.0,292,0,0.0,0,4421
51,2014-02-26,3,4245.0,404,0,0.0,0,5568
52,2014-02-26,3,6268.0,451,0,0.0,0,6381
53,2014-02-26,3,3767.0,471,0,0.0,0,3705
54,2014-02-26,3,4378.0,491,0,0.0,0,5903
55,2014-02-26,3,3638.0,503,0,0.0,0,2613
56,2014-02-26,3,4603.0,359,0,0.0,0,5144
57,2014-02-26,3,7942.0,799,0,0.0,0,8505
58,2014-02-26,3,4915.0,443,0,0.0,0,4447
59,2014-02-26,3,4552.0,533,0,0.0,0,2758
60,2014-02-26,3,6622.0,710,0,0.0,0,6314
61,2014-02-26,3,3980.0,520,0,0.0,0,3346
62,2014-02-26,3,6975.0,861,0,0.0,0,5934
63,2014-02-26,3,4202.0,437,0,0.0,0,4958
64,2014-02-26,3,8600.0,753,0,0.0,0,8262
65,2014-02-26,3,3352.0,345,0,0.0,0,3975
66,2014-02-26,3,3999.0,398,0,0.0,0,7780
67,2014-02-26,3,5838.0,696,0,0.0,0,5639
68,2014-02-26,3,5541.0,948,0,0.0,0,4933
69,2014-02-26,3,6837.0,983,0,0.0,0,6687
70,2014-02-26,3,5004.0,580,0,0.0,0,5886
71,2014-02-26,3,6651.0,643,0,0.0,0,7131
72,2014-02-26,3,3225.0,378,0,0.0,0,2083
73,2014-02-26,3,3628.0,475,0,0.0,0,3197
74,2014-02-26,3,5844.0,877,0,0.0,0,7078
75,2014-02-26,3,4255.0,505,0,0.0,0,4450
76,2014-02-26,3,7064.0,788,0,0.0,0,7205
77,2014-02-26,3,5151.0,513,0,0.0,0,5551
78,2014-02-26,3,2748.0,426,0,0.0,0,3607
79,2014-02-26,3,3780.0,449,0,0.0,0,3301
80,2014-02-26,3,5564.0,474,0,0.0,0,4496
81,2014-02-26,3,5566.0,509,0,0.0,0,6035
82,2014-02-26,3,7673.0,836,0,0.0,0,6143
83,2014-02-26,3,3720.0,351,0,0.0,0,2734
84,2014-02-26,3,10475.0,1379,0,0.0,0,10348
85,2014-02-26,3,4691.0,739,0,0.0,0,5469
86,2014-02-26,3,3664.0,535,0,0.0,0,3850
87,2014-02-26,3,5300.0,694,0,0.0,0,4557
88,2014-02-26,3,4493.0,555,0,0.0,0,5009
89,2014-02-26,3,5171.0,613,0,0.0,0,4129
90,2014-02-26,3,6716.0,1007,0,0.0,0,6546
91,2014-02-26,3,5375.0,663,0,0.0,0,5482
92,2014-02-26,3,3974.0,404,0,0.0,0,4455
93,2014-02-26,3,4147.0,517,0,0.0,0,4575
94,2014-02-26,3,5377.0,573,0,0.0,0,5476
95,2014-02-26,3,5286.0,657,0,0.0,0,7447
96,2014-02-26,3,4377.0,550,0,0.0,0,3974
97,2014-02-26,3,4501.0,523,0,0.0,0,5833
98,2014-02-26,3,3085.0,335,0,0.0,0,3615
99,2014-02-26,3,3600.0,355,0,0.0,0,4317
100,2014-02-26,3,5928.0,607,0,0.0,0,6249
101,2014-02-26,3,6376.0,711,0,0.0,0,6159
102,2014-02-26,3,4397.0,768,0,0.0,0,5163
103,2014-02-26,3,3612.0,357,0,0.0,0,1290
104,2014-02-26,3,8593.0,1236,0,0.0,0,8200
105,2014-02-26,3,3909.0,530,0,0.0,0,3491
106,2014-02-26,3,8042.0,855,0,0.0,0,7971
107,2014-02-26,3,5785.0,884,0,0.0,0,6196
108,2014-02-26,3,8253.0,730,0,0.0,0,8671
109,2014-02-26,3,4761.0,619,0,0.0,0,4344
110,2014-02-26,3,3515.0,538,0,0.0,0,4218
111,2014-02-26,3,4861.0,456,0,0.0,0,5087
112,2014-02-26,3,5638.0,737,0,0.0,0,5072
113,2014-02-26,3,6064.0,649,0,0.0,0,6514
114,2014-02-26,3,4513.0,598,0,0.0,0,4555
115,2014-02-26,3,5366.0,472,0,0.0,0,5579
116,2014-02-26,3,5536.0,666,0,0.0,0,5074
117,2014-02-26,3,3536.0,497,0,0.0,0,1446
118,2014-02-26,3,5296.0,505,0,0.0,0,5974
119,2014-02-26,3,5083.0,651,0,0.0,0,5989
120,2014-02-26,3,5108.0,539,0,0.0,0,6432
121,2014-02-26,3,3522.0,429,0,0.0,0,3166
122,2014-02-26,3,4451.0,601,0,0.0,0,4183
123,2014-02-26,3,6196.0,877,0,0.0,0,5381
124,2014-02-26,3,3528.0,504,0,0.0,0,2838
125,2014-02-26,3,9417.0,1428,0,0.0,0,8541
126,2014-02-26,3,5594.0,608,0,0.0,0,4994
127,2014-02-26,3,4156.0,530,0,0.0,0,3627
128,2014-02-26,3,5305.0,499,0,0.0,0,6194
129,2014-02-26,3,6957.0,1027,0,0.0,0,6828
130,2014-02-26,3,4371.0,550,0,0.0,0,5565
131,2014-02-26,3,5142.0,626,0,0.0,0,3681
132,2014-02-26,3,4787.0,514,0,0.0,0,3956
133,2014-02-26,3,4578.0,608,0,0.0,0,4024
134,2014-02-26,3,4350.0,470,0,0.0,0,5165
135,2014-02-26,3,4278.0,423,0,0.0,0,3452
136,2014-02-26,3,3972.0,364,0,0.0,0,4610
137,2014-02-26,3,6768.0,883,0,0.0,0,7456
138,2014-02-26,3,5471.0,591,0,0.0,0,4311
139,2014-02-26,3,5234.0,474,0,0.0,0,3978
140,2014-02-26,3,6592.0,944,0,0.0,0,6125
141,2014-02-26,3,3943.0,496,0,0.0,0,5532
142,2014-02-26,3,5578.0,730,0,0.0,0,3430
143,2014-02-26,3,4510.0,462,0,0.0,0,5086
144,2014-02-26,3,6034.0,630,0,0.0,0,4990
145,2014-02-26,3,6117.0,1054,0,0.0,0,5972
146,2014-02-26,3,5488.0,604,0,0.0,0,5700
147,2014-02-26,3,5673.0,716,0,0.0,0,6219
148,2014-02-26,3,6997.0,733,0,0.0,0,7001
149,2014-02-26,3,4272.0,453,0,0.0,0,3964
150,2014-02-26,3,6410.0,645,0,0.0,0,5562
151,2014-02-26,3,4601.0,519,0,0.0,0,6448
152,2014-02-26,3,5342.0,728,0,0.0,0,3784
153,2014-02-26,3,5042.0,605,0,0.0,0,5361
154,2014-02-26,3,5854.0,579,0,0.0,0,5280
155,2014-02-26,3,4500.0,522,0,0.0,0,6773
156,2014-02-26,3,5164.0,627,0,0.0,0,5397
157,2014-02-26,3,8413.0,1003,0,0.0,0,7189
158,2014-02-26,3,6247.0,403,0,0.0,0,6403
159,2014-02-26,3,5354.0,533,0,0.0,0,5829
160,2014-02-26,3,3597.0,418,0,0.0,0,5625
161,2014-02-26,3,6859.0,903,0,0.0,0,6724
162,2014-02-26,3,4850.0,400,0,0.0,0,5526
163,2014-02-26,3,6104.0,816,0,0.0,0,5502
164,2014-02-26,3,4708.0,578,0,0.0,0,5864
165,2014-02-26,3,3987.0,421,0,0.0,0,2889
166,2014-02-26,3,4604.0,708,0,0.0,0,3710
167,2014-02-26,3,6265.0,906,0,0.0,0,6886
168,2014-02-26,3,5894.0,661,0,0.0,0,5607
169,2014-02-26,3,5701.0,666,0,0.0,0,5081
170,2014-02-26,3,4612.0,551,0,0.0,0,4317
171,2014-02-26,3,6116.0,762,0,0.0,0,6644
172,2014-02-26,3,5790.0,791,0,0.0,0,6152
173,2014-02-26,3,5906.0,886,0,0.0,0,5890
174,2014-02-26,3,5028.0,438,0,0.0,0,5508
175,2014-02-26,3,4447.0,603,0,0.0,0,5247
176,2014-02-26,3,3842.0,571,0,0.0,0,2986
177,2014-02-26,3,3615.0,500,0,0.0,0,4456
178,2014-02-26,3,7294.0,754,0,0.0,0,7206
179,2014-02-26,3,5316.0,797,0,0.0,0,8227
180,2014-02-26,3,5436.0,713,0,0.0,0,5952
181,2014-02-26,3,4476.0,569,0,0.0,0,4648
182,2014-02-26,3,3877.0,354,0,0.0,0,5431
183,2014-02-26,3,3601.0,533,0,0.0,0,4681
184,2014-02-26,3,5873.0,628,0,0.0,0,8981
185,2014-02-26,3,4741.0,395,0,0.0,0,5206
186,2014-02-26,3,2692.0,319,0,0.0,0,2521
187,2014-02-26,3,4854.0,701,0,0.0,0,4396
188,2014-02-26,3,3505.0,367,0,0.0,0,3243
189,2014-02-26,3,8752.0,887,0,0.0,0,6414
190,2014-02-26,3,5675.0,628,0,0.0,0,5612
191,2014-02-26,3,5442.0,657,0,0.0,0,4828
192,2014-02-26,3,5637.0,442,0,0.0,0,6881
193,2014-02-26,3,4119.0,741,0,0.0,0,3762
194,2014-02-26,3,4135.0,425,0,0.0,0,3775
195,2014-02-26,3,10639.0,1457,0,0.0,0,8057
196,2014-02-26,3,3740.0,609,0,0.0,0,3959
197,2014-02-26,3,5033.0,734,0,0.0,0,4780
198,2014-02-26,3,1574.0,219,0,0.0,0,4316
199,2014-02-26,3,5836.0,543,0,0.0,0,5866
200,2014-02-26,3,7926.0,1049,0,0.0,0,7004
201,2014-02-26,3,4842.0,517,0,0.0,0,3591
202,2014-02-26,3,5017.0,446,0,0.0,0,5291
203,2014-02-26,3,5881.0,874,0,0.0,0,5824
204,2014-02-26,3,5301.0,497,0,0.0,0,5757
205,2014-02-26,3,4412.0,728,0,0.0,0,3662
206,2014-02-26,3,5645.0,711,0,0.0,0,5417
207,2014-02-26,3,8418.0,1171,0,0.0,0,10714
208,2014-02-26,3,2294.0,337,0,0.0,0,1124
209,2014-02-26,3,4207.0,480,0,0.0,0,4672
210,2014-02-26,3,2609.0,270,0,0.0,0,2736
211,2014-02-26,3,11255.0,1409,0,0.0,0,10145
212,2014-02-26,3,4171.0,472,0,0.0,0,4926
213,2014-02-26,3,6671.0,586,0,0.0,0,7761
214,2014-02-26,3,9005.0,791,0,0.0,0,6406
215,2014-02-26,3,4200.0,381,0,0.0,0,5066
216,2014-02-26,3,6342.0,879,0,0.0,0,9430
217,2014-02-26,3,3568.0,539,0,0.0,0,3074
218,2014-02-26,3,4583.0,679,0,0.0,0,4366
219,2014-02-26,3,3091.0,454,0,0.0,0,3303
220,2014-02-26,3,4636.0,677,0,0.0,0,4189
221,2014-02-26,3,3609.0,392,0,0.0,0,5082
222,2014-02-26,3,4315.0,528,0,0.0,0,4962
223,2014-02-26,3,5159.0,635,0,0.0,0,6423
224,2014-02-26,3,4689.0,391,0,0.0,0,6486
225,2014-02-26,3,3491.0,429,0,0.0,0,3903
226,2014-02-26,3,5456.0,608,0,0.0,0,7741
227,2014-02-26,3,6336.0,667,0,0.0,0,5005
228,2014-02-26,3,5301.0,453,0,0.0,0,4211
229,2014-02-26,3,6370.0,640,0,0.0,0,6026
230,2014-02-26,3,5851.0,794,0,0.0,0,4661
231,2014-02-26,3,3190.0,303,0,0.0,0,3784
232,2014-02-26,3,1939.0,235,0,0.0,0,1509
233,2014-02-26,3,7343.0,899,0,0.0,0,7157
234,2014-02-26,3,7571.0,817,0,0.0,0,8694
235,2014-02-26,3,3908.0,394,0,0.0,0,4488
236,2014-02-26,3,5727.0,816,0,0.0,0,5761
237,2014-02-26,3,3939.0,549,0,0.0,0,3535
238,2014-02-26,3,7210.0,1126,0,0.0,0,5631
239,2014-02-26,3,3523.0,423,0,0.0,0,3158
240,2014-02-26,3,4226.0,439,0,0.0,0,3451
241,2014-02-26,3,4944.0,613,0,0.0,0,4534
242,2014-02-26,3,2288.0,244,0,0.0,0,3093
243,2014-02-26,3,4977.0,720,0,0.0,0,6083
244,2014-02-26,3,3321.0,419,0,0.0,0,3473
245,2014-02-26,3,7821.0,994,0,0.0,0,7011
246,2014-02-26,3,5514.0,813,0,0.0,0,5029
247,2014-02-26,3,5143.0,468,0,0.0,0,6558
248,2014-02-26,3,6185.0,891,0,0.0,0,5099
249,2014-02-26,3,3737.0,441,0,0.0,0,4894
250,2014-02-26,3,5867.0,532,0,0.0,0,7534
251,2014-02-26,3,14253.0,2061,0,0.0,0,14954
252,2014-02-26,3,8287.0,762,0,0.0,0,8052
253,2014-02-26,3,4184.0,589,0,0.0,0,6659
254,2014-02-26,3,2241.0,220,0,0.0,0,2834
255,2014-02-26,3,4628.0,534,0,0.0,0,5365
256,2014-02-26,3,9495.0,1462,0,0.0,0,11001
257,2014-02-26,3,4043.0,587,0,0.0,0,5218
258,2014-02-26,3,4269.0,413,0,0.0,0,4245
259,2014-02-26,3,11151.0,2391,0,0.0,0,9600
260,2014-02-26,3,5544.0,821,0,0.0,0,4780
261,2014-02-26,3,8359.0,743,0,0.0,0,10520
262,2014-02-26,3,16506.0,2807,0,0.0,0,17554
263,2014-02-26,3,2589.0,270,0,0.0,0,5354
264,2014-02-26,3,4897.0,784,0,0.0,0,6325
265,2014-02-26,3,3493.0,424,0,0.0,0,5310
266,2014-02-26,3,3450.0,504,0,0.0,0,3479
267,2014-02-26,3,5665.0,767,0,0.0,0,7034
268,2014-02-26,3,3631.0,505,0,0.0,0,2264
269,2014-02-26,3,6525.0,1032,0,0.0,0,7567
270,2014-02-26,3,7476.0,1032,0,0.0,0,7933
271,2014-02-26,3,5612.0,694,0,0.0,0,5539
272,2014-02-26,3,4446.0,539,0,0.0,0,3390
273,2014-02-26,3,4876.0,599,0,0.0,0,5009
274,2014-02-26,3,2990.0,815,0,0.0,0,2684
275,2014-02-26,3,6694.0,729,0,0.0,0,5374
276,2014-02-26,3,3404.0,480,0,0.0,0,3488
277,2014-02-26,3,4870.0,453,0,0.0,0,5321
278,2014-02-26,3,5600.0,710,0,0.0,0,5022
279,2014-02-26,3,5203.0,474,0,0.0,0,6192
280,2014-02-26,3,5702.0,549,0,0.0,0,4592
281,2014-02-26,3,4402.0,459,0,0.0,0,4720
282,2014-02-26,3,3525.0,597,0,0.0,0,4736
283,2014-02-26,3,5676.0,650,0,0.0,0,5494
284,2014-02-26,3,3583.0,363,0,0.0,0,4638
285,2014-02-26,3,3876.0,429,0,0.0,0,5044
286,2014-02-26,3,4097.0,407,0,0.0,0,4272
287,2014-02-26,3,6452.0,721,0,0.0,0,6097
288,2014-02-26,3,3993.0,307,0,0.0,0,4415
289,2014-02-26,3,4843.0,485,0,0.0,0,5243
290,2014-02-26,3,6233.0,722,0,0.0,0,4131
291,2014-02-26,3,5480.0,660,0,0.0,0,6915
292,2014-02-26,3,5108.0,680,0,0.0,0,5294
293,2014-02-26,3,4203.0,634,0,0.0,0,4883
294,2014-02-26,3,5142.0,766,0,0.0,0,4450
295,2014-02-26,3,4367.0,630,0,0.0,0,4097
296,2014-02-26,3,5094.0,686,0,0.0,0,6641
297,2014-02-26,3,5433.0,653,0,0.0,0,9643
298,2014-02-26,3,5591.0,507,0,0.0,0,6110
299,2014-02-26,3,4152.0,453,0,0.0,0,6232
300,2014-02-26,3,4546.0,668,0,0.0,0,5670
301,2014-02-26,3,4945.0,570,0,0.0,0,3826
302,2014-02-26,3,2267.0,233,0,0.0,0,4765
303,2014-02-26,3,4525.0,590,0,0.0,0,5253
304,2014-02-26,3,5193.0,967,0,0.0,0,5621
305,2014-02-26,3,3871.0,401,0,0.0,0,3057
306,2014-02-26,3,4168.0,479,0,0.0,0,2976
307,2014-02-26,3,1640.0,222,0,0.0,0,2336
308,2014-02-26,3,6176.0,752,0,0.0,0,7405
309,2014-02-26,3,5077.0,539,0,0.0,0,5761
310,2014-02-26,3,6569.0,632,0,0.0,0,4784
311,2014-02-26,3,5521.0,796,0,0.0,0,5255
312,2014-02-26,3,3532.0,395,0,0.0,0,4057
313,2014-02-26,3,4848.0,544,0,0.0,0,5820
314,2014-02-26,3,4522.0,550,0,0.0,0,4530
315,2014-02-26,3,3198.0,415,0,0.0,0,1401
316,2014-02-26,3,7033.0,748,0,0.0,0,8487
317,2014-02-26,3,4396.0,511,0,0.0,0,4080
318,2014-02-26,3,5004.0,528,0,0.0,0,5761
319,2014-02-26,3,6700.0,775,0,0.0,0,6373
320,2014-02-26,3,11091.0,1755,0,0.0,0,11915
321,2014-02-26,3,3568.0,416,0,0.0,0,5429
322,2014-02-26,3,3504.0,458,0,0.0,0,2721
323,2014-02-26,3,5280.0,501,0,0.0,0,4451
324,2014-02-26,3,3955.0,589,0,0.0,0,4733
325,2014-02-26,3,4653.0,528,0,0.0,0,5640
326,2014-02-26,3,3466.0,319,0,0.0,0,4363
327,2014-02-26,3,5613.0,781,0,0.0,0,5262
328,2014-02-26,3,4248.0,541,0,0.0,0,3818
329,2014-02-26,3,6059.0,606,0,0.0,0,6254
330,2014-02-26,3,4022.0,445,0,0.0,0,2981
331,2014-02-26,3,5277.0,786,0,0.0,0,6200
332,2014-02-26,3,3196.0,474,0,0.0,0,4144
333,2014-02-26,3,7770.0,1124,0,0.0,0,6428
334,2014-02-26,3,4268.0,512,0,0.0,0,5179
335,2014-02-26,3,11860.0,2425,0,0.0,0,11926
336,2014-02-26,3,11067.0,1761,0,0.0,0,11683
337,2014-02-26,3,3870.0,336,0,0.0,0,7179
338,2014-02-26,3,4721.0,481,0,0.0,0,5059
339,2014-02-26,3,4835.0,684,0,0.0,0,4711
340,2014-02-26,3,4680.0,617,0,0.0,0,5446
341,2014-02-26,3,4837.0,713,0,0.0,0,5045
342,2014-02-26,3,8744.0,735,0,0.0,0,8195
343,2014-02-26,3,5679.0,610,0,0.0,0,5433
344,2014-02-26,3,5934.0,913,0,0.0,0,6229
345,2014-02-26,3,4342.0,481,0,0.0,0,3326
346,2014-02-26,3,6145.0,601,0,0.0,0,3253
347,2014-02-26,3,3956.0,346,0,0.0,0,5509
348,2014-02-26,3,7674.0,701,0,0.0,0,6075
349,2014-02-26,3,6370.0,690,0,0.0,0,6501
350,2014-02-26,3,4819.0,397,0,0.0,0,5353
351,2014-02-26,3,4775.0,468,0,0.0,0,3992
352,2014-02-26,3,4888.0,528,0,0.0,0,5720
353,2014-02-26,3,5320.0,1514,0,0.0,0,3878
354,2014-02-26,3,5985.0,636,0,0.0,0,5512
355,2014-02-26,3,6846.0,930,0,0.0,0,7014
356,2014-02-26,3,4642.0,378,0,0.0,0,3448
357,2014-02-26,3,5159.0,768,0,0.0,0,5960
358,2014-02-26,3,7492.0,973,0,0.0,0,7515
359,2014-02-26,3,6819.0,641,0,0.0,0,5597
360,2014-02-26,3,5243.0,637,0,0.0,0,6164
361,2014-02-26,3,4120.0,452,0,0.0,0,4094
362,2014-02-26,3,7147.0,947,0,0.0,0,6934
363,2014-02-26,3,5665.0,814,0,0.0,0,5013
364,2014-02-26,3,3959.0,522,0,0.0,0,3393
365,2014-02-26,3,4049.0,474,0,0.0,0,4273
366,2014-02-26,3,4111.0,473,0,0.0,0,4331
367,2014-02-26,3,2863.0,382,0,0.0,0,3754
368,2014-02-26,3,6991.0,607,0,0.0,0,8110
369,2014-02-26,3,4958.0,465,0,0.0,0,5116
370,2014-02-26,3,5623.0,519,0,0.0,0,6670
371,2014-02-26,3,5075.0,428,0,0.0,0,5015
372,2014-02-26,3,6319.0,632,0,0.0,0,6740
373,2014-02-26,3,3808.0,293,0,0.0,0,3850
374,2014-02-26,3,5951.0,780,0,0.0,0,7223
375,2014-02-26,3,5821.0,532,0,0.0,0,7387
376,2014-02-26,3,5791.0,768,0,0.0,0,6579
377,2014-02-26,3,5180.0,788,0,0.0,0,6778
378,2014-02-26,3,4853.0,839,0,0.0,0,6324
379,2014-02-26,3,2744.0,403,0,0.0,0,1860
380,2014-02-26,3,11653.0,1246,0,0.0,0,11180
381,2014-02-26,3,7596.0,936,0,0.0,0,7199
382,2014-02-26,3,5044.0,454,0,0.0,0,5085
383,2014-02-26,3,13428.0,1839,0,0.0,0,11850
384,2014-02-26,3,6459.0,816,0,0.0,0,3990
385,2014-02-26,3,5358.0,519,0,0.0,0,5623
386,2014-02-26,3,6220.0,550,0,0.0,0,8036
387,2014-02-26,3,8556.0,1226,0,0.0,0,9465
388,2014-02-26,3,8215.0,947,0,0.0,0,6533
389,2014-02-26,3,8080.0,1185,0,0.0,0,7824
390,2014-02-26,3,9755.0,994,0,0.0,0,9486
391,2014-02-26,3,4840.0,651,0,0.0,0,6681
392,2014-02-26,3,5734.0,666,0,0.0,0,4868
393,2014-02-26,3,5729.0,629,0,0.0,0,5172
394,2014-02-26,3,5706.0,539,0,0.0,0,6768
395,2014-02-26,3,4026.0,558,0,0.0,0,2798
396,2014-02-26,3,6676.0,842,0,0.0,0,7859
397,2014-02-26,3,4401.0,721,0,0.0,0,3982
398,2014-02-26,3,3950.0,476,0,0.0,0,5848
399,2014-02-26,3,4049.0,492,0,0.0,0,4718
400,2014-02-26,3,5991.0,977,0,0.0,0,6421
401,2014-02-26,3,5059.0,552,0,0.0,0,3375
402,2014-02-26,3,3181.0,423,0,0.0,0,4504
403,2014-02-26,3,7186.0,782,0,0.0,0,7804
404,2014-02-26,3,4529.0,604,0,0.0,0,2772
405,2014-02-26,3,2725.0,402,0,0.0,0,403
406,2014-02-26,3,4330.0,391,0,0.0,0,8146
407,2014-02-26,3,2619.0,243,0,0.0,0,1933
408,2014-02-26,3,3167.0,373,0,0.0,0,1343
409,2014-02-26,3,4782.0,488,0,0.0,0,3697
410,2014-02-26,3,5954.0,818,0,0.0,0,4893
411,2014-02-26,3,6931.0,584,0,0.0,0,7656
412,2014-02-26,3,6129.0,528,0,0.0,0,6472
413,2014-02-26,3,6215.0,876,0,0.0,0,5811
414,2014-02-26,3,4918.0,423,0,0.0,0,4604
415,2014-02-26,3,5766.0,570,0,0.0,0,6853
416,2014-02-26,3,8515.0,1216,0,0.0,0,7482
417,2014-02-26,3,6230.0,773,0,0.0,0,5779
418,2014-02-26,3,4718.0,565,0,0.0,0,5097
419,2014-02-26,3,4034.0,726,0,0.0,0,2471
420,2014-02-26,3,3405.0,335,0,0.0,0,2557
421,2014-02-26,3,5940.0,684,0,0.0,0,6133
422,2014-02-26,3,3719.0,433,0,0.0,0,3693
423,2014-02-26,3,7988.0,1525,0,0.0,0,8123
424,2014-02-26,3,5183.0,674,0,0.0,0,6979
425,2014-02-26,3,3153.0,471,0,0.0,0,1529
426,2014-02-26,3,4732.0,680,0,0.0,0,5774
427,2014-02-26,3,5414.0,628,0,0.0,0,6223
428,2014-02-26,3,5160.0,469,0,0.0,0,6831
429,2014-02-26,3,4044.0,377,0,0.0,0,3752
430,2014-02-26,3,6532.0,604,0,0.0,0,6467
431,2014-02-26,3,7993.0,963,0,0.0,0,7632
432,2014-02-26,3,9336.0,1459,0,0.0,0,7909
433,2014-02-26,3,4095.0,577,0,0.0,0,4877
434,2014-02-26,3,7803.0,619,0,0.0,0,6588
435,2014-02-26,3,4205.0,528,0,0.0,0,2991
436,2014-02-26,3,4133.0,516,0,0.0,0,4040
437,2014-02-26,3,5140.0,617,0,0.0,0,5396
438,2014-02-26,3,3400.0,414,0,0.0,0,4242
439,2014-02-26,3,4874.0,737,0,0.0,0,5287
440,2014-02-26,3,3692.0,512,0,0.0,0,3208
441,2014-02-26,3,5498.0,714,0,0.0,0,4767
442,2014-02-26,3,2881.0,357,0,0.0,0,3751
443,2014-02-26,3,3587.0,362,0,0.0,0,4409
444,2014-02-26,3,9280.0,1273,0,0.0,0,10427
445,2014-02-26,3,8411.0,1294,0,0.0,0,6226
446,2014-02-26,3,4580.0,609,0,0.0,0,2564
447,2014-02-26,3,4171.0,548,0,0.0,0,3737
448,2014-02-26,3,6947.0,654,0,0.0,0,5050
449,2014-02-26,3,8806.0,1393,0,0.0,0,13794
450,2014-02-26,3,5800.0,783,0,0.0,0,6783
451,2014-02-26,3,3878.0,373,0,0.0,0,4827
452,2014-02-26,3,3280.0,346,0,0.0,0,4360
453,2014-02-26,3,5333.0,704,0,0.0,0,5613
454,2014-02-26,3,4620.0,700,0,0.0,0,4199
455,2014-02-26,3,5378.0,372,0,0.0,0,5735
456,2014-02-26,3,5152.0,843,0,0.0,0,4168
457,2014-02-26,3,3883.0,363,0,0.0,0,3924
458,2014-02-26,3,5149.0,528,0,0.0,0,5415
459,2014-02-26,3,6702.0,964,0,0.0,0,7424
460,2014-02-26,3,2385.0,266,0,0.0,0,3271
461,2014-02-26,3,3360.0,384,0,0.0,0,7674
462,2014-02-26,3,3538.0,538,0,0.0,0,3797
463,2014-02-26,3,5184.0,868,0,0.0,0,2906
464,2014-02-26,3,6994.0,939,0,0.0,0,7589
465,2014-02-26,3,5284.0,467,0,0.0,0,4569
466,2014-02-26,3,6213.0,724,0,0.0,0,5424
467,2014-02-26,3,10119.0,1359,0,0.0,0,10879
468,2014-02-26,3,5322.0,657,0,0.0,0,6210
469,2014-02-26,3,7927.0,1138,0,0.0,0,6139
470,2014-02-26,3,11143.0,1746,0,0.0,0,10955
471,2014-02-26,3,4427.0,433,0,0.0,0,5854
472,2014-02-26,3,3966.0,569,0,0.0,0,4213
473,2014-02-26,3,3166.0,512,0,0.0,0,2103
474,2014-02-26,3,6030.0,637,0,0.0,0,5372
475,2014-02-26,3,5806.0,998,0,0.0,0,5327
476,2014-02-26,3,4489.0,561,0,0.0,0,5738
477,2014-02-26,3,5429.0,393,0,0.0,0,3841
478,2014-02-26,3,5374.0,666,0,0.0,0,5293
479,2014-02-26,3,8487.0,1124,0,0.0,0,10422
480,2014-02-26,3,4152.0,619,0,0.0,0,3904
481,2014-02-26,3,4320.0,405,0,0.0,0,5824
482,2014-02-26,3,5568.0,685,0,0.0,0,6324
483,2014-02-26,3,3351.0,520,0,0.0,0,4239
484,2014-02-26,3,4787.0,562,0,0.0,0,5407
485,2014-02-26,3,3514.0,365,0,0.0,0,4190
486,2014-02-26,3,3111.0,426,0,0.0,0,3976
487,2014-02-26,3,4720.0,497,0,0.0,0,4815
488,2014-02-26,3,2757.0,331,0,0.0,0,3416
489,2014-02-26,3,5374.0,550,0,0.0,0,9251
490,2014-02-26,3,6924.0,965,0,0.0,0,8073
491,2014-02-26,3,4850.0,397,0,0.0,0,6431
492,2014-02-26,3,5068.0,891,0,0.0,0,5210
493,2014-02-26,3,6880.0,738,0,0.0,0,5899
494,2014-02-26,3,6520.0,969,0,0.0,0,6498
495,2014-02-26,3,3221.0,299,0,0.0,0,3082
496,2014-02-26,3,5588.0,670,0,0.0,0,6294
497,2014-02-26,3,6889.0,958,0,0.0,0,5746
498,2014-02-26,3,5742.0,799,0,0.0,0,5696
499,2014-02-26,3,4287.0,649,0,0.0,0,3409
500,2014-02-26,3,4209.0,346,0,0.0,0,4817
501,2014-02-26,3,4776.0,637,0,0.0,0,5063
502,2014-02-26,3,7852.0,1272,0,0.0,0,7065
503,2014-02-26,3,4380.0,329,0,0.0,0,5314
504,2014-02-26,3,4815.0,812,0,0.0,0,5385
505,2014-02-26,3,3586.0,543,0,0.0,0,5797
506,2014-02-26,3,6040.0,791,0,0.0,0,5085
507,2014-02-26,3,6114.0,539,0,0.0,0,5221
508,2014-02-26,3,5297.0,633,0,0.0,0,6090
509,2014-02-26,3,4665.0,458,0,0.0,0,4253
510,2014-02-26,3,7428.0,914,0,0.0,0,6520
511,2014-02-26,3,4512.0,722,0,0.0,0,4387
512,2014-02-26,3,4511.0,1222,0,0.0,0,5426
513,2014-02-26,3,13243.0,1677,0,0.0,0,14599
514,2014-02-26,3,4247.0,527,0,0.0,0,3649
515,2014-02-26,3,6220.0,602,0,0.0,0,7377
516,2014-02-26,3,4357.0,670,0,0.0,0,3949
517,2014-02-26,3,3863.0,486,0,0.0,0,5654
518,2014-02-26,3,4446.0,421,0,0.0,0,5291
519,2014-02-26,3,3308.0,429,0,0.0,0,4792
520,2014-02-26,3,3459.0,371,0,0.0,0,3543
521,2014-02-26,3,4938.0,430,0,0.0,0,4803
522,2014-02-26,3,5955.0,527,0,0.0,0,6188
523,2014-02-26,3,10425.0,1391,0,0.0,0,12788
524,2014-02-26,3,6180.0,755,0,0.0,0,7433
525,2014-02-26,3,7571.0,746,0,0.0,0,7410
526,2014-02-26,3,9348.0,1420,0,0.0,0,9007
527,2014-02-26,3,8729.0,889,0,0.0,0,6352
528,2014-02-26,3,7812.0,848,0,0.0,0,8386
529,2014-02-26,3,5319.0,609,0,0.0,0,9098
530,2014-02-26,3,2433.0,360,0,0.0,0,2330
531,2014-02-26,3,3675.0,544,0,0.0,0,5180
532,2014-02-26,3,14177.0,1804,0,0.0,0,9849
533,2014-02-26,3,7576.0,788,0,0.0,0,8658
534,2014-02-26,3,4778.0,409,0,0.0,0,5914
535,2014-02-26,3,8456.0,1086,0,0.0,0,5402
536,2014-02-26,3,6631.0,804,0,0.0,0,7895
537,2014-02-26,3,4643.0,566,0,0.0,0,3779
538,2014-02-26,3,3118.0,523,0,0.0,0,2687
539,2014-02-26,3,8981.0,1005,0,0.0,0,11538
540,2014-02-26,3,4052.0,337,0,0.0,0,4462
541,2014-02-26,3,5062.0,740,0,0.0,0,5391
542,2014-02-26,3,5328.0,504,0,0.0,0,5183
543,2014-02-26,3,1728.0,197,0,0.0,0,3796
544,2014-02-26,3,10021.0,1525,0,0.0,0,12129
545,2014-02-26,3,7896.0,921,0,0.0,0,8042
546,2014-02-26,3,10597.0,1407,0,0.0,0,10886
547,2014-02-26,3,5064.0,393,0,0.0,0,5045
548,2014-02-26,3,3314.0,327,0,0.0,0,2951
549,2014-02-26,3,3721.0,532,0,0.0,0,4330
550,2014-02-26,3,4631.0,421,0,0.0,0,3066
551,2014-02-26,3,5650.0,928,0,0.0,0,6557
552,2014-02-26,3,5004.0,556,0,0.0,0,5441
553,2014-02-26,3,3972.0,462,0,0.0,0,3891
554,2014-02-26,3,3797.0,528,0,0.0,0,2439
555,2014-02-26,3,3758.0,405,0,0.0,0,3425
556,2014-02-26,3,5862.0,744,0,0.0,0,5556
557,2014-02-26,3,3707.0,637,0,0.0,0,3764
558,2014-02-26,3,2336.0,402,0,0.0,0,2710
559,2014-02-26,3,5098.0,696,0,0.0,0,4256
560,2014-02-26,3,9506.0,1275,0,0.0,0,9305
561,2014-02-26,3,4785.0,571,0,0.0,0,4493
562,2014-02-26,3,16296.0,2928,0,0.0,0,17498
563,2014-02-26,3,4829.0,648,0,0.0,0,5775
564,2014-02-26,3,5221.0,538,0,0.0,0,4559
565,2014-02-26,3,5125.0,732,0,0.0,0,4696
566,2014-02-26,3,3747.0,453,0,0.0,0,4473
567,2014-02-26,3,3881.0,575,0,0.0,0,6675
568,2014-02-26,3,3479.0,352,0,0.0,0,4743
569,2014-02-26,3,4037.0,659,0,0.0,0,4330
570,2014-02-26,3,4634.0,712,0,0.0,0,3350
571,2014-02-26,3,5853.0,445,0,0.0,0,6869
572,2014-02-26,3,5104.0,469,0,0.0,0,6148
573,2014-02-26,3,3438.0,317,0,0.0,0,2944
574,2014-02-26,3,6546.0,560,0,0.0,0,7497
575,2014-02-26,3,3779.0,440,0,0.0,0,4235
576,2014-02-26,3,5158.0,761,0,0.0,0,6199
577,2014-02-26,3,4139.0,557,0,0.0,0,3752
578,2014-02-26,3,5277.0,558,0,0.0,0,5310
579,2014-02-26,3,6248.0,772,0,0.0,0,7576
580,2014-02-26,3,8096.0,1412,0,0.0,0,6960
581,2014-02-26,3,4188.0,562,0,0.0,0,4205
582,2014-02-26,3,5175.0,699,0,0.0,0,5375
583,2014-02-26,3,3605.0,404,0,0.0,0,5035
584,2014-02-26,3,3896.0,398,0,0.0,0,3143
585,2014-02-26,3,5063.0,908,0,0.0,0,5102
586,2014-02-26,3,11826.0,1998,0,0.0,0,12044
587,2014-02-26,3,6208.0,496,0,0.0,0,6222
588,2014-02-26,3,4552.0,561,0,0.0,0,4514
589,2014-02-26,3,3641.0,448,0,0.0,0,2833
590,2014-02-26,3,3722.0,350,0,0.0,0,4286
591,2014-02-26,3,5093.0,515,0,0.0,0,4983
592,2014-02-26,3,4491.0,651,0,0.0,0,3441
593,2014-02-26,3,6772.0,977,0,0.0,0,6357
594,2014-02-26,3,3557.0,442,0,0.0,0,3415
595,2014-02-26,3,11518.0,1380,0,0.0,0,11865
596,2014-02-26,3,3171.0,585,0,0.0,0,3051
597,2014-02-26,3,4294.0,673,0,0.0,0,4753
598,2014-02-26,3,4377.0,623,0,0.0,0,5194
599,2014-02-26,3,6649.0,703,0,0.0,0,7473
600,2014-02-26,3,4368.0,442,0,0.0,0,4609
601,2014-02-26,3,3981.0,336,0,0.0,0,3140
602,2014-02-26,3,5514.0,588,0,0.0,0,4968
603,2014-02-26,3,5145.0,822,0,0.0,0,4645
604,2014-02-26,3,6800.0,508,0,0.0,0,8164
605,2014-02-26,3,4522.0,386,0,0.0,0,6901
606,2014-02-26,3,4501.0,576,0,0.0,0,5156
607,2014-02-26,3,2396.0,295,0,0.0,0,3059
608,2014-02-26,3,6564.0,781,0,0.0,0,7402
609,2014-02-26,3,4028.0,497,0,0.0,0,4698
610,2014-02-26,3,2881.0,432,0,0.0,0,2480
611,2014-02-26,3,5042.0,437,0,0.0,0,4509
612,2014-02-26,3,5197.0,305,0,0.0,0,4842
613,2014-02-26,3,4984.0,800,0,0.0,0,7649
614,2014-02-26,3,5349.0,828,0,0.0,0,4292
615,2014-02-26,3,6822.0,991,0,0.0,0,7210
616,2014-02-26,3,7074.0,764,0,0.0,0,6699
617,2014-02-26,3,4865.0,493,0,0.0,0,4603
618,2014-02-26,3,4744.0,417,0,0.0,0,3217
619,2014-02-26,3,3352.0,401,0,0.0,0,3802
620,2014-02-26,3,6544.0,618,0,0.0,0,4604
621,2014-02-26,3,5816.0,865,0,0.0,0,4020
622,2014-02-26,3,3414.0,392,0,0.0,0,4424
623,2014-02-26,3,6819.0,930,0,0.0,0,6202
624,2014-02-26,3,6332.0,712,0,0.0,0,7277
625,2014-02-26,3,6020.0,657,0,0.0,0,5785
626,2014-02-26,3,5948.0,587,0,0.0,0,7154
627,2014-02-26,3,4437.0,514,0,0.0,0,2830
628,2014-02-26,3,4387.0,644,0,0.0,0,4127
629,2014-02-26,3,5800.0,583,0,0.0,0,6729
630,2014-02-26,3,6211.0,813,0,0.0,0,5526
631,2014-02-26,3,3978.0,523,0,0.0,0,4753
632,2014-02-26,3,5562.0,773,0,0.0,0,5412
633,2014-02-26,3,5889.0,496,0,0.0,0,4365
634,2014-02-26,3,4646.0,524,0,0.0,0,4954
635,2014-02-26,3,3779.0,438,0,0.0,0,4214
636,2014-02-26,3,2910.0,457,0,0.0,0,3896
637,2014-02-26,3,7282.0,694,0,0.0,0,6668
638,2014-02-26,3,4185.0,394,0,0.0,0,3904
639,2014-02-26,3,4812.0,564,0,0.0,0,2327
640,2014-02-26,3,8628.0,764,0,0.0,0,6881
641,2014-02-26,3,4757.0,489,0,0.0,0,5299
642,2014-02-26,3,2940.0,455,0,0.0,0,3028
643,2014-02-26,3,5672.0,819,0,0.0,0,4704
644,2014-02-26,3,7205.0,881,0,0.0,0,7117
645,2014-02-26,3,7406.0,1055,0,0.0,0,8806
646,2014-02-26,3,4250.0,668,0,0.0,0,3471
647,2014-02-26,3,4013.0,554,0,0.0,0,3571
648,2014-02-26,3,4363.0,468,0,0.0,0,4795
649,2014-02-26,3,2710.0,342,0,0.0,0,1544
650,2014-02-26,3,4720.0,567,0,0.0,0,4411
651,2014-02-26,3,8480.0,1111,0,0.0,0,5726
652,2014-02-26,3,4045.0,496,0,0.0,0,4925
653,2014-02-26,3,4945.0,495,0,0.0,0,5591
654,2014-02-26,3,5148.0,632,0,0.0,0,4471
655,2014-02-26,3,5900.0,571,0,0.0,0,7431
656,2014-02-26,3,2480.0,326,0,0.0,0,3953
657,2014-02-26,3,4715.0,674,0,0.0,0,4856
658,2014-02-26,3,4408.0,517,0,0.0,0,4569
659,2014-02-26,3,4186.0,603,0,0.0,0,5193
660,2014-02-26,3,3152.0,443,0,0.0,0,4103
661,2014-02-26,3,4966.0,474,0,0.0,0,4899
662,2014-02-26,3,5358.0,570,0,0.0,0,7139
663,2014-02-26,3,3776.0,589,0,0.0,0,6529
664,2014-02-26,3,3292.0,496,0,0.0,0,3365
665,2014-02-26,3,6397.0,1216,0,0.0,0,6462
666,2014-02-26,3,4374.0,480,0,0.0,0,3166
667,2014-02-26,3,5853.0,619,0,0.0,0,6799
668,2014-02-26,3,6687.0,1002,0,0.0,0,7532
669,2014-02-26,3,3728.0,340,0,0.0,0,3481
670,2014-02-26,3,4778.0,619,0,0.0,0,5230
671,2014-02-26,3,5268.0,551,0,0.0,0,5240
672,2014-02-26,3,6212.0,1096,0,0.0,0,5307
673,2014-02-26,3,4879.0,475,0,0.0,0,4777
674,2014-02-26,3,6754.0,983,0,0.0,0,7213
675,2014-02-26,3,2784.0,347,0,0.0,0,3442
676,2014-02-26,3,6148.0,1594,0,0.0,0,8391
677,2014-02-26,3,6159.0,538,0,0.0,0,4994
678,2014-02-26,3,4960.0,690,0,0.0,0,5079
679,2014-02-26,3,8018.0,971,0,0.0,0,8999
680,2014-02-26,3,3381.0,602,0,0.0,0,5175
681,2014-02-26,3,3295.0,505,0,0.0,0,2914
682,2014-02-26,3,9724.0,1644,0,0.0,0,8627
683,2014-02-26,3,7612.0,790,0,0.0,0,6390
684,2014-02-26,3,5925.0,497,0,0.0,0,5633
685,2014-02-26,3,5032.0,546,0,0.0,0,3853
686,2014-02-26,3,4978.0,679,0,0.0,0,5037
687,2014-02-26,3,7323.0,756,0,0.0,0,5278
688,2014-02-26,3,2667.0,303,0,0.0,0,2429
689,2014-02-26,3,5118.0,576,0,0.0,0,5502
690,2014-02-26,3,4824.0,765,0,0.0,0,5465
691,2014-02-26,3,7637.0,641,0,0.0,0,7156
692,2014-02-26,3,4917.0,657,0,0.0,0,3766
693,2014-02-26,3,3688.0,330,0,0.0,0,4295
694,2014-02-26,3,6254.0,723,0,0.0,0,6638
695,2014-02-26,3,4029.0,469,0,0.0,0,3462
696,2014-02-26,3,5634.0,854,0,0.0,0,4841
697,2014-02-26,3,8214.0,890,0,0.0,0,9390
698,2014-02-26,3,13492.0,1793,0,0.0,0,13710
699,2014-02-26,3,6126.0,831,0,0.0,0,6706
700,2014-02-26,3,3608.0,515,0,0.0,0,4068
701,2014-02-26,3,3767.0,503,0,0.0,0,3716
702,2014-02-26,3,2614.0,249,0,0.0,0,3068
703,2014-02-26,3,3195.0,389,0,0.0,0,2492
704,2014-02-26,3,8066.0,963,0,0.0,0,8376
705,2014-02-26,3,6315.0,885,0,0.0,0,5891
706,2014-02-26,3,4283.0,419,0,0.0,0,4319
707,2014-02-26,3,6285.0,769,0,0.0,0,6708
708,2014-02-26,3,2402.0,327,0,0.0,0,1445
709,2014-02-26,3,9544.0,1375,0,0.0,0,10107
710,2014-02-26,3,3401.0,281,0,0.0,0,3708
711,2014-02-26,3,5075.0,458,0,0.0,0,5093
712,2014-02-26,3,4712.0,505,0,0.0,0,4644
713,2014-02-26,3,7733.0,1130,0,0.0,0,8647
714,2014-02-26,3,3600.0,302,0,0.0,0,3914
715,2014-02-26,3,5480.0,694,0,0.0,0,5444
716,2014-02-26,3,3947.0,371,0,0.0,0,3810
717,2014-02-26,3,3597.0,457,0,0.0,0,3766
718,2014-02-26,3,6015.0,747,0,0.0,0,6887
719,2014-02-26,3,3499.0,306,0,0.0,0,3950
720,2014-02-26,3,5375.0,623,0,0.0,0,8552
721,2014-02-26,3,6035.0,662,0,0.0,0,6142
722,2014-02-26,3,7794.0,1353,0,0.0,0,10355
723,2014-02-26,3,4423.0,410,0,0.0,0,4897
724,2014-02-26,3,6383.0,679,0,0.0,0,5616
725,2014-02-26,3,4287.0,476,0,0.0,0,4217
726,2014-02-26,3,7153.0,769,0,0.0,0,10043
727,2014-02-26,3,3826.0,427,0,0.0,0,4513
728,2014-02-26,3,4296.0,416,0,0.0,0,3583
729,2014-02-26,3,7686.0,898,0,0.0,0,7821
730,2014-02-26,3,5773.0,820,0,0.0,0,4482
731,2014-02-26,3,7538.0,955,0,0.0,0,6596
732,2014-02-26,3,3615.0,477,0,0.0,0,3949
733,2014-02-26,3,15968.0,3690,0,0.0,0,11660
734,2014-02-26,3,5116.0,564,0,0.0,0,6156
735,2014-02-26,3,3261.0,388,0,0.0,0,3892
736,2014-02-26,3,3665.0,390,0,0.0,0,3620
737,2014-02-26,3,4876.0,766,0,0.0,0,5361
738,2014-02-26,3,6990.0,632,0,0.0,0,5783
739,2014-02-26,3,6070.0,572,0,0.0,0,8407
740,2014-02-26,3,5141.0,433,0,0.0,0,4926
741,2014-02-26,3,5040.0,726,0,0.0,0,6077
742,2014-02-26,3,5443.0,674,0,0.0,0,3983
743,2014-02-26,3,2929.0,356,0,0.0,0,2900
744,2014-02-26,3,5905.0,712,0,0.0,0,5377
745,2014-02-26,3,5908.0,743,0,0.0,0,5607
746,2014-02-26,3,4426.0,423,0,0.0,0,2232
747,2014-02-26,3,5253.0,490,0,0.0,0,6409
748,2014-02-26,3,4991.0,445,0,0.0,0,4823
749,2014-02-26,3,4183.0,580,0,0.0,0,2197
750,2014-02-26,3,3375.0,324,0,0.0,0,3587
751,2014-02-26,3,3530.0,544,0,0.0,0,3591
752,2014-02-26,3,4159.0,423,0,0.0,0,3994
753,2014-02-26,3,6656.0,662,0,0.0,0,6690
754,2014-02-26,3,4534.0,659,0,0.0,0,5948
755,2014-02-26,3,7427.0,739,0,0.0,0,8782
756,2014-02-26,3,11583.0,1829,0,0.0,0,13502
757,2014-02-26,3,5077.0,493,0,0.0,0,3897
758,2014-02-26,3,4394.0,663,0,0.0,0,3529
759,2014-02-26,3,6099.0,772,0,0.0,0,4553
760,2014-02-26,3,6295.0,1075,0,0.0,0,5749
761,2014-02-26,3,7075.0,853,0,0.0,0,6787
762,2014-02-26,3,2950.0,305,0,0.0,0,1710
763,2014-02-26,3,4776.0,481,0,0.0,0,5035
764,2014-02-26,3,3786.0,489,0,0.0,0,1830
765,2014-02-26,3,7999.0,731,0,0.0,0,6393
766,2014-02-26,3,4434.0,388,0,0.0,0,3848
767,2014-02-26,3,4625.0,524,0,0.0,0,4777
768,2014-02-26,3,9775.0,1137,0,0.0,0,11377
769,2014-02-26,3,9127.0,2903,0,0.0,0,7488
770,2014-02-26,3,5626.0,732,0,0.0,0,7703
771,2014-02-26,3,5143.0,626,0,0.0,0,5146
772,2014-02-26,3,3197.0,465,0,0.0,0,3054
773,2014-02-26,3,4542.0,727,0,0.0,0,4645
774,2014-02-26,3,4287.0,609,0,0.0,0,4463
775,2014-02-26,3,6591.0,549,0,0.0,0,6390
776,2014-02-26,3,4439.0,539,0,0.0,0,2478
777,2014-02-26,3,3526.0,317,0,0.0,0,3222
778,2014-02-26,3,4193.0,670,0,0.0,0,5799
779,2014-02-26,3,4937.0,582,0,0.0,0,5299
780,2014-02-26,3,4484.0,599,0,0.0,0,5529
781,2014-02-26,3,3903.0,590,0,0.0,0,3691
782,2014-02-26,3,4179.0,445,0,0.0,0,3418
783,2014-02-26,3,4633.0,530,0,0.0,0,4585
784,2014-02-26,3,7396.0,908,0,0.0,0,5291
785,2014-02-26,3,4752.0,453,0,0.0,0,3491
786,2014-02-26,3,2465.0,457,0,0.0,0,3180
787,2014-02-26,3,7340.0,930,0,0.0,0,7277
788,2014-02-26,3,14740.0,1604,0,0.0,0,15021
789,2014-02-26,3,3081.0,466,0,0.0,0,1369
790,2014-02-26,3,5511.0,554,0,0.0,0,5189
791,2014-02-26,3,5826.0,702,0,0.0,0,5828
792,2014-02-26,3,6022.0,692,0,0.0,0,3156
793,2014-02-26,3,3049.0,330,0,0.0,0,3014
794,2014-02-26,3,2724.0,506,0,0.0,0,2653
795,2014-02-26,3,4268.0,485,0,0.0,0,1911
796,2014-02-26,3,5262.0,587,0,0.0,0,5508
797,2014-02-26,3,3078.0,330,0,0.0,0,2495
798,2014-02-26,3,5056.0,790,0,0.0,0,6098
799,2014-02-26,3,8544.0,807,0,0.0,0,8432
800,2014-02-26,3,5309.0,539,0,0.0,0,3991
801,2014-02-26,3,3110.0,316,0,0.0,0,2969
802,2014-02-26,3,4438.0,368,0,0.0,0,4521
803,2014-02-26,3,3401.0,340,0,0.0,0,2121
804,2014-02-26,3,4324.0,383,0,0.0,0,3643
805,2014-02-26,3,3806.0,409,0,0.0,0,4674
806,2014-02-26,3,5313.0,455,0,0.0,0,6028
807,2014-02-26,3,7233.0,826,0,0.0,0,7486
808,2014-02-26,3,5483.0,480,0,0.0,0,5832
809,2014-02-26,3,7491.0,783,0,0.0,0,6791
810,2014-02-26,3,4874.0,457,0,0.0,0,4863
811,2014-02-26,3,3151.0,600,0,0.0,0,3452
812,2014-02-26,3,4916.0,699,0,0.0,0,5904
813,2014-02-26,3,5365.0,624,0,0.0,0,4326
814,2014-02-26,3,6048.0,539,0,0.0,0,6428
815,2014-02-26,3,7456.0,829,0,0.0,0,8966
816,2014-02-26,3,4181.0,646,0,0.0,0,3606
817,2014-02-26,3,18600.0,2841,0,0.0,0,18302
818,2014-02-26,3,4339.0,504,0,0.0,0,4080
819,2014-02-26,3,4805.0,459,0,0.0,0,6373
820,2014-02-26,3,10390.0,1035,0,0.0,0,10088
821,2014-02-26,3,5937.0,802,0,0.0,0,6836
822,2014-02-26,3,5285.0,480,0,0.0,0,5221
823,2014-02-26,3,4371.0,487,0,0.0,0,4547
824,2014-02-26,3,5919.0,847,0,0.0,0,5812
825,2014-02-26,3,3393.0,445,0,0.0,0,2051
826,2014-02-26,3,8801.0,880,0,0.0,0,7265
827,2014-02-26,3,8779.0,1258,0,0.0,0,8950
828,2014-02-26,3,4392.0,578,0,0.0,0,4986
829,2014-02-26,3,4482.0,681,0,0.0,0,4744
830,2014-02-26,3,5431.0,541,0,0.0,0,4829
831,2014-02-26,3,11961.0,1687,0,0.0,0,9990
832,2014-02-26,3,4408.0,430,0,0.0,0,3783
833,2014-02-26,3,4306.0,495,0,0.0,0,4583
834,2014-02-26,3,4744.0,575,0,0.0,0,4671
835,2014-02-26,3,3776.0,543,0,0.0,0,4197
836,2014-02-26,3,4617.0,619,0,0.0,0,3157
837,2014-02-26,3,5244.0,658,0,0.0,0,5998
838,2014-02-26,3,6243.0,716,0,0.0,0,3097
839,2014-02-26,3,4568.0,652,0,0.0,0,3736
840,2014-02-26,3,6531.0,1047,0,0.0,0,3168
841,2014-02-26,3,2028.0,351,0,0.0,0,2787
842,2014-02-26,3,13658.0,930,0,0.0,0,17025
843,2014-02-26,3,6763.0,861,0,0.0,0,7914
844,2014-02-26,3,3069.0,418,0,0.0,0,2279
845,2014-02-26,3,4281.0,330,0,0.0,0,3954
846,2014-02-26,3,6360.0,701,0,0.0,0,7672
847,2014-02-26,3,6109.0,932,0,0.0,0,5722
848,2014-02-26,3,4789.0,640,0,0.0,0,4866
849,2014-02-26,3,6060.0,760,0,0.0,0,5229
850,2014-02-26,3,4269.0,517,0,0.0,0,5094
851,2014-02-26,3,4459.0,452,0,0.0,0,5740
852,2014-02-26,3,3839.0,550,0,0.0,0,2563
853,2014-02-26,3,7189.0,888,0,0.0,0,9241
854,2014-02-26,3,4376.0,541,0,0.0,0,5702
855,2014-02-26,3,4186.0,490,0,0.0,0,4108
856,2014-02-26,3,5065.0,812,0,0.0,0,5280
857,2014-02-26,3,5182.0,759,0,0.0,0,4482
858,2014-02-26,3,3996.0,407,0,0.0,0,4016
859,2014-02-26,3,5898.0,616,0,0.0,0,6235
860,2014-02-26,3,3966.0,575,0,0.0,0,5444
861,2014-02-26,3,3113.0,520,0,0.0,0,3864
862,2014-02-26,3,6912.0,996,0,0.0,0,5560
863,2014-02-26,3,6072.0,806,0,0.0,0,5764
864,2014-02-26,3,3446.0,536,0,0.0,0,3024
865,2014-02-26,3,8163.0,678,0,0.0,0,6115
866,2014-02-26,3,4713.0,336,0,0.0,0,6181
867,2014-02-26,3,3453.0,334,0,0.0,0,3321
868,2014-02-26,3,6445.0,523,0,0.0,0,7916
869,2014-02-26,3,4067.0,732,0,0.0,0,5050
870,2014-02-26,3,5925.0,811,0,0.0,0,5461
871,2014-02-26,3,4915.0,410,0,0.0,0,6681
872,2014-02-26,3,8821.0,978,0,0.0,0,6776
873,2014-02-26,3,3339.0,422,0,0.0,0,2015
874,2014-02-26,3,3332.0,416,0,0.0,0,2874
875,2014-02-26,3,4137.0,458,0,0.0,0,4662
876,2014-02-26,3,6593.0,834,0,0.0,0,7102
877,2014-02-26,3,5464.0,856,0,0.0,0,3180
878,2014-02-26,3,7239.0,753,0,0.0,0,7130
879,2014-02-26,3,2484.0,260,0,0.0,0,2777
880,2014-02-26,3,6224.0,756,0,0.0,0,6470
881,2014-02-26,3,3439.0,589,0,0.0,0,4509
882,2014-02-26,3,5705.0,815,0,0.0,0,6746
883,2014-02-26,3,4813.0,581,0,0.0,0,3971
884,2014-02-26,3,3938.0,417,0,0.0,0,3574
885,2014-02-26,3,4832.0,725,0,0.0,0,3601
886,2014-02-26,3,5648.0,705,0,0.0,0,5047
887,2014-02-26,3,4753.0,416,0,0.0,0,4258
888,2014-02-26,3,5338.0,570,0,0.0,0,6569
889,2014-02-26,3,2990.0,383,0,0.0,0,3474
890,2014-02-26,3,3686.0,337,0,0.0,0,4116
891,2014-02-26,3,6628.0,1011,0,0.0,0,6159
892,2014-02-26,3,4992.0,619,0,0.0,0,5957
893,2014-02-26,3,5790.0,844,0,0.0,0,4503
894,2014-02-26,3,6268.0,941,0,0.0,0,5742
895,2014-02-26,3,7765.0,779,0,0.0,0,6790
896,2014-02-26,3,5636.0,936,0,0.0,0,5422
897,2014-02-26,3,1933.0,247,0,0.0,0,3301
898,2014-02-26,3,4845.0,617,0,0.0,0,6374
899,2014-02-26,3,4029.0,485,0,0.0,0,4650
900,2014-02-26,3,4282.0,491,0,0.0,0,4722
901,2014-02-26,3,5596.0,545,0,0.0,0,6171
902,2014-02-26,3,4108.0,614,0,0.0,0,3760
903,2014-02-26,3,9132.0,716,0,0.0,0,8708
904,2014-02-26,3,3979.0,403,0,0.0,0,2763
905,2014-02-26,3,5831.0,950,0,0.0,0,9232
906,2014-02-26,3,7403.0,1045,0,0.0,0,8556
907,2014-02-26,3,5177.0,753,0,0.0,0,3974
908,2014-02-26,3,2632.0,290,0,0.0,0,4611
909,2014-02-26,3,7078.0,811,0,0.0,0,7306
910,2014-02-26,3,3646.0,432,0,0.0,0,4662
911,2014-02-26,3,7863.0,794,0,0.0,0,7605
912,2014-02-26,3,4447.0,645,0,0.0,0,4839
913,2014-02-26,3,6984.0,992,0,0.0,0,6804
914,2014-02-26,3,8070.0,1070,0,0.0,0,7731
915,2014-02-26,3,4259.0,375,0,0.0,0,4713
916,2014-02-26,3,4222.0,621,0,0.0,0,4673
917,2014-02-26,3,5864.0,760,0,0.0,0,4820
918,2014-02-26,3,3909.0,497,0,0.0,0,4014
919,2014-02-26,3,4297.0,633,0,0.0,0,3612
920,2014-02-26,3,4579.0,532,0,0.0,0,4539
921,2014-02-26,3,7285.0,962,0,0.0,0,7375
922,2014-02-26,3,6111.0,656,0,0.0,0,6908
923,2014-02-26,3,4399.0,571,0,0.0,0,4366
924,2014-02-26,3,3609.0,416,0,0.0,0,2944
925,2014-02-26,3,4781.0,1050,0,0.0,0,4444
926,2014-02-26,3,6397.0,548,0,0.0,0,4602
927,2014-02-26,3,4734.0,737,0,0.0,0,6414
928,2014-02-26,3,6360.0,581,0,0.0,0,6757
929,2014-02-26,3,4858.0,661,0,0.0,0,3508
930,2014-02-26,3,4503.0,861,0,0.0,0,4878
931,2014-02-26,3,2077.0,307,0,0.0,0,3130
932,2014-02-26,3,6669.0,725,0,0.0,0,6141
933,2014-02-26,3,5896.0,856,0,0.0,0,5268
934,2014-02-26,3,5062.0,599,0,0.0,0,5893
935,2014-02-26,3,4755.0,555,0,0.0,0,2838
936,2014-02-26,3,6180.0,866,0,0.0,0,5121
937,2014-02-26,3,4723.0,419,0,0.0,0,5654
938,2014-02-26,3,7021.0,796,0,0.0,0,7367
939,2014-02-26,3,5275.0,544,0,0.0,0,5676
940,2014-02-26,3,5148.0,622,0,0.0,0,5094
941,2014-02-26,3,3933.0,480,0,0.0,0,3973
942,2014-02-26,3,4297.0,350,0,0.0,0,4351
943,2014-02-26,3,5553.0,486,0,0.0,0,5564
944,2014-02-26,3,5552.0,992,0,0.0,0,7174
945,2014-02-26,3,3726.0,512,0,0.0,0,4478
946,2014-02-26,3,2812.0,422,0,0.0,0,1076
948,2014-02-26,3,6313.0,1670,0,0.0,0,5426
949,2014-02-26,3,3945.0,448,0,0.0,0,4002
950,2014-02-26,3,4189.0,523,0,0.0,0,5009
951,2014-02-26,3,5273.0,587,0,0.0,0,5832
952,2014-02-26,3,5146.0,464,0,0.0,0,6842
953,2014-02-26,3,3797.0,466,0,0.0,0,4639
954,2014-02-26,3,5564.0,878,0,0.0,0,4801
955,2014-02-26,3,5235.0,526,0,0.0,0,4518
956,2014-02-26,3,3426.0,551,0,0.0,0,2613
957,2014-02-26,3,6621.0,827,0,0.0,0,4150
958,2014-02-26,3,3275.0,507,0,0.0,0,2698
959,2014-02-26,3,5539.0,670,0,0.0,0,8710
960,2014-02-26,3,4456.0,419,0,0.0,0,5000
961,2014-02-26,3,5206.0,609,0,0.0,0,4682
962,2014-02-26,3,5033.0,757,0,0.0,0,5008
963,2014-02-26,3,7782.0,832,0,0.0,0,10209
964,2014-02-26,3,6595.0,1096,0,0.0,0,10426
965,2014-02-26,3,6513.0,809,0,0.0,0,6052
966,2014-02-26,3,4833.0,635,0,0.0,0,4285
967,2014-02-26,3,6588.0,802,0,0.0,0,5182
968,2014-02-26,3,5666.0,741,0,0.0,0,4943
969,2014-02-26,3,2971.0,593,0,0.0,0,2685
970,2014-02-26,3,3124.0,427,0,0.0,0,3284
971,2014-02-26,3,5948.0,752,0,0.0,0,5858
972,2014-02-26,3,2404.0,335,0,0.0,0,1935
973,2014-02-26,3,4775.0,677,0,0.0,0,5185
974,2014-02-26,3,10287.0,1499,0,0.0,0,8738
975,2014-02-26,3,5733.0,690,0,0.0,0,4022
976,2014-02-26,3,5345.0,653,0,0.0,0,5914
977,2014-02-26,3,3382.0,399,0,0.0,0,1777
978,2014-02-26,3,5449.0,862,0,0.0,0,6500
979,2014-02-26,3,3827.0,497,0,0.0,0,5570
980,2014-02-26,3,6729.0,603,0,0.0,0,6147
981,2014-02-26,3,5509.0,583,0,0.0,0,4859
982,2014-02-26,3,5157.0,496,0,0.0,0,6205
983,2014-02-26,3,9389.0,1369,0,0.0,0,9795
984,2014-02-26,3,4362.0,644,0,0.0,0,4828
985,2014-02-26,3,4947.0,581,0,0.0,0,4997
986,2014-02-26,3,4481.0,699,0,0.0,0,3934
987,2014-02-26,3,5030.0,773,0,0.0,0,8257
988,2014-02-26,3,3850.0,663,0,0.0,0,3945
989,2014-02-26,3,4622.0,566,0,0.0,0,4705
990,2014-02-26,3,3887.0,393,0,0.0,0,4427
991,2014-02-26,3,5023.0,506,0,0.0,0,3832
992,2014-02-26,3,5699.0,764,0,0.0,0,4253
993,2014-02-26,3,4502.0,530,0,0.0,0,5103
994,2014-02-26,3,3344.0,381,0,0.0,0,2744
995,2014-02-26,3,7144.0,653,0,0.0,0,6481
996,2014-02-26,3,4398.0,532,0,0.0,0,4883
997,2014-02-26,3,3504.0,332,0,0.0,0,3625
998,2014-02-26,3,2846.0,419,0,0.0,0,3574
999,2014-02-26,3,6017.0,476,0,0.0,0,6444
1000,2014-02-26,3,6054.0,624,0,0.0,0,5269
1001,2014-02-26,3,3333.0,448,0,0.0,0,4236
1002,2014-02-26,3,4555.0,561,0,0.0,0,4829
1003,2014-02-26,3,6019.0,732,0,0.0,0,7303
1004,2014-02-26,3,3596.0,344,0,0.0,0,2516
1005,2014-02-26,3,4666.0,729,0,0.0,0,4708
1006,2014-02-26,3,4400.0,677,0,0.0,0,4439
1007,2014-02-26,3,4302.0,632,0,0.0,0,6114
1008,2014-02-26,3,3775.0,568,0,0.0,0,3203
1009,2014-02-26,3,3877.0,433,0,0.0,0,4143
1010,2014-02-26,3,5917.0,619,0,0.0,0,6571
1011,2014-02-26,3,5564.0,791,0,0.0,0,6984
1012,2014-02-26,3,4652.0,449,0,0.0,0,5358
1013,2014-02-26,3,3501.0,445,0,0.0,0,2953
1014,2014-02-26,3,9504.0,1141,0,0.0,0,10052
1015,2014-02-26,3,5106.0,475,0,0.0,0,4347
1016,2014-02-26,3,3897.0,459,0,0.0,0,3042
1017,2014-02-26,3,5740.0,908,0,0.0,0,4943
1018,2014-02-26,3,8475.0,1136,0,0.0,0,9492
1019,2014-02-26,3,5884.0,600,0,0.0,0,6923
1020,2014-02-26,3,6669.0,910,0,0.0,0,7357
1021,2014-02-26,3,6516.0,885,0,0.0,0,9173
1022,2014-02-26,3,5002.0,699,0,0.0,0,7495
1023,2014-02-26,3,4560.0,521,0,0.0,0,5670
1024,2014-02-26,3,4654.0,646,0,0.0,0,4410
1025,2014-02-26,3,6345.0,774,0,0.0,0,5922
1026,2014-02-26,3,8458.0,1125,0,0.0,0,6759
1027,2014-02-26,3,8548.0,1336,0,0.0,0,10334
1028,2014-02-26,3,3318.0,448,0,0.0,0,3211
1029,2014-02-26,3,4233.0,739,0,0.0,0,3532
1030,2014-02-26,3,2107.0,228,0,0.0,0,-124
1031,2014-02-26,3,3617.0,362,0,0.0,0,4349
1032,2014-02-26,3,6272.0,734,0,0.0,0,9048
1033,2014-02-26,3,11025.0,1145,0,0.0,0,10894
1034,2014-02-26,3,4585.0,593,0,0.0,0,4320
1035,2014-02-26,3,3350.0,437,0,0.0,0,4406
1036,2014-02-26,3,4621.0,455,0,0.0,0,3613
1037,2014-02-26,3,5328.0,780,0,0.0,0,4678
1038,2014-02-26,3,3858.0,383,0,0.0,0,2588
1039,2014-02-26,3,7546.0,1034,0,0.0,0,6684
1040,2014-02-26,3,7335.0,893,0,0.0,0,6567
1041,2014-02-26,3,4535.0,586,0,0.0,0,4872
1042,2014-02-26,3,3670.0,486,0,0.0,0,2856
1043,2014-02-26,3,5535.0,861,0,0.0,0,7430
1044,2014-02-26,3,4856.0,714,0,0.0,0,5056
1045,2014-02-26,3,5580.0,724,0,0.0,0,5882
1046,2014-02-26,3,5586.0,492,0,0.0,0,4714
1047,2014-02-26,3,4447.0,539,0,0.0,0,3184
1048,2014-02-26,3,5042.0,421,0,0.0,0,4915
1049,2014-02-26,3,3234.0,608,0,0.0,0,3661
1050,2014-02-26,3,6491.0,503,0,0.0,0,7349
1051,2014-02-26,3,5422.0,920,0,0.0,0,5573
1052,2014-02-26,3,6271.0,756,0,0.0,0,4422
1053,2014-02-26,3,7309.0,894,0,0.0,0,7104
1054,2014-02-26,3,4900.0,555,0,0.0,0,5027
1055,2014-02-26,3,5273.0,804,0,0.0,0,5325
1056,2014-02-26,3,2739.0,303,0,0.0,0,3418
1057,2014-02-26,3,4067.0,490,0,0.0,0,4785
1058,2014-02-26,3,7272.0,804,0,0.0,0,5404
1059,2014-02-26,3,6322.0,973,0,0.0,0,6393
1060,2014-02-26,3,6317.0,831,0,0.0,0,5114
1061,2014-02-26,3,5995.0,517,0,0.0,0,6956
1062,2014-02-26,3,4634.0,484,0,0.0,0,4543
1063,2014-02-26,3,3056.0,448,0,0.0,0,2887
1064,2014-02-26,3,8563.0,1090,0,0.0,0,6551
1065,2014-02-26,3,3730.0,507,0,0.0,0,3709
1066,2014-02-26,3,11315.0,1197,0,0.0,0,9132
1067,2014-02-26,3,4498.0,411,0,0.0,0,4977
1068,2014-02-26,3,3326.0,239,0,0.0,0,2529
1069,2014-02-26,3,5665.0,922,0,0.0,0,4534
1070,2014-02-26,3,5093.0,675,0,0.0,0,5587
1071,2014-02-26,3,5011.0,634,0,0.0,0,6747
1072,2014-02-26,3,6641.0,711,0,0.0,0,4876
1073,2014-02-26,3,5867.0,870,0,0.0,0,4139
1074,2014-02-26,3,3496.0,430,0,0.0,0,3963
1075,2014-02-26,3,9627.0,1030,0,0.0,0,9270
1076,2014-02-26,3,2698.0,482,0,0.0,0,4186
1077,2014-02-26,3,3580.0,450,0,0.0,0,5027
1078,2014-02-26,3,4556.0,415,0,0.0,0,6087
1079,2014-02-26,3,5918.0,560,0,0.0,0,5588
1080,2014-02-26,3,8319.0,733,0,0.0,0,8494
1081,2014-02-26,3,6109.0,1031,0,0.0,0,6863
1082,2014-02-26,3,5412.0,885,0,0.0,0,6878
1083,2014-02-26,3,3821.0,306,0,0.0,0,4559
1084,2014-02-26,3,4218.0,646,0,0.0,0,6108
1085,2014-02-26,3,5459.0,661,0,0.0,0,6493
1086,2014-02-26,3,4711.0,635,0,0.0,0,5371
1087,2014-02-26,3,4542.0,487,0,0.0,0,4181
1088,2014-02-26,3,5789.0,611,0,0.0,0,1095
1089,2014-02-26,3,9350.0,1025,0,0.0,0,3382
1090,2014-02-26,3,5400.0,811,0,0.0,0,3542
1091,2014-02-26,3,5960.0,559,0,0.0,0,6012
1092,2014-02-26,3,10603.0,1102,0,0.0,0,9438
1093,2014-02-26,3,6333.0,710,0,0.0,0,7230
1094,2014-02-26,3,3448.0,330,0,0.0,0,3149
1095,2014-02-26,3,4034.0,609,0,0.0,0,4504
1096,2014-02-26,3,3631.0,535,0,0.0,0,4679
1097,2014-02-26,3,8833.0,2348,0,0.0,0,8610
1098,2014-02-26,3,4062.0,646,0,0.0,0,3267
1099,2014-02-26,3,5460.0,718,0,0.0,0,6552
1100,2014-02-26,3,3637.0,534,0,0.0,0,4479
1101,2014-02-26,3,6639.0,812,0,0.0,0,6956
1102,2014-02-26,3,6643.0,727,0,0.0,0,4628
1103,2014-02-26,3,3582.0,314,0,0.0,0,2316
1104,2014-02-26,3,3787.0,336,0,0.0,0,3059
1105,2014-02-26,3,3142.0,405,0,0.0,0,5056
1106,2014-02-26,3,3976.0,510,0,0.0,0,3929
1107,2014-02-26,3,3860.0,504,0,0.0,0,4977
1108,2014-02-26,3,3836.0,501,0,0.0,0,3911
1109,2014-02-26,3,4372.0,438,0,0.0,0,3599
1110,2014-02-26,3,2505.0,401,0,0.0,0,3757
1111,2014-02-26,3,4516.0,446,0,0.0,0,3836
1112,2014-02-26,3,6613.0,654,0,0.0,0,8469
1113,2014-02-26,3,5022.0,630,0,0.0,0,5635
1114,2014-02-26,3,17170.0,2807,0,0.0,0,18147
1115,2014-02-26,3,4259.0,342,0,0.0,0,2322
1,2014-02-19,3,4935.0,547,1,0.9991015274034142,1,5301
2,2014-02-19,3,6419.0,774,1,0.9991015274034142,1,4857
3,2014-02-19,3,8156.0,812,1,0.9991015274034142,1,6846
4,2014-02-19,3,9010.0,1278,1,0.9991015274034142,1,10264
5,2014-02-19,3,5307.0,603,1,0.9991015274034142,1,3586
6,2014-02-19,3,5552.0,646,1,0.9991015274034142,1,4364
7,2014-02-19,3,7834.0,855,1,0.9991015274034142,1,10277
8,2014-02-19,3,5299.0,631,1,0.9991015274034142,1,6106
9,2014-02-19,3,6526.0,560,1,0.9991015274034142,1,8666
10,2014-02-19,3,5561.0,600,1,0.9991015274034142,1,5653
11,2014-02-19,3,7587.0,1106,1,0.9991015274034142,1,9453
12,2014-02-19,3,7975.0,911,1,0.9991015274034142,1,8530
13,2014-02-19,3,5254.0,377,1,0.9991015274034142,1,4525
14,2014-02-19,3,6511.0,695,1,0.9991015274034142,1,5737
15,2014-02-19,3,6976.0,611,1,0.9991015274034142,1,7539
16,2014-02-19,3,8806.0,982,1,0.9991015274034142,1,7245
17,2014-02-19,3,6823.0,833,1,0.9991015274034142,1,6356
18,2014-02-19,3,6948.0,756,1,0.9991015274034142,1,10137
19,2014-02-19,3,6412.0,652,1,0.9991015274034142,1,8244
20,2014-02-19,3,8108.0,899,1,0.9991015274034142,1,10012
21,2014-02-19,3,5669.0,522,1,0.9991015274034142,1,5467
22,2014-02-19,3,4140.0,446,1,0.9991015274034142,1,6402
23,2014-02-19,3,5731.0,452,1,0.9991015274034142,1,5058
24,2014-02-19,3,9249.0,858,1,0.9991015274034142,1,10714
25,2014-02-19,3,16406.0,2105,1,0.9991015274034142,1,15566
26,2014-02-19,3,6175.0,494,1,0.9991015274034142,1,7367
27,2014-02-19,3,9354.0,997,1,0.9991015274034142,1,10226
28,2014-02-19,3,6141.0,668,1,0.9991015274034142,1,3780
29,2014-02-19,3,6712.0,604,1,0.9991015274034142,1,8169
30,2014-02-19,3,5192.0,825,1,0.9991015274034142,1,5688
31,2014-02-19,3,5859.0,576,1,0.9991015274034142,1,5177
32,2014-02-19,3,4697.0,526,1,0.9991015274034142,1,4876
33,2014-02-19,3,8511.0,809,1,0.9991015274034142,1,9983
34,2014-02-19,3,8188.0,986,1,0.9991015274034142,1,7726
35,2014-02-19,3,9519.0,722,1,0.9991015274034142,1,8153
36,2014-02-19,3,9112.0,1095,1,0.9991015274034142,1,12637
37,2014-02-19,3,5717.0,595,1,0.9991015274034142,1,5988
38,2014-02-19,3,6061.0,566,1,0.9991015274034142,1,6845
39,2014-02-19,3,5653.0,721,1,0.9991015274034142,1,5203
40,2014-02-19,3,4395.0,592,1,0.9991015274034142,1,4649
41,2014-02-19,3,5296.0,383,1,0.9991015274034142,1,5440
42,2014-02-19,3,11478.0,1247,1,0.9991015274034142,1,9968
43,2014-02-19,3,7345.0,627,1,0.9991015274034142,1,8088
44,2014-02-19,3,5921.0,700,1,0.9991015274034142,1,5845
45,2014-02-19,3,5303.0,374,1,0.9991015274034142,1,5244
46,2014-02-19,3,5448.0,651,1,0.9991015274034142,1,4183
47,2014-02-19,3,7603.0,962,1,0.9991015274034142,1,7631
48,2014-02-19,3,3826.0,440,1,0.9991015274034142,1,5041
49,2014-02-19,3,7135.0,474,1,0.9991015274034142,1,8013
50,2014-02-19,3,4282.0,341,1,0.9991015274034142,1,3821
51,2014-02-19,3,5851.0,416,1,0.9991015274034142,1,6413
52,2014-02-19,3,8165.0,539,1,0.9991015274034142,1,9051
53,2014-02-19,3,5281.0,549,1,0.9991015274034142,1,5624
54,2014-02-19,3,8101.0,741,1,0.9991015274034142,1,7948
55,2014-02-19,3,5097.0,595,1,0.9991015274034142,1,4012
56,2014-02-19,3,5332.0,393,1,0.9991015274034142,1,8112
57,2014-02-19,3,10951.0,1046,1,0.9991015274034142,1,11264
58,2014-02-19,3,6073.0,485,1,0.9991015274034142,1,5940
59,2014-02-19,3,5801.0,610,1,0.9991015274034142,1,5159
60,2014-02-19,3,8932.0,811,1,0.9991015274034142,1,8158
61,2014-02-19,3,4944.0,592,1,0.9991015274034142,1,5839
62,2014-02-19,3,7161.0,791,1,0.9991015274034142,1,7447
63,2014-02-19,3,6829.0,609,1,0.9991015274034142,1,8369
64,2014-02-19,3,10463.0,743,1,0.9991015274034142,1,9777
65,2014-02-19,3,5102.0,435,1,0.9991015274034142,1,5064
66,2014-02-19,3,5930.0,477,1,0.9991015274034142,1,5715
67,2014-02-19,3,8936.0,902,1,0.9991015274034142,1,7795
68,2014-02-19,3,6679.0,1048,1,0.9991015274034142,1,7441
69,2014-02-19,3,8926.0,1150,1,0.9991015274034142,1,9339
70,2014-02-19,3,7151.0,683,1,0.9991015274034142,1,6059
71,2014-02-19,3,8585.0,684,1,0.9991015274034142,1,8201
72,2014-02-19,3,4870.0,513,1,0.9991015274034142,1,4988
73,2014-02-19,3,4827.0,527,1,0.9991015274034142,1,5669
74,2014-02-19,3,6664.0,893,1,0.9991015274034142,1,7925
75,2014-02-19,3,5059.0,535,1,0.9991015274034142,1,5395
76,2014-02-19,3,7774.0,834,1,0.9991015274034142,1,10559
77,2014-02-19,3,6527.0,599,1,0.9991015274034142,1,7451
78,2014-02-19,3,3716.0,488,1,0.9991015274034142,1,4210
79,2014-02-19,3,5932.0,617,1,0.9991015274034142,1,5166
80,2014-02-19,3,7006.0,525,1,0.9991015274034142,1,7772
81,2014-02-19,3,5998.0,496,1,0.9991015274034142,1,7831
82,2014-02-19,3,9366.0,865,1,0.9991015274034142,1,10427
83,2014-02-19,3,3836.0,335,1,0.9991015274034142,1,2965
84,2014-02-19,3,13803.0,1479,1,0.9991015274034142,1,14470
85,2014-02-19,3,6238.0,866,1,0.9991015274034142,1,8690
86,2014-02-19,3,5392.0,630,1,0.9991015274034142,1,5711
87,2014-02-19,3,6488.0,817,1,0.9991015274034142,1,6678
88,2014-02-19,3,7034.0,737,1,0.9991015274034142,1,6110
89,2014-02-19,3,6361.0,634,1,0.9991015274034142,1,5490
90,2014-02-19,3,8795.0,1051,1,0.9991015274034142,1,8632
91,2014-02-19,3,6685.0,759,1,0.9991015274034142,1,6733
92,2014-02-19,3,6103.0,537,1,0.9991015274034142,1,6838
93,2014-02-19,3,5946.0,588,1,0.9991015274034142,1,6373
94,2014-02-19,3,7119.0,614,1,0.9991015274034142,1,7764
95,2014-02-19,3,7558.0,801,1,0.9991015274034142,1,9004
96,2014-02-19,3,5887.0,617,1,0.9991015274034142,1,4266
97,2014-02-19,3,6710.0,665,1,0.9991015274034142,1,7711
98,2014-02-19,3,4868.0,416,1,0.9991015274034142,1,5625
99,2014-02-19,3,5707.0,482,1,0.9991015274034142,1,5813
100,2014-02-19,3,6646.0,582,1,0.9991015274034142,1,8131
101,2014-02-19,3,8045.0,767,1,0.9991015274034142,1,7488
102,2014-02-19,3,7764.0,1089,1,0.9991015274034142,1,9692
103,2014-02-19,3,4449.0,424,1,0.9991015274034142,1,3386
104,2014-02-19,3,9662.0,1248,1,0.9991015274034142,1,10112
105,2014-02-19,3,4347.0,544,1,0.9991015274034142,1,6106
106,2014-02-19,3,8946.0,876,1,0.9991015274034142,1,7462
107,2014-02-19,3,7239.0,900,1,0.9991015274034142,1,8001
108,2014-02-19,3,9766.0,757,1,0.9991015274034142,1,11861
109,2014-02-19,3,6369.0,713,1,0.9991015274034142,1,6646
110,2014-02-19,3,4215.0,562,1,0.9991015274034142,1,6289
111,2014-02-19,3,7309.0,589,1,0.9991015274034142,1,7122
112,2014-02-19,3,6362.0,737,1,0.9991015274034142,1,8887
113,2014-02-19,3,8657.0,791,1,0.9991015274034142,1,8523
114,2014-02-19,3,5946.0,621,1,0.9991015274034142,1,5898
115,2014-02-19,3,6342.0,495,1,0.9991015274034142,1,8656
116,2014-02-19,3,7236.0,752,1,0.9991015274034142,1,6672
117,2014-02-19,3,4022.0,506,1,0.9991015274034142,1,2899
118,2014-02-19,3,7812.0,644,1,0.9991015274034142,1,8259
119,2014-02-19,3,6177.0,673,1,0.9991015274034142,1,6576
120,2014-02-19,3,7709.0,655,1,0.9991015274034142,1,7550
121,2014-02-19,3,4146.0,468,1,0.9991015274034142,1,5252
122,2014-02-19,3,5210.0,648,1,0.9991015274034142,1,6610
123,2014-02-19,3,10229.0,1147,1,0.9991015274034142,1,8330
124,2014-02-19,3,3960.0,492,1,0.9991015274034142,1,4910
125,2014-02-19,3,10755.0,1482,1,0.9991015274034142,1,12697
126,2014-02-19,3,6218.0,551,1,0.9991015274034142,1,7120
127,2014-02-19,3,5711.0,674,1,0.9991015274034142,1,6163
128,2014-02-19,3,7874.0,631,1,0.9991015274034142,1,7374
129,2014-02-19,3,8951.0,1059,1,0.9991015274034142,1,11408
130,2014-02-19,3,5638.0,619,1,0.9991015274034142,1,4260
131,2014-02-19,3,5525.0,580,1,0.9991015274034142,1,6435
132,2014-02-19,3,5638.0,544,1,0.9991015274034142,1,4865
133,2014-02-19,3,5853.0,717,1,0.9991015274034142,1,6601
134,2014-02-19,3,4949.0,520,1,0.9991015274034142,1,4813
135,2014-02-19,3,5439.0,488,1,0.9991015274034142,1,6738
136,2014-02-19,3,6966.0,498,1,0.9991015274034142,1,6513
137,2014-02-19,3,6767.0,811,1,0.9991015274034142,1,8008
138,2014-02-19,3,7414.0,710,1,0.9991015274034142,1,7932
139,2014-02-19,3,6681.0,512,1,0.9991015274034142,1,7310
140,2014-02-19,3,7690.0,996,1,0.9991015274034142,1,7290
141,2014-02-19,3,6202.0,635,1,0.9991015274034142,1,5315
142,2014-02-19,3,4934.0,603,1,0.9991015274034142,1,5414
143,2014-02-19,3,6188.0,550,1,0.9991015274034142,1,8069
144,2014-02-19,3,7505.0,665,1,0.9991015274034142,1,8619
145,2014-02-19,3,9071.0,1220,1,0.9991015274034142,1,8187
146,2014-02-19,3,8185.0,681,1,0.9991015274034142,1,7998
147,2014-02-19,3,8403.0,869,1,0.9991015274034142,1,9720
148,2014-02-19,3,8849.0,817,1,0.9991015274034142,1,9460
149,2014-02-19,3,5940.0,478,1,0.9991015274034142,1,6123
150,2014-02-19,3,8638.0,811,1,0.9991015274034142,1,9372
151,2014-02-19,3,6703.0,647,1,0.9991015274034142,1,7368
152,2014-02-19,3,6857.0,739,1,0.9991015274034142,1,6395
153,2014-02-19,3,9960.0,747,1,0.9991015274034142,1,7979
154,2014-02-19,3,8526.0,706,1,0.9991015274034142,1,8303
155,2014-02-19,3,6849.0,620,1,0.9991015274034142,1,6571
156,2014-02-19,3,7684.0,758,1,0.9991015274034142,1,7369
157,2014-02-19,3,10102.0,989,1,0.9991015274034142,1,9531
158,2014-02-19,3,8073.0,521,1,0.9991015274034142,1,6930
159,2014-02-19,3,7670.0,684,1,0.9991015274034142,1,7848
160,2014-02-19,3,6130.0,526,1,0.9991015274034142,1,6005
161,2014-02-19,3,6801.0,797,1,0.9991015274034142,1,9266
162,2014-02-19,3,8072.0,551,1,0.9991015274034142,1,7689
163,2014-02-19,3,6907.0,850,1,0.9991015274034142,1,6306
164,2014-02-19,3,6338.0,666,1,0.9991015274034142,1,6983
165,2014-02-19,3,4280.0,410,1,0.9991015274034142,1,4764
166,2014-02-19,3,5676.0,748,1,0.9991015274034142,1,5585
167,2014-02-19,3,10762.0,1150,1,0.9991015274034142,1,11565
168,2014-02-19,3,8202.0,777,1,0.9991015274034142,1,8685
169,2014-02-19,3,7479.0,694,1,0.9991015274034142,1,7865
170,2014-02-19,3,4921.0,554,1,0.9991015274034142,1,4181
171,2014-02-19,3,8756.0,901,1,0.9991015274034142,1,7995
172,2014-02-19,3,6776.0,817,1,0.9991015274034142,1,7069
173,2014-02-19,3,8239.0,1044,1,0.9991015274034142,1,10549
174,2014-02-19,3,5579.0,445,1,0.9991015274034142,1,7680
175,2014-02-19,3,5286.0,615,1,0.9991015274034142,1,6251
176,2014-02-19,3,5239.0,683,1,0.9991015274034142,1,6026
177,2014-02-19,3,4730.0,576,1,0.9991015274034142,1,4324
178,2014-02-19,3,10101.0,925,1,0.9991015274034142,1,10928
179,2014-02-19,3,7221.0,942,1,0.9991015274034142,1,8121
180,2014-02-19,3,7072.0,821,1,0.9991015274034142,1,7886
181,2014-02-19,3,7671.0,748,1,0.9991015274034142,1,6857
182,2014-02-19,3,5598.0,426,1,0.9991015274034142,1,4827
183,2014-02-19,3,4583.0,548,1,0.9991015274034142,1,4069
184,2014-02-19,3,6905.0,603,1,0.9991015274034142,1,7018
185,2014-02-19,3,7647.0,582,1,0.9991015274034142,1,7927
186,2014-02-19,3,3880.0,399,1,0.9991015274034142,1,2636
187,2014-02-19,3,6104.0,720,1,0.9991015274034142,1,6296
188,2014-02-19,3,5379.0,452,1,0.9991015274034142,1,5248
189,2014-02-19,3,9650.0,859,1,0.9991015274034142,1,9576
190,2014-02-19,3,7600.0,655,1,0.9991015274034142,1,9454
191,2014-02-19,3,5626.0,584,1,0.9991015274034142,1,3574
192,2014-02-19,3,6708.0,488,1,0.9991015274034142,1,8538
193,2014-02-19,3,6985.0,971,1,0.9991015274034142,1,6133
194,2014-02-19,3,4683.0,408,1,0.9991015274034142,1,4527
195,2014-02-19,3,11511.0,1362,1,0.9991015274034142,1,11887
196,2014-02-19,3,4696.0,646,1,0.9991015274034142,1,6495
197,2014-02-19,3,6848.0,841,1,0.9991015274034142,1,6888
198,2014-02-19,3,3442.0,356,1,0.9991015274034142,1,3375
199,2014-02-19,3,8037.0,638,1,0.9991015274034142,1,8751
200,2014-02-19,3,8065.0,1010,1,0.9991015274034142,1,8280
201,2014-02-19,3,4781.0,403,1,0.9991015274034142,1,5675
202,2014-02-19,3,6298.0,487,1,0.9991015274034142,1,8916
203,2014-02-19,3,7730.0,1004,1,0.9991015274034142,1,6748
204,2014-02-19,3,6078.0,560,1,0.9991015274034142,1,4922
205,2014-02-19,3,7019.0,918,1,0.9991015274034142,1,7196
206,2014-02-19,3,6862.0,779,1,0.9991015274034142,1,8717
207,2014-02-19,3,10637.0,1245,1,0.9991015274034142,1,11934
208,2014-02-19,3,2649.0,376,1,0.9991015274034142,1,1033
209,2014-02-19,3,5684.0,546,1,0.9991015274034142,1,6424
210,2014-02-19,3,3234.0,344,1,0.9991015274034142,1,4500
211,2014-02-19,3,12886.0,1511,1,0.9991015274034142,1,14209
212,2014-02-19,3,5134.0,491,1,0.9991015274034142,1,5812
213,2014-02-19,3,9342.0,726,1,0.9991015274034142,1,9440
214,2014-02-19,3,9200.0,650,1,0.9991015274034142,1,10342
215,2014-02-19,3,6679.0,504,1,0.9991015274034142,1,7054
216,2014-02-19,3,7220.0,850,1,0.9991015274034142,1,7878
217,2014-02-19,3,4605.0,641,1,0.9991015274034142,1,3927
218,2014-02-19,3,5745.0,773,1,0.9991015274034142,1,6114
219,2014-02-19,3,3237.0,427,1,0.9991015274034142,1,4505
220,2014-02-19,3,5841.0,749,1,0.9991015274034142,1,5915
221,2014-02-19,3,5311.0,502,1,0.9991015274034142,1,7227
222,2014-02-19,3,5145.0,589,1,0.9991015274034142,1,5083
223,2014-02-19,3,8160.0,812,1,0.9991015274034142,1,8227
224,2014-02-19,3,7129.0,477,1,0.9991015274034142,1,6473
225,2014-02-19,3,4805.0,510,1,0.9991015274034142,1,4210
226,2014-02-19,3,8225.0,786,1,0.9991015274034142,1,7216
227,2014-02-19,3,6340.0,603,1,0.9991015274034142,1,6216
228,2014-02-19,3,7871.0,599,1,0.9991015274034142,1,8319
229,2014-02-19,3,8397.0,705,1,0.9991015274034142,1,9260
230,2014-02-19,3,7097.0,865,1,0.9991015274034142,1,8067
231,2014-02-19,3,4758.0,374,1,0.9991015274034142,1,4365
232,2014-02-19,3,2809.0,275,1,0.9991015274034142,1,3318
233,2014-02-19,3,9523.0,1066,1,0.9991015274034142,1,9573
234,2014-02-19,3,11837.0,1095,1,0.9991015274034142,1,11550
235,2014-02-19,3,7538.0,556,1,0.9991015274034142,1,6414
236,2014-02-19,3,7566.0,923,1,0.9991015274034142,1,7772
237,2014-02-19,3,4230.0,560,1,0.9991015274034142,1,3605
238,2014-02-19,3,8040.0,1136,1,0.9991015274034142,1,7438
239,2014-02-19,3,4406.0,441,1,0.9991015274034142,1,4433
240,2014-02-19,3,5307.0,496,1,0.9991015274034142,1,6171
241,2014-02-19,3,5686.0,671,1,0.9991015274034142,1,6990
242,2014-02-19,3,4261.0,357,1,0.9991015274034142,1,5325
243,2014-02-19,3,7643.0,969,1,0.9991015274034142,1,6623
244,2014-02-19,3,5548.0,512,1,0.9991015274034142,1,6111
245,2014-02-19,3,9771.0,1160,1,0.9991015274034142,1,12086
246,2014-02-19,3,6662.0,889,1,0.9991015274034142,1,7201
247,2014-02-19,3,8631.0,682,1,0.9991015274034142,1,9047
248,2014-02-19,3,7448.0,981,1,0.9991015274034142,1,6136
249,2014-02-19,3,5255.0,519,1,0.9991015274034142,1,4404
250,2014-02-19,3,8878.0,676,1,0.9991015274034142,1,8921
251,2014-02-19,3,18443.0,2374,1,0.9991015274034142,1,19308
252,2014-02-19,3,11362.0,816,1,0.9991015274034142,1,11410
253,2014-02-19,3,6231.0,721,1,0.9991015274034142,1,7184
254,2014-02-19,3,3281.0,272,1,0.9991015274034142,1,3292
255,2014-02-19,3,6524.0,666,1,0.9991015274034142,1,7154
256,2014-02-19,3,9677.0,1265,1,0.9991015274034142,1,10549
257,2014-02-19,3,5317.0,630,1,0.9991015274034142,1,4897
258,2014-02-19,3,4798.0,403,1,0.9991015274034142,1,6011
259,2014-02-19,3,13307.0,2452,1,0.9991015274034142,1,12730
260,2014-02-19,3,6578.0,921,1,0.9991015274034142,1,7801
261,2014-02-19,3,13524.0,914,1,0.9991015274034142,1,12595
262,2014-02-19,3,18667.0,2957,1,0.9991015274034142,1,18049
263,2014-02-19,3,2809.0,322,1,0.9991015274034142,1,5443
264,2014-02-19,3,7664.0,1031,1,0.9991015274034142,1,6421
265,2014-02-19,3,4783.0,517,1,0.9991015274034142,1,4676
266,2014-02-19,3,4464.0,559,1,0.9991015274034142,1,4682
267,2014-02-19,3,8400.0,959,1,0.9991015274034142,1,9425
268,2014-02-19,3,5806.0,687,1,0.9991015274034142,1,4219
269,2014-02-19,3,10715.0,1338,1,0.9991015274034142,1,10444
270,2014-02-19,3,9230.0,1188,1,0.9991015274034142,1,9949
271,2014-02-19,3,9712.0,919,1,0.9991015274034142,1,8011
272,2014-02-19,3,7160.0,684,1,0.9991015274034142,1,6100
273,2014-02-19,3,7237.0,711,1,0.9991015274034142,1,7139
274,2014-02-19,3,3358.0,883,1,0.9991015274034142,1,5079
275,2014-02-19,3,7806.0,789,1,0.9991015274034142,1,9694
276,2014-02-19,3,4460.0,527,1,0.9991015274034142,1,6432
277,2014-02-19,3,6620.0,500,1,0.9991015274034142,1,6649
278,2014-02-19,3,6755.0,743,1,0.9991015274034142,1,7179
279,2014-02-19,3,9005.0,656,1,0.9991015274034142,1,9611
280,2014-02-19,3,5818.0,465,1,0.9991015274034142,1,7332
281,2014-02-19,3,6169.0,530,1,0.9991015274034142,1,6760
282,2014-02-19,3,4901.0,720,1,0.9991015274034142,1,4652
283,2014-02-19,3,6254.0,654,1,0.9991015274034142,1,7785
284,2014-02-19,3,6202.0,460,1,0.9991015274034142,1,4596
285,2014-02-19,3,5637.0,496,1,0.9991015274034142,1,5395
286,2014-02-19,3,5460.0,437,1,0.9991015274034142,1,4383
287,2014-02-19,3,7320.0,749,1,0.9991015274034142,1,8525
288,2014-02-19,3,5327.0,381,1,0.9991015274034142,1,5817
289,2014-02-19,3,7062.0,568,1,0.9991015274034142,1,5551
290,2014-02-19,3,6807.0,693,1,0.9991015274034142,1,6948
291,2014-02-19,3,8403.0,855,1,0.9991015274034142,1,7314
292,2014-02-19,3,6153.0,754,1,0.9991015274034142,1,6001
293,2014-02-19,3,6508.0,837,1,0.9991015274034142,1,6766
294,2014-02-19,3,6879.0,930,1,0.9991015274034142,1,6866
295,2014-02-19,3,5573.0,699,1,0.9991015274034142,1,4719
296,2014-02-19,3,7871.0,803,1,0.9991015274034142,1,8173
297,2014-02-19,3,7721.0,773,1,0.9991015274034142,1,6722
298,2014-02-19,3,7750.0,603,1,0.9991015274034142,1,8029
299,2014-02-19,3,4323.0,506,1,0.9991015274034142,1,4388
300,2014-02-19,3,7087.0,871,1,0.9991015274034142,1,7893
301,2014-02-19,3,5447.0,574,1,0.9991015274034142,1,5735
302,2014-02-19,3,3767.0,316,1,0.9991015274034142,1,3444
303,2014-02-19,3,6039.0,662,1,0.9991015274034142,1,7741
304,2014-02-19,3,7562.0,1083,1,0.9991015274034142,1,7367
305,2014-02-19,3,6209.0,530,1,0.9991015274034142,1,5455
306,2014-02-19,3,3853.0,418,1,0.9991015274034142,1,3702
307,2014-02-19,3,2930.0,294,1,0.9991015274034142,1,1918
308,2014-02-19,3,9654.0,926,1,0.9991015274034142,1,10281
309,2014-02-19,3,7841.0,584,1,0.9991015274034142,1,7163
310,2014-02-19,3,8257.0,693,1,0.9991015274034142,1,8494
311,2014-02-19,3,7162.0,942,1,0.9991015274034142,1,6475
312,2014-02-19,3,6001.0,528,1,0.9991015274034142,1,6501
313,2014-02-19,3,6929.0,642,1,0.9991015274034142,1,6561
314,2014-02-19,3,5772.0,603,1,0.9991015274034142,1,5075
315,2014-02-19,3,4279.0,464,1,0.9991015274034142,1,4761
316,2014-02-19,3,10072.0,834,1,0.9991015274034142,1,10060
317,2014-02-19,3,4934.0,544,1,0.9991015274034142,1,3960
318,2014-02-19,3,8249.0,659,1,0.9991015274034142,1,8650
319,2014-02-19,3,8112.0,791,1,0.9991015274034142,1,8080
320,2014-02-19,3,13044.0,1889,1,0.9991015274034142,1,12905
321,2014-02-19,3,5413.0,517,1,0.9991015274034142,1,5563
322,2014-02-19,3,5530.0,565,1,0.9991015274034142,1,5258
323,2014-02-19,3,6966.0,591,1,0.9991015274034142,1,8156
324,2014-02-19,3,6204.0,753,1,0.9991015274034142,1,6035
325,2014-02-19,3,7088.0,656,1,0.9991015274034142,1,6316
326,2014-02-19,3,4321.0,373,1,0.9991015274034142,1,5267
327,2014-02-19,3,7424.0,907,1,0.9991015274034142,1,8405
328,2014-02-19,3,4525.0,543,1,0.9991015274034142,1,3119
329,2014-02-19,3,7553.0,645,1,0.9991015274034142,1,8543
330,2014-02-19,3,4234.0,445,1,0.9991015274034142,1,4996
331,2014-02-19,3,7575.0,989,1,0.9991015274034142,1,6970
332,2014-02-19,3,4331.0,577,1,0.9991015274034142,1,3513
333,2014-02-19,3,9363.0,1244,1,0.9991015274034142,1,9410
334,2014-02-19,3,4914.0,523,1,0.9991015274034142,1,8383
335,2014-02-19,3,17227.0,3075,1,0.9991015274034142,1,15448
336,2014-02-19,3,16116.0,2153,1,0.9991015274034142,1,15667
337,2014-02-19,3,5246.0,365,1,0.9991015274034142,1,5732
338,2014-02-19,3,8164.0,625,1,0.9991015274034142,1,7686
339,2014-02-19,3,5368.0,659,1,0.9991015274034142,1,5066
340,2014-02-19,3,6537.0,703,1,0.9991015274034142,1,7561
341,2014-02-19,3,5722.0,768,1,0.9991015274034142,1,4650
342,2014-02-19,3,9534.0,734,1,0.9991015274034142,1,10718
343,2014-02-19,3,7047.0,651,1,0.9991015274034142,1,7526
344,2014-02-19,3,8596.0,1170,1,0.9991015274034142,1,10380
345,2014-02-19,3,4693.0,494,1,0.9991015274034142,1,3380
346,2014-02-19,3,7796.0,650,1,0.9991015274034142,1,7060
347,2014-02-19,3,4455.0,372,1,0.9991015274034142,1,4593
348,2014-02-19,3,8936.0,703,1,0.9991015274034142,1,9892
349,2014-02-19,3,7315.0,780,1,0.9991015274034142,1,8332
350,2014-02-19,3,6734.0,481,1,0.9991015274034142,1,6805
351,2014-02-19,3,5747.0,473,1,0.9991015274034142,1,6068
352,2014-02-19,3,6246.0,591,1,0.9991015274034142,1,7940
353,2014-02-19,3,5310.0,1459,1,0.9991015274034142,1,5978
354,2014-02-19,3,7949.0,677,1,0.9991015274034142,1,7597
355,2014-02-19,3,8199.0,979,1,0.9991015274034142,1,8871
356,2014-02-19,3,6098.0,434,1,0.9991015274034142,1,4924
357,2014-02-19,3,7675.0,1017,1,0.9991015274034142,1,8305
358,2014-02-19,3,10052.0,1117,1,0.9991015274034142,1,10440
359,2014-02-19,3,6718.0,568,1,0.9991015274034142,1,6422
360,2014-02-19,3,7169.0,785,1,0.9991015274034142,1,7471
361,2014-02-19,3,6144.0,618,1,0.9991015274034142,1,7381
362,2014-02-19,3,9335.0,1125,1,0.9991015274034142,1,9807
363,2014-02-19,3,6856.0,887,1,0.9991015274034142,1,8941
364,2014-02-19,3,4178.0,571,1,0.9991015274034142,1,3678
365,2014-02-19,3,6200.0,607,1,0.9991015274034142,1,4422
366,2014-02-19,3,6887.0,633,1,0.9991015274034142,1,5634
367,2014-02-19,3,5803.0,562,1,0.9991015274034142,1,5791
368,2014-02-19,3,11168.0,794,1,0.9991015274034142,1,10644
369,2014-02-19,3,6354.0,542,1,0.9991015274034142,1,8228
370,2014-02-19,3,7341.0,576,1,0.9991015274034142,1,9095
371,2014-02-19,3,7146.0,544,1,0.9991015274034142,1,7748
372,2014-02-19,3,8375.0,734,1,0.9991015274034142,1,9917
373,2014-02-19,3,4398.0,314,1,0.9991015274034142,1,4965
374,2014-02-19,3,7490.0,890,1,0.9991015274034142,1,7512
375,2014-02-19,3,10089.0,764,1,0.9991015274034142,1,9204
376,2014-02-19,3,8111.0,920,1,0.9991015274034142,1,8087
377,2014-02-19,3,7184.0,860,1,0.9991015274034142,1,8469
378,2014-02-19,3,5972.0,899,1,0.9991015274034142,1,6192
379,2014-02-19,3,3806.0,444,1,0.9991015274034142,1,4191
380,2014-02-19,3,14721.0,1438,1,0.9991015274034142,1,13861
381,2014-02-19,3,9706.0,1074,1,0.9991015274034142,1,10184
382,2014-02-19,3,8283.0,646,1,0.9991015274034142,1,6346
383,2014-02-19,3,17861.0,2264,1,0.9991015274034142,1,15531
384,2014-02-19,3,9002.0,1008,1,0.9991015274034142,1,8331
385,2014-02-19,3,8413.0,721,1,0.9991015274034142,1,8242
386,2014-02-19,3,9920.0,711,1,0.9991015274034142,1,9715
387,2014-02-19,3,10984.0,1260,1,0.9991015274034142,1,9700
388,2014-02-19,3,10844.0,1130,1,0.9991015274034142,1,11112
389,2014-02-19,3,11711.0,1340,1,0.9991015274034142,1,11359
390,2014-02-19,3,13931.0,1236,1,0.9991015274034142,1,15468
391,2014-02-19,3,5871.0,699,1,0.9991015274034142,1,7048
392,2014-02-19,3,8017.0,748,1,0.9991015274034142,1,7051
393,2014-02-19,3,6106.0,624,1,0.9991015274034142,1,6939
394,2014-02-19,3,7981.0,603,1,0.9991015274034142,1,9389
395,2014-02-19,3,3789.0,536,1,0.9991015274034142,1,4046
396,2014-02-19,3,10147.0,1089,1,0.9991015274034142,1,10477
397,2014-02-19,3,5245.0,712,1,0.9991015274034142,1,6529
398,2014-02-19,3,5705.0,601,1,0.9991015274034142,1,7625
399,2014-02-19,3,5171.0,524,1,0.9991015274034142,1,7260
400,2014-02-19,3,9683.0,1313,1,0.9991015274034142,1,9664
401,2014-02-19,3,7309.0,645,1,0.9991015274034142,1,7790
402,2014-02-19,3,5569.0,545,1,0.9991015274034142,1,6659
403,2014-02-19,3,7752.0,748,1,0.9991015274034142,1,8080
404,2014-02-19,3,5513.0,619,1,0.9991015274034142,1,5427
405,2014-02-19,3,4832.0,522,1,0.9991015274034142,1,4570
406,2014-02-19,3,5754.0,447,1,0.9991015274034142,1,6371
407,2014-02-19,3,3833.0,302,1,0.9991015274034142,1,3921
408,2014-02-19,3,5041.0,452,1,0.9991015274034142,1,4752
409,2014-02-19,3,5734.0,589,1,0.9991015274034142,1,5849
410,2014-02-19,3,7372.0,878,1,0.9991015274034142,1,5977
411,2014-02-19,3,8517.0,663,1,0.9991015274034142,1,9114
412,2014-02-19,3,8281.0,584,1,0.9991015274034142,1,9268
413,2014-02-19,3,6893.0,887,1,0.9991015274034142,1,6221
414,2014-02-19,3,5854.0,430,1,0.9991015274034142,1,6303
415,2014-02-19,3,5659.0,463,1,0.9991015274034142,1,5847
416,2014-02-19,3,10580.0,1341,1,0.9991015274034142,1,11506
417,2014-02-19,3,7849.0,884,1,0.9991015274034142,1,8353
418,2014-02-19,3,5634.0,567,1,0.9991015274034142,1,4789
419,2014-02-19,3,5754.0,904,1,0.9991015274034142,1,6566
420,2014-02-19,3,4115.0,373,1,0.9991015274034142,1,4579
421,2014-02-19,3,7789.0,816,1,0.9991015274034142,1,10127
422,2014-02-19,3,4571.0,471,1,0.9991015274034142,1,3627
423,2014-02-19,3,9416.0,1651,1,0.9991015274034142,1,9474
424,2014-02-19,3,5784.0,716,1,0.9991015274034142,1,7932
425,2014-02-19,3,3264.0,436,1,0.9991015274034142,1,4290
426,2014-02-19,3,5872.0,709,1,0.9991015274034142,1,5713
427,2014-02-19,3,7893.0,787,1,0.9991015274034142,1,7105
428,2014-02-19,3,5893.0,488,1,0.9991015274034142,1,6979
429,2014-02-19,3,5467.0,390,1,0.9991015274034142,1,6221
430,2014-02-19,3,8829.0,679,1,0.9991015274034142,1,8216
431,2014-02-19,3,9572.0,962,1,0.9991015274034142,1,9380
432,2014-02-19,3,11643.0,1559,1,0.9991015274034142,1,10344
433,2014-02-19,3,4621.0,570,1,0.9991015274034142,1,5903
434,2014-02-19,3,8562.0,619,1,0.9991015274034142,1,10967
435,2014-02-19,3,3946.0,460,1,0.9991015274034142,1,4799
436,2014-02-19,3,6072.0,641,1,0.9991015274034142,1,7939
437,2014-02-19,3,7984.0,748,1,0.9991015274034142,1,6938
438,2014-02-19,3,5148.0,554,1,0.9991015274034142,1,5965
439,2014-02-19,3,7280.0,904,1,0.9991015274034142,1,7936
440,2014-02-19,3,5111.0,576,1,0.9991015274034142,1,5181
441,2014-02-19,3,6432.0,665,1,0.9991015274034142,1,7293
442,2014-02-19,3,4265.0,446,1,0.9991015274034142,1,5256
443,2014-02-19,3,5618.0,483,1,0.9991015274034142,1,4996
444,2014-02-19,3,11404.0,1382,1,0.9991015274034142,1,12222
445,2014-02-19,3,8647.0,1239,1,0.9991015274034142,1,6321
446,2014-02-19,3,5454.0,681,1,0.9991015274034142,1,5195
447,2014-02-19,3,5229.0,625,1,0.9991015274034142,1,5499
448,2014-02-19,3,9260.0,790,1,0.9991015274034142,1,9523
449,2014-02-19,3,11810.0,1631,1,0.9991015274034142,1,11900
450,2014-02-19,3,7527.0,911,1,0.9991015274034142,1,10253
451,2014-02-19,3,5449.0,481,1,0.9991015274034142,1,4539
452,2014-02-19,3,4738.0,408,1,0.9991015274034142,1,5404
453,2014-02-19,3,6361.0,721,1,0.9991015274034142,1,5385
454,2014-02-19,3,7479.0,922,1,0.9991015274034142,1,6677
455,2014-02-19,3,7355.0,468,1,0.9991015274034142,1,7763
456,2014-02-19,3,6249.0,815,1,0.9991015274034142,1,7198
457,2014-02-19,3,4752.0,383,1,0.9991015274034142,1,3183
458,2014-02-19,3,6512.0,619,1,0.9991015274034142,1,7760
459,2014-02-19,3,9019.0,1082,1,0.9991015274034142,1,10002
460,2014-02-19,3,4253.0,335,1,0.9991015274034142,1,5345
461,2014-02-19,3,5161.0,469,1,0.9991015274034142,1,6067
462,2014-02-19,3,4679.0,606,1,0.9991015274034142,1,6086
463,2014-02-19,3,6197.0,987,1,0.9991015274034142,1,7602
464,2014-02-19,3,8761.0,1084,1,0.9991015274034142,1,11673
465,2014-02-19,3,8077.0,630,1,0.9991015274034142,1,7989
466,2014-02-19,3,8620.0,828,1,0.9991015274034142,1,7523
467,2014-02-19,3,13150.0,1579,1,0.9991015274034142,1,13381
468,2014-02-19,3,6666.0,729,1,0.9991015274034142,1,9516
469,2014-02-19,3,11206.0,1478,1,0.9991015274034142,1,10385
470,2014-02-19,3,12368.0,1628,1,0.9991015274034142,1,13332
471,2014-02-19,3,7680.0,574,1,0.9991015274034142,1,7185
472,2014-02-19,3,5289.0,726,1,0.9991015274034142,1,7667
473,2014-02-19,3,3461.0,505,1,0.9991015274034142,1,4601
474,2014-02-19,3,8592.0,838,1,0.9991015274034142,1,8643
475,2014-02-19,3,6867.0,974,1,0.9991015274034142,1,7178
476,2014-02-19,3,6341.0,685,1,0.9991015274034142,1,6524
477,2014-02-19,3,5757.0,389,1,0.9991015274034142,1,6825
478,2014-02-19,3,7046.0,727,1,0.9991015274034142,1,9214
479,2014-02-19,3,11153.0,1252,1,0.9991015274034142,1,12723
480,2014-02-19,3,5998.0,718,1,0.9991015274034142,1,6245
481,2014-02-19,3,5847.0,502,1,0.9991015274034142,1,6006
482,2014-02-19,3,7340.0,792,1,0.9991015274034142,1,8000
483,2014-02-19,3,5206.0,641,1,0.9991015274034142,1,3608
484,2014-02-19,3,7025.0,666,1,0.9991015274034142,1,7167
485,2014-02-19,3,5333.0,442,1,0.9991015274034142,1,5278
486,2014-02-19,3,5140.0,541,1,0.9991015274034142,1,5162
487,2014-02-19,3,7499.0,662,1,0.9991015274034142,1,6943
488,2014-02-19,3,3721.0,373,1,0.9991015274034142,1,2440
489,2014-02-19,3,8640.0,703,1,0.9991015274034142,1,7454
490,2014-02-19,3,8038.0,1045,1,0.9991015274034142,1,9274
491,2014-02-19,3,6885.0,514,1,0.9991015274034142,1,5601
492,2014-02-19,3,7414.0,1070,1,0.9991015274034142,1,7811
493,2014-02-19,3,9024.0,844,1,0.9991015274034142,1,10222
494,2014-02-19,3,8205.0,1178,1,0.9991015274034142,1,7811
495,2014-02-19,3,5781.0,431,1,0.9991015274034142,1,4704
496,2014-02-19,3,7738.0,801,1,0.9991015274034142,1,8499
497,2014-02-19,3,9161.0,1155,1,0.9991015274034142,1,9047
498,2014-02-19,3,6298.0,814,1,0.9991015274034142,1,8220
499,2014-02-19,3,4909.0,681,1,0.9991015274034142,1,3952
500,2014-02-19,3,5139.0,369,1,0.9991015274034142,1,7738
501,2014-02-19,3,6522.0,689,1,0.9991015274034142,1,6553
502,2014-02-19,3,10798.0,1471,1,0.9991015274034142,1,11220
503,2014-02-19,3,6953.0,430,1,0.9991015274034142,1,9012
504,2014-02-19,3,6027.0,914,1,0.9991015274034142,1,5993
505,2014-02-19,3,5250.0,635,1,0.9991015274034142,1,6078
506,2014-02-19,3,8842.0,1002,1,0.9991015274034142,1,8855
507,2014-02-19,3,8768.0,638,1,0.9991015274034142,1,8316
508,2014-02-19,3,6779.0,673,1,0.9991015274034142,1,6463
509,2014-02-19,3,6517.0,526,1,0.9991015274034142,1,6766
510,2014-02-19,3,9017.0,886,1,0.9991015274034142,1,7821
511,2014-02-19,3,5937.0,801,1,0.9991015274034142,1,5966
512,2014-02-19,3,5209.0,1307,1,0.9991015274034142,1,5922
513,2014-02-19,3,17565.0,1997,1,0.9991015274034142,1,18256
514,2014-02-19,3,6129.0,660,1,0.9991015274034142,1,6429
515,2014-02-19,3,8877.0,682,1,0.9991015274034142,1,7030
516,2014-02-19,3,6031.0,794,1,0.9991015274034142,1,5754
517,2014-02-19,3,8822.0,788,1,0.9991015274034142,1,7472
518,2014-02-19,3,5931.0,500,1,0.9991015274034142,1,5059
519,2014-02-19,3,4647.0,464,1,0.9991015274034142,1,6131
520,2014-02-19,3,3736.0,366,1,0.9991015274034142,1,3408
521,2014-02-19,3,5082.0,396,1,0.9991015274034142,1,5883
522,2014-02-19,3,8945.0,614,1,0.9991015274034142,1,9143
523,2014-02-19,3,12730.0,1504,1,0.9991015274034142,1,14553
524,2014-02-19,3,8360.0,838,1,0.9991015274034142,1,8739
525,2014-02-19,3,9500.0,823,1,0.9991015274034142,1,9418
526,2014-02-19,3,12740.0,1568,1,0.9991015274034142,1,10569
527,2014-02-19,3,9860.0,912,1,0.9991015274034142,1,11064
528,2014-02-19,3,11573.0,926,1,0.9991015274034142,1,11409
529,2014-02-19,3,7798.0,723,1,0.9991015274034142,1,7628
530,2014-02-19,3,2703.0,357,1,0.9991015274034142,1,4496
531,2014-02-19,3,4577.0,579,1,0.9991015274034142,1,4726
532,2014-02-19,3,11338.0,1295,1,0.9991015274034142,1,12572
533,2014-02-19,3,9033.0,905,1,0.9991015274034142,1,9768
534,2014-02-19,3,7470.0,566,1,0.9991015274034142,1,7704
535,2014-02-19,3,8233.0,930,1,0.9991015274034142,1,9576
536,2014-02-19,3,7969.0,876,1,0.9991015274034142,1,7884
537,2014-02-19,3,5567.0,614,1,0.9991015274034142,1,7785
538,2014-02-19,3,3613.0,548,1,0.9991015274034142,1,2298
539,2014-02-19,3,9941.0,1043,1,0.9991015274034142,1,11939
540,2014-02-19,3,5220.0,378,1,0.9991015274034142,1,5387
541,2014-02-19,3,6346.0,846,1,0.9991015274034142,1,7458
542,2014-02-19,3,6294.0,538,1,0.9991015274034142,1,6476
543,2014-02-19,3,3994.0,323,1,0.9991015274034142,1,4123
544,2014-02-19,3,15146.0,1850,1,0.9991015274034142,1,14409
545,2014-02-19,3,11872.0,1154,1,0.9991015274034142,1,10358
546,2014-02-19,3,13908.0,1562,1,0.9991015274034142,1,13596
547,2014-02-19,3,6190.0,426,1,0.9991015274034142,1,3782
548,2014-02-19,3,5282.0,412,1,0.9991015274034142,1,6182
549,2014-02-19,3,4778.0,553,1,0.9991015274034142,1,5506
550,2014-02-19,3,5806.0,474,1,0.9991015274034142,1,6502
551,2014-02-19,3,6114.0,971,1,0.9991015274034142,1,8985
552,2014-02-19,3,9903.0,789,1,0.9991015274034142,1,8385
553,2014-02-19,3,6089.0,520,1,0.9991015274034142,1,7550
554,2014-02-19,3,4261.0,518,1,0.9991015274034142,1,3857
555,2014-02-19,3,4755.0,421,1,0.9991015274034142,1,5320
556,2014-02-19,3,7148.0,843,1,0.9991015274034142,1,7764
557,2014-02-19,3,5180.0,785,1,0.9991015274034142,1,4450
558,2014-02-19,3,3164.0,439,1,0.9991015274034142,1,3617
559,2014-02-19,3,6012.0,775,1,0.9991015274034142,1,5952
560,2014-02-19,3,13576.0,1555,1,0.9991015274034142,1,15199
561,2014-02-19,3,7143.0,684,1,0.9991015274034142,1,8103
562,2014-02-19,3,19137.0,3151,1,0.9991015274034142,1,20814
563,2014-02-19,3,5598.0,702,1,0.9991015274034142,1,6401
564,2014-02-19,3,5147.0,439,1,0.9991015274034142,1,5174
565,2014-02-19,3,7739.0,918,1,0.9991015274034142,1,8296
566,2014-02-19,3,4925.0,526,1,0.9991015274034142,1,5880
567,2014-02-19,3,5953.0,705,1,0.9991015274034142,1,6571
568,2014-02-19,3,4398.0,376,1,0.9991015274034142,1,6185
569,2014-02-19,3,5034.0,727,1,0.9991015274034142,1,6058
570,2014-02-19,3,5302.0,721,1,0.9991015274034142,1,3318
571,2014-02-19,3,6407.0,462,1,0.9991015274034142,1,7806
572,2014-02-19,3,7255.0,584,1,0.9991015274034142,1,10233
573,2014-02-19,3,4181.0,334,1,0.9991015274034142,1,4650
574,2014-02-19,3,8995.0,655,1,0.9991015274034142,1,9148
575,2014-02-19,3,6606.0,614,1,0.9991015274034142,1,4211
576,2014-02-19,3,7070.0,936,1,0.9991015274034142,1,7348
577,2014-02-19,3,4976.0,614,1,0.9991015274034142,1,7907
578,2014-02-19,3,7132.0,611,1,0.9991015274034142,1,7458
579,2014-02-19,3,8370.0,874,1,0.9991015274034142,1,8421
580,2014-02-19,3,9182.0,1386,1,0.9991015274034142,1,13390
581,2014-02-19,3,5924.0,635,1,0.9991015274034142,1,6415
582,2014-02-19,3,7395.0,898,1,0.9991015274034142,1,8458
583,2014-02-19,3,4659.0,450,1,0.9991015274034142,1,4670
584,2014-02-19,3,5211.0,433,1,0.9991015274034142,1,6754
585,2014-02-19,3,6634.0,935,1,0.9991015274034142,1,8096
586,2014-02-19,3,15995.0,2335,1,0.9991015274034142,1,16024
587,2014-02-19,3,8370.0,598,1,0.9991015274034142,1,10049
588,2014-02-19,3,5524.0,630,1,0.9991015274034142,1,4921
589,2014-02-19,3,5978.0,570,1,0.9991015274034142,1,5678
590,2014-02-19,3,4817.0,346,1,0.9991015274034142,1,7231
591,2014-02-19,3,5869.0,493,1,0.9991015274034142,1,6585
592,2014-02-19,3,4420.0,552,1,0.9991015274034142,1,6464
593,2014-02-19,3,8380.0,1073,1,0.9991015274034142,1,9846
594,2014-02-19,3,4815.0,512,1,0.9991015274034142,1,5248
595,2014-02-19,3,13959.0,1649,1,0.9991015274034142,1,15772
596,2014-02-19,3,4210.0,618,1,0.9991015274034142,1,4041
597,2014-02-19,3,4909.0,668,1,0.9991015274034142,1,5919
598,2014-02-19,3,5468.0,750,1,0.9991015274034142,1,4955
599,2014-02-19,3,8747.0,791,1,0.9991015274034142,1,9091
600,2014-02-19,3,7072.0,583,1,0.9991015274034142,1,7316
601,2014-02-19,3,4671.0,382,1,0.9991015274034142,1,4709
602,2014-02-19,3,6820.0,661,1,0.9991015274034142,1,6466
603,2014-02-19,3,8038.0,1054,1,0.9991015274034142,1,7355
604,2014-02-19,3,8031.0,552,1,0.9991015274034142,1,7601
605,2014-02-19,3,7728.0,513,1,0.9991015274034142,1,6585
606,2014-02-19,3,6302.0,651,1,0.9991015274034142,1,6890
607,2014-02-19,3,4311.0,427,1,0.9991015274034142,1,4520
608,2014-02-19,3,9754.0,941,1,0.9991015274034142,1,9605
609,2014-02-19,3,4602.0,523,1,0.9991015274034142,1,3028
610,2014-02-19,3,4388.0,526,1,0.9991015274034142,1,4401
611,2014-02-19,3,5522.0,464,1,0.9991015274034142,1,6251
612,2014-02-19,3,6900.0,405,1,0.9991015274034142,1,6711
613,2014-02-19,3,6728.0,1017,1,0.9991015274034142,1,6683
614,2014-02-19,3,6682.0,862,1,0.9991015274034142,1,6262
615,2014-02-19,3,9998.0,1183,1,0.9991015274034142,1,10843
616,2014-02-19,3,9357.0,855,1,0.9991015274034142,1,9101
617,2014-02-19,3,6211.0,566,1,0.9991015274034142,1,6663
618,2014-02-19,3,6398.0,511,1,0.9991015274034142,1,7512
619,2014-02-19,3,5286.0,503,1,0.9991015274034142,1,5251
620,2014-02-19,3,7647.0,674,1,0.9991015274034142,1,7531
621,2014-02-19,3,6171.0,848,1,0.9991015274034142,1,7369
622,2014-02-19,3,4354.0,440,1,0.9991015274034142,1,5220
623,2014-02-19,3,7059.0,820,1,0.9991015274034142,1,5638
624,2014-02-19,3,7116.0,651,1,0.9991015274034142,1,6892
625,2014-02-19,3,7080.0,634,1,0.9991015274034142,1,7392
626,2014-02-19,3,9865.0,786,1,0.9991015274034142,1,9334
627,2014-02-19,3,6810.0,639,1,0.9991015274034142,1,7322
628,2014-02-19,3,6274.0,772,1,0.9991015274034142,1,6872
629,2014-02-19,3,6835.0,632,1,0.9991015274034142,1,8779
630,2014-02-19,3,7564.0,815,1,0.9991015274034142,1,7497
631,2014-02-19,3,5431.0,605,1,0.9991015274034142,1,5129
632,2014-02-19,3,6612.0,839,1,0.9991015274034142,1,7373
633,2014-02-19,3,5608.0,446,1,0.9991015274034142,1,8378
634,2014-02-19,3,7144.0,660,1,0.9991015274034142,1,6830
635,2014-02-19,3,6436.0,597,1,0.9991015274034142,1,6191
636,2014-02-19,3,6727.0,786,1,0.9991015274034142,1,5702
637,2014-02-19,3,8696.0,679,1,0.9991015274034142,1,7761
638,2014-02-19,3,6030.0,486,1,0.9991015274034142,1,6049
639,2014-02-19,3,5648.0,562,1,0.9991015274034142,1,5341
640,2014-02-19,3,11898.0,843,1,0.9991015274034142,1,10662
641,2014-02-19,3,6345.0,559,1,0.9991015274034142,1,6544
642,2014-02-19,3,4245.0,550,1,0.9991015274034142,1,5278
643,2014-02-19,3,6958.0,873,1,0.9991015274034142,1,8489
644,2014-02-19,3,7934.0,857,1,0.9991015274034142,1,11160
645,2014-02-19,3,11075.0,1335,1,0.9991015274034142,1,11278
646,2014-02-19,3,4880.0,658,1,0.9991015274034142,1,5316
647,2014-02-19,3,5522.0,676,1,0.9991015274034142,1,8139
648,2014-02-19,3,6084.0,546,1,0.9991015274034142,1,6997
649,2014-02-19,3,4221.0,432,1,0.9991015274034142,1,2239
650,2014-02-19,3,6226.0,608,1,0.9991015274034142,1,6572
651,2014-02-19,3,7824.0,911,1,0.9991015274034142,1,8711
652,2014-02-19,3,6636.0,630,1,0.9991015274034142,1,8553
653,2014-02-19,3,6338.0,511,1,0.9991015274034142,1,6189
654,2014-02-19,3,7077.0,705,1,0.9991015274034142,1,6607
655,2014-02-19,3,6750.0,600,1,0.9991015274034142,1,9255
656,2014-02-19,3,3308.0,395,1,0.9991015274034142,1,3248
657,2014-02-19,3,5756.0,757,1,0.9991015274034142,1,5527
658,2014-02-19,3,6758.0,641,1,0.9991015274034142,1,6326
659,2014-02-19,3,6670.0,758,1,0.9991015274034142,1,5306
660,2014-02-19,3,4857.0,533,1,0.9991015274034142,1,5057
661,2014-02-19,3,7542.0,614,1,0.9991015274034142,1,7830
662,2014-02-19,3,9084.0,782,1,0.9991015274034142,1,8732
663,2014-02-19,3,4896.0,634,1,0.9991015274034142,1,3480
664,2014-02-19,3,4752.0,630,1,0.9991015274034142,1,4125
665,2014-02-19,3,9106.0,1327,1,0.9991015274034142,1,8602
666,2014-02-19,3,7006.0,644,1,0.9991015274034142,1,7927
667,2014-02-19,3,9594.0,757,1,0.9991015274034142,1,8802
668,2014-02-19,3,8990.0,1134,1,0.9991015274034142,1,10387
669,2014-02-19,3,4140.0,353,1,0.9991015274034142,1,4480
670,2014-02-19,3,7104.0,698,1,0.9991015274034142,1,7129
671,2014-02-19,3,5988.0,610,1,0.9991015274034142,1,6352
672,2014-02-19,3,8158.0,1349,1,0.9991015274034142,1,9398
673,2014-02-19,3,7069.0,575,1,0.9991015274034142,1,6710
674,2014-02-19,3,9070.0,1144,1,0.9991015274034142,1,8488
675,2014-02-19,3,4287.0,437,1,0.9991015274034142,1,4497
676,2014-02-19,3,7079.0,1652,1,0.9991015274034142,1,8073
677,2014-02-19,3,8852.0,650,1,0.9991015274034142,1,7159
678,2014-02-19,3,7452.0,885,1,0.9991015274034142,1,7073
679,2014-02-19,3,10621.0,1142,1,0.9991015274034142,1,10465
680,2014-02-19,3,4704.0,712,1,0.9991015274034142,1,5613
681,2014-02-19,3,3602.0,462,1,0.9991015274034142,1,4441
682,2014-02-19,3,12949.0,1947,1,0.9991015274034142,1,15154
683,2014-02-19,3,8813.0,855,1,0.9991015274034142,1,9565
684,2014-02-19,3,7414.0,564,1,0.9991015274034142,1,7668
685,2014-02-19,3,6671.0,579,1,0.9991015274034142,1,8038
686,2014-02-19,3,6619.0,791,1,0.9991015274034142,1,8310
687,2014-02-19,3,7694.0,700,1,0.9991015274034142,1,8723
688,2014-02-19,3,3745.0,359,1,0.9991015274034142,1,5449
689,2014-02-19,3,7398.0,697,1,0.9991015274034142,1,7372
690,2014-02-19,3,5754.0,818,1,0.9991015274034142,1,6699
691,2014-02-19,3,8177.0,609,1,0.9991015274034142,1,9048
692,2014-02-19,3,7325.0,851,1,0.9991015274034142,1,5746
693,2014-02-19,3,7708.0,566,1,0.9991015274034142,1,6145
694,2014-02-19,3,8137.0,791,1,0.9991015274034142,1,8372
695,2014-02-19,3,5469.0,533,1,0.9991015274034142,1,5983
696,2014-02-19,3,7767.0,991,1,0.9991015274034142,1,7590
697,2014-02-19,3,10806.0,989,1,0.9991015274034142,1,10935
698,2014-02-19,3,15687.0,1927,1,0.9991015274034142,1,15823
699,2014-02-19,3,9058.0,1004,1,0.9991015274034142,1,10201
700,2014-02-19,3,5121.0,591,1,0.9991015274034142,1,6093
701,2014-02-19,3,6149.0,645,1,0.9991015274034142,1,4985
702,2014-02-19,3,4155.0,335,1,0.9991015274034142,1,4201
703,2014-02-19,3,3712.0,388,1,0.9991015274034142,1,3646
704,2014-02-19,3,9598.0,1013,1,0.9991015274034142,1,10712
705,2014-02-19,3,8591.0,1000,1,0.9991015274034142,1,9538
706,2014-02-19,3,5588.0,487,1,0.9991015274034142,1,6124
707,2014-02-19,3,7852.0,892,1,0.9991015274034142,1,9889
708,2014-02-19,3,3741.0,395,1,0.9991015274034142,1,3142
709,2014-02-19,3,11855.0,1588,1,0.9991015274034142,1,10806
710,2014-02-19,3,5100.0,371,1,0.9991015274034142,1,4386
711,2014-02-19,3,8220.0,562,1,0.9991015274034142,1,8894
712,2014-02-19,3,5265.0,471,1,0.9991015274034142,1,8079
713,2014-02-19,3,10870.0,1410,1,0.9991015274034142,1,8981
714,2014-02-19,3,3880.0,310,1,0.9991015274034142,1,5604
715,2014-02-19,3,7655.0,757,1,0.9991015274034142,1,7702
716,2014-02-19,3,5199.0,391,1,0.9991015274034142,1,6610
717,2014-02-19,3,6187.0,624,1,0.9991015274034142,1,5755
718,2014-02-19,3,8617.0,915,1,0.9991015274034142,1,9336
719,2014-02-19,3,5148.0,418,1,0.9991015274034142,1,4513
720,2014-02-19,3,8141.0,774,1,0.9991015274034142,1,8997
721,2014-02-19,3,7266.0,727,1,0.9991015274034142,1,7359
722,2014-02-19,3,10574.0,1599,1,0.9991015274034142,1,10177
723,2014-02-19,3,7222.0,588,1,0.9991015274034142,1,7121
724,2014-02-19,3,5484.0,607,1,0.9991015274034142,1,8543
725,2014-02-19,3,4495.0,496,1,0.9991015274034142,1,6262
726,2014-02-19,3,10902.0,1018,1,0.9991015274034142,1,12872
727,2014-02-19,3,4695.0,491,1,0.9991015274034142,1,5413
728,2014-02-19,3,4634.0,425,1,0.9991015274034142,1,5587
729,2014-02-19,3,10750.0,1093,1,0.9991015274034142,1,12267
730,2014-02-19,3,7445.0,920,1,0.9991015274034142,1,7021
731,2014-02-19,3,10136.0,1026,1,0.9991015274034142,1,9579
732,2014-02-19,3,4161.0,481,1,0.9991015274034142,1,5629
733,2014-02-19,3,13850.0,3160,1,0.9991015274034142,1,16035
734,2014-02-19,3,6382.0,560,1,0.9991015274034142,1,6202
735,2014-02-19,3,6487.0,625,1,0.9991015274034142,1,5587
736,2014-02-19,3,4843.0,436,1,0.9991015274034142,1,5562
737,2014-02-19,3,6393.0,947,1,0.9991015274034142,1,6242
738,2014-02-19,3,8800.0,700,1,0.9991015274034142,1,8995
739,2014-02-19,3,10539.0,759,1,0.9991015274034142,1,9976
740,2014-02-19,3,7202.0,496,1,0.9991015274034142,1,6369
741,2014-02-19,3,8068.0,949,1,0.9991015274034142,1,11037
742,2014-02-19,3,8338.0,865,1,0.9991015274034142,1,8183
743,2014-02-19,3,4020.0,399,1,0.9991015274034142,1,4221
744,2014-02-19,3,6873.0,775,1,0.9991015274034142,1,6918
745,2014-02-19,3,8607.0,836,1,0.9991015274034142,1,9106
746,2014-02-19,3,5988.0,494,1,0.9991015274034142,1,6911
747,2014-02-19,3,7411.0,642,1,0.9991015274034142,1,8805
748,2014-02-19,3,5516.0,450,1,0.9991015274034142,1,7159
749,2014-02-19,3,5935.0,730,1,0.9991015274034142,1,5181
750,2014-02-19,3,5120.0,380,1,0.9991015274034142,1,5614
751,2014-02-19,3,4709.0,616,1,0.9991015274034142,1,4629
752,2014-02-19,3,5468.0,480,1,0.9991015274034142,1,5625
753,2014-02-19,3,9232.0,776,1,0.9991015274034142,1,9230
754,2014-02-19,3,5988.0,800,1,0.9991015274034142,1,5713
755,2014-02-19,3,9738.0,834,1,0.9991015274034142,1,10340
756,2014-02-19,3,15462.0,2134,1,0.9991015274034142,1,15632
757,2014-02-19,3,6435.0,592,1,0.9991015274034142,1,7222
758,2014-02-19,3,5414.0,710,1,0.9991015274034142,1,6266
759,2014-02-19,3,8034.0,872,1,0.9991015274034142,1,7397
760,2014-02-19,3,6956.0,1046,1,0.9991015274034142,1,8806
761,2014-02-19,3,8551.0,963,1,0.9991015274034142,1,9253
762,2014-02-19,3,3766.0,372,1,0.9991015274034142,1,4715
763,2014-02-19,3,5361.0,558,1,0.9991015274034142,1,6038
764,2014-02-19,3,3644.0,410,1,0.9991015274034142,1,3527
765,2014-02-19,3,8759.0,715,1,0.9991015274034142,1,8452
766,2014-02-19,3,5829.0,506,1,0.9991015274034142,1,6764
767,2014-02-19,3,6261.0,591,1,0.9991015274034142,1,6822
768,2014-02-19,3,12613.0,1236,1,0.9991015274034142,1,15667
769,2014-02-19,3,9686.0,2936,1,0.9991015274034142,1,14051
770,2014-02-19,3,6899.0,771,1,0.9991015274034142,1,6755
771,2014-02-19,3,5798.0,591,1,0.9991015274034142,1,6642
772,2014-02-19,3,4341.0,534,1,0.9991015274034142,1,3924
773,2014-02-19,3,5926.0,825,1,0.9991015274034142,1,8750
774,2014-02-19,3,5238.0,688,1,0.9991015274034142,1,5744
775,2014-02-19,3,8105.0,550,1,0.9991015274034142,1,8604
776,2014-02-19,3,4946.0,563,1,0.9991015274034142,1,3809
777,2014-02-19,3,3507.0,310,1,0.9991015274034142,1,3271
778,2014-02-19,3,6443.0,866,1,0.9991015274034142,1,4848
779,2014-02-19,3,7343.0,678,1,0.9991015274034142,1,6712
780,2014-02-19,3,6298.0,718,1,0.9991015274034142,1,7268
781,2014-02-19,3,5419.0,743,1,0.9991015274034142,1,5593
782,2014-02-19,3,5660.0,510,1,0.9991015274034142,1,6337
783,2014-02-19,3,6361.0,597,1,0.9991015274034142,1,6748
784,2014-02-19,3,8370.0,850,1,0.9991015274034142,1,10091
785,2014-02-19,3,6920.0,513,1,0.9991015274034142,1,9730
786,2014-02-19,3,4041.0,609,1,0.9991015274034142,1,4372
787,2014-02-19,3,9478.0,1135,1,0.9991015274034142,1,10187
788,2014-02-19,3,18395.0,1740,1,0.9991015274034142,1,20426
789,2014-02-19,3,3173.0,515,1,0.9991015274034142,1,3333
790,2014-02-19,3,7009.0,627,1,0.9991015274034142,1,9167
791,2014-02-19,3,7049.0,800,1,0.9991015274034142,1,7503
792,2014-02-19,3,8818.0,738,1,0.9991015274034142,1,8388
793,2014-02-19,3,4606.0,437,1,0.9991015274034142,1,5251
794,2014-02-19,3,2546.0,453,1,0.9991015274034142,1,3259
795,2014-02-19,3,5247.0,525,1,0.9991015274034142,1,4544
796,2014-02-19,3,7795.0,677,1,0.9991015274034142,1,7474
797,2014-02-19,3,3705.0,343,1,0.9991015274034142,1,5010
798,2014-02-19,3,8265.0,982,1,0.9991015274034142,1,7898
799,2014-02-19,3,11025.0,972,1,0.9991015274034142,1,12693
800,2014-02-19,3,5770.0,524,1,0.9991015274034142,1,6802
801,2014-02-19,3,4671.0,408,1,0.9991015274034142,1,5019
802,2014-02-19,3,6979.0,536,1,0.9991015274034142,1,5573
803,2014-02-19,3,5281.0,421,1,0.9991015274034142,1,5475
804,2014-02-19,3,5434.0,446,1,0.9991015274034142,1,6008
805,2014-02-19,3,5398.0,523,1,0.9991015274034142,1,5227
806,2014-02-19,3,8041.0,564,1,0.9991015274034142,1,7654
807,2014-02-19,3,10383.0,1005,1,0.9991015274034142,1,10102
808,2014-02-19,3,7571.0,545,1,0.9991015274034142,1,7532
809,2014-02-19,3,10466.0,889,1,0.9991015274034142,1,11645
810,2014-02-19,3,6080.0,494,1,0.9991015274034142,1,6074
811,2014-02-19,3,3711.0,630,1,0.9991015274034142,1,4532
812,2014-02-19,3,7077.0,814,1,0.9991015274034142,1,8538
813,2014-02-19,3,5967.0,694,1,0.9991015274034142,1,6921
814,2014-02-19,3,8276.0,682,1,0.9991015274034142,1,7377
815,2014-02-19,3,9259.0,878,1,0.9991015274034142,1,10422
816,2014-02-19,3,4738.0,716,1,0.9991015274034142,1,5416
817,2014-02-19,3,22607.0,3164,1,1.0,0,17176
818,2014-02-19,3,6851.0,640,1,0.9991015274034142,1,7387
819,2014-02-19,3,6410.0,589,1,0.9991015274034142,1,7464
820,2014-02-19,3,11962.0,1070,1,0.9991015274034142,1,12584
821,2014-02-19,3,7172.0,878,1,0.9991015274034142,1,6498
822,2014-02-19,3,8740.0,646,1,0.9991015274034142,1,8654
823,2014-02-19,3,5761.0,522,1,0.9991015274034142,1,6529
824,2014-02-19,3,6774.0,891,1,0.9991015274034142,1,10769
825,2014-02-19,3,4375.0,476,1,0.9991015274034142,1,3582
826,2014-02-19,3,8234.0,743,1,0.9991015274034142,1,9196
827,2014-02-19,3,10599.0,1324,1,0.9991015274034142,1,10003
828,2014-02-19,3,6107.0,651,1,0.9991015274034142,1,4779
829,2014-02-19,3,6171.0,806,1,0.9991015274034142,1,6844
830,2014-02-19,3,6831.0,606,1,0.9991015274034142,1,5999
831,2014-02-19,3,14901.0,1733,1,0.9991015274034142,1,13382
832,2014-02-19,3,6531.0,515,1,0.9991015274034142,1,7443
833,2014-02-19,3,5729.0,507,1,0.9991015274034142,1,5818
834,2014-02-19,3,6010.0,635,1,0.9991015274034142,1,6256
835,2014-02-19,3,5158.0,648,1,0.9991015274034142,1,4403
836,2014-02-19,3,6782.0,784,1,0.9991015274034142,1,5909
838,2014-02-19,3,7971.0,788,1,0.9991015274034142,1,9958
839,2014-02-19,3,6398.0,756,1,0.9991015274034142,1,5832
840,2014-02-19,3,8533.0,1145,1,0.9991015274034142,1,7908
841,2014-02-19,3,3074.0,424,1,0.9991015274034142,1,3600
842,2014-02-19,3,15914.0,1041,1,0.9991015274034142,1,18617
843,2014-02-19,3,9470.0,1075,1,0.9991015274034142,1,10885
844,2014-02-19,3,5291.0,544,1,0.9991015274034142,1,3985
845,2014-02-19,3,4561.0,353,1,0.9991015274034142,1,4613
846,2014-02-19,3,9339.0,866,1,0.9991015274034142,1,8486
847,2014-02-19,3,7019.0,943,1,0.9991015274034142,1,10133
848,2014-02-19,3,6562.0,769,1,0.9991015274034142,1,6233
849,2014-02-19,3,8351.0,946,1,0.9991015274034142,1,8867
850,2014-02-19,3,6059.0,625,1,0.9991015274034142,1,6914
851,2014-02-19,3,6185.0,478,1,0.9991015274034142,1,5295
852,2014-02-19,3,4811.0,574,1,0.9991015274034142,1,3135
853,2014-02-19,3,9338.0,1032,1,0.9991015274034142,1,9706
854,2014-02-19,3,7323.0,699,1,0.9991015274034142,1,8377
855,2014-02-19,3,6253.0,654,1,0.9991015274034142,1,6116
856,2014-02-19,3,7445.0,960,1,0.9991015274034142,1,7486
857,2014-02-19,3,6454.0,868,1,0.9991015274034142,1,7358
858,2014-02-19,3,4756.0,399,1,0.9991015274034142,1,5282
859,2014-02-19,3,6908.0,625,1,0.9991015274034142,1,7490
860,2014-02-19,3,5178.0,622,1,0.9991015274034142,1,6235
861,2014-02-19,3,3737.0,520,1,0.9991015274034142,1,3694
862,2014-02-19,3,7952.0,1027,1,0.9991015274034142,1,9206
863,2014-02-19,3,7147.0,846,1,0.9991015274034142,1,8223
864,2014-02-19,3,4492.0,632,1,0.9991015274034142,1,5597
865,2014-02-19,3,8736.0,633,1,0.9991015274034142,1,9541
866,2014-02-19,3,6888.0,446,1,0.9991015274034142,1,8575
867,2014-02-19,3,4060.0,351,1,0.9991015274034142,1,4760
868,2014-02-19,3,9321.0,619,1,0.9991015274034142,1,10857
869,2014-02-19,3,6233.0,905,1,0.9991015274034142,1,6817
870,2014-02-19,3,6777.0,903,1,0.9991015274034142,1,9007
871,2014-02-19,3,4775.0,381,1,0.9991015274034142,1,6226
872,2014-02-19,3,9072.0,870,1,0.9991015274034142,1,10517
873,2014-02-19,3,3927.0,474,1,0.9991015274034142,1,4105
874,2014-02-19,3,4536.0,461,1,0.9991015274034142,1,4125
875,2014-02-19,3,5487.0,472,1,0.9991015274034142,1,6348
876,2014-02-19,3,10269.0,1062,1,0.9991015274034142,1,9619
877,2014-02-19,3,6722.0,898,1,0.9991015274034142,1,7589
878,2014-02-19,3,10650.0,901,1,0.9991015274034142,1,10298
879,2014-02-19,3,3542.0,315,1,0.9991015274034142,1,3045
880,2014-02-19,3,7528.0,820,1,0.9991015274034142,1,9339
881,2014-02-19,3,4836.0,714,1,0.9991015274034142,1,3648
882,2014-02-19,3,5784.0,737,1,0.9991015274034142,1,4737
883,2014-02-19,3,5282.0,528,1,0.9991015274034142,1,3970
884,2014-02-19,3,5757.0,528,1,0.9991015274034142,1,5608
885,2014-02-19,3,4962.0,672,1,0.9991015274034142,1,4674
886,2014-02-19,3,6928.0,653,1,0.9991015274034142,1,7052
887,2014-02-19,3,7489.0,564,1,0.9991015274034142,1,7566
888,2014-02-19,3,7545.0,662,1,0.9991015274034142,1,7408
889,2014-02-19,3,4034.0,456,1,0.9991015274034142,1,5731
890,2014-02-19,3,5354.0,415,1,0.9991015274034142,1,5517
891,2014-02-19,3,7167.0,1005,1,0.9991015274034142,1,8798
892,2014-02-19,3,8444.0,760,1,0.9991015274034142,1,7772
893,2014-02-19,3,6381.0,837,1,0.9991015274034142,1,8538
894,2014-02-19,3,9351.0,1086,1,0.9991015274034142,1,6805
895,2014-02-19,3,9406.0,882,1,0.9991015274034142,1,9400
896,2014-02-19,3,6094.0,930,1,0.9991015274034142,1,7330
897,2014-02-19,3,2784.0,328,1,0.9991015274034142,1,4761
898,2014-02-19,3,6851.0,694,1,0.9991015274034142,1,6072
899,2014-02-19,3,5928.0,557,1,0.9991015274034142,1,4776
900,2014-02-19,3,5848.0,518,1,0.9991015274034142,1,6349
901,2014-02-19,3,7421.0,644,1,0.9991015274034142,1,8110
902,2014-02-19,3,4675.0,600,1,0.9991015274034142,1,5022
903,2014-02-19,3,10531.0,744,1,0.9991015274034142,1,12064
904,2014-02-19,3,6107.0,494,1,0.9991015274034142,1,5153
905,2014-02-19,3,9975.0,1469,1,0.9991015274034142,1,10654
906,2014-02-19,3,11176.0,1344,1,0.9991015274034142,1,11909
907,2014-02-19,3,5713.0,728,1,0.9991015274034142,1,6976
908,2014-02-19,3,4793.0,389,1,0.9991015274034142,1,3589
909,2014-02-19,3,11488.0,1111,1,0.9991015274034142,1,11193
910,2014-02-19,3,5862.0,563,1,0.9991015274034142,1,5951
911,2014-02-19,3,9414.0,852,1,0.9991015274034142,1,9511
912,2014-02-19,3,4793.0,669,1,0.9991015274034142,1,4146
913,2014-02-19,3,9535.0,1254,1,0.9991015274034142,1,9885
914,2014-02-19,3,9300.0,1049,1,0.9991015274034142,1,10040
915,2014-02-19,3,5917.0,440,1,0.9991015274034142,1,5073
916,2014-02-19,3,5889.0,710,1,0.9991015274034142,1,5881
917,2014-02-19,3,6870.0,764,1,0.9991015274034142,1,7262
918,2014-02-19,3,5664.0,581,1,0.9991015274034142,1,5174
919,2014-02-19,3,6097.0,747,1,0.9991015274034142,1,5523
920,2014-02-19,3,4989.0,523,1,0.9991015274034142,1,12293
921,2014-02-19,3,9896.0,1158,1,0.9991015274034142,1,9612
922,2014-02-19,3,7721.0,685,1,0.9991015274034142,1,8192
923,2014-02-19,3,5088.0,645,1,0.9991015274034142,1,5509
924,2014-02-19,3,4910.0,458,1,0.9991015274034142,1,5167
925,2014-02-19,3,6927.0,1177,1,0.9991015274034142,1,6362
926,2014-02-19,3,7457.0,517,1,0.9991015274034142,1,7052
927,2014-02-19,3,7050.0,887,1,0.9991015274034142,1,6492
928,2014-02-19,3,7955.0,689,1,0.9991015274034142,1,8690
929,2014-02-19,3,6033.0,726,1,0.9991015274034142,1,5879
930,2014-02-19,3,6491.0,1029,1,0.9991015274034142,1,7181
931,2014-02-19,3,2893.0,330,1,0.9991015274034142,1,3688
932,2014-02-19,3,7767.0,783,1,0.9991015274034142,1,7839
933,2014-02-19,3,8677.0,1032,1,0.9991015274034142,1,7308
934,2014-02-19,3,6452.0,651,1,0.9991015274034142,1,7936
935,2014-02-19,3,5599.0,552,1,0.9991015274034142,1,6012
936,2014-02-19,3,7367.0,900,1,0.9991015274034142,1,5405
937,2014-02-19,3,7991.0,600,1,0.9991015274034142,1,8463
938,2014-02-19,3,9000.0,926,1,0.9991015274034142,1,10636
939,2014-02-19,3,5414.0,523,1,0.9991015274034142,1,6637
940,2014-02-19,3,7649.0,742,1,0.9991015274034142,1,9282
941,2014-02-19,3,5735.0,581,1,0.9991015274034142,1,5416
942,2014-02-19,3,6499.0,469,1,0.9991015274034142,1,8024
943,2014-02-19,3,6802.0,584,1,0.9991015274034142,1,7480
944,2014-02-19,3,7679.0,1136,1,0.9991015274034142,1,4836
945,2014-02-19,3,4153.0,509,1,0.9991015274034142,1,4509
946,2014-02-19,3,4146.0,587,1,0.9991015274034142,1,5120
947,2014-02-19,3,9600.0,1249,1,0.9991015274034142,1,8269
948,2014-02-19,3,6392.0,1639,1,0.9991015274034142,1,9248
949,2014-02-19,3,5753.0,544,1,0.9991015274034142,1,6258
950,2014-02-19,3,6346.0,615,1,0.9991015274034142,1,6241
951,2014-02-19,3,7930.0,727,1,0.9991015274034142,1,7323
952,2014-02-19,3,6379.0,481,1,0.9991015274034142,1,7257
953,2014-02-19,3,5761.0,587,1,0.9991015274034142,1,5848
954,2014-02-19,3,7398.0,1041,1,0.9991015274034142,1,6677
955,2014-02-19,3,4824.0,464,1,0.9991015274034142,1,5964
956,2014-02-19,3,3965.0,548,1,0.9991015274034142,1,4723
957,2014-02-19,3,7748.0,858,1,0.9991015274034142,1,8745
958,2014-02-19,3,4244.0,579,1,0.9991015274034142,1,4608
959,2014-02-19,3,7070.0,773,1,0.9991015274034142,1,6697
960,2014-02-19,3,7712.0,564,1,0.9991015274034142,1,7598
961,2014-02-19,3,6269.0,671,1,0.9991015274034142,1,6329
962,2014-02-19,3,7320.0,919,1,0.9991015274034142,1,7415
963,2014-02-19,3,11815.0,1011,1,0.9991015274034142,1,10747
964,2014-02-19,3,10455.0,1406,1,0.9991015274034142,1,9917
965,2014-02-19,3,9679.0,1009,1,0.9991015274034142,1,8551
966,2014-02-19,3,5234.0,629,1,0.9991015274034142,1,4517
967,2014-02-19,3,8145.0,871,1,0.9991015274034142,1,8214
968,2014-02-19,3,7429.0,891,1,0.9991015274034142,1,8665
969,2014-02-19,3,3705.0,619,1,0.9991015274034142,1,4812
970,2014-02-19,3,3765.0,453,1,0.9991015274034142,1,3455
971,2014-02-19,3,9087.0,1026,1,0.9991015274034142,1,8452
972,2014-02-19,3,3558.0,403,1,0.9991015274034142,1,2219
973,2014-02-19,3,5984.0,792,1,0.9991015274034142,1,6443
974,2014-02-19,3,11203.0,1591,1,0.9991015274034142,1,11816
975,2014-02-19,3,7672.0,738,1,0.9991015274034142,1,6845
976,2014-02-19,3,8158.0,795,1,0.9991015274034142,1,6015
977,2014-02-19,3,5357.0,534,1,0.9991015274034142,1,4601
978,2014-02-19,3,7455.0,1000,1,0.9991015274034142,1,7134
979,2014-02-19,3,6399.0,625,1,0.9991015274034142,1,6125
980,2014-02-19,3,6921.0,542,1,0.9991015274034142,1,7541
981,2014-02-19,3,7401.0,730,1,0.9991015274034142,1,6497
982,2014-02-19,3,8871.0,722,1,0.9991015274034142,1,8309
983,2014-02-19,3,10523.0,1364,1,0.9991015274034142,1,11834
984,2014-02-19,3,6502.0,721,1,0.9991015274034142,1,5746
985,2014-02-19,3,7364.0,710,1,0.9991015274034142,1,9874
986,2014-02-19,3,6436.0,806,1,0.9991015274034142,1,6041
987,2014-02-19,3,6958.0,879,1,0.9991015274034142,1,7201
988,2014-02-19,3,4587.0,693,1,0.9991015274034142,1,5372
989,2014-02-19,3,5720.0,607,1,0.9991015274034142,1,9568
990,2014-02-19,3,6893.0,547,1,0.9991015274034142,1,6452
991,2014-02-19,3,4831.0,476,1,0.9991015274034142,1,6618
992,2014-02-19,3,6619.0,790,1,0.9991015274034142,1,7737
993,2014-02-19,3,6695.0,656,1,0.9991015274034142,1,7509
994,2014-02-19,3,5041.0,450,1,0.9991015274034142,1,4590
995,2014-02-19,3,9270.0,763,1,0.9991015274034142,1,8790
996,2014-02-19,3,7136.0,721,1,0.9991015274034142,1,5868
997,2014-02-19,3,5358.0,393,1,0.9991015274034142,1,7266
998,2014-02-19,3,4592.0,541,1,0.9991015274034142,1,5162
999,2014-02-19,3,9552.0,630,1,0.9991015274034142,1,8707
1000,2014-02-19,3,7068.0,658,1,0.9991015274034142,1,8446
1001,2014-02-19,3,5658.0,598,1,0.9991015274034142,1,5206
1002,2014-02-19,3,6635.0,768,1,0.9991015274034142,1,4918
1003,2014-02-19,3,7756.0,754,1,0.9991015274034142,1,6896
1004,2014-02-19,3,4869.0,412,1,0.9991015274034142,1,5215
1005,2014-02-19,3,5419.0,824,1,0.9991015274034142,1,4798
1006,2014-02-19,3,6053.0,840,1,0.9991015274034142,1,7783
1007,2014-02-19,3,6480.0,732,1,0.9991015274034142,1,7687
1008,2014-02-19,3,5549.0,708,1,0.9991015274034142,1,3981
1009,2014-02-19,3,4719.0,453,1,0.9991015274034142,1,4366
1010,2014-02-19,3,9157.0,790,1,0.9991015274034142,1,7470
1011,2014-02-19,3,8196.0,942,1,0.9991015274034142,1,8925
1012,2014-02-19,3,5629.0,512,1,0.9991015274034142,1,5795
1013,2014-02-19,3,4598.0,485,1,0.9991015274034142,1,3803
1014,2014-02-19,3,12308.0,1331,1,0.9991015274034142,1,16520
1015,2014-02-19,3,6805.0,472,1,0.9991015274034142,1,7345
1016,2014-02-19,3,5475.0,487,1,0.9991015274034142,1,4359
1017,2014-02-19,3,7693.0,1005,1,0.9991015274034142,1,7949
1018,2014-02-19,3,10959.0,1252,1,0.9991015274034142,1,13115
1019,2014-02-19,3,8853.0,739,1,0.9991015274034142,1,9993
1020,2014-02-19,3,9542.0,1218,1,0.9991015274034142,1,9837
1021,2014-02-19,3,7930.0,964,1,0.9991015274034142,1,7865
1022,2014-02-19,3,7134.0,834,1,0.9991015274034142,1,8574
1023,2014-02-19,3,6610.0,641,1,0.9991015274034142,1,7056
1024,2014-02-19,3,6346.0,802,1,0.9991015274034142,1,5924
1025,2014-02-19,3,8730.0,956,1,0.9991015274034142,1,9099
1026,2014-02-19,3,9043.0,1103,1,0.9991015274034142,1,9003
1027,2014-02-19,3,13879.0,1702,1,0.9991015274034142,1,13745
1028,2014-02-19,3,4688.0,541,1,0.9991015274034142,1,4262
1029,2014-02-19,3,6468.0,913,1,0.9991015274034142,1,5848
1030,2014-02-19,3,3608.0,345,1,0.9991015274034142,1,4272
1031,2014-02-19,3,4546.0,419,1,0.9991015274034142,1,5040
1032,2014-02-19,3,9015.0,965,1,0.9991015274034142,1,10297
1033,2014-02-19,3,13880.0,1306,1,0.9991015274034142,1,14650
1034,2014-02-19,3,7012.0,694,1,0.9991015274034142,1,6856
1035,2014-02-19,3,4964.0,555,1,0.9991015274034142,1,5338
1036,2014-02-19,3,3809.0,367,1,0.9991015274034142,1,4610
1037,2014-02-19,3,7271.0,903,1,0.9991015274034142,1,7902
1038,2014-02-19,3,5481.0,444,1,0.9991015274034142,1,7702
1039,2014-02-19,3,8035.0,1047,1,0.9991015274034142,1,8064
1040,2014-02-19,3,8443.0,821,1,0.9991015274034142,1,7552
1041,2014-02-19,3,5843.0,688,1,0.9991015274034142,1,5724
1042,2014-02-19,3,4324.0,543,1,0.9991015274034142,1,4909
1043,2014-02-19,3,8437.0,1070,1,0.9991015274034142,1,9470
1044,2014-02-19,3,7227.0,898,1,0.9991015274034142,1,6477
1045,2014-02-19,3,6243.0,782,1,0.9991015274034142,1,6923
1046,2014-02-19,3,9163.0,669,1,0.9991015274034142,1,8622
1047,2014-02-19,3,4596.0,523,1,0.9991015274034142,1,4543
1048,2014-02-19,3,7091.0,527,1,0.9991015274034142,1,7009
1049,2014-02-19,3,3761.0,647,1,0.9991015274034142,1,5114
1050,2014-02-19,3,7219.0,507,1,0.9991015274034142,1,8518
1051,2014-02-19,3,8323.0,1118,1,0.9991015274034142,1,8494
1052,2014-02-19,3,7437.0,720,1,0.9991015274034142,1,7746
1053,2014-02-19,3,10481.0,1143,1,0.9991015274034142,1,8497
1054,2014-02-19,3,5394.0,555,1,0.9991015274034142,1,6857
1055,2014-02-19,3,8418.0,1052,1,0.9991015274034142,1,9112
1056,2014-02-19,3,3746.0,352,1,0.9991015274034142,1,3844
1057,2014-02-19,3,6268.0,572,1,0.9991015274034142,1,6728
1058,2014-02-19,3,7590.0,738,1,0.9991015274034142,1,8161
1059,2014-02-19,3,8584.0,1102,1,0.9991015274034142,1,8875
1060,2014-02-19,3,7321.0,897,1,0.9991015274034142,1,9132
1061,2014-02-19,3,6666.0,507,1,0.9991015274034142,1,8353
1062,2014-02-19,3,6742.0,592,1,0.9991015274034142,1,6820
1063,2014-02-19,3,4008.0,513,1,0.9991015274034142,1,4556
1064,2014-02-19,3,9243.0,1080,1,0.9991015274034142,1,12348
1065,2014-02-19,3,3576.0,428,1,0.9991015274034142,1,4629
1066,2014-02-19,3,11046.0,1057,1,0.9991015274034142,1,10957
1067,2014-02-19,3,5867.0,480,1,0.9991015274034142,1,5752
1068,2014-02-19,3,4502.0,307,1,0.9991015274034142,1,4176
1069,2014-02-19,3,8331.0,1102,1,0.9991015274034142,1,6186
1070,2014-02-19,3,6908.0,849,1,0.9991015274034142,1,7257
1071,2014-02-19,3,6164.0,705,1,0.9991015274034142,1,6995
1072,2014-02-19,3,7567.0,688,1,0.9991015274034142,1,8266
1073,2014-02-19,3,7365.0,944,1,0.9991015274034142,1,7221
1074,2014-02-19,3,5206.0,510,1,0.9991015274034142,1,5143
1075,2014-02-19,3,9837.0,1041,1,0.9991015274034142,1,10501
1076,2014-02-19,3,3634.0,550,1,0.9991015274034142,1,3825
1077,2014-02-19,3,4888.0,517,1,0.9991015274034142,1,4821
1078,2014-02-19,3,7963.0,579,1,0.9991015274034142,1,7232
1079,2014-02-19,3,10133.0,726,1,0.9991015274034142,1,9529
1080,2014-02-19,3,10494.0,849,1,0.9991015274034142,1,9427
1081,2014-02-19,3,8511.0,1257,1,0.9991015274034142,1,6580
1082,2014-02-19,3,7202.0,1059,1,0.9991015274034142,1,8328
1083,2014-02-19,3,5092.0,363,1,0.9991015274034142,1,4290
1084,2014-02-19,3,5659.0,755,1,0.9991015274034142,1,6068
1085,2014-02-19,3,8455.0,813,1,0.9991015274034142,1,8241
1086,2014-02-19,3,8434.0,895,1,0.9991015274034142,1,6847
1087,2014-02-19,3,5692.0,559,1,0.9991015274034142,1,6412
1088,2014-02-19,3,5828.0,533,1,0.9991015274034142,1,5376
1089,2014-02-19,3,9590.0,944,1,0.9991015274034142,1,10306
1090,2014-02-19,3,7981.0,962,1,0.9991015274034142,1,6642
1091,2014-02-19,3,8532.0,649,1,0.9991015274034142,1,9171
1092,2014-02-19,3,11540.0,1110,1,0.9991015274034142,1,12005
1093,2014-02-19,3,7571.0,797,1,0.9991015274034142,1,8018
1094,2014-02-19,3,4461.0,348,1,0.9991015274034142,1,5369
1095,2014-02-19,3,5210.0,666,1,0.9991015274034142,1,3798
1096,2014-02-19,3,5162.0,624,1,0.9991015274034142,1,5614
1097,2014-02-19,3,9301.0,2356,1,0.9991015274034142,1,9638
1098,2014-02-19,3,5708.0,751,1,0.9991015274034142,1,5434
1099,2014-02-19,3,6598.0,775,1,0.9991015274034142,1,9914
1100,2014-02-19,3,5784.0,662,1,0.9991015274034142,1,6672
1101,2014-02-19,3,9569.0,914,1,0.9991015274034142,1,10763
1102,2014-02-19,3,6226.0,668,1,0.9991015274034142,1,8274
1103,2014-02-19,3,5609.0,401,1,0.9991015274034142,1,4907
1104,2014-02-19,3,5412.0,395,1,0.9991015274034142,1,4921
1105,2014-02-19,3,4283.0,501,1,0.9991015274034142,1,5718
1106,2014-02-19,3,4764.0,569,1,0.9991015274034142,1,4618
1107,2014-02-19,3,6315.0,661,1,0.9991015274034142,1,6293
1108,2014-02-19,3,6906.0,615,1,0.9991015274034142,1,8232
1109,2014-02-19,3,4975.0,436,1,0.9991015274034142,1,5474
1110,2014-02-19,3,5312.0,595,1,0.9991015274034142,1,5493
1111,2014-02-19,3,5637.0,509,1,0.9991015274034142,1,7534
1112,2014-02-19,3,10995.0,860,1,0.9991015274034142,1,10403
1113,2014-02-19,3,5586.0,650,1,0.9991015274034142,1,7380
1114,2014-02-19,3,19369.0,2781,1,0.9991015274034142,1,21754
1115,2014-02-19,3,6977.0,440,1,0.9991015274034142,1,8117
1,2014-02-12,3,3662.0,508,0,0.0,0,4609
2,2014-02-12,3,4848.0,654,0,0.0,0,4276
3,2014-02-12,3,5675.0,710,0,0.0,0,5859
4,2014-02-12,3,8244.0,1214,0,0.0,0,7327
5,2014-02-12,3,4475.0,604,0,0.0,0,3909
6,2014-02-12,3,4605.0,569,0,0.0,0,4675
7,2014-02-12,3,6626.0,820,0,0.0,0,7289
8,2014-02-12,3,4076.0,552,0,0.0,0,2602
9,2014-02-12,3,5070.0,499,0,0.0,0,4626
10,2014-02-12,3,4723.0,578,0,0.0,0,5685
11,2014-02-12,3,6948.0,1140,0,0.0,0,5913
12,2014-02-12,3,5842.0,825,0,0.0,0,5212
13,2014-02-12,3,2826.0,267,0,0.0,0,5111
14,2014-02-12,3,4690.0,598,0,0.0,0,5069
15,2014-02-12,3,4613.0,555,0,0.0,0,5260
16,2014-02-12,3,7117.0,941,0,0.0,0,6244
17,2014-02-12,3,5041.0,765,0,0.0,0,4580
18,2014-02-12,3,5350.0,676,0,0.0,0,6170
19,2014-02-12,3,5068.0,565,0,0.0,0,4555
20,2014-02-12,3,6413.0,851,0,0.0,0,6519
21,2014-02-12,3,3542.0,400,0,0.0,0,4718
22,2014-02-12,3,2954.0,428,0,0.0,0,3175
23,2014-02-12,3,3902.0,370,0,0.0,0,5256
24,2014-02-12,3,7490.0,756,0,0.0,0,6523
26,2014-02-12,3,3962.0,402,0,0.0,0,4071
27,2014-02-12,3,7376.0,979,0,0.0,0,6809
28,2014-02-12,3,4273.0,540,0,0.0,0,5719
29,2014-02-12,3,5526.0,577,0,0.0,0,7532
30,2014-02-12,3,4893.0,759,0,0.0,0,4545
31,2014-02-12,3,4293.0,492,0,0.0,0,3836
32,2014-02-12,3,3168.0,428,0,0.0,0,2931
33,2014-02-12,3,6289.0,737,0,0.0,0,7036
34,2014-02-12,3,6053.0,918,0,0.0,0,7513
35,2014-02-12,3,6339.0,597,0,0.0,0,10650
36,2014-02-12,3,7083.0,931,0,0.0,0,7218
37,2014-02-12,3,4571.0,560,0,0.0,0,5493
38,2014-02-12,3,4109.0,409,0,0.0,0,4540
39,2014-02-12,3,3942.0,582,0,0.0,0,4463
40,2014-02-12,3,3807.0,550,0,0.0,0,3437
41,2014-02-12,3,4086.0,316,0,0.0,0,4536
42,2014-02-12,3,9347.0,1167,0,0.0,0,8317
43,2014-02-12,3,5690.0,580,0,0.0,0,4938
44,2014-02-12,3,4358.0,571,0,0.0,0,4495
45,2014-02-12,3,3577.0,333,0,0.0,0,3587
46,2014-02-12,3,3324.0,507,0,0.0,0,4431
47,2014-02-12,3,6264.0,934,0,0.0,0,4694
48,2014-02-12,3,4286.0,502,0,0.0,0,3007
49,2014-02-12,3,4732.0,403,0,0.0,0,4946
50,2014-02-12,3,2808.0,267,0,0.0,0,2502
51,2014-02-12,3,4875.0,394,0,0.0,0,5941
52,2014-02-12,3,5952.0,427,0,0.0,0,6855
53,2014-02-12,3,4493.0,533,0,0.0,0,3613
54,2014-02-12,3,5352.0,582,0,0.0,0,6498
55,2014-02-12,3,3721.0,512,0,0.0,0,4187
56,2014-02-12,3,4617.0,371,0,0.0,0,5994
57,2014-02-12,3,9166.0,924,0,0.0,0,9807
58,2014-02-12,3,4185.0,407,0,0.0,0,1866
59,2014-02-12,3,4727.0,513,0,0.0,0,4493
60,2014-02-12,3,7280.0,761,0,0.0,0,6264
61,2014-02-12,3,4153.0,537,0,0.0,0,3978
62,2014-02-12,3,5682.0,689,0,0.0,0,3787
63,2014-02-12,3,5444.0,572,0,0.0,0,5112
64,2014-02-12,3,7364.0,602,0,0.0,0,8124
65,2014-02-12,3,3937.0,385,0,0.0,0,3862
66,2014-02-12,3,4476.0,416,0,0.0,0,4430
67,2014-02-12,3,6378.0,770,0,0.0,0,6340
68,2014-02-12,3,6566.0,1102,0,0.0,0,4287
69,2014-02-12,3,7459.0,965,0,0.0,0,7276
70,2014-02-12,3,4955.0,594,0,0.0,0,3532
71,2014-02-12,3,7046.0,668,0,0.0,0,6407
72,2014-02-12,3,3090.0,381,0,0.0,0,3299
73,2014-02-12,3,3799.0,491,0,0.0,0,3654
74,2014-02-12,3,5097.0,800,0,0.0,0,4483
75,2014-02-12,3,4222.0,521,0,0.0,0,2492
76,2014-02-12,3,6715.0,785,0,0.0,0,7252
77,2014-02-12,3,5169.0,500,0,0.0,0,6431
78,2014-02-12,3,2627.0,432,0,0.0,0,3090
79,2014-02-12,3,3386.0,458,0,0.0,0,3173
80,2014-02-12,3,4933.0,435,0,0.0,0,2493
81,2014-02-12,3,5919.0,513,0,0.0,0,5683
82,2014-02-12,3,7078.0,763,0,0.0,0,6893
83,2014-02-12,3,2873.0,306,0,0.0,0,3060
84,2014-02-12,3,11555.0,1481,0,0.0,0,10811
85,2014-02-12,3,5040.0,767,0,0.0,0,5349
86,2014-02-12,3,3545.0,548,0,0.0,0,3889
87,2014-02-12,3,5170.0,769,0,0.0,0,6048
88,2014-02-12,3,4992.0,609,0,0.0,0,4409
89,2014-02-12,3,5160.0,586,0,0.0,0,3702
90,2014-02-12,3,7086.0,989,0,0.0,0,6712
91,2014-02-12,3,5566.0,707,0,0.0,0,4636
92,2014-02-12,3,4042.0,435,0,0.0,0,4501
93,2014-02-12,3,4773.0,571,0,0.0,0,4363
94,2014-02-12,3,5209.0,557,0,0.0,0,4687
95,2014-02-12,3,6629.0,815,0,0.0,0,5114
96,2014-02-12,3,4509.0,569,0,0.0,0,4162
97,2014-02-12,3,4897.0,579,0,0.0,0,5756
98,2014-02-12,3,3585.0,349,0,0.0,0,5336
99,2014-02-12,3,3801.0,391,0,0.0,0,3264
100,2014-02-12,3,5986.0,562,0,0.0,0,6136
101,2014-02-12,3,5415.0,672,0,0.0,0,6469
102,2014-02-12,3,5343.0,894,0,0.0,0,4528
103,2014-02-12,3,3464.0,362,0,0.0,0,3732
104,2014-02-12,3,8343.0,1182,0,0.0,0,8663
105,2014-02-12,3,3590.0,535,0,0.0,0,3446
106,2014-02-12,3,8254.0,844,0,0.0,0,2080
107,2014-02-12,3,5992.0,881,0,0.0,0,6036
108,2014-02-12,3,8510.0,694,0,0.0,0,8549
109,2014-02-12,3,5451.0,683,0,0.0,0,4065
110,2014-02-12,3,3675.0,561,0,0.0,0,3117
111,2014-02-12,3,4376.0,434,0,0.0,0,4859
112,2014-02-12,3,5241.0,745,0,0.0,0,2938
113,2014-02-12,3,6196.0,641,0,0.0,0,7055
114,2014-02-12,3,4085.0,533,0,0.0,0,3922
115,2014-02-12,3,5355.0,448,0,0.0,0,7205
116,2014-02-12,3,6044.0,703,0,0.0,0,4918
117,2014-02-12,3,2840.0,461,0,0.0,0,3059
118,2014-02-12,3,5503.0,504,0,0.0,0,6733
119,2014-02-12,3,5024.0,653,0,0.0,0,4459
120,2014-02-12,3,5372.0,533,0,0.0,0,5436
121,2014-02-12,3,3355.0,455,0,0.0,0,3229
122,2014-02-12,3,4637.0,598,0,0.0,0,4927
123,2014-02-12,3,7333.0,912,0,0.0,0,6801
124,2014-02-12,3,3787.0,496,0,0.0,0,2280
125,2014-02-12,3,10275.0,1515,0,0.0,0,9731
126,2014-02-12,3,5020.0,484,0,0.0,0,4880
127,2014-02-12,3,3862.0,544,0,0.0,0,4460
128,2014-02-12,3,6032.0,548,0,0.0,0,6118
129,2014-02-12,3,7377.0,976,0,0.0,0,7755
130,2014-02-12,3,4656.0,560,0,0.0,0,3899
131,2014-02-12,3,4239.0,517,0,0.0,0,2282
132,2014-02-12,3,5067.0,502,0,0.0,0,4712
133,2014-02-12,3,4776.0,695,0,0.0,0,6561
134,2014-02-12,3,4382.0,478,0,0.0,0,4109
135,2014-02-12,3,4258.0,464,0,0.0,0,3952
136,2014-02-12,3,4991.0,415,0,0.0,0,7352
137,2014-02-12,3,6329.0,850,0,0.0,0,6341
138,2014-02-12,3,6070.0,652,0,0.0,0,5330
139,2014-02-12,3,5321.0,467,0,0.0,0,4829
140,2014-02-12,3,6553.0,970,0,0.0,0,5370
141,2014-02-12,3,4071.0,559,0,0.0,0,3152
142,2014-02-12,3,4130.0,552,0,0.0,0,2899
143,2014-02-12,3,4595.0,464,0,0.0,0,5271
144,2014-02-12,3,5957.0,613,0,0.0,0,3596
145,2014-02-12,3,5842.0,965,0,0.0,0,7003
146,2014-02-12,3,5795.0,635,0,0.0,0,6125
147,2014-02-12,3,6653.0,774,0,0.0,0,6856
148,2014-02-12,3,6931.0,755,0,0.0,0,5205
149,2014-02-12,3,4056.0,403,0,0.0,0,4448
150,2014-02-12,3,5938.0,663,0,0.0,0,7968
151,2014-02-12,3,5983.0,625,0,0.0,0,5456
152,2014-02-12,3,4487.0,585,0,0.0,0,4681
153,2014-02-12,3,5785.0,604,0,0.0,0,6675
154,2014-02-12,3,6289.0,608,0,0.0,0,7661
155,2014-02-12,3,4928.0,562,0,0.0,0,5120
156,2014-02-12,3,5328.0,609,0,0.0,0,5688
157,2014-02-12,3,8212.0,952,0,0.0,0,8136
158,2014-02-12,3,7226.0,487,0,0.0,0,5296
159,2014-02-12,3,5208.0,535,0,0.0,0,7103
160,2014-02-12,3,3725.0,440,0,0.0,0,4202
161,2014-02-12,3,6210.0,764,0,0.0,0,5923
162,2014-02-12,3,4626.0,386,0,0.0,0,6415
163,2014-02-12,3,6309.0,837,0,0.0,0,6253
164,2014-02-12,3,4456.0,542,0,0.0,0,2914
165,2014-02-12,3,3645.0,405,0,0.0,0,2918
166,2014-02-12,3,5363.0,808,0,0.0,0,4488
167,2014-02-12,3,7976.0,1064,0,0.0,0,6899
168,2014-02-12,3,6168.0,677,0,0.0,0,7900
169,2014-02-12,3,5561.0,646,0,0.0,0,5288
170,2014-02-12,3,3790.0,480,0,0.0,0,5665
171,2014-02-12,3,6243.0,728,0,0.0,0,5187
172,2014-02-12,3,5823.0,757,0,0.0,0,6280
173,2014-02-12,3,7308.0,1001,0,0.0,0,5969
174,2014-02-12,3,5050.0,436,0,0.0,0,4929
175,2014-02-12,3,4328.0,589,0,0.0,0,4233
176,2014-02-12,3,4588.0,609,0,0.0,0,3314
177,2014-02-12,3,3499.0,473,0,0.0,0,2900
178,2014-02-12,3,7441.0,759,0,0.0,0,7153
179,2014-02-12,3,6260.0,889,0,0.0,0,5586
180,2014-02-12,3,5763.0,748,0,0.0,0,7777
181,2014-02-12,3,4822.0,578,0,0.0,0,5278
182,2014-02-12,3,4124.0,344,0,0.0,0,4300
183,2014-02-12,3,3693.0,526,0,0.0,0,4213
184,2014-02-12,3,5464.0,533,0,0.0,0,4365
185,2014-02-12,3,4256.0,396,0,0.0,0,4599
186,2014-02-12,3,2450.0,289,0,0.0,0,2847
187,2014-02-12,3,5009.0,678,0,0.0,0,4648
188,2014-02-12,3,3498.0,341,0,0.0,0,4167
189,2014-02-12,3,6568.0,748,0,0.0,0,5562
190,2014-02-12,3,6487.0,630,0,0.0,0,5000
191,2014-02-12,3,4860.0,584,0,0.0,0,4040
192,2014-02-12,3,5591.0,444,0,0.0,0,5455
193,2014-02-12,3,3943.0,698,0,0.0,0,4552
194,2014-02-12,3,3685.0,351,0,0.0,0,3945
195,2014-02-12,3,8233.0,1162,0,0.0,0,8169
196,2014-02-12,3,4801.0,692,0,0.0,0,3980
197,2014-02-12,3,5526.0,785,0,0.0,0,4323
198,2014-02-12,3,1801.0,249,0,0.0,0,3669
199,2014-02-12,3,5744.0,487,0,0.0,0,6885
200,2014-02-12,3,6983.0,973,0,0.0,0,6425
201,2014-02-12,3,3610.0,338,0,0.0,0,1442
202,2014-02-12,3,4550.0,433,0,0.0,0,3628
203,2014-02-12,3,5908.0,910,0,0.0,0,5214
204,2014-02-12,3,4749.0,498,0,0.0,0,3448
205,2014-02-12,3,4831.0,739,0,0.0,0,5780
206,2014-02-12,3,6401.0,794,0,0.0,0,4759
207,2014-02-12,3,9071.0,1243,0,0.0,0,10232
208,2014-02-12,3,2006.0,322,0,0.0,0,2335
209,2014-02-12,3,4022.0,475,0,0.0,0,4675
210,2014-02-12,3,2396.0,257,0,0.0,0,2564
211,2014-02-12,3,10617.0,1382,0,0.0,0,9159
212,2014-02-12,3,4062.0,493,0,0.0,0,4518
213,2014-02-12,3,6006.0,587,0,0.0,0,7432
214,2014-02-12,3,6457.0,548,0,0.0,0,7391
215,2014-02-12,3,3898.0,319,0,0.0,0,4504
216,2014-02-12,3,4847.0,751,0,0.0,0,5503
217,2014-02-12,3,4340.0,614,0,0.0,0,3058
218,2014-02-12,3,4819.0,743,0,0.0,0,2082
219,2014-02-12,3,2452.0,373,0,0.0,0,1385
220,2014-02-12,3,4027.0,605,0,0.0,0,3425
221,2014-02-12,3,4293.0,479,0,0.0,0,3903
222,2014-02-12,3,4304.0,532,0,0.0,0,4127
223,2014-02-12,3,5838.0,678,0,0.0,0,3857
224,2014-02-12,3,4434.0,368,0,0.0,0,5464
225,2014-02-12,3,4367.0,468,0,0.0,0,4545
226,2014-02-12,3,5117.0,600,0,0.0,0,5543
227,2014-02-12,3,4943.0,503,0,0.0,0,4464
228,2014-02-12,3,5893.0,523,0,0.0,0,3541
229,2014-02-12,3,6271.0,596,0,0.0,0,6283
230,2014-02-12,3,5696.0,833,0,0.0,0,6290
231,2014-02-12,3,3583.0,318,0,0.0,0,4122
232,2014-02-12,3,2581.0,260,0,0.0,0,1309
233,2014-02-12,3,8269.0,994,0,0.0,0,7805
234,2014-02-12,3,8298.0,840,0,0.0,0,9269
235,2014-02-12,3,4159.0,436,0,0.0,0,6997
236,2014-02-12,3,6015.0,805,0,0.0,0,5090
237,2014-02-12,3,3990.0,544,0,0.0,0,2777
238,2014-02-12,3,6142.0,1021,0,0.0,0,3879
239,2014-02-12,3,3357.0,358,0,0.0,0,2141
240,2014-02-12,3,4381.0,448,0,0.0,0,3962
241,2014-02-12,3,5293.0,619,0,0.0,0,4194
242,2014-02-12,3,2584.0,254,0,0.0,0,3042
243,2014-02-12,3,5012.0,753,0,0.0,0,5138
244,2014-02-12,3,3419.0,442,0,0.0,0,3774
245,2014-02-12,3,8324.0,1047,0,0.0,0,6830
246,2014-02-12,3,5439.0,810,0,0.0,0,5306
247,2014-02-12,3,6251.0,547,0,0.0,0,5922
248,2014-02-12,3,6655.0,997,0,0.0,0,5020
249,2014-02-12,3,3742.0,448,0,0.0,0,4026
250,2014-02-12,3,6804.0,557,0,0.0,0,8108
251,2014-02-12,3,16607.0,2239,0,0.0,0,14721
252,2014-02-12,3,7086.0,641,0,0.0,0,7835
253,2014-02-12,3,4539.0,623,0,0.0,0,4837
254,2014-02-12,3,2173.0,208,0,0.0,0,2720
255,2014-02-12,3,4366.0,547,0,0.0,0,4396
256,2014-02-12,3,7588.0,1208,0,0.0,0,8845
257,2014-02-12,3,4039.0,566,0,0.0,0,3947
258,2014-02-12,3,4795.0,453,0,0.0,0,4373
259,2014-02-12,3,11310.0,2402,0,0.0,0,9736
260,2014-02-12,3,5660.0,828,0,0.0,0,5749
261,2014-02-12,3,9251.0,812,0,0.0,0,9275
262,2014-02-12,3,15520.0,2795,0,0.0,0,17415
263,2014-02-12,3,2738.0,311,0,0.0,0,2676
264,2014-02-12,3,5806.0,879,0,0.0,0,5793
265,2014-02-12,3,4191.0,533,0,0.0,0,9399
266,2014-02-12,3,3151.0,480,0,0.0,0,2031
267,2014-02-12,3,5911.0,800,0,0.0,0,5290
268,2014-02-12,3,4026.0,577,0,0.0,0,3514
269,2014-02-12,3,7308.0,1110,0,0.0,0,8820
270,2014-02-12,3,8012.0,1078,0,0.0,0,6823
271,2014-02-12,3,6393.0,716,0,0.0,0,6048
272,2014-02-12,3,4399.0,563,0,0.0,0,7173
273,2014-02-12,3,4586.0,569,0,0.0,0,4713
274,2014-02-12,3,3146.0,886,0,0.0,0,3601
275,2014-02-12,3,6007.0,664,0,0.0,0,5940
276,2014-02-12,3,3583.0,485,0,0.0,0,1196
277,2014-02-12,3,5373.0,458,0,0.0,0,6024
278,2014-02-12,3,5579.0,758,0,0.0,0,5717
279,2014-02-12,3,6348.0,528,0,0.0,0,6638
280,2014-02-12,3,4454.0,434,0,0.0,0,4984
281,2014-02-12,3,4410.0,446,0,0.0,0,4183
282,2014-02-12,3,3883.0,643,0,0.0,0,2172
283,2014-02-12,3,5316.0,618,0,0.0,0,5803
284,2014-02-12,3,3372.0,340,0,0.0,0,3601
285,2014-02-12,3,4387.0,405,0,0.0,0,3071
286,2014-02-12,3,3856.0,390,0,0.0,0,4943
287,2014-02-12,3,6489.0,671,0,0.0,0,6487
288,2014-02-12,3,4233.0,335,0,0.0,0,4147
289,2014-02-12,3,5044.0,512,0,0.0,0,4630
290,2014-02-12,3,4652.0,577,0,0.0,0,4912
291,2014-02-12,3,6807.0,776,0,0.0,0,5629
292,2014-02-12,3,4759.0,670,0,0.0,0,2926
293,2014-02-12,3,5125.0,741,0,0.0,0,4158
294,2014-02-12,3,5602.0,805,0,0.0,0,4985
295,2014-02-12,3,4183.0,581,0,0.0,0,4168
296,2014-02-12,3,5824.0,766,0,0.0,0,4990
297,2014-02-12,3,5827.0,680,0,0.0,0,5011
298,2014-02-12,3,6112.0,519,0,0.0,0,5704
299,2014-02-12,3,4269.0,470,0,0.0,0,4561
300,2014-02-12,3,5526.0,782,0,0.0,0,3407
301,2014-02-12,3,5089.0,592,0,0.0,0,4704
302,2014-02-12,3,2124.0,239,0,0.0,0,2675
303,2014-02-12,3,5165.0,619,0,0.0,0,5533
304,2014-02-12,3,6098.0,1048,0,0.0,0,6771
305,2014-02-12,3,3650.0,412,0,0.0,0,5579
306,2014-02-12,3,3984.0,453,0,0.0,0,3628
307,2014-02-12,3,2113.0,259,0,0.0,0,2849
308,2014-02-12,3,7871.0,848,0,0.0,0,6728
309,2014-02-12,3,4864.0,482,0,0.0,0,5122
310,2014-02-12,3,7061.0,650,0,0.0,0,5496
311,2014-02-12,3,5711.0,834,0,0.0,0,5146
312,2014-02-12,3,4016.0,453,0,0.0,0,6771
313,2014-02-12,3,5056.0,582,0,0.0,0,5262
314,2014-02-12,3,4105.0,521,0,0.0,0,4522
315,2014-02-12,3,3552.0,439,0,0.0,0,2420
316,2014-02-12,3,6918.0,706,0,0.0,0,8106
317,2014-02-12,3,3764.0,451,0,0.0,0,4096
318,2014-02-12,3,5491.0,575,0,0.0,0,4925
319,2014-02-12,3,6881.0,800,0,0.0,0,6838
320,2014-02-12,3,12334.0,1908,0,0.0,0,11892
321,2014-02-12,3,4141.0,485,0,0.0,0,6148
322,2014-02-12,3,3567.0,451,0,0.0,0,3498
323,2014-02-12,3,6478.0,567,0,0.0,0,5696
324,2014-02-12,3,4441.0,644,0,0.0,0,2193
325,2014-02-12,3,4846.0,585,0,0.0,0,5213
326,2014-02-12,3,3420.0,308,0,0.0,0,3970
327,2014-02-12,3,5757.0,804,0,0.0,0,7894
328,2014-02-12,3,4044.0,513,0,0.0,0,3013
329,2014-02-12,3,5256.0,551,0,0.0,0,5187
330,2014-02-12,3,2875.0,361,0,0.0,0,3699
331,2014-02-12,3,5977.0,836,0,0.0,0,5864
332,2014-02-12,3,3620.0,544,0,0.0,0,2730
333,2014-02-12,3,8109.0,1196,0,0.0,0,7607
334,2014-02-12,3,4491.0,519,0,0.0,0,2636
335,2014-02-12,3,13033.0,2661,0,0.0,0,12424
336,2014-02-12,3,10991.0,1756,0,0.0,0,11249
337,2014-02-12,3,4083.0,333,0,0.0,0,4110
338,2014-02-12,3,5607.0,553,0,0.0,0,5696
339,2014-02-12,3,4314.0,630,0,0.0,0,4189
340,2014-02-12,3,5290.0,678,0,0.0,0,4350
341,2014-02-12,3,4465.0,689,0,0.0,0,5824
342,2014-02-12,3,8374.0,704,0,0.0,0,7667
343,2014-02-12,3,5330.0,577,0,0.0,0,4251
344,2014-02-12,3,6016.0,957,0,0.0,0,6300
345,2014-02-12,3,3819.0,428,0,0.0,0,2328
346,2014-02-12,3,5771.0,601,0,0.0,0,4561
347,2014-02-12,3,3120.0,296,0,0.0,0,6297
348,2014-02-12,3,6492.0,609,0,0.0,0,6864
349,2014-02-12,3,6792.0,774,0,0.0,0,6552
350,2014-02-12,3,4566.0,372,0,0.0,0,4549
351,2014-02-12,3,4496.0,427,0,0.0,0,4049
352,2014-02-12,3,5325.0,550,0,0.0,0,4376
353,2014-02-12,3,5222.0,1430,0,0.0,0,3755
354,2014-02-12,3,6219.0,586,0,0.0,0,5355
355,2014-02-12,3,7815.0,1059,0,0.0,0,6396
356,2014-02-12,3,4471.0,384,0,0.0,0,4621
357,2014-02-12,3,5710.0,905,0,0.0,0,5657
358,2014-02-12,3,8146.0,983,0,0.0,0,8854
359,2014-02-12,3,5294.0,517,0,0.0,0,5971
360,2014-02-12,3,5330.0,710,0,0.0,0,6149
361,2014-02-12,3,4701.0,543,0,0.0,0,3049
362,2014-02-12,3,7073.0,1060,0,0.0,0,6519
363,2014-02-12,3,5758.0,848,0,0.0,0,5107
364,2014-02-12,3,3724.0,515,0,0.0,0,4669
365,2014-02-12,3,4006.0,518,0,0.0,0,4729
366,2014-02-12,3,5587.0,622,0,0.0,0,3461
367,2014-02-12,3,3551.0,437,0,0.0,0,5089
368,2014-02-12,3,6536.0,574,0,0.0,0,6057
369,2014-02-12,3,5649.0,493,0,0.0,0,6592
370,2014-02-12,3,5326.0,484,0,0.0,0,6174
371,2014-02-12,3,4670.0,455,0,0.0,0,4350
372,2014-02-12,3,6659.0,680,0,0.0,0,6831
373,2014-02-12,3,3678.0,287,0,0.0,0,5943
374,2014-02-12,3,6650.0,845,0,0.0,0,5734
375,2014-02-12,3,7473.0,688,0,0.0,0,7447
376,2014-02-12,3,6235.0,846,0,0.0,0,7104
377,2014-02-12,3,5694.0,833,0,0.0,0,5310
378,2014-02-12,3,5156.0,914,0,0.0,0,4178
379,2014-02-12,3,3187.0,460,0,0.0,0,3882
380,2014-02-12,3,11684.0,1268,0,0.0,0,11273
381,2014-02-12,3,7505.0,931,0,0.0,0,5055
382,2014-02-12,3,5676.0,517,0,0.0,0,5419
383,2014-02-12,3,14310.0,2008,0,0.0,0,13820
384,2014-02-12,3,7108.0,914,0,0.0,0,6042
385,2014-02-12,3,5138.0,509,0,0.0,0,5557
386,2014-02-12,3,7162.0,629,0,0.0,0,7892
387,2014-02-12,3,6672.0,1020,0,0.0,0,8251
388,2014-02-12,3,8120.0,984,0,0.0,0,8567
389,2014-02-12,3,8261.0,1188,0,0.0,0,11028
391,2014-02-12,3,4884.0,627,0,0.0,0,4928
392,2014-02-12,3,5766.0,631,0,0.0,0,6065
393,2014-02-12,3,5075.0,523,0,0.0,0,4747
394,2014-02-12,3,6300.0,562,0,0.0,0,6452
395,2014-02-12,3,2994.0,461,0,0.0,0,3400
396,2014-02-12,3,8158.0,991,0,0.0,0,7045
397,2014-02-12,3,4555.0,684,0,0.0,0,3753
398,2014-02-12,3,3795.0,491,0,0.0,0,3900
399,2014-02-12,3,4349.0,504,0,0.0,0,3046
400,2014-02-12,3,7323.0,1094,0,0.0,0,6824
401,2014-02-12,3,5790.0,649,0,0.0,0,4161
402,2014-02-12,3,4259.0,489,0,0.0,0,5554
403,2014-02-12,3,5965.0,670,0,0.0,0,6699
404,2014-02-12,3,4756.0,609,0,0.0,0,4675
405,2014-02-12,3,2913.0,367,0,0.0,0,3810
406,2014-02-12,3,4868.0,389,0,0.0,0,5367
407,2014-02-12,3,2673.0,242,0,0.0,0,2526
408,2014-02-12,3,3279.0,368,0,0.0,0,3267
409,2014-02-12,3,3658.0,431,0,0.0,0,1052
410,2014-02-12,3,4916.0,734,0,0.0,0,4766
411,2014-02-12,3,7003.0,575,0,0.0,0,7089
412,2014-02-12,3,6627.0,506,0,0.0,0,6898
413,2014-02-12,3,5715.0,812,0,0.0,0,6161
414,2014-02-12,3,4685.0,410,0,0.0,0,4589
415,2014-02-12,3,4649.0,439,0,0.0,0,5713
416,2014-02-12,3,8324.0,1245,0,0.0,0,8542
417,2014-02-12,3,6546.0,764,0,0.0,0,6065
418,2014-02-12,3,4426.0,524,0,0.0,0,4181
419,2014-02-12,3,4246.0,752,0,0.0,0,3503
420,2014-02-12,3,3378.0,358,0,0.0,0,3344
421,2014-02-12,3,6581.0,754,0,0.0,0,6200
422,2014-02-12,3,3850.0,436,0,0.0,0,2703
423,2014-02-12,3,7723.0,1566,0,0.0,0,8879
424,2014-02-12,3,5415.0,673,0,0.0,0,8358
425,2014-02-12,3,3090.0,411,0,0.0,0,1870
426,2014-02-12,3,4195.0,628,0,0.0,0,3796
427,2014-02-12,3,5205.0,650,0,0.0,0,7154
428,2014-02-12,3,4573.0,392,0,0.0,0,5517
429,2014-02-12,3,3624.0,324,0,0.0,0,5139
430,2014-02-12,3,6733.0,592,0,0.0,0,6719
431,2014-02-12,3,7089.0,852,0,0.0,0,8591
432,2014-02-12,3,9393.0,1466,0,0.0,0,8274
433,2014-02-12,3,4576.0,544,0,0.0,0,4875
434,2014-02-12,3,7085.0,595,0,0.0,0,7921
435,2014-02-12,3,3190.0,413,0,0.0,0,3987
436,2014-02-12,3,4416.0,555,0,0.0,0,6082
437,2014-02-12,3,4734.0,502,0,0.0,0,4582
438,2014-02-12,3,4160.0,472,0,0.0,0,5177
439,2014-02-12,3,5457.0,742,0,0.0,0,5397
440,2014-02-12,3,4114.0,569,0,0.0,0,3591
441,2014-02-12,3,4111.0,554,0,0.0,0,5255
442,2014-02-12,3,2900.0,398,0,0.0,0,4467
443,2014-02-12,3,4467.0,434,0,0.0,0,5307
444,2014-02-12,3,8766.0,1057,0,0.0,0,8639
445,2014-02-12,3,6374.0,1080,0,0.0,0,6886
446,2014-02-12,3,4305.0,622,0,0.0,0,2858
447,2014-02-12,3,4556.0,565,0,0.0,0,6616
448,2014-02-12,3,7425.0,736,0,0.0,0,6326
449,2014-02-12,3,9140.0,1419,0,0.0,0,7310
450,2014-02-12,3,5562.0,790,0,0.0,0,5345
451,2014-02-12,3,4391.0,407,0,0.0,0,4313
452,2014-02-12,3,3631.0,398,0,0.0,0,4575
453,2014-02-12,3,5964.0,764,0,0.0,0,4501
454,2014-02-12,3,5338.0,735,0,0.0,0,3373
455,2014-02-12,3,6116.0,405,0,0.0,0,4935
456,2014-02-12,3,4907.0,832,0,0.0,0,5044
457,2014-02-12,3,3855.0,377,0,0.0,0,4180
458,2014-02-12,3,5616.0,578,0,0.0,0,5967
459,2014-02-12,3,7087.0,1041,0,0.0,0,6659
460,2014-02-12,3,2838.0,277,0,0.0,0,835
461,2014-02-12,3,3435.0,394,0,0.0,0,3733
462,2014-02-12,3,4158.0,592,0,0.0,0,4908
463,2014-02-12,3,5175.0,887,0,0.0,0,1768
464,2014-02-12,3,8017.0,1044,0,0.0,0,7510
465,2014-02-12,3,5123.0,478,0,0.0,0,5238
466,2014-02-12,3,6213.0,728,0,0.0,0,5233
467,2014-02-12,3,11040.0,1483,0,0.0,0,9315
468,2014-02-12,3,4818.0,617,0,0.0,0,6063
469,2014-02-12,3,8731.0,1232,0,0.0,0,8901
470,2014-02-12,3,9561.0,1431,0,0.0,0,9117
471,2014-02-12,3,6140.0,518,0,0.0,0,6850
472,2014-02-12,3,4240.0,638,0,0.0,0,4182
473,2014-02-12,3,2698.0,412,0,0.0,0,1112
474,2014-02-12,3,6614.0,719,0,0.0,0,5501
475,2014-02-12,3,4704.0,772,0,0.0,0,4260
476,2014-02-12,3,4870.0,630,0,0.0,0,4516
477,2014-02-12,3,4212.0,310,0,0.0,0,4763
478,2014-02-12,3,5373.0,643,0,0.0,0,5401
479,2014-02-12,3,9155.0,1135,0,0.0,0,8857
480,2014-02-12,3,4848.0,659,0,0.0,0,4045
481,2014-02-12,3,3874.0,409,0,0.0,0,5121
482,2014-02-12,3,5897.0,736,0,0.0,0,6058
483,2014-02-12,3,3853.0,587,0,0.0,0,2323
484,2014-02-12,3,5135.0,569,0,0.0,0,5462
485,2014-02-12,3,3589.0,343,0,0.0,0,2263
486,2014-02-12,3,3454.0,448,0,0.0,0,4417
487,2014-02-12,3,4812.0,544,0,0.0,0,4561
488,2014-02-12,3,2716.0,346,0,0.0,0,3176
489,2014-02-12,3,5744.0,598,0,0.0,0,5869
490,2014-02-12,3,6918.0,986,0,0.0,0,5440
491,2014-02-12,3,4359.0,432,0,0.0,0,4263
492,2014-02-12,3,6035.0,971,0,0.0,0,6566
493,2014-02-12,3,5469.0,684,0,0.0,0,6453
494,2014-02-12,3,6103.0,973,0,0.0,0,5904
495,2014-02-12,3,3187.0,297,0,0.0,0,5116
496,2014-02-12,3,5761.0,706,0,0.0,0,5845
497,2014-02-12,3,8155.0,1087,0,0.0,0,6844
498,2014-02-12,3,5845.0,797,0,0.0,0,5382
499,2014-02-12,3,3855.0,627,0,0.0,0,5057
500,2014-02-12,3,3901.0,319,0,0.0,0,4970
501,2014-02-12,3,4398.0,594,0,0.0,0,2850
502,2014-02-12,3,8459.0,1338,0,0.0,0,8197
503,2014-02-12,3,3964.0,334,0,0.0,0,4441
504,2014-02-12,3,5232.0,839,0,0.0,0,4915
505,2014-02-12,3,4032.0,555,0,0.0,0,5897
506,2014-02-12,3,6459.0,850,0,0.0,0,6411
507,2014-02-12,3,5566.0,525,0,0.0,0,6672
508,2014-02-12,3,5326.0,641,0,0.0,0,6260
509,2014-02-12,3,5044.0,518,0,0.0,0,4345
510,2014-02-12,3,7154.0,857,0,0.0,0,5731
511,2014-02-12,3,5015.0,789,0,0.0,0,5115
512,2014-02-12,3,4610.0,1237,0,0.0,0,5148
513,2014-02-12,3,14876.0,1834,0,0.0,0,14975
514,2014-02-12,3,4568.0,526,0,0.0,0,4065
515,2014-02-12,3,6715.0,602,0,0.0,0,7927
516,2014-02-12,3,4513.0,664,0,0.0,0,6141
517,2014-02-12,3,4555.0,578,0,0.0,0,3805
518,2014-02-12,3,4015.0,425,0,0.0,0,4250
519,2014-02-12,3,3371.0,415,0,0.0,0,3544
520,2014-02-12,3,3026.0,379,0,0.0,0,4034
521,2014-02-12,3,3141.0,308,0,0.0,0,5320
522,2014-02-12,3,6093.0,530,0,0.0,0,5955
523,2014-02-12,3,10705.0,1438,0,0.0,0,9869
524,2014-02-12,3,6558.0,753,0,0.0,0,6129
525,2014-02-12,3,7917.0,760,0,0.0,0,7145
526,2014-02-12,3,8460.0,1276,0,0.0,0,9314
527,2014-02-12,3,8963.0,936,0,0.0,0,7431
528,2014-02-12,3,7744.0,796,0,0.0,0,8171
529,2014-02-12,3,6237.0,666,0,0.0,0,5900
530,2014-02-12,3,1826.0,266,0,0.0,0,1458
531,2014-02-12,3,3946.0,553,0,0.0,0,3782
532,2014-02-12,3,9136.0,1178,0,0.0,0,8287
533,2014-02-12,3,7664.0,818,0,0.0,0,7613
534,2014-02-12,3,5314.0,428,0,0.0,0,4481
535,2014-02-12,3,7162.0,903,0,0.0,0,3239
536,2014-02-12,3,6446.0,776,0,0.0,0,7149
537,2014-02-12,3,5023.0,581,0,0.0,0,3818
538,2014-02-12,3,3290.0,551,0,0.0,0,6283
539,2014-02-12,3,9004.0,963,0,0.0,0,10106
540,2014-02-12,3,3928.0,342,0,0.0,0,3553
541,2014-02-12,3,5300.0,759,0,0.0,0,4832
542,2014-02-12,3,4578.0,488,0,0.0,0,4800
543,2014-02-12,3,1806.0,187,0,0.0,0,2080
544,2014-02-12,3,10545.0,1531,0,0.0,0,11017
545,2014-02-12,3,8203.0,952,0,0.0,0,8604
546,2014-02-12,3,10432.0,1396,0,0.0,0,9184
547,2014-02-12,3,4065.0,341,0,0.0,0,765
548,2014-02-12,3,3435.0,312,0,0.0,0,5126
549,2014-02-12,3,4120.0,550,0,0.0,0,3560
550,2014-02-12,3,4660.0,405,0,0.0,0,4867
551,2014-02-12,3,5604.0,923,0,0.0,0,3788
552,2014-02-12,3,5317.0,585,0,0.0,0,3738
553,2014-02-12,3,4942.0,495,0,0.0,0,4875
554,2014-02-12,3,3456.0,523,0,0.0,0,3121
555,2014-02-12,3,3371.0,346,0,0.0,0,5117
556,2014-02-12,3,6053.0,769,0,0.0,0,5716
557,2014-02-12,3,3630.0,651,0,0.0,0,3142
558,2014-02-12,3,2538.0,423,0,0.0,0,1943
559,2014-02-12,3,4943.0,741,0,0.0,0,3112
560,2014-02-12,3,10556.0,1378,0,0.0,0,10562
561,2014-02-12,3,5453.0,604,0,0.0,0,5774
562,2014-02-12,3,17255.0,3071,0,0.0,0,17411
563,2014-02-12,3,4703.0,678,0,0.0,0,6411
564,2014-02-12,3,4121.0,369,0,0.0,0,3233
565,2014-02-12,3,5935.0,834,0,0.0,0,5314
566,2014-02-12,3,3388.0,458,0,0.0,0,3381
567,2014-02-12,3,4055.0,632,0,0.0,0,4919
568,2014-02-12,3,3523.0,355,0,0.0,0,3283
569,2014-02-12,3,4024.0,654,0,0.0,0,4476
570,2014-02-12,3,3921.0,606,0,0.0,0,3986
571,2014-02-12,3,5129.0,421,0,0.0,0,4886
572,2014-02-12,3,5055.0,481,0,0.0,0,6564
573,2014-02-12,3,3084.0,281,0,0.0,0,4706
574,2014-02-12,3,6922.0,555,0,0.0,0,5531
575,2014-02-12,3,3418.0,389,0,0.0,0,3871
576,2014-02-12,3,5049.0,815,0,0.0,0,4960
577,2014-02-12,3,3807.0,533,0,0.0,0,3941
578,2014-02-12,3,5398.0,547,0,0.0,0,5614
579,2014-02-12,3,6006.0,734,0,0.0,0,6469
580,2014-02-12,3,7706.0,1382,0,0.0,0,7027
581,2014-02-12,3,4257.0,581,0,0.0,0,3625
582,2014-02-12,3,4996.0,737,0,0.0,0,4392
583,2014-02-12,3,3716.0,378,0,0.0,0,2749
584,2014-02-12,3,3698.0,384,0,0.0,0,4218
585,2014-02-12,3,5183.0,893,0,0.0,0,4801
586,2014-02-12,3,12692.0,2142,0,0.0,0,10744
587,2014-02-12,3,6644.0,528,0,0.0,0,7264
588,2014-02-12,3,4552.0,566,0,0.0,0,4450
589,2014-02-12,3,3988.0,498,0,0.0,0,4040
590,2014-02-12,3,3955.0,334,0,0.0,0,4258
591,2014-02-12,3,4942.0,466,0,0.0,0,1876
592,2014-02-12,3,3420.0,507,0,0.0,0,2735
593,2014-02-12,3,7277.0,1011,0,0.0,0,6891
594,2014-02-12,3,3996.0,452,0,0.0,0,4049
595,2014-02-12,3,11532.0,1487,0,0.0,0,11760
596,2014-02-12,3,3554.0,600,0,0.0,0,2759
597,2014-02-12,3,4124.0,657,0,0.0,0,4524
598,2014-02-12,3,3796.0,619,0,0.0,0,5435
599,2014-02-12,3,6832.0,721,0,0.0,0,7256
600,2014-02-12,3,4947.0,499,0,0.0,0,6042
601,2014-02-12,3,3328.0,328,0,0.0,0,4734
602,2014-02-12,3,5139.0,565,0,0.0,0,4965
603,2014-02-12,3,5566.0,929,0,0.0,0,5577
604,2014-02-12,3,6562.0,507,0,0.0,0,7012
605,2014-02-12,3,5325.0,417,0,0.0,0,5687
606,2014-02-12,3,5065.0,599,0,0.0,0,4251
607,2014-02-12,3,2623.0,334,0,0.0,0,2268
608,2014-02-12,3,7086.0,805,0,0.0,0,6823
609,2014-02-12,3,3862.0,479,0,0.0,0,4455
610,2014-02-12,3,3434.0,476,0,0.0,0,3862
611,2014-02-12,3,4832.0,421,0,0.0,0,4126
612,2014-02-12,3,4672.0,330,0,0.0,0,5468
613,2014-02-12,3,5313.0,874,0,0.0,0,5185
614,2014-02-12,3,5583.0,807,0,0.0,0,4355
615,2014-02-12,3,7588.0,1084,0,0.0,0,8288
616,2014-02-12,3,7094.0,791,0,0.0,0,6241
617,2014-02-12,3,5598.0,555,0,0.0,0,4515
618,2014-02-12,3,4330.0,401,0,0.0,0,6628
619,2014-02-12,3,3535.0,394,0,0.0,0,3288
620,2014-02-12,3,5831.0,576,0,0.0,0,7514
621,2014-02-12,3,4748.0,712,0,0.0,0,4842
622,2014-02-12,3,3644.0,426,0,0.0,0,4139
623,2014-02-12,3,6102.0,823,0,0.0,0,5998
624,2014-02-12,3,6303.0,659,0,0.0,0,6074
625,2014-02-12,3,5086.0,565,0,0.0,0,4565
626,2014-02-12,3,6800.0,647,0,0.0,0,7859
627,2014-02-12,3,5111.0,573,0,0.0,0,4878
628,2014-02-12,3,5455.0,749,0,0.0,0,5451
629,2014-02-12,3,6221.0,620,0,0.0,0,6284
630,2014-02-12,3,6751.0,847,0,0.0,0,8024
631,2014-02-12,3,4111.0,560,0,0.0,0,4182
632,2014-02-12,3,5371.0,798,0,0.0,0,4819
633,2014-02-12,3,5335.0,437,0,0.0,0,5881
634,2014-02-12,3,5440.0,572,0,0.0,0,4958
635,2014-02-12,3,4331.0,505,0,0.0,0,6082
636,2014-02-12,3,3858.0,533,0,0.0,0,2106
637,2014-02-12,3,6554.0,582,0,0.0,0,6083
638,2014-02-12,3,4733.0,424,0,0.0,0,4992
639,2014-02-12,3,3477.0,424,0,0.0,0,5033
640,2014-02-12,3,8392.0,722,0,0.0,0,5938
641,2014-02-12,3,4636.0,479,0,0.0,0,5788
642,2014-02-12,3,3549.0,510,0,0.0,0,2923
643,2014-02-12,3,6500.0,912,0,0.0,0,7053
644,2014-02-12,3,6836.0,835,0,0.0,0,6728
645,2014-02-12,3,8206.0,1150,0,0.0,0,9341
646,2014-02-12,3,4214.0,633,0,0.0,0,3672
647,2014-02-12,3,4510.0,622,0,0.0,0,4611
648,2014-02-12,3,4555.0,487,0,0.0,0,3159
649,2014-02-12,3,3281.0,384,0,0.0,0,3226
650,2014-02-12,3,4794.0,557,0,0.0,0,4715
651,2014-02-12,3,6570.0,812,0,0.0,0,5705
652,2014-02-12,3,4460.0,523,0,0.0,0,5073
653,2014-02-12,3,4344.0,417,0,0.0,0,2972
654,2014-02-12,3,5697.0,696,0,0.0,0,3906
655,2014-02-12,3,5985.0,564,0,0.0,0,7197
656,2014-02-12,3,2748.0,337,0,0.0,0,2313
657,2014-02-12,3,4576.0,651,0,0.0,0,4163
658,2014-02-12,3,5019.0,555,0,0.0,0,6692
659,2014-02-12,3,5148.0,717,0,0.0,0,5906
660,2014-02-12,3,3394.0,429,0,0.0,0,3156
661,2014-02-12,3,6506.0,550,0,0.0,0,6636
662,2014-02-12,3,6356.0,640,0,0.0,0,7336
663,2014-02-12,3,4025.0,646,0,0.0,0,4498
664,2014-02-12,3,3545.0,507,0,0.0,0,3409
665,2014-02-12,3,7323.0,1261,0,0.0,0,5678
666,2014-02-12,3,4428.0,485,0,0.0,0,5336
667,2014-02-12,3,6005.0,630,0,0.0,0,6493
668,2014-02-12,3,7109.0,1026,0,0.0,0,5935
669,2014-02-12,3,3172.0,298,0,0.0,0,2879
670,2014-02-12,3,5076.0,611,0,0.0,0,4524
671,2014-02-12,3,4322.0,526,0,0.0,0,4008
672,2014-02-12,3,6085.0,1124,0,0.0,0,4646
673,2014-02-12,3,5243.0,507,0,0.0,0,4766
674,2014-02-12,3,6503.0,967,0,0.0,0,6116
675,2014-02-12,3,3043.0,379,0,0.0,0,3018
676,2014-02-12,3,6288.0,1568,0,0.0,0,6980
677,2014-02-12,3,6220.0,581,0,0.0,0,6757
678,2014-02-12,3,5174.0,732,0,0.0,0,6243
679,2014-02-12,3,8056.0,1007,0,0.0,0,9109
680,2014-02-12,3,4578.0,763,0,0.0,0,3435
681,2014-02-12,3,2476.0,449,0,0.0,0,2681
682,2014-02-12,3,10282.0,1729,0,0.0,0,9592
683,2014-02-12,3,7935.0,873,0,0.0,0,6205
684,2014-02-12,3,5409.0,455,0,0.0,0,5615
685,2014-02-12,3,4857.0,543,0,0.0,0,4896
686,2014-02-12,3,4907.0,668,0,0.0,0,4958
687,2014-02-12,3,6639.0,665,0,0.0,0,4945
688,2014-02-12,3,3173.0,337,0,0.0,0,3599
689,2014-02-12,3,5125.0,619,0,0.0,0,5627
690,2014-02-12,3,4847.0,831,0,0.0,0,5301
691,2014-02-12,3,5974.0,491,0,0.0,0,7179
692,2014-02-12,3,5134.0,748,0,0.0,0,5484
693,2014-02-12,3,3998.0,367,0,0.0,0,5620
694,2014-02-12,3,5958.0,635,0,0.0,0,6247
695,2014-02-12,3,3642.0,396,0,0.0,0,4076
696,2014-02-12,3,6427.0,912,0,0.0,0,5574
697,2014-02-12,3,8568.0,892,0,0.0,0,8663
698,2014-02-12,3,13856.0,1856,0,0.0,0,13844
699,2014-02-12,3,6706.0,871,0,0.0,0,6822
700,2014-02-12,3,3426.0,520,0,0.0,0,2891
701,2014-02-12,3,4375.0,537,0,0.0,0,3047
702,2014-02-12,3,3058.0,273,0,0.0,0,2470
703,2014-02-12,3,2895.0,343,0,0.0,0,3069
704,2014-02-12,3,8615.0,1005,0,0.0,0,7944
705,2014-02-12,3,6355.0,891,0,0.0,0,5644
706,2014-02-12,3,3918.0,416,0,0.0,0,4880
707,2014-02-12,3,6894.0,844,0,0.0,0,7179
708,2014-02-12,3,3539.0,407,0,0.0,0,2785
709,2014-02-12,3,9577.0,1415,0,0.0,0,7771
710,2014-02-12,3,3516.0,306,0,0.0,0,2960
711,2014-02-12,3,5419.0,442,0,0.0,0,4782
712,2014-02-12,3,5234.0,482,0,0.0,0,5509
713,2014-02-12,3,8282.0,1212,0,0.0,0,8118
714,2014-02-12,3,3201.0,276,0,0.0,0,5552
715,2014-02-12,3,5465.0,689,0,0.0,0,4252
716,2014-02-12,3,3885.0,347,0,0.0,0,7046
717,2014-02-12,3,3641.0,475,0,0.0,0,4403
718,2014-02-12,3,6438.0,805,0,0.0,0,5560
719,2014-02-12,3,4477.0,383,0,0.0,0,3669
720,2014-02-12,3,6495.0,711,0,0.0,0,5246
721,2014-02-12,3,5968.0,710,0,0.0,0,5838
722,2014-02-12,3,8629.0,1509,0,0.0,0,8012
723,2014-02-12,3,5051.0,443,0,0.0,0,4946
724,2014-02-12,3,5467.0,628,0,0.0,0,5490
725,2014-02-12,3,4566.0,508,0,0.0,0,5951
726,2014-02-12,3,9589.0,1095,0,0.0,0,10530
727,2014-02-12,3,3683.0,423,0,0.0,0,3515
728,2014-02-12,3,3457.0,358,0,0.0,0,3310
729,2014-02-12,3,8003.0,944,0,0.0,0,9238
730,2014-02-12,3,6234.0,886,0,0.0,0,5765
731,2014-02-12,3,7109.0,901,0,0.0,0,5829
732,2014-02-12,3,3799.0,484,0,0.0,0,6158
733,2014-02-12,3,13010.0,3236,0,0.0,0,10799
734,2014-02-12,3,4291.0,502,0,0.0,0,4366
735,2014-02-12,3,3543.0,440,0,0.0,0,4061
736,2014-02-12,3,3796.0,409,0,0.0,0,3222
737,2014-02-12,3,5389.0,844,0,0.0,0,5275
738,2014-02-12,3,6434.0,582,0,0.0,0,6353
739,2014-02-12,3,7309.0,622,0,0.0,0,6404
740,2014-02-12,3,5263.0,412,0,0.0,0,5889
741,2014-02-12,3,6821.0,875,0,0.0,0,4785
742,2014-02-12,3,6109.0,740,0,0.0,0,7442
743,2014-02-12,3,2878.0,383,0,0.0,0,3462
744,2014-02-12,3,6250.0,760,0,0.0,0,4933
745,2014-02-12,3,6290.0,736,0,0.0,0,5344
746,2014-02-12,3,3977.0,379,0,0.0,0,4910
747,2014-02-12,3,5948.0,625,0,0.0,0,5731
748,2014-02-12,3,3901.0,374,0,0.0,0,4536
749,2014-02-12,3,4626.0,686,0,0.0,0,12842
750,2014-02-12,3,3799.0,340,0,0.0,0,4964
751,2014-02-12,3,3761.0,547,0,0.0,0,2757
752,2014-02-12,3,4024.0,386,0,0.0,0,3395
753,2014-02-12,3,6500.0,656,0,0.0,0,7103
754,2014-02-12,3,5483.0,764,0,0.0,0,5330
755,2014-02-12,3,8212.0,744,0,0.0,0,8026
756,2014-02-12,3,12616.0,1929,0,0.0,0,13057
757,2014-02-12,3,4517.0,495,0,0.0,0,5275
758,2014-02-12,3,4278.0,646,0,0.0,0,3342
759,2014-02-12,3,5464.0,736,0,0.0,0,4615
760,2014-02-12,3,6676.0,1059,0,0.0,0,6589
761,2014-02-12,3,7573.0,942,0,0.0,0,6868
762,2014-02-12,3,1935.0,271,0,0.0,0,2693
763,2014-02-12,3,4500.0,466,0,0.0,0,3879
764,2014-02-12,3,2992.0,382,0,0.0,0,2752
765,2014-02-12,3,6736.0,655,0,0.0,0,6323
766,2014-02-12,3,4934.0,476,0,0.0,0,5434
767,2014-02-12,3,4577.0,558,0,0.0,0,6713
768,2014-02-12,3,10240.0,1185,0,0.0,0,9960
769,2014-02-12,3,9514.0,2906,0,0.0,0,8124
770,2014-02-12,3,5507.0,690,0,0.0,0,6345
771,2014-02-12,3,5252.0,652,0,0.0,0,5548
772,2014-02-12,3,3059.0,449,0,0.0,0,1661
773,2014-02-12,3,6395.0,781,0,0.0,0,4672
774,2014-02-12,3,4994.0,744,0,0.0,0,4533
775,2014-02-12,3,7418.0,555,0,0.0,0,4658
776,2014-02-12,3,3484.0,442,0,0.0,0,3659
777,2014-02-12,3,2664.0,272,0,0.0,0,3613
778,2014-02-12,3,4895.0,704,0,0.0,0,4165
779,2014-02-12,3,5568.0,627,0,0.0,0,4273
780,2014-02-12,3,4812.0,663,0,0.0,0,5183
781,2014-02-12,3,3799.0,659,0,0.0,0,4802
782,2014-02-12,3,3876.0,442,0,0.0,0,4425
783,2014-02-12,3,5001.0,592,0,0.0,0,5126
784,2014-02-12,3,6195.0,798,0,0.0,0,5875
785,2014-02-12,3,3780.0,385,0,0.0,0,7798
786,2014-02-12,3,3063.0,534,0,0.0,0,1911
787,2014-02-12,3,9107.0,1047,0,0.0,0,9288
788,2014-02-12,3,16544.0,1728,0,0.0,0,14380
789,2014-02-12,3,3286.0,459,0,0.0,0,2076
790,2014-02-12,3,5492.0,560,0,0.0,0,5331
791,2014-02-12,3,5886.0,710,0,0.0,0,5393
792,2014-02-12,3,4952.0,576,0,0.0,0,5384
793,2014-02-12,3,2512.0,308,0,0.0,0,3078
794,2014-02-12,3,3001.0,509,0,0.0,0,2424
795,2014-02-12,3,2932.0,404,0,0.0,0,4517
796,2014-02-12,3,5711.0,620,0,0.0,0,5388
797,2014-02-12,3,2561.0,288,0,0.0,0,5873
798,2014-02-12,3,7040.0,965,0,0.0,0,6222
799,2014-02-12,3,8459.0,839,0,0.0,0,8007
800,2014-02-12,3,4598.0,446,0,0.0,0,4729
801,2014-02-12,3,3388.0,400,0,0.0,0,1931
802,2014-02-12,3,5073.0,466,0,0.0,0,5138
803,2014-02-12,3,4157.0,405,0,0.0,0,3881
804,2014-02-12,3,4153.0,371,0,0.0,0,4618
805,2014-02-12,3,3875.0,428,0,0.0,0,4746
806,2014-02-12,3,4502.0,414,0,0.0,0,5340
807,2014-02-12,3,8311.0,919,0,0.0,0,7543
808,2014-02-12,3,6301.0,585,0,0.0,0,4991
809,2014-02-12,3,7213.0,674,0,0.0,0,6694
810,2014-02-12,3,4556.0,426,0,0.0,0,3754
811,2014-02-12,3,3800.0,680,0,0.0,0,5645
812,2014-02-12,3,5615.0,741,0,0.0,0,5048
813,2014-02-12,3,5005.0,625,0,0.0,0,4742
814,2014-02-12,3,6565.0,565,0,0.0,0,6611
815,2014-02-12,3,7234.0,783,0,0.0,0,11087
816,2014-02-12,3,4110.0,678,0,0.0,0,3948
817,2014-02-12,3,20459.0,3208,0,0.0,0,17856
818,2014-02-12,3,4509.0,544,0,0.0,0,4802
819,2014-02-12,3,4939.0,491,0,0.0,0,4746
820,2014-02-12,3,9427.0,980,0,0.0,0,7936
821,2014-02-12,3,5859.0,817,0,0.0,0,5430
822,2014-02-12,3,5556.0,529,0,0.0,0,6128
823,2014-02-12,3,4296.0,502,0,0.0,0,5126
824,2014-02-12,3,6324.0,913,0,0.0,0,6220
825,2014-02-12,3,3102.0,401,0,0.0,0,3298
826,2014-02-12,3,7175.0,716,0,0.0,0,5374
827,2014-02-12,3,8649.0,1214,0,0.0,0,8728
828,2014-02-12,3,4221.0,569,0,0.0,0,4226
829,2014-02-12,3,4532.0,674,0,0.0,0,3203
830,2014-02-12,3,5469.0,578,0,0.0,0,4374
831,2014-02-12,3,10358.0,1500,0,0.0,0,12523
832,2014-02-12,3,4303.0,450,0,0.0,0,3378
833,2014-02-12,3,4547.0,463,0,0.0,0,4560
834,2014-02-12,3,4440.0,563,0,0.0,0,4732
835,2014-02-12,3,4031.0,611,0,0.0,0,6108
836,2014-02-12,3,5298.0,726,0,0.0,0,4112
838,2014-02-12,3,7132.0,797,0,0.0,0,6629
839,2014-02-12,3,4607.0,639,0,0.0,0,3555
840,2014-02-12,3,6837.0,1070,0,0.0,0,5863
841,2014-02-12,3,2716.0,417,0,0.0,0,1950
842,2014-02-12,3,15246.0,962,0,0.0,0,16174
843,2014-02-12,3,7141.0,929,0,0.0,0,6431
844,2014-02-12,3,3732.0,462,0,0.0,0,3691
845,2014-02-12,3,3386.0,271,0,0.0,0,4613
846,2014-02-12,3,6777.0,728,0,0.0,0,5593
847,2014-02-12,3,5463.0,912,0,0.0,0,2629
848,2014-02-12,3,4770.0,646,0,0.0,0,6246
849,2014-02-12,3,6610.0,823,0,0.0,0,6713
850,2014-02-12,3,5008.0,545,0,0.0,0,5120
851,2014-02-12,3,4752.0,430,0,0.0,0,4228
852,2014-02-12,3,3529.0,560,0,0.0,0,5681
853,2014-02-12,3,7964.0,963,0,0.0,0,6898
854,2014-02-12,3,4727.0,594,0,0.0,0,5041
855,2014-02-12,3,4464.0,525,0,0.0,0,4495
856,2014-02-12,3,5433.0,875,0,0.0,0,5743
857,2014-02-12,3,5753.0,789,0,0.0,0,6572
858,2014-02-12,3,3850.0,390,0,0.0,0,3317
859,2014-02-12,3,5826.0,625,0,0.0,0,5784
860,2014-02-12,3,4176.0,596,0,0.0,0,4445
861,2014-02-12,3,2855.0,520,0,0.0,0,3078
862,2014-02-12,3,7105.0,1072,0,0.0,0,5186
863,2014-02-12,3,6675.0,875,0,0.0,0,4522
864,2014-02-12,3,3444.0,568,0,0.0,0,4531
865,2014-02-12,3,5835.0,540,0,0.0,0,5217
866,2014-02-12,3,4824.0,367,0,0.0,0,5273
867,2014-02-12,3,2747.0,296,0,0.0,0,3461
868,2014-02-12,3,7369.0,547,0,0.0,0,6326
869,2014-02-12,3,4285.0,744,0,0.0,0,2719
870,2014-02-12,3,6329.0,876,0,0.0,0,4835
871,2014-02-12,3,4150.0,366,0,0.0,0,4686
872,2014-02-12,3,7140.0,791,0,0.0,0,7774
873,2014-02-12,3,3853.0,509,0,0.0,0,3323
874,2014-02-12,3,3316.0,408,0,0.0,0,3955
875,2014-02-12,3,3534.0,367,0,0.0,0,3911
876,2014-02-12,3,7437.0,953,0,0.0,0,7806
877,2014-02-12,3,5353.0,872,0,0.0,0,8069
878,2014-02-12,3,7942.0,847,0,0.0,0,6855
879,2014-02-12,3,2736.0,274,0,0.0,0,3878
880,2014-02-12,3,6009.0,745,0,0.0,0,5494
881,2014-02-12,3,3585.0,606,0,0.0,0,2944
882,2014-02-12,3,5216.0,726,0,0.0,0,4858
883,2014-02-12,3,3707.0,441,0,0.0,0,3432
884,2014-02-12,3,3975.0,426,0,0.0,0,4068
885,2014-02-12,3,4771.0,646,0,0.0,0,6268
886,2014-02-12,3,5262.0,576,0,0.0,0,6393
887,2014-02-12,3,4977.0,460,0,0.0,0,4688
888,2014-02-12,3,5425.0,581,0,0.0,0,6869
889,2014-02-12,3,3370.0,410,0,0.0,0,2211
890,2014-02-12,3,3871.0,324,0,0.0,0,3776
891,2014-02-12,3,6337.0,982,0,0.0,0,6423
892,2014-02-12,3,6180.0,668,0,0.0,0,5545
893,2014-02-12,3,5547.0,791,0,0.0,0,4451
894,2014-02-12,3,6378.0,945,0,0.0,0,7310
895,2014-02-12,3,7281.0,757,0,0.0,0,7340
896,2014-02-12,3,5895.0,964,0,0.0,0,4589
897,2014-02-12,3,2152.0,265,0,0.0,0,2553
898,2014-02-12,3,5645.0,701,0,0.0,0,4437
899,2014-02-12,3,4167.0,517,0,0.0,0,3814
900,2014-02-12,3,4774.0,488,0,0.0,0,4930
901,2014-02-12,3,6146.0,571,0,0.0,0,5922
902,2014-02-12,3,4400.0,599,0,0.0,0,3674
903,2014-02-12,3,8402.0,654,0,0.0,0,8631
904,2014-02-12,3,4282.0,426,0,0.0,0,4139
905,2014-02-12,3,8408.0,1398,0,0.0,0,8012
906,2014-02-12,3,9061.0,1180,0,0.0,0,8018
907,2014-02-12,3,5117.0,698,0,0.0,0,5069
908,2014-02-12,3,3365.0,316,0,0.0,0,3708
909,2014-02-12,3,7665.0,838,0,0.0,0,8852
910,2014-02-12,3,3789.0,461,0,0.0,0,3842
911,2014-02-12,3,7674.0,812,0,0.0,0,7451
912,2014-02-12,3,4738.0,653,0,0.0,0,7946
913,2014-02-12,3,6474.0,1004,0,0.0,0,6909
914,2014-02-12,3,7196.0,1039,0,0.0,0,7686
915,2014-02-12,3,3672.0,352,0,0.0,0,4715
916,2014-02-12,3,4124.0,610,0,0.0,0,4760
917,2014-02-12,3,5634.0,688,0,0.0,0,4606
918,2014-02-12,3,4463.0,568,0,0.0,0,2811
919,2014-02-12,3,4625.0,641,0,0.0,0,4524
920,2014-02-12,3,4382.0,497,0,0.0,0,4120
921,2014-02-12,3,8656.0,1064,0,0.0,0,7506
922,2014-02-12,3,6205.0,639,0,0.0,0,5083
923,2014-02-12,3,4630.0,603,0,0.0,0,4251
924,2014-02-12,3,3586.0,410,0,0.0,0,3537
925,2014-02-12,3,5527.0,1055,0,0.0,0,5595
926,2014-02-12,3,4736.0,431,0,0.0,0,3902
927,2014-02-12,3,4916.0,774,0,0.0,0,4587
928,2014-02-12,3,5134.0,517,0,0.0,0,6193
929,2014-02-12,3,5142.0,721,0,0.0,0,4501
930,2014-02-12,3,4811.0,909,0,0.0,0,7108
931,2014-02-12,3,2634.0,349,0,0.0,0,3207
932,2014-02-12,3,6121.0,679,0,0.0,0,7425
933,2014-02-12,3,6166.0,913,0,0.0,0,5525
934,2014-02-12,3,5400.0,650,0,0.0,0,4810
935,2014-02-12,3,4667.0,580,0,0.0,0,4224
936,2014-02-12,3,6227.0,836,0,0.0,0,5129
937,2014-02-12,3,4954.0,465,0,0.0,0,4988
938,2014-02-12,3,7335.0,831,0,0.0,0,6795
939,2014-02-12,3,4016.0,441,0,0.0,0,5555
940,2014-02-12,3,6015.0,646,0,0.0,0,5694
941,2014-02-12,3,3707.0,499,0,0.0,0,3119
942,2014-02-12,3,4197.0,387,0,0.0,0,4689
943,2014-02-12,3,5338.0,509,0,0.0,0,5284
944,2014-02-12,3,5973.0,1014,0,0.0,0,7305
945,2014-02-12,3,3911.0,577,0,0.0,0,3285
946,2014-02-12,3,3456.0,483,0,0.0,0,5634
947,2014-02-12,3,7029.0,1099,0,0.0,0,6329
948,2014-02-12,3,6140.0,1641,0,0.0,0,4879
949,2014-02-12,3,4530.0,495,0,0.0,0,3805
950,2014-02-12,3,4122.0,502,0,0.0,0,3950
951,2014-02-12,3,5991.0,630,0,0.0,0,6063
952,2014-02-12,3,4799.0,447,0,0.0,0,4088
953,2014-02-12,3,4175.0,495,0,0.0,0,1773
954,2014-02-12,3,5636.0,905,0,0.0,0,5499
955,2014-02-12,3,3641.0,396,0,0.0,0,4282
956,2014-02-12,3,3767.0,517,0,0.0,0,2670
957,2014-02-12,3,6354.0,828,0,0.0,0,5252
958,2014-02-12,3,3718.0,557,0,0.0,0,2741
959,2014-02-12,3,5934.0,727,0,0.0,0,3942
960,2014-02-12,3,6023.0,519,0,0.0,0,4610
961,2014-02-12,3,5092.0,591,0,0.0,0,4213
962,2014-02-12,3,5157.0,766,0,0.0,0,5769
963,2014-02-12,3,8372.0,866,0,0.0,0,7155
964,2014-02-12,3,7541.0,1231,0,0.0,0,7951
965,2014-02-12,3,7268.0,882,0,0.0,0,7388
966,2014-02-12,3,3718.0,565,0,0.0,0,4518
967,2014-02-12,3,5849.0,740,0,0.0,0,5857
968,2014-02-12,3,6519.0,897,0,0.0,0,6868
969,2014-02-12,3,2965.0,553,0,0.0,0,2756
970,2014-02-12,3,3463.0,448,0,0.0,0,2709
971,2014-02-12,3,5885.0,788,0,0.0,0,6929
972,2014-02-12,3,2875.0,369,0,0.0,0,3002
973,2014-02-12,3,4625.0,721,0,0.0,0,5948
974,2014-02-12,3,9561.0,1510,0,0.0,0,9062
975,2014-02-12,3,5796.0,633,0,0.0,0,4850
976,2014-02-12,3,6217.0,716,0,0.0,0,5610
977,2014-02-12,3,3715.0,419,0,0.0,0,3714
978,2014-02-12,3,5980.0,920,0,0.0,0,5859
979,2014-02-12,3,4169.0,517,0,0.0,0,5038
980,2014-02-12,3,4870.0,465,0,0.0,0,6152
981,2014-02-12,3,5176.0,622,0,0.0,0,6438
982,2014-02-12,3,5947.0,564,0,0.0,0,6990
983,2014-02-12,3,10120.0,1434,0,0.0,0,10754
984,2014-02-12,3,4208.0,602,0,0.0,0,4297
985,2014-02-12,3,5615.0,669,0,0.0,0,6907
986,2014-02-12,3,4718.0,737,0,0.0,0,4319
987,2014-02-12,3,5663.0,814,0,0.0,0,5130
988,2014-02-12,3,3725.0,640,0,0.0,0,3909
989,2014-02-12,3,4378.0,574,0,0.0,0,4861
990,2014-02-12,3,4600.0,451,0,0.0,0,6881
991,2014-02-12,3,4052.0,393,0,0.0,0,4224
992,2014-02-12,3,5321.0,699,0,0.0,0,4713
993,2014-02-12,3,5729.0,637,0,0.0,0,5007
994,2014-02-12,3,3672.0,413,0,0.0,0,2104
995,2014-02-12,3,7312.0,662,0,0.0,0,6592
996,2014-02-12,3,5073.0,629,0,0.0,0,3719
997,2014-02-12,3,3388.0,323,0,0.0,0,7012
998,2014-02-12,3,3645.0,493,0,0.0,0,3719
999,2014-02-12,3,7128.0,544,0,0.0,0,7031
1000,2014-02-12,3,5167.0,555,0,0.0,0,5534
1001,2014-02-12,3,3967.0,551,0,0.0,0,5339
1002,2014-02-12,3,4895.0,620,0,0.0,0,4049
1003,2014-02-12,3,5217.0,654,0,0.0,0,4686
1004,2014-02-12,3,3815.0,360,0,0.0,0,3672
1005,2014-02-12,3,4932.0,778,0,0.0,0,5203
1006,2014-02-12,3,4773.0,760,0,0.0,0,4361
1007,2014-02-12,3,4951.0,668,0,0.0,0,5067
1008,2014-02-12,3,4083.0,645,0,0.0,0,3920
1009,2014-02-12,3,4175.0,420,0,0.0,0,4529
1010,2014-02-12,3,5683.0,616,0,0.0,0,8961
1011,2014-02-12,3,6398.0,839,0,0.0,0,7396
1012,2014-02-12,3,4867.0,458,0,0.0,0,4912
1013,2014-02-12,3,3083.0,398,0,0.0,0,3433
1014,2014-02-12,3,11158.0,1338,0,0.0,0,11138
1015,2014-02-12,3,4071.0,410,0,0.0,0,5152
1016,2014-02-12,3,3959.0,417,0,0.0,0,5332
1017,2014-02-12,3,6235.0,964,0,0.0,0,4175
1018,2014-02-12,3,9160.0,1211,0,0.0,0,9129
1019,2014-02-12,3,6454.0,605,0,0.0,0,6441
1020,2014-02-12,3,7180.0,990,0,0.0,0,6779
1021,2014-02-12,3,7645.0,952,0,0.0,0,7717
1022,2014-02-12,3,5559.0,730,0,0.0,0,5515
1023,2014-02-12,3,4217.0,510,0,0.0,0,4725
1024,2014-02-12,3,4431.0,665,0,0.0,0,5490
1025,2014-02-12,3,6420.0,805,0,0.0,0,5291
1026,2014-02-12,3,6748.0,997,0,0.0,0,8596
1027,2014-02-12,3,10186.0,1375,0,0.0,0,10649
1028,2014-02-12,3,3509.0,458,0,0.0,0,4038
1029,2014-02-12,3,4894.0,760,0,0.0,0,4447
1030,2014-02-12,3,2773.0,290,0,0.0,0,2688
1031,2014-02-12,3,2929.0,317,0,0.0,0,4140
1032,2014-02-12,3,7540.0,894,0,0.0,0,8068
1033,2014-02-12,3,11352.0,1206,0,0.0,0,12209
1034,2014-02-12,3,5661.0,660,0,0.0,0,4753
1035,2014-02-12,3,3691.0,536,0,0.0,0,3822
1036,2014-02-12,3,3814.0,420,0,0.0,0,4288
1037,2014-02-12,3,5593.0,855,0,0.0,0,4278
1038,2014-02-12,3,4336.0,417,0,0.0,0,4602
1039,2014-02-12,3,6426.0,944,0,0.0,0,5937
1040,2014-02-12,3,7027.0,780,0,0.0,0,6395
1041,2014-02-12,3,4549.0,576,0,0.0,0,4568
1042,2014-02-12,3,3166.0,469,0,0.0,0,2652
1043,2014-02-12,3,6532.0,1037,0,0.0,0,6530
1044,2014-02-12,3,4922.0,723,0,0.0,0,4772
1045,2014-02-12,3,5697.0,789,0,0.0,0,4414
1046,2014-02-12,3,6938.0,583,0,0.0,0,6086
1047,2014-02-12,3,4691.0,486,0,0.0,0,3147
1048,2014-02-12,3,4732.0,418,0,0.0,0,4550
1049,2014-02-12,3,3481.0,616,0,0.0,0,2278
1050,2014-02-12,3,5517.0,416,0,0.0,0,6486
1051,2014-02-12,3,6062.0,943,0,0.0,0,7159
1052,2014-02-12,3,5841.0,700,0,0.0,0,5627
1053,2014-02-12,3,6909.0,915,0,0.0,0,6948
1054,2014-02-12,3,4821.0,580,0,0.0,0,4382
1055,2014-02-12,3,6349.0,868,0,0.0,0,6779
1056,2014-02-12,3,2941.0,314,0,0.0,0,2486
1057,2014-02-12,3,4591.0,512,0,0.0,0,5817
1058,2014-02-12,3,5476.0,684,0,0.0,0,7022
1059,2014-02-12,3,6730.0,1000,0,0.0,0,6222
1060,2014-02-12,3,6108.0,807,0,0.0,0,6137
1061,2014-02-12,3,5644.0,485,0,0.0,0,5544
1062,2014-02-12,3,4510.0,459,0,0.0,0,5502
1063,2014-02-12,3,3280.0,495,0,0.0,0,3279
1064,2014-02-12,3,7859.0,977,0,0.0,0,6548
1065,2014-02-12,3,3420.0,457,0,0.0,0,3223
1066,2014-02-12,3,9611.0,1081,0,0.0,0,7358
1067,2014-02-12,3,4476.0,418,0,0.0,0,2964
1068,2014-02-12,3,3945.0,274,0,0.0,0,6619
1069,2014-02-12,3,6463.0,1006,0,0.0,0,4483
1070,2014-02-12,3,5209.0,713,0,0.0,0,5824
1071,2014-02-12,3,4768.0,651,0,0.0,0,4711
1072,2014-02-12,3,6242.0,619,0,0.0,0,5484
1073,2014-02-12,3,6302.0,911,0,0.0,0,4355
1074,2014-02-12,3,3494.0,452,0,0.0,0,3836
1075,2014-02-12,3,8748.0,967,0,0.0,0,9142
1076,2014-02-12,3,2786.0,508,0,0.0,0,2786
1077,2014-02-12,3,3424.0,422,0,0.0,0,5200
1078,2014-02-12,3,4890.0,430,0,0.0,0,4033
1079,2014-02-12,3,5936.0,563,0,0.0,0,6155
1080,2014-02-12,3,8696.0,759,0,0.0,0,5574
1081,2014-02-12,3,6604.0,1126,0,0.0,0,4982
1082,2014-02-12,3,5758.0,936,0,0.0,0,4646
1083,2014-02-12,3,4147.0,325,0,0.0,0,3409
1084,2014-02-12,3,5240.0,746,0,0.0,0,3532
1085,2014-02-12,3,6317.0,724,0,0.0,0,6171
1086,2014-02-12,3,5291.0,705,0,0.0,0,5799
1087,2014-02-12,3,4803.0,525,0,0.0,0,5755
1088,2014-02-12,3,4333.0,465,0,0.0,0,2447
1089,2014-02-12,3,7727.0,871,0,0.0,0,6244
1090,2014-02-12,3,6271.0,946,0,0.0,0,4283
1091,2014-02-12,3,5669.0,546,0,0.0,0,6716
1092,2014-02-12,3,9377.0,983,0,0.0,0,9231
1093,2014-02-12,3,7366.0,812,0,0.0,0,6061
1094,2014-02-12,3,3478.0,314,0,0.0,0,3646
1095,2014-02-12,3,4284.0,657,0,0.0,0,4303
1096,2014-02-12,3,4030.0,561,0,0.0,0,5198
1097,2014-02-12,3,9414.0,2533,0,0.0,0,8331
1098,2014-02-12,3,4311.0,657,0,0.0,0,4475
1099,2014-02-12,3,6140.0,807,0,0.0,0,5626
1100,2014-02-12,3,4263.0,623,0,0.0,0,5220
1101,2014-02-12,3,7351.0,866,0,0.0,0,7358
1102,2014-02-12,3,5988.0,680,0,0.0,0,5414
1103,2014-02-12,3,3484.0,288,0,0.0,0,5169
1104,2014-02-12,3,3898.0,323,0,0.0,0,4000
1105,2014-02-12,3,3372.0,406,0,0.0,0,3492
1106,2014-02-12,3,4206.0,529,0,0.0,0,4457
1107,2014-02-12,3,4234.0,521,0,0.0,0,2265
1108,2014-02-12,3,4832.0,533,0,0.0,0,7399
1109,2014-02-12,3,3652.0,394,0,0.0,0,4178
1110,2014-02-12,3,3179.0,429,0,0.0,0,2914
1111,2014-02-12,3,4889.0,433,0,0.0,0,4857
1112,2014-02-12,3,6779.0,647,0,0.0,0,8130
1113,2014-02-12,3,5347.0,648,0,0.0,0,1771
1114,2014-02-12,3,17462.0,2826,0,0.0,0,17195
1115,2014-02-12,3,3982.0,319,0,0.0,0,3951
1,2014-02-05,3,5031.0,581,1,0.9991007194244604,1,6408
2,2014-02-05,3,7198.0,820,1,0.9991007194244604,1,5569
3,2014-02-05,3,8124.0,834,1,0.9991007194244604,1,6747
4,2014-02-05,3,10046.0,1386,1,0.9991007194244604,1,9503
5,2014-02-05,3,6486.0,700,1,0.9991007194244604,1,5089
6,2014-02-05,3,6017.0,695,1,0.9991007194244604,1,5051
7,2014-02-05,3,8998.0,922,1,0.9991007194244604,1,8942
8,2014-02-05,3,6595.0,757,1,0.9991007194244604,1,5050
9,2014-02-05,3,7514.0,643,1,0.9991007194244604,1,7025
10,2014-02-05,3,5062.0,590,1,0.9991007194244604,1,5031
11,2014-02-05,3,9024.0,1219,1,0.9991007194244604,1,9189
12,2014-02-05,3,9489.0,1036,1,0.9991007194244604,1,4832
13,2014-02-05,3,6058.0,441,1,0.9991007194244604,1,5098
14,2014-02-05,3,5842.0,634,1,0.9991007194244604,1,5845
15,2014-02-05,3,7593.0,665,1,0.9991007194244604,1,7934
16,2014-02-05,3,8487.0,915,1,0.9991007194244604,1,6746
17,2014-02-05,3,8126.0,926,1,0.9991007194244604,1,5903
18,2014-02-05,3,7434.0,826,1,0.9991007194244604,1,7682
19,2014-02-05,3,7119.0,708,1,0.9991007194244604,1,7275
20,2014-02-05,3,8352.0,964,1,0.9991007194244604,1,8701
21,2014-02-05,3,6339.0,582,1,0.9991007194244604,1,5353
22,2014-02-05,3,4805.0,505,1,0.9991007194244604,1,5177
23,2014-02-05,3,6132.0,465,1,0.9991007194244604,1,5859
24,2014-02-05,3,11179.0,973,1,0.9991007194244604,1,9215
26,2014-02-05,3,7733.0,555,1,0.9991007194244604,1,6627
27,2014-02-05,3,11685.0,1189,1,0.9991007194244604,1,10379
28,2014-02-05,3,5635.0,603,1,0.9991007194244604,1,6566
29,2014-02-05,3,7699.0,684,1,0.9991007194244604,1,7828
30,2014-02-05,3,6529.0,937,1,0.9991007194244604,1,6224
31,2014-02-05,3,5940.0,578,1,0.9991007194244604,1,6008
32,2014-02-05,3,4577.0,508,1,0.9991007194244604,1,4418
33,2014-02-05,3,9160.0,838,1,0.9991007194244604,1,9253
34,2014-02-05,3,7865.0,974,1,0.9991007194244604,1,5725
35,2014-02-05,3,11133.0,736,1,0.9991007194244604,1,10062
36,2014-02-05,3,9588.0,1110,1,0.9991007194244604,1,9575
37,2014-02-05,3,7061.0,722,1,0.9991007194244604,1,6131
38,2014-02-05,3,6337.0,529,1,0.9991007194244604,1,6341
39,2014-02-05,3,6837.0,791,1,0.9991007194244604,1,5608
40,2014-02-05,3,5184.0,650,1,0.9991007194244604,1,4969
41,2014-02-05,3,5495.0,403,1,0.9991007194244604,1,6320
42,2014-02-05,3,11022.0,1206,1,0.9991007194244604,1,11203
43,2014-02-05,3,8601.0,714,1,0.9991007194244604,1,6742
44,2014-02-05,3,6246.0,681,1,0.9991007194244604,1,6009
45,2014-02-05,3,5578.0,386,1,0.9991007194244604,1,4948
46,2014-02-05,3,6398.0,743,1,0.9991007194244604,1,5815
47,2014-02-05,3,8346.0,1080,1,0.9991007194244604,1,4656
48,2014-02-05,3,4588.0,494,1,0.9991007194244604,1,5692
49,2014-02-05,3,7869.0,526,1,0.9991007194244604,1,8587
50,2014-02-05,3,4572.0,340,1,0.9991007194244604,1,4366
51,2014-02-05,3,6111.0,431,1,0.9991007194244604,1,6647
52,2014-02-05,3,9276.0,570,1,0.9991007194244604,1,10306
53,2014-02-05,3,6169.0,627,1,0.9991007194244604,1,1910
54,2014-02-05,3,8137.0,725,1,0.9991007194244604,1,8307
55,2014-02-05,3,5564.0,615,1,0.9991007194244604,1,4129
56,2014-02-05,3,6508.0,408,1,0.9991007194244604,1,5332
57,2014-02-05,3,12888.0,1141,1,0.9991007194244604,1,11722
58,2014-02-05,3,7068.0,517,1,0.9991007194244604,1,6629
59,2014-02-05,3,6726.0,685,1,0.9991007194244604,1,5899
60,2014-02-05,3,9652.0,861,1,0.9991007194244604,1,8493
61,2014-02-05,3,4997.0,617,1,0.9991007194244604,1,3883
62,2014-02-05,3,7357.0,792,1,0.9991007194244604,1,6089
63,2014-02-05,3,7176.0,619,1,0.9991007194244604,1,6552
64,2014-02-05,3,9871.0,726,1,0.9991007194244604,1,10264
65,2014-02-05,3,5731.0,491,1,0.9991007194244604,1,2343
66,2014-02-05,3,5974.0,490,1,0.9991007194244604,1,6815
67,2014-02-05,3,9609.0,932,1,0.9991007194244604,1,8240
68,2014-02-05,3,7152.0,1139,1,0.9991007194244604,1,7388
69,2014-02-05,3,9876.0,1164,1,0.9991007194244604,1,9938
70,2014-02-05,3,7338.0,767,1,0.9991007194244604,1,7046
71,2014-02-05,3,10738.0,799,1,0.9991007194244604,1,8264
72,2014-02-05,3,5457.0,563,1,0.9991007194244604,1,5869
73,2014-02-05,3,5668.0,551,1,0.9991007194244604,1,5352
74,2014-02-05,3,6347.0,871,1,0.9991007194244604,1,6223
75,2014-02-05,3,5711.0,592,1,0.9991007194244604,1,5796
76,2014-02-05,3,8947.0,878,1,0.9991007194244604,1,10076
77,2014-02-05,3,7447.0,662,1,0.9991007194244604,1,7518
78,2014-02-05,3,3884.0,513,1,0.9991007194244604,1,3644
79,2014-02-05,3,6124.0,580,1,0.9991007194244604,1,6431
80,2014-02-05,3,6838.0,489,1,0.9991007194244604,1,8470
81,2014-02-05,3,6234.0,527,1,0.9991007194244604,1,7086
82,2014-02-05,3,10061.0,893,1,0.9991007194244604,1,9014
83,2014-02-05,3,3772.0,361,1,0.9991007194244604,1,3125
84,2014-02-05,3,14895.0,1622,1,0.9991007194244604,1,13643
85,2014-02-05,3,7107.0,914,1,0.9991007194244604,1,7564
86,2014-02-05,3,5300.0,673,1,0.9991007194244604,1,6263
87,2014-02-05,3,6950.0,804,1,0.9991007194244604,1,9756
88,2014-02-05,3,7096.0,693,1,0.9991007194244604,1,3910
89,2014-02-05,3,6827.0,693,1,0.9991007194244604,1,6616
90,2014-02-05,3,9105.0,1108,1,0.9991007194244604,1,9574
91,2014-02-05,3,6563.0,721,1,0.9991007194244604,1,6521
92,2014-02-05,3,7221.0,561,1,0.9991007194244604,1,5938
93,2014-02-05,3,6210.0,598,1,0.9991007194244604,1,6018
94,2014-02-05,3,8060.0,652,1,0.9991007194244604,1,6881
95,2014-02-05,3,8612.0,910,1,0.9991007194244604,1,7572
96,2014-02-05,3,7000.0,672,1,0.9991007194244604,1,5650
97,2014-02-05,3,7416.0,689,1,0.9991007194244604,1,6393
98,2014-02-05,3,4743.0,405,1,0.9991007194244604,1,5641
99,2014-02-05,3,5636.0,504,1,0.9991007194244604,1,5599
100,2014-02-05,3,8102.0,664,1,0.9991007194244604,1,7751
101,2014-02-05,3,7782.0,769,1,0.9991007194244604,1,8682
102,2014-02-05,3,7803.0,1154,1,0.9991007194244604,1,6570
103,2014-02-05,3,4078.0,386,1,0.9991007194244604,1,5329
104,2014-02-05,3,10113.0,1265,1,0.9991007194244604,1,11270
105,2014-02-05,3,4926.0,617,1,0.9991007194244604,1,4252
106,2014-02-05,3,9102.0,825,1,0.9991007194244604,1,8679
107,2014-02-05,3,7477.0,959,1,0.9991007194244604,1,8056
108,2014-02-05,3,10664.0,815,1,0.9991007194244604,1,11114
109,2014-02-05,3,7080.0,757,1,0.9991007194244604,1,6050
110,2014-02-05,3,5024.0,619,1,0.9991007194244604,1,4759
111,2014-02-05,3,7804.0,570,1,0.9991007194244604,1,6462
112,2014-02-05,3,6942.0,813,1,0.9991007194244604,1,7203
113,2014-02-05,3,8879.0,821,1,0.9991007194244604,1,8211
114,2014-02-05,3,5828.0,658,1,0.9991007194244604,1,6027
115,2014-02-05,3,7896.0,574,1,0.9991007194244604,1,5724
116,2014-02-05,3,7619.0,820,1,0.9991007194244604,1,5770
117,2014-02-05,3,4217.0,526,1,0.9991007194244604,1,3307
118,2014-02-05,3,8330.0,642,1,0.9991007194244604,1,6079
119,2014-02-05,3,7331.0,732,1,0.9991007194244604,1,6458
120,2014-02-05,3,7607.0,654,1,0.9991007194244604,1,6775
121,2014-02-05,3,5149.0,512,1,0.9991007194244604,1,4758
122,2014-02-05,3,6035.0,678,1,0.9991007194244604,1,6098
123,2014-02-05,3,10528.0,1176,1,0.9991007194244604,1,9064
124,2014-02-05,3,4749.0,560,1,0.9991007194244604,1,3452
125,2014-02-05,3,12692.0,1707,1,0.9991007194244604,1,11595
126,2014-02-05,3,7055.0,611,1,0.9991007194244604,1,5871
127,2014-02-05,3,5700.0,695,1,0.9991007194244604,1,5621
128,2014-02-05,3,7648.0,608,1,0.9991007194244604,1,6869
129,2014-02-05,3,10667.0,1235,1,0.9991007194244604,1,9340
130,2014-02-05,3,5346.0,591,1,0.9991007194244604,1,4972
131,2014-02-05,3,6561.0,651,1,0.9991007194244604,1,6977
132,2014-02-05,3,6261.0,571,1,0.9991007194244604,1,7503
133,2014-02-05,3,7836.0,842,1,0.9991007194244604,1,7195
134,2014-02-05,3,5025.0,532,1,0.9991007194244604,1,5895
135,2014-02-05,3,6223.0,505,1,0.9991007194244604,1,5415
136,2014-02-05,3,7608.0,544,1,0.9991007194244604,1,7494
137,2014-02-05,3,8710.0,957,1,0.9991007194244604,1,8788
138,2014-02-05,3,8311.0,787,1,0.9991007194244604,1,9641
139,2014-02-05,3,7224.0,533,1,0.9991007194244604,1,5499
140,2014-02-05,3,7703.0,1004,1,0.9991007194244604,1,6762
141,2014-02-05,3,6698.0,676,1,0.9991007194244604,1,8227
142,2014-02-05,3,4759.0,586,1,0.9991007194244604,1,4649
143,2014-02-05,3,7378.0,612,1,0.9991007194244604,1,6762
144,2014-02-05,3,7983.0,670,1,0.9991007194244604,1,7255
145,2014-02-05,3,9410.0,1257,1,0.9991007194244604,1,8434
146,2014-02-05,3,8046.0,673,1,0.9991007194244604,1,6862
147,2014-02-05,3,10062.0,988,1,0.9991007194244604,1,8266
148,2014-02-05,3,8912.0,834,1,0.9991007194244604,1,8071
149,2014-02-05,3,6776.0,523,1,0.9991007194244604,1,7749
150,2014-02-05,3,8696.0,833,1,0.9991007194244604,1,7088
151,2014-02-05,3,6946.0,659,1,0.9991007194244604,1,6235
152,2014-02-05,3,7382.0,765,1,0.9991007194244604,1,6035
153,2014-02-05,3,8938.0,707,1,0.9991007194244604,1,7436
154,2014-02-05,3,9194.0,720,1,0.9991007194244604,1,8435
155,2014-02-05,3,7337.0,645,1,0.9991007194244604,1,6663
156,2014-02-05,3,8828.0,810,1,0.9991007194244604,1,8638
157,2014-02-05,3,11358.0,1115,1,0.9991007194244604,1,10764
158,2014-02-05,3,9448.0,548,1,0.9991007194244604,1,9273
159,2014-02-05,3,8055.0,660,1,0.9991007194244604,1,8354
160,2014-02-05,3,6119.0,565,1,0.9991007194244604,1,6166
161,2014-02-05,3,7101.0,791,1,0.9991007194244604,1,7781
162,2014-02-05,3,8344.0,549,1,0.9991007194244604,1,8340
163,2014-02-05,3,6580.0,772,1,0.9991007194244604,1,7773
164,2014-02-05,3,7545.0,700,1,0.9991007194244604,1,7243
165,2014-02-05,3,4759.0,511,1,0.9991007194244604,1,4161
166,2014-02-05,3,7107.0,888,1,0.9991007194244604,1,7028
167,2014-02-05,3,12351.0,1374,1,0.9991007194244604,1,9703
168,2014-02-05,3,8622.0,771,1,0.9991007194244604,1,8520
169,2014-02-05,3,7842.0,739,1,0.9991007194244604,1,10041
170,2014-02-05,3,5435.0,531,1,0.9991007194244604,1,5035
171,2014-02-05,3,9232.0,907,1,0.9991007194244604,1,9756
172,2014-02-05,3,7060.0,894,1,0.9991007194244604,1,7658
173,2014-02-05,3,8702.0,1024,1,0.9991007194244604,1,8712
174,2014-02-05,3,5796.0,416,1,0.9991007194244604,1,7113
175,2014-02-05,3,6151.0,683,1,0.9991007194244604,1,6880
176,2014-02-05,3,5916.0,687,1,0.9991007194244604,1,5643
177,2014-02-05,3,5097.0,575,1,0.9991007194244604,1,4327
178,2014-02-05,3,11462.0,976,1,0.9991007194244604,1,9762
179,2014-02-05,3,8641.0,1052,1,0.9991007194244604,1,7029
180,2014-02-05,3,7528.0,863,1,0.9991007194244604,1,6940
181,2014-02-05,3,8379.0,781,1,0.9991007194244604,1,6290
182,2014-02-05,3,5437.0,404,1,0.9991007194244604,1,5387
183,2014-02-05,3,4876.0,561,1,0.9991007194244604,1,5418
184,2014-02-05,3,7578.0,619,1,0.9991007194244604,1,7176
185,2014-02-05,3,6649.0,465,1,0.9991007194244604,1,6793
186,2014-02-05,3,4114.0,378,1,0.9991007194244604,1,2746
187,2014-02-05,3,6467.0,828,1,0.9991007194244604,1,7116
188,2014-02-05,3,5601.0,456,1,0.9991007194244604,1,5206
189,2014-02-05,3,10291.0,867,1,0.9991007194244604,1,11337
190,2014-02-05,3,7587.0,685,1,0.9991007194244604,1,6602
191,2014-02-05,3,5890.0,624,1,0.9991007194244604,1,6377
192,2014-02-05,3,7326.0,529,1,0.9991007194244604,1,9806
193,2014-02-05,3,7376.0,999,1,0.9991007194244604,1,5788
194,2014-02-05,3,4962.0,407,1,0.9991007194244604,1,5310
195,2014-02-05,3,12573.0,1434,1,0.9991007194244604,1,11808
196,2014-02-05,3,5530.0,717,1,0.9991007194244604,1,4855
197,2014-02-05,3,8746.0,973,1,0.9991007194244604,1,6222
198,2014-02-05,3,3460.0,364,1,0.9991007194244604,1,2939
199,2014-02-05,3,8741.0,595,1,0.9991007194244604,1,7931
200,2014-02-05,3,8352.0,1000,1,0.9991007194244604,1,7946
201,2014-02-05,3,5503.0,373,1,0.9991007194244604,1,6251
202,2014-02-05,3,6174.0,480,1,0.9991007194244604,1,6427
203,2014-02-05,3,9195.0,1184,1,0.9991007194244604,1,8263
204,2014-02-05,3,5932.0,555,1,0.9991007194244604,1,5846
205,2014-02-05,3,7556.0,959,1,0.9991007194244604,1,6765
206,2014-02-05,3,7946.0,882,1,0.9991007194244604,1,7884
207,2014-02-05,3,13333.0,1458,1,0.9991007194244604,1,11911
208,2014-02-05,3,2740.0,363,1,0.9991007194244604,1,3219
209,2014-02-05,3,5830.0,592,1,0.9991007194244604,1,4648
210,2014-02-05,3,3960.0,351,1,0.9991007194244604,1,3907
211,2014-02-05,3,15119.0,1619,1,0.9991007194244604,1,14087
212,2014-02-05,3,6533.0,574,1,0.9991007194244604,1,4650
213,2014-02-05,3,9844.0,736,1,0.9991007194244604,1,8927
214,2014-02-05,3,9200.0,665,1,0.9991007194244604,1,9316
215,2014-02-05,3,7534.0,500,1,0.9991007194244604,1,6974
216,2014-02-05,3,7512.0,905,1,0.9991007194244604,1,6369
217,2014-02-05,3,4640.0,668,1,0.9991007194244604,1,4592
218,2014-02-05,3,5967.0,773,1,0.9991007194244604,1,4966
219,2014-02-05,3,3679.0,446,1,0.9991007194244604,1,1460
220,2014-02-05,3,5596.0,722,1,0.9991007194244604,1,4341
221,2014-02-05,3,5761.0,530,1,0.9991007194244604,1,5563
222,2014-02-05,3,5431.0,600,1,0.9991007194244604,1,5987
223,2014-02-05,3,8764.0,808,1,0.9991007194244604,1,8218
224,2014-02-05,3,7031.0,474,1,0.9991007194244604,1,6492
225,2014-02-05,3,5316.0,575,1,0.9991007194244604,1,4937
226,2014-02-05,3,7538.0,693,1,0.9991007194244604,1,6865
227,2014-02-05,3,6744.0,598,1,0.9991007194244604,1,5000
228,2014-02-05,3,7876.0,540,1,0.9991007194244604,1,8241
229,2014-02-05,3,9332.0,742,1,0.9991007194244604,1,8371
230,2014-02-05,3,7921.0,940,1,0.9991007194244604,1,7986
231,2014-02-05,3,5039.0,393,1,0.9991007194244604,1,5375
232,2014-02-05,3,2924.0,250,1,0.9991007194244604,1,4250
233,2014-02-05,3,10102.0,1060,1,0.9991007194244604,1,10500
234,2014-02-05,3,13886.0,1148,1,0.9991007194244604,1,12958
235,2014-02-05,3,6945.0,565,1,0.9991007194244604,1,7716
236,2014-02-05,3,7224.0,887,1,0.9991007194244604,1,7206
237,2014-02-05,3,4346.0,545,1,0.9991007194244604,1,4071
238,2014-02-05,3,9155.0,1291,1,0.9991007194244604,1,6153
239,2014-02-05,3,4985.0,445,1,0.9991007194244604,1,6247
240,2014-02-05,3,4732.0,453,1,0.9991007194244604,1,4559
241,2014-02-05,3,6787.0,722,1,0.9991007194244604,1,6485
242,2014-02-05,3,4327.0,344,1,0.9991007194244604,1,4167
243,2014-02-05,3,9511.0,1096,1,0.9991007194244604,1,7873
244,2014-02-05,3,5502.0,520,1,0.9991007194244604,1,5915
245,2014-02-05,3,9194.0,1076,1,0.9991007194244604,1,10298
246,2014-02-05,3,7522.0,987,1,0.9991007194244604,1,7895
247,2014-02-05,3,9467.0,710,1,0.9991007194244604,1,8903
248,2014-02-05,3,8995.0,1150,1,0.9991007194244604,1,8059
249,2014-02-05,3,4857.0,501,1,0.9991007194244604,1,5221
250,2014-02-05,3,10511.0,713,1,0.9991007194244604,1,9016
251,2014-02-05,3,21067.0,2566,1,0.9991007194244604,1,19261
252,2014-02-05,3,12976.0,854,1,0.9991007194244604,1,11532
253,2014-02-05,3,7481.0,796,1,0.9991007194244604,1,6356
254,2014-02-05,3,3024.0,238,1,0.9991007194244604,1,2721
255,2014-02-05,3,6497.0,660,1,0.9991007194244604,1,6576
256,2014-02-05,3,11279.0,1398,1,0.9991007194244604,1,11179
257,2014-02-05,3,5661.0,651,1,0.9991007194244604,1,5664
258,2014-02-05,3,5452.0,466,1,0.9991007194244604,1,4694
259,2014-02-05,3,12924.0,2621,1,0.9991007194244604,1,13100
260,2014-02-05,3,6822.0,914,1,0.9991007194244604,1,9628
261,2014-02-05,3,16781.0,1092,1,0.9991007194244604,1,14049
262,2014-02-05,3,19773.0,2992,1,0.9991007194244604,1,20808
263,2014-02-05,3,3458.0,336,1,0.9991007194244604,1,4767
264,2014-02-05,3,8704.0,1135,1,0.9991007194244604,1,6918
265,2014-02-05,3,5597.0,531,1,0.9991007194244604,1,5472
266,2014-02-05,3,4937.0,603,1,0.9991007194244604,1,4309
267,2014-02-05,3,8718.0,968,1,0.9991007194244604,1,9827
268,2014-02-05,3,6350.0,741,1,0.9991007194244604,1,5382
269,2014-02-05,3,10361.0,1311,1,0.9991007194244604,1,10414
270,2014-02-05,3,9041.0,1193,1,0.9991007194244604,1,10310
271,2014-02-05,3,10012.0,982,1,0.9991007194244604,1,10981
272,2014-02-05,3,7673.0,704,1,0.9991007194244604,1,5712
273,2014-02-05,3,7629.0,750,1,0.9991007194244604,1,6606
274,2014-02-05,3,3306.0,853,1,0.9991007194244604,1,4121
275,2014-02-05,3,8482.0,777,1,0.9991007194244604,1,8112
276,2014-02-05,3,4966.0,596,1,0.9991007194244604,1,4820
277,2014-02-05,3,7451.0,553,1,0.9991007194244604,1,8100
278,2014-02-05,3,8066.0,867,1,0.9991007194244604,1,7810
279,2014-02-05,3,8958.0,648,1,0.9991007194244604,1,9697
280,2014-02-05,3,5856.0,473,1,0.9991007194244604,1,6709
281,2014-02-05,3,5564.0,485,1,0.9991007194244604,1,6686
282,2014-02-05,3,5024.0,685,1,0.9991007194244604,1,5710
283,2014-02-05,3,6777.0,700,1,0.9991007194244604,1,6862
284,2014-02-05,3,6218.0,478,1,0.9991007194244604,1,5810
285,2014-02-05,3,5104.0,421,1,0.9991007194244604,1,4499
286,2014-02-05,3,5688.0,476,1,0.9991007194244604,1,5348
287,2014-02-05,3,8285.0,811,1,0.9991007194244604,1,8653
288,2014-02-05,3,5924.0,413,1,0.9991007194244604,1,7466
289,2014-02-05,3,7007.0,550,1,0.9991007194244604,1,6838
290,2014-02-05,3,8015.0,737,1,0.9991007194244604,1,6574
291,2014-02-05,3,8932.0,905,1,0.9991007194244604,1,8802
292,2014-02-05,3,6216.0,724,1,0.9991007194244604,1,6471
293,2014-02-05,3,7041.0,872,1,0.9991007194244604,1,10161
294,2014-02-05,3,6606.0,863,1,0.9991007194244604,1,7264
295,2014-02-05,3,5770.0,663,1,0.9991007194244604,1,5399
296,2014-02-05,3,7726.0,780,1,0.9991007194244604,1,7361
297,2014-02-05,3,8169.0,774,1,0.9991007194244604,1,9140
298,2014-02-05,3,7785.0,627,1,0.9991007194244604,1,7804
299,2014-02-05,3,5235.0,512,1,0.9991007194244604,1,4656
300,2014-02-05,3,6895.0,839,1,0.9991007194244604,1,6232
301,2014-02-05,3,5813.0,640,1,0.9991007194244604,1,7274
302,2014-02-05,3,3748.0,304,1,0.9991007194244604,1,4835
303,2014-02-05,3,7176.0,726,1,0.9991007194244604,1,7326
304,2014-02-05,3,8165.0,1139,1,0.9991007194244604,1,8619
305,2014-02-05,3,5449.0,466,1,0.9991007194244604,1,5311
306,2014-02-05,3,4793.0,475,1,0.9991007194244604,1,3819
307,2014-02-05,3,2509.0,267,1,0.9991007194244604,1,3180
308,2014-02-05,3,11302.0,1052,1,0.9991007194244604,1,8612
309,2014-02-05,3,8140.0,637,1,0.9991007194244604,1,7640
310,2014-02-05,3,8336.0,670,1,0.9991007194244604,1,7921
311,2014-02-05,3,7963.0,971,1,0.9991007194244604,1,8147
312,2014-02-05,3,6083.0,519,1,0.9991007194244604,1,6292
313,2014-02-05,3,7781.0,718,1,0.9991007194244604,1,7310
314,2014-02-05,3,6454.0,674,1,0.9991007194244604,1,5835
315,2014-02-05,3,5042.0,505,1,0.9991007194244604,1,4408
316,2014-02-05,3,10653.0,918,1,0.9991007194244604,1,10238
317,2014-02-05,3,5496.0,550,1,0.9991007194244604,1,4804
318,2014-02-05,3,8926.0,759,1,0.9991007194244604,1,7733
319,2014-02-05,3,7822.0,808,1,0.9991007194244604,1,10074
320,2014-02-05,3,16967.0,2153,1,0.9991007194244604,1,16032
321,2014-02-05,3,6032.0,583,1,0.9991007194244604,1,-2047
322,2014-02-05,3,5414.0,567,1,0.9991007194244604,1,5695
323,2014-02-05,3,7829.0,618,1,0.9991007194244604,1,7832
324,2014-02-05,3,6465.0,780,1,0.9991007194244604,1,6259
325,2014-02-05,3,6754.0,662,1,0.9991007194244604,1,8046
326,2014-02-05,3,4621.0,335,1,0.9991007194244604,1,7074
327,2014-02-05,3,7882.0,953,1,0.9991007194244604,1,5443
328,2014-02-05,3,5096.0,575,1,0.9991007194244604,1,4906
329,2014-02-05,3,7297.0,646,1,0.9991007194244604,1,8111
330,2014-02-05,3,4015.0,429,1,0.9991007194244604,1,4025
331,2014-02-05,3,7009.0,914,1,0.9991007194244604,1,8392
332,2014-02-05,3,4354.0,560,1,0.9991007194244604,1,3617
333,2014-02-05,3,10190.0,1298,1,0.9991007194244604,1,10984
334,2014-02-05,3,6383.0,596,1,0.9991007194244604,1,5275
335,2014-02-05,3,19837.0,3184,1,0.9991007194244604,1,14856
336,2014-02-05,3,15924.0,2078,1,0.9991007194244604,1,15370
337,2014-02-05,3,4906.0,368,1,0.9991007194244604,1,4978
338,2014-02-05,3,7573.0,596,1,0.9991007194244604,1,7644
339,2014-02-05,3,5472.0,655,1,0.9991007194244604,1,5003
340,2014-02-05,3,8839.0,882,1,0.9991007194244604,1,6086
341,2014-02-05,3,5768.0,814,1,0.9991007194244604,1,5473
342,2014-02-05,3,11646.0,839,1,0.9991007194244604,1,10560
343,2014-02-05,3,7728.0,669,1,0.9991007194244604,1,7662
344,2014-02-05,3,9257.0,1217,1,0.9991007194244604,1,9698
345,2014-02-05,3,5228.0,521,1,0.9991007194244604,1,7526
346,2014-02-05,3,6580.0,609,1,0.9991007194244604,1,7405
347,2014-02-05,3,4896.0,377,1,0.9991007194244604,1,4793
348,2014-02-05,3,8702.0,709,1,0.9991007194244604,1,8514
349,2014-02-05,3,7944.0,775,1,0.9991007194244604,1,7203
350,2014-02-05,3,7095.0,463,1,0.9991007194244604,1,7104
351,2014-02-05,3,6533.0,537,1,0.9991007194244604,1,7363
352,2014-02-05,3,6512.0,589,1,0.9991007194244604,1,8849
353,2014-02-05,3,6069.0,1498,1,0.9991007194244604,1,5483
354,2014-02-05,3,8331.0,701,1,0.9991007194244604,1,8890
355,2014-02-05,3,9947.0,1186,1,0.9991007194244604,1,10378
356,2014-02-05,3,5552.0,433,1,0.9991007194244604,1,4856
357,2014-02-05,3,9248.0,1154,1,0.9991007194244604,1,7771
358,2014-02-05,3,10460.0,1128,1,0.9991007194244604,1,11311
359,2014-02-05,3,6723.0,567,1,0.9991007194244604,1,7158
360,2014-02-05,3,7498.0,753,1,0.9991007194244604,1,7379
361,2014-02-05,3,7013.0,618,1,0.9991007194244604,1,6266
362,2014-02-05,3,9737.0,1196,1,0.9991007194244604,1,8196
363,2014-02-05,3,7176.0,980,1,0.9991007194244604,1,7676
364,2014-02-05,3,4678.0,528,1,0.9991007194244604,1,3761
365,2014-02-05,3,5923.0,604,1,0.9991007194244604,1,7247
366,2014-02-05,3,6325.0,609,1,0.9991007194244604,1,5690
367,2014-02-05,3,6111.0,583,1,0.9991007194244604,1,5524
368,2014-02-05,3,10594.0,743,1,0.9991007194244604,1,12175
369,2014-02-05,3,7089.0,528,1,0.9991007194244604,1,8466
370,2014-02-05,3,8195.0,603,1,0.9991007194244604,1,6998
371,2014-02-05,3,7949.0,576,1,0.9991007194244604,1,7280
372,2014-02-05,3,8776.0,757,1,0.9991007194244604,1,11014
373,2014-02-05,3,5075.0,331,1,0.9991007194244604,1,4584
374,2014-02-05,3,8097.0,880,1,0.9991007194244604,1,7716
375,2014-02-05,3,11842.0,908,1,0.9991007194244604,1,8694
376,2014-02-05,3,9156.0,1016,1,0.9991007194244604,1,8350
377,2014-02-05,3,8727.0,996,1,0.9991007194244604,1,8490
378,2014-02-05,3,7637.0,1053,1,0.9991007194244604,1,6685
379,2014-02-05,3,4332.0,512,1,0.9991007194244604,1,4067
380,2014-02-05,3,17869.0,1661,1,0.9991007194244604,1,16151
381,2014-02-05,3,9509.0,1042,1,0.9991007194244604,1,7997
382,2014-02-05,3,8359.0,672,1,0.9991007194244604,1,8025
383,2014-02-05,3,18099.0,2187,1,0.9991007194244604,1,14675
384,2014-02-05,3,9908.0,1060,1,0.9991007194244604,1,8652
385,2014-02-05,3,8531.0,705,1,0.9991007194244604,1,9011
386,2014-02-05,3,10605.0,764,1,0.9991007194244604,1,9493
387,2014-02-05,3,10236.0,1257,1,0.9991007194244604,1,9791
388,2014-02-05,3,11211.0,1141,1,0.9991007194244604,1,9478
389,2014-02-05,3,12508.0,1424,1,0.9991007194244604,1,11770
390,2014-02-05,3,14098.0,1250,1,0.9991007194244604,1,16444
391,2014-02-05,3,6409.0,749,1,0.9991007194244604,1,5790
392,2014-02-05,3,8160.0,745,1,0.9991007194244604,1,8017
393,2014-02-05,3,6434.0,620,1,0.9991007194244604,1,5931
394,2014-02-05,3,7671.0,554,1,0.9991007194244604,1,8409
395,2014-02-05,3,3856.0,508,1,0.9991007194244604,1,2837
396,2014-02-05,3,10668.0,1091,1,0.9991007194244604,1,11110
397,2014-02-05,3,7083.0,915,1,0.9991007194244604,1,5072
398,2014-02-05,3,6197.0,637,1,0.9991007194244604,1,6092
399,2014-02-05,3,6147.0,598,1,0.9991007194244604,1,5650
400,2014-02-05,3,10370.0,1349,1,0.9991007194244604,1,8588
401,2014-02-05,3,8293.0,779,1,0.9991007194244604,1,7772
402,2014-02-05,3,5951.0,610,1,0.9991007194244604,1,5886
403,2014-02-05,3,8348.0,766,1,0.9991007194244604,1,7874
404,2014-02-05,3,5986.0,660,1,0.9991007194244604,1,5682
405,2014-02-05,3,5647.0,535,1,0.9991007194244604,1,4894
406,2014-02-05,3,6260.0,416,1,0.9991007194244604,1,7230
407,2014-02-05,3,4170.0,316,1,0.9991007194244604,1,3022
408,2014-02-05,3,4822.0,464,1,0.9991007194244604,1,5507
409,2014-02-05,3,6006.0,559,1,0.9991007194244604,1,7304
410,2014-02-05,3,7498.0,921,1,0.9991007194244604,1,7025
411,2014-02-05,3,8727.0,637,1,0.9991007194244604,1,9446
412,2014-02-05,3,9033.0,601,1,0.9991007194244604,1,8949
413,2014-02-05,3,8377.0,1018,1,0.9991007194244604,1,8102
414,2014-02-05,3,6378.0,425,1,0.9991007194244604,1,8049
415,2014-02-05,3,5925.0,471,1,0.9991007194244604,1,5474
416,2014-02-05,3,12468.0,1517,1,0.9991007194244604,1,11270
417,2014-02-05,3,7838.0,809,1,0.9991007194244604,1,8933
418,2014-02-05,3,6840.0,597,1,0.9991007194244604,1,5318
419,2014-02-05,3,5758.0,901,1,0.9991007194244604,1,5227
420,2014-02-05,3,4350.0,359,1,0.9991007194244604,1,4894
421,2014-02-05,3,8156.0,855,1,0.9991007194244604,1,8982
422,2014-02-05,3,4907.0,474,1,0.9991007194244604,1,3689
423,2014-02-05,3,10295.0,1600,1,0.9991007194244604,1,9346
424,2014-02-05,3,6744.0,781,1,0.9991007194244604,1,8466
425,2014-02-05,3,3292.0,422,1,0.9991007194244604,1,4033
426,2014-02-05,3,6634.0,748,1,0.9991007194244604,1,4829
427,2014-02-05,3,9108.0,839,1,0.9991007194244604,1,8734
428,2014-02-05,3,6258.0,497,1,0.9991007194244604,1,7024
429,2014-02-05,3,5460.0,417,1,0.9991007194244604,1,4488
430,2014-02-05,3,7771.0,635,1,0.9991007194244604,1,8255
431,2014-02-05,3,9733.0,929,1,0.9991007194244604,1,9677
432,2014-02-05,3,11947.0,1579,1,0.9991007194244604,1,10612
433,2014-02-05,3,6039.0,658,1,0.9991007194244604,1,3917
434,2014-02-05,3,9481.0,654,1,0.9991007194244604,1,7726
435,2014-02-05,3,3805.0,430,1,0.9991007194244604,1,4036
436,2014-02-05,3,6639.0,720,1,0.9991007194244604,1,6040
437,2014-02-05,3,7341.0,662,1,0.9991007194244604,1,7570
438,2014-02-05,3,6083.0,577,1,0.9991007194244604,1,5194
439,2014-02-05,3,7716.0,944,1,0.9991007194244604,1,8467
440,2014-02-05,3,5989.0,631,1,0.9991007194244604,1,5712
441,2014-02-05,3,7025.0,671,1,0.9991007194244604,1,7957
442,2014-02-05,3,4532.0,438,1,0.9991007194244604,1,5381
443,2014-02-05,3,5648.0,512,1,0.9991007194244604,1,6246
444,2014-02-05,3,10995.0,1243,1,0.9991007194244604,1,12998
445,2014-02-05,3,7696.0,1118,1,0.9991007194244604,1,8883
446,2014-02-05,3,6291.0,772,1,0.9991007194244604,1,6605
447,2014-02-05,3,6048.0,652,1,0.9991007194244604,1,4349
448,2014-02-05,3,9395.0,794,1,0.9991007194244604,1,7286
449,2014-02-05,3,13383.0,1685,1,0.9991007194244604,1,10943
450,2014-02-05,3,8882.0,985,1,0.9991007194244604,1,8409
451,2014-02-05,3,5427.0,437,1,0.9991007194244604,1,6260
452,2014-02-05,3,5535.0,479,1,0.9991007194244604,1,4615
453,2014-02-05,3,7793.0,802,1,0.9991007194244604,1,6378
454,2014-02-05,3,7002.0,882,1,0.9991007194244604,1,4389
455,2014-02-05,3,8202.0,460,1,0.9991007194244604,1,7884
456,2014-02-05,3,6897.0,898,1,0.9991007194244604,1,10233
457,2014-02-05,3,4739.0,377,1,0.9991007194244604,1,5151
458,2014-02-05,3,8036.0,657,1,0.9991007194244604,1,6881
459,2014-02-05,3,11319.0,1275,1,0.9991007194244604,1,9389
460,2014-02-05,3,4047.0,352,1,0.9991007194244604,1,3827
461,2014-02-05,3,4911.0,460,1,0.9991007194244604,1,4924
462,2014-02-05,3,5163.0,625,1,0.9991007194244604,1,5562
463,2014-02-05,3,7154.0,1106,1,0.9991007194244604,1,6256
464,2014-02-05,3,11306.0,1290,1,0.9991007194244604,1,9738
465,2014-02-05,3,8215.0,592,1,0.9991007194244604,1,8442
466,2014-02-05,3,9064.0,861,1,0.9991007194244604,1,8461
467,2014-02-05,3,13733.0,1594,1,0.9991007194244604,1,20773
468,2014-02-05,3,6914.0,728,1,0.9991007194244604,1,8290
469,2014-02-05,3,13442.0,1671,1,0.9991007194244604,1,11569
470,2014-02-05,3,13275.0,1668,1,0.9991007194244604,1,12047
471,2014-02-05,3,8025.0,578,1,0.9991007194244604,1,8554
472,2014-02-05,3,5579.0,744,1,0.9991007194244604,1,7523
473,2014-02-05,3,4067.0,533,1,0.9991007194244604,1,3457
474,2014-02-05,3,9232.0,871,1,0.9991007194244604,1,8159
475,2014-02-05,3,7157.0,1008,1,0.9991007194244604,1,6620
476,2014-02-05,3,7082.0,787,1,0.9991007194244604,1,6381
477,2014-02-05,3,6332.0,381,1,0.9991007194244604,1,7197
478,2014-02-05,3,7948.0,747,1,0.9991007194244604,1,4994
479,2014-02-05,3,12481.0,1341,1,0.9991007194244604,1,11116
480,2014-02-05,3,6001.0,709,1,0.9991007194244604,1,5169
481,2014-02-05,3,6007.0,498,1,0.9991007194244604,1,6599
482,2014-02-05,3,8410.0,903,1,0.9991007194244604,1,14680
483,2014-02-05,3,6156.0,737,1,0.9991007194244604,1,5941
484,2014-02-05,3,6365.0,638,1,0.9991007194244604,1,7015
485,2014-02-05,3,4549.0,416,1,0.9991007194244604,1,4557
486,2014-02-05,3,5163.0,605,1,0.9991007194244604,1,4903
487,2014-02-05,3,6818.0,630,1,0.9991007194244604,1,6424
488,2014-02-05,3,4228.0,426,1,0.9991007194244604,1,2995
489,2014-02-05,3,9647.0,786,1,0.9991007194244604,1,8086
490,2014-02-05,3,8349.0,1140,1,0.9991007194244604,1,8381
491,2014-02-05,3,6778.0,519,1,0.9991007194244604,1,8436
492,2014-02-05,3,9124.0,1201,1,0.9991007194244604,1,10443
493,2014-02-05,3,9065.0,830,1,0.9991007194244604,1,9071
494,2014-02-05,3,8747.0,1147,1,0.9991007194244604,1,8250
495,2014-02-05,3,5443.0,383,1,0.9991007194244604,1,5805
496,2014-02-05,3,8261.0,835,1,0.9991007194244604,1,7587
497,2014-02-05,3,9289.0,1094,1,0.9991007194244604,1,9495
498,2014-02-05,3,6715.0,896,1,0.9991007194244604,1,7596
499,2014-02-05,3,5472.0,714,1,0.9991007194244604,1,6031
500,2014-02-05,3,5416.0,382,1,0.9991007194244604,1,5750
501,2014-02-05,3,7496.0,773,1,0.9991007194244604,1,5959
502,2014-02-05,3,11640.0,1634,1,0.9991007194244604,1,11825
503,2014-02-05,3,6808.0,464,1,0.9991007194244604,1,6131
504,2014-02-05,3,6688.0,1002,1,0.9991007194244604,1,7964
505,2014-02-05,3,5222.0,659,1,0.9991007194244604,1,6440
506,2014-02-05,3,9410.0,1019,1,0.9991007194244604,1,7617
507,2014-02-05,3,8741.0,646,1,0.9991007194244604,1,9194
508,2014-02-05,3,7336.0,678,1,0.9991007194244604,1,7224
509,2014-02-05,3,7481.0,594,1,0.9991007194244604,1,6171
510,2014-02-05,3,9256.0,936,1,0.9991007194244604,1,11289
511,2014-02-05,3,6270.0,831,1,0.9991007194244604,1,5849
512,2014-02-05,3,5748.0,1359,1,0.9991007194244604,1,4787
513,2014-02-05,3,19580.0,2181,1,0.9991007194244604,1,18615
514,2014-02-05,3,6354.0,650,1,0.9991007194244604,1,6125
515,2014-02-05,3,8882.0,662,1,0.9991007194244604,1,8876
516,2014-02-05,3,6172.0,772,1,0.9991007194244604,1,5092
517,2014-02-05,3,6671.0,718,1,0.9991007194244604,1,7501
518,2014-02-05,3,6027.0,496,1,0.9991007194244604,1,6461
519,2014-02-05,3,5267.0,511,1,0.9991007194244604,1,4143
520,2014-02-05,3,3894.0,389,1,0.9991007194244604,1,2831
521,2014-02-05,3,4833.0,356,1,0.9991007194244604,1,5640
522,2014-02-05,3,8257.0,598,1,0.9991007194244604,1,8110
523,2014-02-05,3,13932.0,1632,1,0.9991007194244604,1,14878
524,2014-02-05,3,7860.0,865,1,0.9991007194244604,1,8847
525,2014-02-05,3,9978.0,845,1,0.9991007194244604,1,10802
526,2014-02-05,3,12016.0,1581,1,0.9991007194244604,1,7599
527,2014-02-05,3,11485.0,1009,1,0.9991007194244604,1,11342
528,2014-02-05,3,12379.0,1027,1,0.9991007194244604,1,11846
529,2014-02-05,3,7897.0,734,1,0.9991007194244604,1,7861
530,2014-02-05,3,2679.0,349,1,0.9991007194244604,1,3662
531,2014-02-05,3,4933.0,576,1,0.9991007194244604,1,7502
532,2014-02-05,3,11401.0,1300,1,0.9991007194244604,1,12229
533,2014-02-05,3,10116.0,871,1,0.9991007194244604,1,8161
534,2014-02-05,3,8451.0,531,1,0.9991007194244604,1,9012
535,2014-02-05,3,8890.0,973,1,0.9991007194244604,1,7850
536,2014-02-05,3,8869.0,902,1,0.9991007194244604,1,9594
537,2014-02-05,3,6236.0,698,1,0.9991007194244604,1,6219
538,2014-02-05,3,4663.0,633,1,0.9991007194244604,1,3989
539,2014-02-05,3,11764.0,1150,1,0.9991007194244604,1,9282
540,2014-02-05,3,5891.0,415,1,0.9991007194244604,1,5041
541,2014-02-05,3,6991.0,939,1,0.9991007194244604,1,7301
542,2014-02-05,3,7053.0,550,1,0.9991007194244604,1,4660
543,2014-02-05,3,4003.0,312,1,0.9991007194244604,1,1709
544,2014-02-05,3,16366.0,1964,1,0.9991007194244604,1,17321
545,2014-02-05,3,12559.0,1203,1,0.9991007194244604,1,12193
546,2014-02-05,3,12830.0,1489,1,0.9991007194244604,1,14052
547,2014-02-05,3,5563.0,417,1,0.9991007194244604,1,6112
548,2014-02-05,3,5790.0,401,1,0.9991007194244604,1,6733
549,2014-02-05,3,4728.0,559,1,0.9991007194244604,1,5067
550,2014-02-05,3,6009.0,433,1,0.9991007194244604,1,7531
551,2014-02-05,3,7287.0,1036,1,0.9991007194244604,1,7212
552,2014-02-05,3,10654.0,834,1,0.9991007194244604,1,10243
553,2014-02-05,3,5919.0,545,1,0.9991007194244604,1,9458
554,2014-02-05,3,4732.0,594,1,0.9991007194244604,1,4647
555,2014-02-05,3,5538.0,453,1,0.9991007194244604,1,5407
556,2014-02-05,3,7728.0,898,1,0.9991007194244604,1,7623
557,2014-02-05,3,5502.0,832,1,0.9991007194244604,1,4767
558,2014-02-05,3,3791.0,512,1,0.9991007194244604,1,6471
559,2014-02-05,3,7398.0,836,1,0.9991007194244604,1,6259
560,2014-02-05,3,14538.0,1692,1,0.9991007194244604,1,14248
561,2014-02-05,3,7576.0,708,1,0.9991007194244604,1,8446
562,2014-02-05,3,18962.0,3138,1,0.9991007194244604,1,20082
563,2014-02-05,3,5682.0,695,1,0.9991007194244604,1,6177
564,2014-02-05,3,5806.0,457,1,0.9991007194244604,1,4926
565,2014-02-05,3,7966.0,930,1,0.9991007194244604,1,7455
566,2014-02-05,3,5786.0,558,1,0.9991007194244604,1,5902
567,2014-02-05,3,6622.0,750,1,0.9991007194244604,1,4324
568,2014-02-05,3,4652.0,383,1,0.9991007194244604,1,5877
569,2014-02-05,3,4955.0,721,1,0.9991007194244604,1,4839
570,2014-02-05,3,5084.0,713,1,0.9991007194244604,1,5858
571,2014-02-05,3,7434.0,546,1,0.9991007194244604,1,6901
572,2014-02-05,3,8400.0,609,1,0.9991007194244604,1,6979
573,2014-02-05,3,5141.0,397,1,0.9991007194244604,1,2780
574,2014-02-05,3,10531.0,709,1,0.9991007194244604,1,8457
575,2014-02-05,3,6738.0,603,1,0.9991007194244604,1,6046
576,2014-02-05,3,7675.0,961,1,0.9991007194244604,1,6232
577,2014-02-05,3,5626.0,637,1,0.9991007194244604,1,5500
578,2014-02-05,3,8442.0,693,1,0.9991007194244604,1,7924
579,2014-02-05,3,9937.0,964,1,0.9991007194244604,1,9109
580,2014-02-05,3,9884.0,1488,1,0.9991007194244604,1,10204
581,2014-02-05,3,6328.0,630,1,0.9991007194244604,1,5460
582,2014-02-05,3,6766.0,816,1,0.9991007194244604,1,7530
583,2014-02-05,3,4251.0,446,1,0.9991007194244604,1,2442
584,2014-02-05,3,5560.0,430,1,0.9991007194244604,1,4319
585,2014-02-05,3,7332.0,1037,1,0.9991007194244604,1,6174
586,2014-02-05,3,17041.0,2433,1,0.9991007194244604,1,15127
587,2014-02-05,3,9014.0,582,1,0.9991007194244604,1,9155
588,2014-02-05,3,5921.0,680,1,0.9991007194244604,1,6565
589,2014-02-05,3,5880.0,560,1,0.9991007194244604,1,6287
590,2014-02-05,3,5305.0,370,1,0.9991007194244604,1,4774
591,2014-02-05,3,6245.0,515,1,0.9991007194244604,1,6376
592,2014-02-05,3,5314.0,610,1,0.9991007194244604,1,3250
593,2014-02-05,3,9096.0,1096,1,0.9991007194244604,1,10014
594,2014-02-05,3,4660.0,485,1,0.9991007194244604,1,4713
595,2014-02-05,3,15940.0,1819,1,0.9991007194244604,1,15283
596,2014-02-05,3,4368.0,642,1,0.9991007194244604,1,4471
597,2014-02-05,3,4598.0,624,1,0.9991007194244604,1,4328
598,2014-02-05,3,5970.0,791,1,0.9991007194244604,1,5540
599,2014-02-05,3,9134.0,818,1,0.9991007194244604,1,9581
600,2014-02-05,3,7367.0,597,1,0.9991007194244604,1,7196
601,2014-02-05,3,4833.0,356,1,0.9991007194244604,1,2934
602,2014-02-05,3,7465.0,628,1,0.9991007194244604,1,6809
603,2014-02-05,3,8071.0,1051,1,0.9991007194244604,1,7230
604,2014-02-05,3,8949.0,625,1,0.9991007194244604,1,9412
605,2014-02-05,3,7996.0,523,1,0.9991007194244604,1,6349
606,2014-02-05,3,7121.0,747,1,0.9991007194244604,1,6125
607,2014-02-05,3,5520.0,479,1,0.9991007194244604,1,5195
608,2014-02-05,3,10304.0,989,1,0.9991007194244604,1,10676
609,2014-02-05,3,4798.0,536,1,0.9991007194244604,1,5225
610,2014-02-05,3,4797.0,534,1,0.9991007194244604,1,5099
611,2014-02-05,3,6341.0,517,1,0.9991007194244604,1,5390
612,2014-02-05,3,7392.0,408,1,0.9991007194244604,1,5472
613,2014-02-05,3,7174.0,998,1,0.9991007194244604,1,6916
614,2014-02-05,3,6597.0,839,1,0.9991007194244604,1,5704
615,2014-02-05,3,11063.0,1321,1,0.9991007194244604,1,9115
616,2014-02-05,3,9800.0,872,1,0.9991007194244604,1,10271
617,2014-02-05,3,8122.0,678,1,0.9991007194244604,1,6698
618,2014-02-05,3,7056.0,475,1,0.9991007194244604,1,7040
619,2014-02-05,3,5530.0,483,1,0.9991007194244604,1,5293
620,2014-02-05,3,8235.0,706,1,0.9991007194244604,1,8259
621,2014-02-05,3,6673.0,855,1,0.9991007194244604,1,6701
622,2014-02-05,3,5005.0,491,1,0.9991007194244604,1,4079
623,2014-02-05,3,7144.0,863,1,0.9991007194244604,1,8039
624,2014-02-05,3,7577.0,694,1,0.9991007194244604,1,7579
625,2014-02-05,3,6776.0,644,1,0.9991007194244604,1,6477
626,2014-02-05,3,10835.0,869,1,0.9991007194244604,1,10304
627,2014-02-05,3,6694.0,639,1,0.9991007194244604,1,6555
628,2014-02-05,3,7788.0,924,1,0.9991007194244604,1,8545
629,2014-02-05,3,8036.0,712,1,0.9991007194244604,1,7969
630,2014-02-05,3,9551.0,984,1,0.9991007194244604,1,7109
631,2014-02-05,3,6174.0,701,1,0.9991007194244604,1,5475
632,2014-02-05,3,7425.0,919,1,0.9991007194244604,1,7003
633,2014-02-05,3,6491.0,471,1,0.9991007194244604,1,7115
634,2014-02-05,3,7545.0,718,1,0.9991007194244604,1,5865
635,2014-02-05,3,7005.0,674,1,0.9991007194244604,1,7275
636,2014-02-05,3,7525.0,823,1,0.9991007194244604,1,6144
637,2014-02-05,3,8969.0,651,1,0.9991007194244604,1,8877
638,2014-02-05,3,6196.0,492,1,0.9991007194244604,1,5447
639,2014-02-05,3,5874.0,563,1,0.9991007194244604,1,5038
640,2014-02-05,3,12285.0,877,1,0.9991007194244604,1,12093
641,2014-02-05,3,7488.0,617,1,0.9991007194244604,1,7037
642,2014-02-05,3,4773.0,551,1,0.9991007194244604,1,4770
643,2014-02-05,3,8379.0,1005,1,0.9991007194244604,1,8701
644,2014-02-05,3,9626.0,971,1,0.9991007194244604,1,9434
645,2014-02-05,3,11552.0,1311,1,0.9991007194244604,1,11718
646,2014-02-05,3,5699.0,790,1,0.9991007194244604,1,4436
647,2014-02-05,3,6578.0,764,1,0.9991007194244604,1,6706
648,2014-02-05,3,6393.0,585,1,0.9991007194244604,1,7426
649,2014-02-05,3,4581.0,463,1,0.9991007194244604,1,4373
650,2014-02-05,3,6329.0,627,1,0.9991007194244604,1,6959
651,2014-02-05,3,7800.0,957,1,0.9991007194244604,1,8076
652,2014-02-05,3,7086.0,682,1,0.9991007194244604,1,7421
653,2014-02-05,3,6215.0,501,1,0.9991007194244604,1,5668
654,2014-02-05,3,7907.0,806,1,0.9991007194244604,1,5405
655,2014-02-05,3,9192.0,724,1,0.9991007194244604,1,9264
656,2014-02-05,3,3648.0,356,1,0.9991007194244604,1,3918
657,2014-02-05,3,6136.0,790,1,0.9991007194244604,1,6674
658,2014-02-05,3,6737.0,588,1,0.9991007194244604,1,5837
659,2014-02-05,3,7014.0,790,1,0.9991007194244604,1,6977
660,2014-02-05,3,5018.0,533,1,0.9991007194244604,1,4082
661,2014-02-05,3,7153.0,575,1,0.9991007194244604,1,8177
662,2014-02-05,3,11332.0,877,1,0.9991007194244604,1,9143
663,2014-02-05,3,5244.0,673,1,0.9991007194244604,1,5351
664,2014-02-05,3,5946.0,655,1,0.9991007194244604,1,5275
665,2014-02-05,3,9725.0,1378,1,0.9991007194244604,1,7981
666,2014-02-05,3,8304.0,662,1,0.9991007194244604,1,8199
667,2014-02-05,3,9768.0,834,1,0.9991007194244604,1,9511
668,2014-02-05,3,10155.0,1268,1,0.9991007194244604,1,9681
669,2014-02-05,3,3825.0,308,1,0.9991007194244604,1,4618
670,2014-02-05,3,7523.0,718,1,0.9991007194244604,1,5882
671,2014-02-05,3,6295.0,611,1,0.9991007194244604,1,5126
672,2014-02-05,3,8880.0,1312,1,0.9991007194244604,1,7287
673,2014-02-05,3,7492.0,563,1,0.9991007194244604,1,6737
674,2014-02-05,3,9556.0,1168,1,0.9991007194244604,1,7528
675,2014-02-05,3,4896.0,442,1,0.9991007194244604,1,3455
676,2014-02-05,3,7634.0,1614,1,0.9991007194244604,1,6768
677,2014-02-05,3,9509.0,663,1,0.9991007194244604,1,8339
678,2014-02-05,3,8346.0,920,1,0.9991007194244604,1,5896
679,2014-02-05,3,10669.0,1086,1,0.9991007194244604,1,9660
680,2014-02-05,3,5214.0,796,1,0.9991007194244604,1,4530
681,2014-02-05,3,3329.0,413,1,0.9991007194244604,1,4701
682,2014-02-05,3,14400.0,1996,1,0.9991007194244604,1,12256
683,2014-02-05,3,10484.0,935,1,0.9991007194244604,1,10321
684,2014-02-05,3,7625.0,591,1,0.9991007194244604,1,9137
685,2014-02-05,3,7178.0,603,1,0.9991007194244604,1,5960
686,2014-02-05,3,7468.0,832,1,0.9991007194244604,1,5748
687,2014-02-05,3,8612.0,710,1,0.9991007194244604,1,9798
688,2014-02-05,3,4248.0,399,1,0.9991007194244604,1,6700
689,2014-02-05,3,8156.0,706,1,0.9991007194244604,1,7327
690,2014-02-05,3,7041.0,899,1,0.9991007194244604,1,6733
691,2014-02-05,3,9577.0,668,1,0.9991007194244604,1,9464
692,2014-02-05,3,8116.0,943,1,0.9991007194244604,1,7015
693,2014-02-05,3,7791.0,555,1,0.9991007194244604,1,7160
694,2014-02-05,3,8768.0,824,1,0.9991007194244604,1,9706
695,2014-02-05,3,6361.0,574,1,0.9991007194244604,1,5735
696,2014-02-05,3,8654.0,1043,1,0.9991007194244604,1,7903
697,2014-02-05,3,11450.0,1016,1,0.9991007194244604,1,11191
698,2014-02-05,3,16750.0,2046,1,0.9991007194244604,1,16746
699,2014-02-05,3,8243.0,900,1,0.9991007194244604,1,8993
700,2014-02-05,3,5024.0,587,1,0.9991007194244604,1,4751
701,2014-02-05,3,6899.0,706,1,0.9991007194244604,1,5504
702,2014-02-05,3,5501.0,383,1,0.9991007194244604,1,4301
703,2014-02-05,3,3392.0,379,1,0.9991007194244604,1,3933
704,2014-02-05,3,11541.0,1107,1,0.9991007194244604,1,9316
705,2014-02-05,3,10053.0,1093,1,0.9991007194244604,1,9790
706,2014-02-05,3,5675.0,490,1,0.9991007194244604,1,6885
707,2014-02-05,3,9045.0,954,1,0.9991007194244604,1,7709
708,2014-02-05,3,4132.0,432,1,0.9991007194244604,1,3746
709,2014-02-05,3,12261.0,1482,1,0.9991007194244604,1,11443
710,2014-02-05,3,4822.0,373,1,0.9991007194244604,1,4368
711,2014-02-05,3,7868.0,535,1,0.9991007194244604,1,4781
712,2014-02-05,3,7970.0,620,1,0.9991007194244604,1,7153
713,2014-02-05,3,11305.0,1354,1,0.9991007194244604,1,11522
714,2014-02-05,3,4660.0,316,1,0.9991007194244604,1,4291
715,2014-02-05,3,8772.0,853,1,0.9991007194244604,1,7577
716,2014-02-05,3,6386.0,447,1,0.9991007194244604,1,4470
717,2014-02-05,3,6620.0,632,1,0.9991007194244604,1,5449
718,2014-02-05,3,8053.0,842,1,0.9991007194244604,1,9535
719,2014-02-05,3,5548.0,416,1,0.9991007194244604,1,5029
720,2014-02-05,3,8765.0,825,1,0.9991007194244604,1,6767
721,2014-02-05,3,7332.0,746,1,0.9991007194244604,1,7329
722,2014-02-05,3,11136.0,1627,1,0.9991007194244604,1,10326
723,2014-02-05,3,7100.0,531,1,0.9991007194244604,1,7554
724,2014-02-05,3,6250.0,657,1,0.9991007194244604,1,8391
725,2014-02-05,3,5685.0,582,1,0.9991007194244604,1,4681
726,2014-02-05,3,14029.0,1265,1,0.9991007194244604,1,9981
727,2014-02-05,3,5365.0,496,1,0.9991007194244604,1,5089
728,2014-02-05,3,4341.0,399,1,0.9991007194244604,1,6327
729,2014-02-05,3,11331.0,1134,1,0.9991007194244604,1,11982
730,2014-02-05,3,8707.0,1024,1,0.9991007194244604,1,6457
731,2014-02-05,3,10642.0,1059,1,0.9991007194244604,1,9094
732,2014-02-05,3,5174.0,582,1,0.9991007194244604,1,4267
733,2014-02-05,3,14998.0,3381,1,0.9991007194244604,1,15869
734,2014-02-05,3,6780.0,605,1,0.9991007194244604,1,8384
735,2014-02-05,3,7063.0,627,1,0.9991007194244604,1,9106
736,2014-02-05,3,6258.0,525,1,0.9991007194244604,1,5628
737,2014-02-05,3,7636.0,992,1,0.9991007194244604,1,7192
738,2014-02-05,3,9015.0,694,1,0.9991007194244604,1,8747
739,2014-02-05,3,10333.0,786,1,0.9991007194244604,1,9998
740,2014-02-05,3,8398.0,506,1,0.9991007194244604,1,7380
741,2014-02-05,3,9426.0,1059,1,0.9991007194244604,1,8564
742,2014-02-05,3,8776.0,904,1,0.9991007194244604,1,9215
743,2014-02-05,3,4213.0,462,1,0.9991007194244604,1,4235
744,2014-02-05,3,7938.0,871,1,0.9991007194244604,1,7539
745,2014-02-05,3,10237.0,990,1,0.9991007194244604,1,8573
746,2014-02-05,3,6426.0,472,1,0.9991007194244604,1,6966
747,2014-02-05,3,8660.0,715,1,0.9991007194244604,1,8788
748,2014-02-05,3,6762.0,507,1,0.9991007194244604,1,5812
749,2014-02-05,3,6354.0,704,1,0.9991007194244604,1,7232
750,2014-02-05,3,4965.0,405,1,0.9991007194244604,1,6172
751,2014-02-05,3,5415.0,663,1,0.9991007194244604,1,5432
752,2014-02-05,3,6858.0,521,1,0.9991007194244604,1,5347
753,2014-02-05,3,9532.0,820,1,0.9991007194244604,1,8720
754,2014-02-05,3,9876.0,1161,1,0.9991007194244604,1,8072
755,2014-02-05,3,11068.0,910,1,0.9991007194244604,1,10307
756,2014-02-05,3,16319.0,2211,1,0.9991007194244604,1,16439
757,2014-02-05,3,6973.0,575,1,0.9991007194244604,1,6050
758,2014-02-05,3,5979.0,734,1,0.9991007194244604,1,5903
759,2014-02-05,3,8528.0,860,1,0.9991007194244604,1,6480
760,2014-02-05,3,7251.0,1100,1,0.9991007194244604,1,8207
761,2014-02-05,3,10315.0,1122,1,0.9991007194244604,1,9215
762,2014-02-05,3,3867.0,382,1,0.9991007194244604,1,3902
763,2014-02-05,3,6461.0,584,1,0.9991007194244604,1,5560
764,2014-02-05,3,3539.0,392,1,0.9991007194244604,1,3763
765,2014-02-05,3,8742.0,723,1,0.9991007194244604,1,7359
766,2014-02-05,3,6553.0,517,1,0.9991007194244604,1,6909
767,2014-02-05,3,7023.0,652,1,0.9991007194244604,1,7270
768,2014-02-05,3,15219.0,1477,1,0.9991007194244604,1,14465
769,2014-02-05,3,11333.0,3224,1,0.9991007194244604,1,11978
770,2014-02-05,3,7119.0,780,1,0.9991007194244604,1,6547
771,2014-02-05,3,6942.0,743,1,0.9991007194244604,1,6975
772,2014-02-05,3,3998.0,526,1,0.9991007194244604,1,3643
773,2014-02-05,3,6444.0,824,1,0.9991007194244604,1,5670
774,2014-02-05,3,6136.0,781,1,0.9991007194244604,1,5581
775,2014-02-05,3,8421.0,584,1,0.9991007194244604,1,10715
776,2014-02-05,3,5094.0,568,1,0.9991007194244604,1,5793
777,2014-02-05,3,3888.0,332,1,0.9991007194244604,1,4552
778,2014-02-05,3,6844.0,871,1,0.9991007194244604,1,7240
779,2014-02-05,3,7912.0,738,1,0.9991007194244604,1,6992
780,2014-02-05,3,7415.0,844,1,0.9991007194244604,1,6578
781,2014-02-05,3,6598.0,851,1,0.9991007194244604,1,5326
782,2014-02-05,3,5824.0,515,1,0.9991007194244604,1,6835
783,2014-02-05,3,6652.0,695,1,0.9991007194244604,1,5504
784,2014-02-05,3,9705.0,924,1,0.9991007194244604,1,8147
785,2014-02-05,3,6927.0,534,1,0.9991007194244604,1,5549
786,2014-02-05,3,4394.0,645,1,0.9991007194244604,1,2831
787,2014-02-05,3,10604.0,1173,1,0.9991007194244604,1,11973
788,2014-02-05,3,19745.0,1829,1,0.9991007194244604,1,18686
789,2014-02-05,3,3229.0,471,1,0.9991007194244604,1,2792
790,2014-02-05,3,7479.0,634,1,0.9991007194244604,1,8681
791,2014-02-05,3,8031.0,863,1,0.9991007194244604,1,8338
792,2014-02-05,3,9211.0,729,1,0.9991007194244604,1,8444
793,2014-02-05,3,5971.0,484,1,0.9991007194244604,1,4440
794,2014-02-05,3,3071.0,568,1,0.9991007194244604,1,3314
795,2014-02-05,3,5609.0,550,1,0.9991007194244604,1,1576
796,2014-02-05,3,8510.0,732,1,0.9991007194244604,1,8337
797,2014-02-05,3,3871.0,382,1,0.9991007194244604,1,3891
798,2014-02-05,3,8599.0,1073,1,0.9991007194244604,1,4095
799,2014-02-05,3,10743.0,972,1,0.9991007194244604,1,11196
800,2014-02-05,3,6067.0,512,1,0.9991007194244604,1,3922
801,2014-02-05,3,5059.0,428,1,0.9991007194244604,1,4589
802,2014-02-05,3,7641.0,560,1,0.9991007194244604,1,7302
803,2014-02-05,3,6740.0,544,1,0.9991007194244604,1,5365
804,2014-02-05,3,5321.0,453,1,0.9991007194244604,1,6712
805,2014-02-05,3,6084.0,551,1,0.9991007194244604,1,5068
806,2014-02-05,3,7871.0,570,1,0.9991007194244604,1,6470
807,2014-02-05,3,9801.0,920,1,0.9991007194244604,1,10204
808,2014-02-05,3,7938.0,634,1,0.9991007194244604,1,8546
809,2014-02-05,3,10903.0,900,1,0.9991007194244604,1,10219
810,2014-02-05,3,6246.0,471,1,0.9991007194244604,1,6301
811,2014-02-05,3,4125.0,687,1,0.9991007194244604,1,4248
812,2014-02-05,3,7344.0,836,1,0.9991007194244604,1,6298
813,2014-02-05,3,6402.0,683,1,0.9991007194244604,1,6666
814,2014-02-05,3,9567.0,730,1,0.9991007194244604,1,8915
815,2014-02-05,3,10545.0,967,1,0.9991007194244604,1,13048
816,2014-02-05,3,4931.0,708,1,0.9991007194244604,1,5233
817,2014-02-05,3,24189.0,3348,1,1.0,0,17797
818,2014-02-05,3,6961.0,640,1,0.9991007194244604,1,7976
819,2014-02-05,3,6777.0,569,1,0.9991007194244604,1,6309
820,2014-02-05,3,12559.0,1132,1,0.9991007194244604,1,13202
821,2014-02-05,3,7502.0,905,1,0.9991007194244604,1,6616
822,2014-02-05,3,8068.0,633,1,0.9991007194244604,1,7797
823,2014-02-05,3,6653.0,620,1,0.9991007194244604,1,6118
824,2014-02-05,3,9651.0,1166,1,0.9991007194244604,1,8172
825,2014-02-05,3,5100.0,531,1,0.9991007194244604,1,2146
826,2014-02-05,3,9888.0,834,1,0.9991007194244604,1,8900
827,2014-02-05,3,10342.0,1297,1,0.9991007194244604,1,10661
828,2014-02-05,3,5634.0,633,1,0.9991007194244604,1,4826
829,2014-02-05,3,5714.0,700,1,0.9991007194244604,1,5194
830,2014-02-05,3,8362.0,716,1,0.9991007194244604,1,6355
831,2014-02-05,3,15385.0,1774,1,0.9991007194244604,1,14301
832,2014-02-05,3,7701.0,565,1,0.9991007194244604,1,7214
833,2014-02-05,3,6148.0,505,1,0.9991007194244604,1,5619
834,2014-02-05,3,6227.0,685,1,0.9991007194244604,1,6819
835,2014-02-05,3,5380.0,693,1,0.9991007194244604,1,5616
836,2014-02-05,3,6857.0,888,1,0.9991007194244604,1,6738
838,2014-02-05,3,8392.0,818,1,0.9991007194244604,1,8225
839,2014-02-05,3,6822.0,771,1,0.9991007194244604,1,6035
840,2014-02-05,3,9277.0,1240,1,0.9991007194244604,1,9045
841,2014-02-05,3,3265.0,446,1,0.9991007194244604,1,3750
842,2014-02-05,3,18989.0,1135,1,0.9991007194244604,1,15992
843,2014-02-05,3,9995.0,1159,1,0.9991007194244604,1,10516
844,2014-02-05,3,5587.0,591,1,0.9991007194244604,1,4752
845,2014-02-05,3,5084.0,333,1,0.9991007194244604,1,4544
846,2014-02-05,3,9738.0,889,1,0.9991007194244604,1,9335
847,2014-02-05,3,7606.0,1027,1,0.9991007194244604,1,7882
848,2014-02-05,3,7236.0,778,1,0.9991007194244604,1,7459
849,2014-02-05,3,8557.0,942,1,0.9991007194244604,1,9080
850,2014-02-05,3,7359.0,685,1,0.9991007194244604,1,6316
851,2014-02-05,3,5339.0,472,1,0.9991007194244604,1,6712
852,2014-02-05,3,4783.0,568,1,0.9991007194244604,1,4578
853,2014-02-05,3,9356.0,1029,1,0.9991007194244604,1,9519
854,2014-02-05,3,7696.0,737,1,0.9991007194244604,1,6293
855,2014-02-05,3,6691.0,612,1,0.9991007194244604,1,5415
856,2014-02-05,3,8282.0,1042,1,0.9991007194244604,1,9095
857,2014-02-05,3,7317.0,854,1,0.9991007194244604,1,7890
858,2014-02-05,3,5242.0,439,1,0.9991007194244604,1,3437
859,2014-02-05,3,7115.0,700,1,0.9991007194244604,1,7285
860,2014-02-05,3,5735.0,669,1,0.9991007194244604,1,6038
861,2014-02-05,3,3558.0,505,1,0.9991007194244604,1,2543
862,2014-02-05,3,9133.0,1129,1,0.9991007194244604,1,9597
863,2014-02-05,3,9001.0,968,1,0.9991007194244604,1,8259
864,2014-02-05,3,4475.0,602,1,0.9991007194244604,1,4490
865,2014-02-05,3,8471.0,657,1,0.9991007194244604,1,8892
866,2014-02-05,3,7541.0,489,1,0.9991007194244604,1,6847
867,2014-02-05,3,4401.0,379,1,0.9991007194244604,1,4933
868,2014-02-05,3,8639.0,583,1,0.9991007194244604,1,8823
869,2014-02-05,3,7569.0,983,1,0.9991007194244604,1,7846
870,2014-02-05,3,7369.0,918,1,0.9991007194244604,1,7882
871,2014-02-05,3,5530.0,377,1,0.9991007194244604,1,4734
872,2014-02-05,3,9298.0,894,1,0.9991007194244604,1,8331
873,2014-02-05,3,4419.0,501,1,0.9991007194244604,1,3501
874,2014-02-05,3,4334.0,465,1,0.9991007194244604,1,4966
875,2014-02-05,3,6036.0,522,1,0.9991007194244604,1,5749
876,2014-02-05,3,11069.0,1059,1,0.9991007194244604,1,10024
877,2014-02-05,3,7161.0,978,1,0.9991007194244604,1,5645
878,2014-02-05,3,9619.0,864,1,0.9991007194244604,1,10453
879,2014-02-05,3,4095.0,331,1,0.9991007194244604,1,4991
880,2014-02-05,3,7856.0,806,1,0.9991007194244604,1,7968
881,2014-02-05,3,5296.0,775,1,0.9991007194244604,1,5765
882,2014-02-05,3,6425.0,790,1,0.9991007194244604,1,6554
883,2014-02-05,3,5091.0,500,1,0.9991007194244604,1,4779
884,2014-02-05,3,5730.0,509,1,0.9991007194244604,1,6390
885,2014-02-05,3,4876.0,677,1,0.9991007194244604,1,4726
886,2014-02-05,3,7735.0,695,1,0.9991007194244604,1,6075
887,2014-02-05,3,6535.0,529,1,0.9991007194244604,1,7034
888,2014-02-05,3,7664.0,727,1,0.9991007194244604,1,7666
889,2014-02-05,3,4095.0,405,1,0.9991007194244604,1,5303
890,2014-02-05,3,5875.0,414,1,0.9991007194244604,1,6361
891,2014-02-05,3,7800.0,1048,1,0.9991007194244604,1,7927
892,2014-02-05,3,8377.0,840,1,0.9991007194244604,1,7626
893,2014-02-05,3,8026.0,998,1,0.9991007194244604,1,6476
894,2014-02-05,3,10842.0,1211,1,0.9991007194244604,1,9899
895,2014-02-05,3,9915.0,882,1,0.9991007194244604,1,9399
896,2014-02-05,3,7093.0,1068,1,0.9991007194244604,1,7528
897,2014-02-05,3,3234.0,328,1,0.9991007194244604,1,1729
898,2014-02-05,3,8337.0,877,1,0.9991007194244604,1,7028
899,2014-02-05,3,6678.0,648,1,0.9991007194244604,1,5747
900,2014-02-05,3,6083.0,555,1,0.9991007194244604,1,6592
901,2014-02-05,3,7878.0,672,1,0.9991007194244604,1,8015
902,2014-02-05,3,5567.0,693,1,0.9991007194244604,1,747
903,2014-02-05,3,12472.0,819,1,0.9991007194244604,1,13003
904,2014-02-05,3,5905.0,471,1,0.9991007194244604,1,5838
905,2014-02-05,3,11189.0,1583,1,0.9991007194244604,1,10257
906,2014-02-05,3,11486.0,1295,1,0.9991007194244604,1,12150
907,2014-02-05,3,5731.0,737,1,0.9991007194244604,1,6496
908,2014-02-05,3,5343.0,412,1,0.9991007194244604,1,3668
909,2014-02-05,3,13017.0,1163,1,0.9991007194244604,1,11408
910,2014-02-05,3,5869.0,582,1,0.9991007194244604,1,5440
911,2014-02-05,3,10903.0,947,1,0.9991007194244604,1,12225
912,2014-02-05,3,5931.0,716,1,0.9991007194244604,1,6221
913,2014-02-05,3,9530.0,1152,1,0.9991007194244604,1,9715
914,2014-02-05,3,10405.0,1188,1,0.9991007194244604,1,9011
915,2014-02-05,3,5672.0,416,1,0.9991007194244604,1,7044
916,2014-02-05,3,5300.0,683,1,0.9991007194244604,1,5993
917,2014-02-05,3,7409.0,761,1,0.9991007194244604,1,5881
918,2014-02-05,3,6347.0,689,1,0.9991007194244604,1,5301
919,2014-02-05,3,6494.0,779,1,0.9991007194244604,1,7939
920,2014-02-05,3,6708.0,599,1,0.9991007194244604,1,5931
921,2014-02-05,3,10467.0,1209,1,0.9991007194244604,1,10613
922,2014-02-05,3,7851.0,729,1,0.9991007194244604,1,4880
923,2014-02-05,3,5576.0,622,1,0.9991007194244604,1,5465
924,2014-02-05,3,5758.0,486,1,0.9991007194244604,1,6218
925,2014-02-05,3,6828.0,1146,1,0.9991007194244604,1,6705
926,2014-02-05,3,7632.0,501,1,0.9991007194244604,1,7335
927,2014-02-05,3,7501.0,896,1,0.9991007194244604,1,6252
928,2014-02-05,3,9661.0,788,1,0.9991007194244604,1,8124
929,2014-02-05,3,6701.0,791,1,0.9991007194244604,1,9591
930,2014-02-05,3,7339.0,1209,1,0.9991007194244604,1,6519
931,2014-02-05,3,3650.0,392,1,0.9991007194244604,1,3297
932,2014-02-05,3,8339.0,812,1,0.9991007194244604,1,7529
933,2014-02-05,3,8672.0,1060,1,0.9991007194244604,1,7454
934,2014-02-05,3,7966.0,735,1,0.9991007194244604,1,7557
935,2014-02-05,3,6361.0,625,1,0.9991007194244604,1,6036
936,2014-02-05,3,7700.0,945,1,0.9991007194244604,1,7506
937,2014-02-05,3,6781.0,560,1,0.9991007194244604,1,6867
938,2014-02-05,3,10558.0,1003,1,0.9991007194244604,1,11215
939,2014-02-05,3,6460.0,617,1,0.9991007194244604,1,7614
940,2014-02-05,3,8048.0,767,1,0.9991007194244604,1,8257
941,2014-02-05,3,6279.0,630,1,0.9991007194244604,1,5402
942,2014-02-05,3,6581.0,454,1,0.9991007194244604,1,5786
943,2014-02-05,3,6540.0,537,1,0.9991007194244604,1,7484
944,2014-02-05,3,7581.0,1156,1,0.9991007194244604,1,7936
945,2014-02-05,3,4350.0,569,1,0.9991007194244604,1,3899
946,2014-02-05,3,4169.0,536,1,0.9991007194244604,1,4009
947,2014-02-05,3,9976.0,1249,1,0.9991007194244604,1,8895
948,2014-02-05,3,6845.0,1678,1,0.9991007194244604,1,7467
949,2014-02-05,3,6371.0,581,1,0.9991007194244604,1,7002
950,2014-02-05,3,6527.0,601,1,0.9991007194244604,1,5709
951,2014-02-05,3,7486.0,706,1,0.9991007194244604,1,8081
952,2014-02-05,3,6390.0,482,1,0.9991007194244604,1,7656
953,2014-02-05,3,6140.0,578,1,0.9991007194244604,1,5485
954,2014-02-05,3,8329.0,1095,1,0.9991007194244604,1,7001
955,2014-02-05,3,4794.0,477,1,0.9991007194244604,1,4010
956,2014-02-05,3,4270.0,584,1,0.9991007194244604,1,3934
957,2014-02-05,3,8406.0,880,1,0.9991007194244604,1,7270
958,2014-02-05,3,4217.0,561,1,0.9991007194244604,1,4198
959,2014-02-05,3,8634.0,830,1,0.9991007194244604,1,7194
960,2014-02-05,3,7386.0,563,1,0.9991007194244604,1,7115
961,2014-02-05,3,6439.0,651,1,0.9991007194244604,1,7836
962,2014-02-05,3,7623.0,991,1,0.9991007194244604,1,7237
963,2014-02-05,3,12601.0,1130,1,0.9991007194244604,1,11205
964,2014-02-05,3,10597.0,1366,1,0.9991007194244604,1,10753
965,2014-02-05,3,11189.0,1117,1,0.9991007194244604,1,8800
966,2014-02-05,3,5150.0,657,1,0.9991007194244604,1,4276
967,2014-02-05,3,8510.0,890,1,0.9991007194244604,1,9985
968,2014-02-05,3,8417.0,1033,1,0.9991007194244604,1,7899
969,2014-02-05,3,4155.0,680,1,0.9991007194244604,1,2953
970,2014-02-05,3,4275.0,516,1,0.9991007194244604,1,5359
971,2014-02-05,3,8451.0,952,1,0.9991007194244604,1,9572
972,2014-02-05,3,4103.0,427,1,0.9991007194244604,1,3695
973,2014-02-05,3,7164.0,869,1,0.9991007194244604,1,7384
974,2014-02-05,3,12672.0,1722,1,0.9991007194244604,1,11899
975,2014-02-05,3,8062.0,787,1,0.9991007194244604,1,9323
976,2014-02-05,3,8896.0,823,1,0.9991007194244604,1,6860
977,2014-02-05,3,5692.0,555,1,0.9991007194244604,1,6057
978,2014-02-05,3,8621.0,1099,1,0.9991007194244604,1,7688
979,2014-02-05,3,7316.0,665,1,0.9991007194244604,1,6903
980,2014-02-05,3,7774.0,565,1,0.9991007194244604,1,7046
981,2014-02-05,3,7672.0,723,1,0.9991007194244604,1,7365
982,2014-02-05,3,8770.0,716,1,0.9991007194244604,1,7668
983,2014-02-05,3,12296.0,1606,1,0.9991007194244604,1,12170
984,2014-02-05,3,7208.0,771,1,0.9991007194244604,1,6602
985,2014-02-05,3,8553.0,739,1,0.9991007194244604,1,8900
986,2014-02-05,3,7282.0,894,1,0.9991007194244604,1,4024
987,2014-02-05,3,7536.0,900,1,0.9991007194244604,1,8586
988,2014-02-05,3,4616.0,687,1,0.9991007194244604,1,-758
989,2014-02-05,3,6136.0,631,1,0.9991007194244604,1,5585
990,2014-02-05,3,7002.0,544,1,0.9991007194244604,1,7724
991,2014-02-05,3,4605.0,431,1,0.9991007194244604,1,4063
992,2014-02-05,3,6746.0,782,1,0.9991007194244604,1,7239
993,2014-02-05,3,7645.0,761,1,0.9991007194244604,1,7445
994,2014-02-05,3,5092.0,463,1,0.9991007194244604,1,4668
995,2014-02-05,3,10200.0,808,1,0.9991007194244604,1,9718
996,2014-02-05,3,7694.0,763,1,0.9991007194244604,1,6244
997,2014-02-05,3,5546.0,423,1,0.9991007194244604,1,5208
998,2014-02-05,3,4583.0,538,1,0.9991007194244604,1,2968
999,2014-02-05,3,11093.0,769,1,0.9991007194244604,1,9710
1000,2014-02-05,3,7406.0,657,1,0.9991007194244604,1,7492
1001,2014-02-05,3,5853.0,625,1,0.9991007194244604,1,5359
1002,2014-02-05,3,6705.0,732,1,0.9991007194244604,1,6597
1003,2014-02-05,3,7902.0,748,1,0.9991007194244604,1,6768
1004,2014-02-05,3,5378.0,464,1,0.9991007194244604,1,5362
1005,2014-02-05,3,6076.0,878,1,0.9991007194244604,1,6696
1006,2014-02-05,3,7807.0,930,1,0.9991007194244604,1,6936
1007,2014-02-05,3,8107.0,844,1,0.9991007194244604,1,6449
1008,2014-02-05,3,6875.0,796,1,0.9991007194244604,1,6098
1009,2014-02-05,3,5514.0,465,1,0.9991007194244604,1,1735
1010,2014-02-05,3,10000.0,820,1,0.9991007194244604,1,8808
1011,2014-02-05,3,10250.0,1085,1,0.9991007194244604,1,9507
1012,2014-02-05,3,5663.0,471,1,0.9991007194244604,1,6533
1013,2014-02-05,3,4939.0,505,1,0.9991007194244604,1,4782
1014,2014-02-05,3,15122.0,1470,1,0.9991007194244604,1,13489
1015,2014-02-05,3,6078.0,464,1,0.9991007194244604,1,6439
1016,2014-02-05,3,6690.0,552,1,0.9991007194244604,1,6662
1017,2014-02-05,3,8516.0,1115,1,0.9991007194244604,1,7517
1018,2014-02-05,3,12426.0,1440,1,0.9991007194244604,1,12660
1019,2014-02-05,3,9888.0,771,1,0.9991007194244604,1,9393
1020,2014-02-05,3,8828.0,1106,1,0.9991007194244604,1,9487
1021,2014-02-05,3,9033.0,984,1,0.9991007194244604,1,9852
1022,2014-02-05,3,8216.0,886,1,0.9991007194244604,1,7491
1023,2014-02-05,3,6468.0,615,1,0.9991007194244604,1,5998
1024,2014-02-05,3,6256.0,756,1,0.9991007194244604,1,6586
1025,2014-02-05,3,7960.0,868,1,0.9991007194244604,1,7466
1026,2014-02-05,3,10126.0,1180,1,0.9991007194244604,1,9082
1027,2014-02-05,3,15460.0,1742,1,0.9991007194244604,1,13684
1028,2014-02-05,3,5540.0,617,1,0.9991007194244604,1,7566
1029,2014-02-05,3,6046.0,828,1,0.9991007194244604,1,5670
1030,2014-02-05,3,4347.0,399,1,0.9991007194244604,1,3839
1031,2014-02-05,3,5197.0,438,1,0.9991007194244604,1,8529
1032,2014-02-05,3,9859.0,1007,1,0.9991007194244604,1,10458
1033,2014-02-05,3,16054.0,1392,1,0.9991007194244604,1,15105
1034,2014-02-05,3,7814.0,841,1,0.9991007194244604,1,6710
1035,2014-02-05,3,6185.0,627,1,0.9991007194244604,1,2489
1036,2014-02-05,3,4712.0,425,1,0.9991007194244604,1,4219
1037,2014-02-05,3,7514.0,921,1,0.9991007194244604,1,6631
1038,2014-02-05,3,5686.0,466,1,0.9991007194244604,1,7016
1039,2014-02-05,3,8361.0,1061,1,0.9991007194244604,1,8104
1040,2014-02-05,3,8591.0,845,1,0.9991007194244604,1,8547
1041,2014-02-05,3,6402.0,714,1,0.9991007194244604,1,6621
1042,2014-02-05,3,4908.0,567,1,0.9991007194244604,1,4009
1043,2014-02-05,3,10012.0,1260,1,0.9991007194244604,1,8802
1044,2014-02-05,3,7174.0,886,1,0.9991007194244604,1,5630
1045,2014-02-05,3,6978.0,821,1,0.9991007194244604,1,8414
1046,2014-02-05,3,9655.0,684,1,0.9991007194244604,1,8350
1047,2014-02-05,3,5249.0,555,1,0.9991007194244604,1,5063
1048,2014-02-05,3,6974.0,528,1,0.9991007194244604,1,7527
1049,2014-02-05,3,4374.0,705,1,0.9991007194244604,1,3168
1050,2014-02-05,3,8199.0,514,1,0.9991007194244604,1,7758
1051,2014-02-05,3,8957.0,1135,1,0.9991007194244604,1,7800
1052,2014-02-05,3,7148.0,739,1,0.9991007194244604,1,7656
1053,2014-02-05,3,11520.0,1279,1,0.9991007194244604,1,8939
1054,2014-02-05,3,6831.0,653,1,0.9991007194244604,1,6646
1055,2014-02-05,3,8675.0,1074,1,0.9991007194244604,1,5964
1056,2014-02-05,3,3511.0,346,1,0.9991007194244604,1,5702
1057,2014-02-05,3,6591.0,625,1,0.9991007194244604,1,5073
1058,2014-02-05,3,7737.0,740,1,0.9991007194244604,1,8982
1059,2014-02-05,3,9308.0,1161,1,0.9991007194244604,1,8722
1060,2014-02-05,3,8452.0,926,1,0.9991007194244604,1,8484
1061,2014-02-05,3,7793.0,565,1,0.9991007194244604,1,8911
1062,2014-02-05,3,6146.0,533,1,0.9991007194244604,1,6549
1063,2014-02-05,3,5160.0,589,1,0.9991007194244604,1,4601
1064,2014-02-05,3,9730.0,1104,1,0.9991007194244604,1,10479
1065,2014-02-05,3,4890.0,539,1,0.9991007194244604,1,5380
1066,2014-02-05,3,10758.0,1107,1,0.9991007194244604,1,11772
1067,2014-02-05,3,5944.0,492,1,0.9991007194244604,1,5754
1068,2014-02-05,3,4683.0,308,1,0.9991007194244604,1,5033
1069,2014-02-05,3,9535.0,1198,1,0.9991007194244604,1,5766
1070,2014-02-05,3,7428.0,936,1,0.9991007194244604,1,10261
1071,2014-02-05,3,7330.0,785,1,0.9991007194244604,1,7649
1072,2014-02-05,3,7776.0,711,1,0.9991007194244604,1,7029
1073,2014-02-05,3,7840.0,1009,1,0.9991007194244604,1,6110
1074,2014-02-05,3,5994.0,627,1,0.9991007194244604,1,5174
1075,2014-02-05,3,10679.0,1038,1,0.9991007194244604,1,12212
1076,2014-02-05,3,4096.0,601,1,0.9991007194244604,1,3418
1077,2014-02-05,3,4596.0,496,1,0.9991007194244604,1,4723
1078,2014-02-05,3,9264.0,617,1,0.9991007194244604,1,6841
1079,2014-02-05,3,10176.0,735,1,0.9991007194244604,1,9311
1080,2014-02-05,3,11153.0,881,1,0.9991007194244604,1,10497
1081,2014-02-05,3,7804.0,1143,1,0.9991007194244604,1,7114
1082,2014-02-05,3,8050.0,1048,1,0.9991007194244604,1,7454
1083,2014-02-05,3,5102.0,342,1,0.9991007194244604,1,3867
1084,2014-02-05,3,6439.0,773,1,0.9991007194244604,1,6316
1085,2014-02-05,3,8836.0,844,1,0.9991007194244604,1,11640
1086,2014-02-05,3,9880.0,939,1,0.9991007194244604,1,8007
1087,2014-02-05,3,5951.0,585,1,0.9991007194244604,1,5968
1088,2014-02-05,3,5738.0,515,1,0.9991007194244604,1,5856
1089,2014-02-05,3,10016.0,980,1,0.9991007194244604,1,10696
1090,2014-02-05,3,7992.0,1005,1,0.9991007194244604,1,5958
1091,2014-02-05,3,9774.0,743,1,0.9991007194244604,1,8596
1092,2014-02-05,3,11906.0,1167,1,0.9991007194244604,1,10781
1093,2014-02-05,3,8990.0,908,1,0.9991007194244604,1,8916
1094,2014-02-05,3,4224.0,335,1,0.9991007194244604,1,5184
1095,2014-02-05,3,5327.0,693,1,0.9991007194244604,1,4324
1096,2014-02-05,3,5103.0,607,1,0.9991007194244604,1,5886
1097,2014-02-05,3,10177.0,2500,1,0.9991007194244604,1,10548
1098,2014-02-05,3,6274.0,808,1,0.9991007194244604,1,5014
1099,2014-02-05,3,8062.0,973,1,0.9991007194244604,1,6683
1100,2014-02-05,3,6319.0,689,1,0.9991007194244604,1,3521
1101,2014-02-05,3,10125.0,948,1,0.9991007194244604,1,9791
1102,2014-02-05,3,7714.0,753,1,0.9991007194244604,1,9008
1103,2014-02-05,3,4865.0,346,1,0.9991007194244604,1,6513
1104,2014-02-05,3,5619.0,399,1,0.9991007194244604,1,8336
1105,2014-02-05,3,4874.0,519,1,0.9991007194244604,1,5555
1106,2014-02-05,3,5503.0,587,1,0.9991007194244604,1,5995
1107,2014-02-05,3,7169.0,678,1,0.9991007194244604,1,5893
1108,2014-02-05,3,7083.0,721,1,0.9991007194244604,1,7091
1109,2014-02-05,3,6245.0,475,1,0.9991007194244604,1,5843
1110,2014-02-05,3,4957.0,547,1,0.9991007194244604,1,5142
1111,2014-02-05,3,6514.0,501,1,0.9991007194244604,1,8876
1112,2014-02-05,3,12141.0,897,1,0.9991007194244604,1,11795
1113,2014-02-05,3,6785.0,726,1,0.9991007194244604,1,6897
1114,2014-02-05,3,19543.0,2836,1,0.9991007194244604,1,20035
1115,2014-02-05,3,6148.0,413,1,0.9991007194244604,1,6343
