Store,Date,DayOfWeek,Sales,Customers,Promo,mean_Promo,POST_Promo,POST_Customers,POST_Sales
1,2014-02-26,3,4108.0,491,0,0.0008984725965858042,0,431,2861
2,2014-02-26,3,4548.0,632,0,0.0008984725965858042,0,512,2408
3,2014-02-26,3,4580.0,640,0,0.0008984725965858042,0,1058,6054
4,2014-02-26,3,6987.0,1100,0,0.0008984725965858042,0,610,6240
5,2014-02-26,3,3568.0,548,0,0.0008984725965858042,0,536,4825
6,2014-02-26,3,4111.0,545,0,0.0008984725965858042,0,292,4536
7,2014-02-26,3,5812.0,746,0,0.0008984725965858042,0,258,2359
8,2014-02-26,3,3719.0,560,0,0.0008984725965858042,0,914,5293
9,2014-02-26,3,5627.0,527,0,0.0008984725965858042,0,435,4476
10,2014-02-26,3,4253.0,560,0,0.0008984725965858042,0,798,4668
11,2014-02-26,3,7000.0,1120,0,0.0008984725965858042,0,1384,7084
12,2014-02-26,3,5680.0,794,0,0.0008984725965858042,0,1687,7853
13,2014-02-26,3,2820.0,255,0,0.0008984725965858042,0,825,3763
14,2014-02-26,3,4408.0,574,0,0.0008984725965858042,0,500,5198
15,2014-02-26,3,4507.0,488,0,0.0008984725965858042,0,408,5009
16,2014-02-26,3,6439.0,802,0,0.0008984725965858042,0,368,4934
17,2014-02-26,3,4426.0,671,0,0.0008984725965858042,0,1035,5118
18,2014-02-26,3,4630.0,627,0,0.0008984725965858042,0,456,4428
19,2014-02-26,3,5543.0,571,0,0.0008984725965858042,0,3004,6101
20,2014-02-26,3,6497.0,834,0,0.0008984725965858042,0,627,5730
21,2014-02-26,3,3675.0,384,0,0.0008984725965858042,0,317,3826
22,2014-02-26,3,4192.0,554,0,0.0008984725965858042,0,550,5071
23,2014-02-26,3,4393.0,426,0,0.0008984725965858042,0,414,3895
24,2014-02-26,3,6937.0,663,0,0.0008984725965858042,0,739,7432
25,2014-02-26,3,10499.0,1626,0,0.0008984725965858042,0,575,6152
26,2014-02-26,3,4669.0,430,0,0.0008984725965858042,0,1476,6285
27,2014-02-26,3,6027.0,838,0,0.0008984725965858042,0,369,4502
28,2014-02-26,3,4348.0,481,0,0.0008984725965858042,0,233,2262
29,2014-02-26,3,4990.0,531,0,0.0008984725965858042,0,308,4748
30,2014-02-26,3,5228.0,888,0,0.0008984725965858042,0,419,3367
31,2014-02-26,3,4426.0,461,0,0.0008984725965858042,0,399,3194
32,2014-02-26,3,2849.0,414,0,0.0008984725965858042,0,374,3944
33,2014-02-26,3,8052.0,887,0,0.0008984725965858042,0,361,4556
34,2014-02-26,3,6121.0,862,0,0.0008984725965858042,0,753,5873
35,2014-02-26,3,6870.0,599,0,0.0008984725965858042,0,604,5666
36,2014-02-26,3,6648.0,890,0,0.0008984725965858042,0,1046,7141
37,2014-02-26,3,4276.0,543,0,0.0008984725965858042,0,902,4948
38,2014-02-26,3,4765.0,516,0,0.0008984725965858042,0,285,3877
39,2014-02-26,3,4511.0,657,0,0.0008984725965858042,0,348,3499
40,2014-02-26,3,4378.0,603,0,0.0008984725965858042,0,632,3868
41,2014-02-26,3,3475.0,327,0,0.0008984725965858042,0,653,4480
42,2014-02-26,3,8588.0,1075,0,0.0008984725965858042,0,518,5557
43,2014-02-26,3,7152.0,737,0,0.0008984725965858042,0,453,4398
44,2014-02-26,3,4379.0,587,0,0.0008984725965858042,0,409,3208
45,2014-02-26,3,3780.0,351,0,0.0008984725965858042,0,1130,5112
46,2014-02-26,3,3269.0,486,0,0.0008984725965858042,0,610,3853
47,2014-02-26,3,5289.0,829,0,0.0008984725965858042,0,1093,5464
48,2014-02-26,3,3412.0,403,0,0.0008984725965858042,0,1423,4817
49,2014-02-26,3,5977.0,448,0,0.0008984725965858042,0,444,5611
50,2014-02-26,3,3070.0,292,0,0.0008984725965858042,0,499,3424
51,2014-02-26,3,4245.0,404,0,0.0008984725965858042,0,406,4336
52,2014-02-26,3,6268.0,451,0,0.0008984725965858042,0,966,6329
53,2014-02-26,3,3767.0,471,0,0.0008984725965858042,0,2372,5054
54,2014-02-26,3,4378.0,491,0,0.0008984725965858042,0,971,5279
55,2014-02-26,3,3638.0,503,0,0.0008984725965858042,0,451,4294
56,2014-02-26,3,4603.0,359,0,0.0008984725965858042,0,378,4988
57,2014-02-26,3,7942.0,799,0,0.0008984725965858042,0,1021,9472
58,2014-02-26,3,4915.0,443,0,0.0008984725965858042,0,458,4283
59,2014-02-26,3,4552.0,533,0,0.0008984725965858042,0,1185,6083
60,2014-02-26,3,6622.0,710,0,0.0008984725965858042,0,479,3962
61,2014-02-26,3,3980.0,520,0,0.0008984725965858042,0,1035,5116
62,2014-02-26,3,6975.0,861,0,0.0008984725965858042,0,742,4099
63,2014-02-26,3,4202.0,437,0,0.0008984725965858042,0,272,4170
64,2014-02-26,3,8600.0,753,0,0.0008984725965858042,0,394,3858
65,2014-02-26,3,3352.0,345,0,0.0008984725965858042,0,599,3697
66,2014-02-26,3,3999.0,398,0,0.0008984725965858042,0,501,3980
67,2014-02-26,3,5838.0,696,0,0.0008984725965858042,0,442,5512
68,2014-02-26,3,5541.0,948,0,0.0008984725965858042,0,611,4415
69,2014-02-26,3,6837.0,983,0,0.0008984725965858042,0,424,3548
70,2014-02-26,3,5004.0,580,0,0.0008984725965858042,0,432,4548
71,2014-02-26,3,6651.0,643,0,0.0008984725965858042,0,384,4355
72,2014-02-26,3,3225.0,378,0,0.0008984725965858042,0,576,3507
73,2014-02-26,3,3628.0,475,0,0.0008984725965858042,0,378,3370
74,2014-02-26,3,5844.0,877,0,0.0008984725965858042,0,385,4709
75,2014-02-26,3,4255.0,505,0,0.0008984725965858042,0,592,4478
76,2014-02-26,3,7064.0,788,0,0.0008984725965858042,0,272,4048
77,2014-02-26,3,5151.0,513,0,0.0008984725965858042,0,661,5219
78,2014-02-26,3,2748.0,426,0,0.0008984725965858042,0,774,2599
79,2014-02-26,3,3780.0,449,0,0.0008984725965858042,0,351,2959
80,2014-02-26,3,5564.0,474,0,0.0008984725965858042,0,1887,8456
81,2014-02-26,3,5566.0,509,0,0.0008984725965858042,0,686,4878
82,2014-02-26,3,7673.0,836,0,0.0008984725965858042,0,1104,8097
83,2014-02-26,3,3720.0,351,0,0.0008984725965858042,0,626,2933
84,2014-02-26,3,10475.0,1379,0,0.0008984725965858042,0,929,9884
85,2014-02-26,3,4691.0,739,0,0.0008984725965858042,0,487,5133
86,2014-02-26,3,3664.0,535,0,0.0008984725965858042,0,299,3060
87,2014-02-26,3,5300.0,694,0,0.0008984725965858042,0,351,3619
88,2014-02-26,3,4493.0,555,0,0.0008984725965858042,0,1359,5357
89,2014-02-26,3,5171.0,613,0,0.0008984725965858042,0,715,4889
90,2014-02-26,3,6716.0,1007,0,0.0008984725965858042,0,463,5328
91,2014-02-26,3,5375.0,663,0,0.0008984725965858042,0,499,5770
92,2014-02-26,3,3974.0,404,0,0.0008984725965858042,0,613,5171
93,2014-02-26,3,4147.0,517,0,0.0008984725965858042,0,972,5504
94,2014-02-26,3,5377.0,573,0,0.0008984725965858042,0,550,4838
95,2014-02-26,3,5286.0,657,0,0.0008984725965858042,0,697,4847
96,2014-02-26,3,4377.0,550,0,0.0008984725965858042,0,405,4166
97,2014-02-26,3,4501.0,523,0,0.0008984725965858042,0,447,4817
98,2014-02-26,3,3085.0,335,0,0.0008984725965858042,0,654,4769
99,2014-02-26,3,3600.0,355,0,0.0008984725965858042,0,1081,5323
100,2014-02-26,3,5928.0,607,0,0.0008984725965858042,0,249,3093
101,2014-02-26,3,6376.0,711,0,0.0008984725965858042,0,769,6008
102,2014-02-26,3,4397.0,768,0,0.0008984725965858042,0,943,6000
103,2014-02-26,3,3612.0,357,0,0.0008984725965858042,0,1018,5975
104,2014-02-26,3,8593.0,1236,0,0.0008984725965858042,0,645,7950
105,2014-02-26,3,3909.0,530,0,0.0008984725965858042,0,691,4696
106,2014-02-26,3,8042.0,855,0,0.0008984725965858042,0,1411,9553
107,2014-02-26,3,5785.0,884,0,0.0008984725965858042,0,565,3222
108,2014-02-26,3,8253.0,730,0,0.0008984725965858042,0,743,8195
109,2014-02-26,3,4761.0,619,0,0.0008984725965858042,0,378,4116
110,2014-02-26,3,3515.0,538,0,0.0008984725965858042,0,539,3678
111,2014-02-26,3,4861.0,456,0,0.0008984725965858042,0,612,4949
112,2014-02-26,3,5638.0,737,0,0.0008984725965858042,0,1847,8959
113,2014-02-26,3,6064.0,649,0,0.0008984725965858042,0,403,4791
114,2014-02-26,3,4513.0,598,0,0.0008984725965858042,0,268,2946
115,2014-02-26,3,5366.0,472,0,0.0008984725965858042,0,1817,6395
116,2014-02-26,3,5536.0,666,0,0.0008984725965858042,0,908,5344
117,2014-02-26,3,3536.0,497,0,0.0008984725965858042,0,489,2596
118,2014-02-26,3,5296.0,505,0,0.0008984725965858042,0,936,6318
119,2014-02-26,3,5083.0,651,0,0.0008984725965858042,0,768,5464
120,2014-02-26,3,5108.0,539,0,0.0008984725965858042,0,859,3491
121,2014-02-26,3,3522.0,429,0,0.0008984725965858042,0,255,2466
122,2014-02-26,3,4451.0,601,0,0.0008984725965858042,0,881,4729
123,2014-02-26,3,6196.0,877,0,0.0008984725965858042,0,592,6446
124,2014-02-26,3,3528.0,504,0,0.0008984725965858042,0,452,3255
125,2014-02-26,3,9417.0,1428,0,0.0008984725965858042,0,346,4547
126,2014-02-26,3,5594.0,608,0,0.0008984725965858042,0,934,5283
127,2014-02-26,3,4156.0,530,0,0.0008984725965858042,0,711,4288
128,2014-02-26,3,5305.0,499,0,0.0008984725965858042,0,645,6194
129,2014-02-26,3,6957.0,1027,0,0.0008984725965858042,0,789,7313
130,2014-02-26,3,4371.0,550,0,0.0008984725965858042,0,359,3775
131,2014-02-26,3,5142.0,626,0,0.0008984725965858042,0,342,4126
132,2014-02-26,3,4787.0,514,0,0.0008984725965858042,0,706,5172
133,2014-02-26,3,4578.0,608,0,0.0008984725965858042,0,462,3730
134,2014-02-26,3,4350.0,470,0,0.0008984725965858042,0,398,2107
135,2014-02-26,3,4278.0,423,0,0.0008984725965858042,0,148,2641
136,2014-02-26,3,3972.0,364,0,0.0008984725965858042,0,551,4562
137,2014-02-26,3,6768.0,883,0,0.0008984725965858042,0,542,6091
138,2014-02-26,3,5471.0,591,0,0.0008984725965858042,0,755,5308
139,2014-02-26,3,5234.0,474,0,0.0008984725965858042,0,578,6235
140,2014-02-26,3,6592.0,944,0,0.0008984725965858042,0,771,6728
141,2014-02-26,3,3943.0,496,0,0.0008984725965858042,0,764,3280
142,2014-02-26,3,5578.0,730,0,0.0008984725965858042,0,930,5673
143,2014-02-26,3,4510.0,462,0,0.0008984725965858042,0,762,4960
144,2014-02-26,3,6034.0,630,0,0.0008984725965858042,0,619,6693
145,2014-02-26,3,6117.0,1054,0,0.0008984725965858042,0,1093,6444
146,2014-02-26,3,5488.0,604,0,0.0008984725965858042,0,526,5860
147,2014-02-26,3,5673.0,716,0,0.0008984725965858042,0,556,7100
148,2014-02-26,3,6997.0,733,0,0.0008984725965858042,0,431,4270
149,2014-02-26,3,4272.0,453,0,0.0008984725965858042,0,795,5273
150,2014-02-26,3,6410.0,645,0,0.0008984725965858042,0,744,7774
151,2014-02-26,3,4601.0,519,0,0.0008984725965858042,0,786,5441
152,2014-02-26,3,5342.0,728,0,0.0008984725965858042,0,509,3802
153,2014-02-26,3,5042.0,605,0,0.0008984725965858042,0,582,6146
154,2014-02-26,3,5854.0,579,0,0.0008984725965858042,0,365,4028
155,2014-02-26,3,4500.0,522,0,0.0008984725965858042,0,637,5336
156,2014-02-26,3,5164.0,627,0,0.0008984725965858042,0,1874,8294
157,2014-02-26,3,8413.0,1003,0,0.0008984725965858042,0,426,3872
158,2014-02-26,3,6247.0,403,0,0.0008984725965858042,0,724,6541
159,2014-02-26,3,5354.0,533,0,0.0008984725965858042,0,526,4993
160,2014-02-26,3,3597.0,418,0,0.0008984725965858042,0,1475,5646
161,2014-02-26,3,6859.0,903,0,0.0008984725965858042,0,393,4472
162,2014-02-26,3,4850.0,400,0,0.0008984725965858042,0,1369,7580
163,2014-02-26,3,6104.0,816,0,0.0008984725965858042,0,284,3471
164,2014-02-26,3,4708.0,578,0,0.0008984725965858042,0,806,6419
165,2014-02-26,3,3987.0,421,0,0.0008984725965858042,0,741,3758
166,2014-02-26,3,4604.0,708,0,0.0008984725965858042,0,295,3863
167,2014-02-26,3,6265.0,906,0,0.0008984725965858042,0,769,6177
168,2014-02-26,3,5894.0,661,0,0.0008984725965858042,0,729,4817
169,2014-02-26,3,5701.0,666,0,0.0008984725965858042,0,640,6680
170,2014-02-26,3,4612.0,551,0,0.0008984725965858042,0,314,3666
171,2014-02-26,3,6116.0,762,0,0.0008984725965858042,0,421,3769
172,2014-02-26,3,5790.0,791,0,0.0008984725965858042,0,1626,6091
173,2014-02-26,3,5906.0,886,0,0.0008984725965858042,0,644,7166
174,2014-02-26,3,5028.0,438,0,0.0008984725965858042,0,649,4430
175,2014-02-26,3,4447.0,603,0,0.0008984725965858042,0,359,4177
176,2014-02-26,3,3842.0,571,0,0.0008984725965858042,0,632,4441
177,2014-02-26,3,3615.0,500,0,0.0008984725965858042,0,785,4345
178,2014-02-26,3,7294.0,754,0,0.0008984725965858042,0,384,4390
179,2014-02-26,3,5316.0,797,0,0.0008984725965858042,0,315,3670
180,2014-02-26,3,5436.0,713,0,0.0008984725965858042,0,777,5865
181,2014-02-26,3,4476.0,569,0,0.0008984725965858042,0,847,5837
182,2014-02-26,3,3877.0,354,0,0.0008984725965858042,0,2873,6113
183,2014-02-26,3,3601.0,533,0,0.0008984725965858042,0,578,3886
184,2014-02-26,3,5873.0,628,0,0.0008984725965858042,0,588,5603
185,2014-02-26,3,4741.0,395,0,0.0008984725965858042,0,421,4148
186,2014-02-26,3,2692.0,319,0,0.0008984725965858042,0,3071,4303
187,2014-02-26,3,4854.0,701,0,0.0008984725965858042,0,780,5135
188,2014-02-26,3,3505.0,367,0,0.0008984725965858042,0,452,3369
189,2014-02-26,3,8752.0,887,0,0.0008984725965858042,0,753,7090
190,2014-02-26,3,5675.0,628,0,0.0008984725965858042,0,614,4585
191,2014-02-26,3,5442.0,657,0,0.0008984725965858042,0,723,6501
192,2014-02-26,3,5637.0,442,0,0.0008984725965858042,0,291,3509
193,2014-02-26,3,4119.0,741,0,0.0008984725965858042,0,790,4786
194,2014-02-26,3,4135.0,425,0,0.0008984725965858042,0,682,3684
195,2014-02-26,3,10639.0,1457,0,0.0008984725965858042,0,342,3761
196,2014-02-26,3,3740.0,609,0,0.0008984725965858042,0,1099,5736
197,2014-02-26,3,5033.0,734,0,0.0008984725965858042,0,1385,6980
198,2014-02-26,3,1574.0,219,0,0.0008984725965858042,0,1015,3051
199,2014-02-26,3,5836.0,543,0,0.0008984725965858042,0,547,6166
200,2014-02-26,3,7926.0,1049,0,0.0008984725965858042,0,493,6057
201,2014-02-26,3,4842.0,517,0,0.0008984725965858042,0,759,5806
202,2014-02-26,3,5017.0,446,0,0.0008984725965858042,0,347,4240
203,2014-02-26,3,5881.0,874,0,0.0008984725965858042,0,764,5561
204,2014-02-26,3,5301.0,497,0,0.0008984725965858042,0,373,4430
205,2014-02-26,3,4412.0,728,0,0.0008984725965858042,0,706,5574
206,2014-02-26,3,5645.0,711,0,0.0008984725965858042,0,876,5325
207,2014-02-26,3,8418.0,1171,0,0.0008984725965858042,0,576,6395
208,2014-02-26,3,2294.0,337,0,0.0008984725965858042,0,821,3517
209,2014-02-26,3,4207.0,480,0,0.0008984725965858042,0,577,4660
210,2014-02-26,3,2609.0,270,0,0.0008984725965858042,0,650,4044
211,2014-02-26,3,11255.0,1409,0,0.0008984725965858042,0,377,4003
212,2014-02-26,3,4171.0,472,0,0.0008984725965858042,0,434,4459
213,2014-02-26,3,6671.0,586,0,0.0008984725965858042,0,769,7536
214,2014-02-26,3,9005.0,791,0,0.0008984725965858042,0,420,4615
215,2014-02-26,3,4200.0,381,0,0.0008984725965858042,0,579,4841
216,2014-02-26,3,6342.0,879,0,0.0008984725965858042,0,392,5661
217,2014-02-26,3,3568.0,539,0,0.0008984725965858042,0,1213,3829
218,2014-02-26,3,4583.0,679,0,0.0008984725965858042,0,570,5851
219,2014-02-26,3,3091.0,454,0,0.0008984725965858042,0,555,4028
220,2014-02-26,3,4636.0,677,0,0.0008984725965858042,0,507,5012
221,2014-02-26,3,3609.0,392,0,0.0008984725965858042,0,1084,5114
222,2014-02-26,3,4315.0,528,0,0.0008984725965858042,0,340,3081
223,2014-02-26,3,5159.0,635,0,0.0008984725965858042,0,517,6614
224,2014-02-26,3,4689.0,391,0,0.0008984725965858042,0,318,4210
225,2014-02-26,3,3491.0,429,0,0.0008984725965858042,0,1558,5671
226,2014-02-26,3,5456.0,608,0,0.0008984725965858042,0,1288,6262
227,2014-02-26,3,6336.0,667,0,0.0008984725965858042,0,665,4427
228,2014-02-26,3,5301.0,453,0,0.0008984725965858042,0,730,6062
229,2014-02-26,3,6370.0,640,0,0.0008984725965858042,0,700,6458
230,2014-02-26,3,5851.0,794,0,0.0008984725965858042,0,725,6663
231,2014-02-26,3,3190.0,303,0,0.0008984725965858042,0,437,4488
232,2014-02-26,3,1939.0,235,0,0.0008984725965858042,0,656,2745
233,2014-02-26,3,7343.0,899,0,0.0008984725965858042,0,1127,7785
234,2014-02-26,3,7571.0,817,0,0.0008984725965858042,0,397,1905
235,2014-02-26,3,3908.0,394,0,0.0008984725965858042,0,1579,6201
236,2014-02-26,3,5727.0,816,0,0.0008984725965858042,0,665,6122
237,2014-02-26,3,3939.0,549,0,0.0008984725965858042,0,1021,4177
238,2014-02-26,3,7210.0,1126,0,0.0008984725965858042,0,1047,7040
239,2014-02-26,3,3523.0,423,0,0.0008984725965858042,0,435,4547
240,2014-02-26,3,4226.0,439,0,0.0008984725965858042,0,665,4239
241,2014-02-26,3,4944.0,613,0,0.0008984725965858042,0,672,5689
242,2014-02-26,3,2288.0,244,0,0.0008984725965858042,0,513,3098
243,2014-02-26,3,4977.0,720,0,0.0008984725965858042,0,591,5468
244,2014-02-26,3,3321.0,419,0,0.0008984725965858042,0,450,4336
245,2014-02-26,3,7821.0,994,0,0.0008984725965858042,0,218,3311
246,2014-02-26,3,5514.0,813,0,0.0008984725965858042,0,437,5519
247,2014-02-26,3,5143.0,468,0,0.0008984725965858042,0,1556,8641
248,2014-02-26,3,6185.0,891,0,0.0008984725965858042,0,413,4432
249,2014-02-26,3,3737.0,441,0,0.0008984725965858042,0,251,2436
250,2014-02-26,3,5867.0,532,0,0.0008984725965858042,0,301,3719
251,2014-02-26,3,14253.0,2061,0,0.0008984725965858042,0,635,9909
252,2014-02-26,3,8287.0,762,0,0.0008984725965858042,0,400,2853
253,2014-02-26,3,4184.0,589,0,0.0008984725965858042,0,533,5004
254,2014-02-26,3,2241.0,220,0,0.0008984725965858042,0,525,3876
255,2014-02-26,3,4628.0,534,0,0.0008984725965858042,0,862,5303
256,2014-02-26,3,9495.0,1462,0,0.0008984725965858042,0,446,5264
257,2014-02-26,3,4043.0,587,0,0.0008984725965858042,0,332,3997
258,2014-02-26,3,4269.0,413,0,0.0008984725965858042,0,738,6689
259,2014-02-26,3,11151.0,2391,0,0.0008984725965858042,0,485,4150
260,2014-02-26,3,5544.0,821,0,0.0008984725965858042,0,822,4509
261,2014-02-26,3,8359.0,743,0,0.0008984725965858042,0,976,10100
262,2014-02-26,3,16506.0,2807,0,0.0008984725965858042,0,384,6556
263,2014-02-26,3,2589.0,270,0,0.0008984725965858042,0,957,3064
264,2014-02-26,3,4897.0,784,0,0.0008984725965858042,0,232,2595
265,2014-02-26,3,3493.0,424,0,0.0008984725965858042,0,762,4864
266,2014-02-26,3,3450.0,504,0,0.0008984725965858042,0,787,3074
267,2014-02-26,3,5665.0,767,0,0.0008984725965858042,0,569,6615
268,2014-02-26,3,3631.0,505,0,0.0008984725965858042,0,368,3726
269,2014-02-26,3,6525.0,1032,0,0.0008984725965858042,0,220,2787
270,2014-02-26,3,7476.0,1032,0,0.0008984725965858042,0,843,6888
271,2014-02-26,3,5612.0,694,0,0.0008984725965858042,0,722,7037
272,2014-02-26,3,4446.0,539,0,0.0008984725965858042,0,553,4653
273,2014-02-26,3,4876.0,599,0,0.0008984725965858042,0,525,4533
274,2014-02-26,3,2990.0,815,0,0.0008984725965858042,0,619,3559
275,2014-02-26,3,6694.0,729,0,0.0008984725965858042,0,451,4869
276,2014-02-26,3,3404.0,480,0,0.0008984725965858042,0,665,4736
277,2014-02-26,3,4870.0,453,0,0.0008984725965858042,0,310,3641
278,2014-02-26,3,5600.0,710,0,0.0008984725965858042,0,604,6331
279,2014-02-26,3,5203.0,474,0,0.0008984725965858042,0,370,5208
280,2014-02-26,3,5702.0,549,0,0.0008984725965858042,0,923,5893
281,2014-02-26,3,4402.0,459,0,0.0008984725965858042,0,588,4035
282,2014-02-26,3,3525.0,597,0,0.0008984725965858042,0,499,5737
283,2014-02-26,3,5676.0,650,0,0.0008984725965858042,0,353,4329
284,2014-02-26,3,3583.0,363,0,0.0008984725965858042,0,922,5230
285,2014-02-26,3,3876.0,429,0,0.0008984725965858042,0,194,1407
286,2014-02-26,3,4097.0,407,0,0.0008984725965858042,0,853,4627
287,2014-02-26,3,6452.0,721,0,0.0008984725965858042,0,351,4526
288,2014-02-26,3,3993.0,307,0,0.0008984725965858042,0,712,5385
289,2014-02-26,3,4843.0,485,0,0.0008984725965858042,0,417,4002
290,2014-02-26,3,6233.0,722,0,0.0008984725965858042,0,419,4100
291,2014-02-26,3,5480.0,660,0,0.0008984725965858042,0,331,5421
292,2014-02-26,3,5108.0,680,0,0.0008984725965858042,0,741,5344
293,2014-02-26,3,4203.0,634,0,0.0008984725965858042,0,928,5185
294,2014-02-26,3,5142.0,766,0,0.0008984725965858042,0,326,3853
295,2014-02-26,3,4367.0,630,0,0.0008984725965858042,0,472,3696
296,2014-02-26,3,5094.0,686,0,0.0008984725965858042,0,533,5477
297,2014-02-26,3,5433.0,653,0,0.0008984725965858042,0,617,5883
298,2014-02-26,3,5591.0,507,0,0.0008984725965858042,0,466,6791
299,2014-02-26,3,4152.0,453,0,0.0008984725965858042,0,775,4047
300,2014-02-26,3,4546.0,668,0,0.0008984725965858042,0,481,5406
301,2014-02-26,3,4945.0,570,0,0.0008984725965858042,0,559,4694
302,2014-02-26,3,2267.0,233,0,0.0008984725965858042,0,531,4499
303,2014-02-26,3,4525.0,590,0,0.0008984725965858042,0,332,3062
304,2014-02-26,3,5193.0,967,0,0.0008984725965858042,0,550,6061
305,2014-02-26,3,3871.0,401,0,0.0008984725965858042,0,590,4216
306,2014-02-26,3,4168.0,479,0,0.0008984725965858042,0,416,3553
307,2014-02-26,3,1640.0,222,0,0.0008984725965858042,0,341,2098
308,2014-02-26,3,6176.0,752,0,0.0008984725965858042,0,509,6417
309,2014-02-26,3,5077.0,539,0,0.0008984725965858042,0,1201,7224
310,2014-02-26,3,6569.0,632,0,0.0008984725965858042,0,687,5643
311,2014-02-26,3,5521.0,796,0,0.0008984725965858042,0,977,6671
312,2014-02-26,3,3532.0,395,0,0.0008984725965858042,0,370,4074
313,2014-02-26,3,4848.0,544,0,0.0008984725965858042,0,467,6393
314,2014-02-26,3,4522.0,550,0,0.0008984725965858042,0,432,4172
315,2014-02-26,3,3198.0,415,0,0.0008984725965858042,0,609,5398
316,2014-02-26,3,7033.0,748,0,0.0008984725965858042,0,903,9848
317,2014-02-26,3,4396.0,511,0,0.0008984725965858042,0,720,4612
318,2014-02-26,3,5004.0,528,0,0.0008984725965858042,0,273,3245
319,2014-02-26,3,6700.0,775,0,0.0008984725965858042,0,495,6263
320,2014-02-26,3,11091.0,1755,0,0.0008984725965858042,0,448,5066
321,2014-02-26,3,3568.0,416,0,0.0008984725965858042,0,954,5823
322,2014-02-26,3,3504.0,458,0,0.0008984725965858042,0,435,4486
323,2014-02-26,3,5280.0,501,0,0.0008984725965858042,0,384,5209
324,2014-02-26,3,3955.0,589,0,0.0008984725965858042,0,566,4752
325,2014-02-26,3,4653.0,528,0,0.0008984725965858042,0,457,4345
326,2014-02-26,3,3466.0,319,0,0.0008984725965858042,0,260,2843
327,2014-02-26,3,5613.0,781,0,0.0008984725965858042,0,418,5001
328,2014-02-26,3,4248.0,541,0,0.0008984725965858042,0,689,4126
329,2014-02-26,3,6059.0,606,0,0.0008984725965858042,0,559,4838
330,2014-02-26,3,4022.0,445,0,0.0008984725965858042,0,690,3173
331,2014-02-26,3,5277.0,786,0,0.0008984725965858042,0,599,4994
332,2014-02-26,3,3196.0,474,0,0.0008984725965858042,0,501,3152
333,2014-02-26,3,7770.0,1124,0,0.0008984725965858042,0,305,3973
334,2014-02-26,3,4268.0,512,0,0.0008984725965858042,0,998,5094
335,2014-02-26,3,11860.0,2425,0,0.0008984725965858042,0,843,8742
336,2014-02-26,3,11067.0,1761,0,0.0008984725965858042,0,360,4080
337,2014-02-26,3,3870.0,336,0,0.0008984725965858042,0,510,4193
338,2014-02-26,3,4721.0,481,0,0.0008984725965858042,0,1549,6193
339,2014-02-26,3,4835.0,684,0,0.0008984725965858042,0,914,6452
340,2014-02-26,3,4680.0,617,0,0.0008984725965858042,0,234,2491
341,2014-02-26,3,4837.0,713,0,0.0008984725965858042,0,412,3604
342,2014-02-26,3,8744.0,735,0,0.0008984725965858042,0,846,8335
343,2014-02-26,3,5679.0,610,0,0.0008984725965858042,0,805,5749
344,2014-02-26,3,5934.0,913,0,0.0008984725965858042,0,726,5454
345,2014-02-26,3,4342.0,481,0,0.0008984725965858042,0,279,3168
346,2014-02-26,3,6145.0,601,0,0.0008984725965858042,0,840,5147
347,2014-02-26,3,3956.0,346,0,0.0008984725965858042,0,1235,4377
348,2014-02-26,3,7674.0,701,0,0.0008984725965858042,0,500,5140
349,2014-02-26,3,6370.0,690,0,0.0008984725965858042,0,1272,7505
350,2014-02-26,3,4819.0,397,0,0.0008984725965858042,0,678,5192
351,2014-02-26,3,4775.0,468,0,0.0008984725965858042,0,1524,6940
352,2014-02-26,3,4888.0,528,0,0.0008984725965858042,0,661,5055
353,2014-02-26,3,5320.0,1514,0,0.0008984725965858042,0,720,4648
354,2014-02-26,3,5985.0,636,0,0.0008984725965858042,0,465,4995
355,2014-02-26,3,6846.0,930,0,0.0008984725965858042,0,464,5506
356,2014-02-26,3,4642.0,378,0,0.0008984725965858042,0,691,4427
357,2014-02-26,3,5159.0,768,0,0.0008984725965858042,0,730,6123
358,2014-02-26,3,7492.0,973,0,0.0008984725965858042,0,459,4567
359,2014-02-26,3,6819.0,641,0,0.0008984725965858042,0,424,4238
360,2014-02-26,3,5243.0,637,0,0.0008984725965858042,0,442,4207
361,2014-02-26,3,4120.0,452,0,0.0008984725965858042,0,902,5058
362,2014-02-26,3,7147.0,947,0,0.0008984725965858042,0,882,6425
363,2014-02-26,3,5665.0,814,0,0.0008984725965858042,0,324,3195
364,2014-02-26,3,3959.0,522,0,0.0008984725965858042,0,117,1344
365,2014-02-26,3,4049.0,474,0,0.0008984725965858042,0,430,5009
366,2014-02-26,3,4111.0,473,0,0.0008984725965858042,0,2164,6198
367,2014-02-26,3,2863.0,382,0,0.0008984725965858042,0,1346,5243
368,2014-02-26,3,6991.0,607,0,0.0008984725965858042,0,352,4207
369,2014-02-26,3,4958.0,465,0,0.0008984725965858042,0,292,3508
370,2014-02-26,3,5623.0,519,0,0.0008984725965858042,0,897,5704
371,2014-02-26,3,5075.0,428,0,0.0008984725965858042,0,589,5594
372,2014-02-26,3,6319.0,632,0,0.0008984725965858042,0,617,6862
373,2014-02-26,3,3808.0,293,0,0.0008984725965858042,0,327,3900
374,2014-02-26,3,5951.0,780,0,0.0008984725965858042,0,1792,5503
375,2014-02-26,3,5821.0,532,0,0.0008984725965858042,0,414,5312
376,2014-02-26,3,5791.0,768,0,0.0008984725965858042,0,739,6213
377,2014-02-26,3,5180.0,788,0,0.0008984725965858042,0,532,5183
378,2014-02-26,3,4853.0,839,0,0.0008984725965858042,0,718,5499
379,2014-02-26,3,2744.0,403,0,0.0008984725965858042,0,373,3439
380,2014-02-26,3,11653.0,1246,0,0.0008984725965858042,0,368,4802
381,2014-02-26,3,7596.0,936,0,0.0008984725965858042,0,640,6715
382,2014-02-26,3,5044.0,454,0,0.0008984725965858042,0,554,5811
383,2014-02-26,3,13428.0,1839,0,0.0008984725965858042,0,561,7920
384,2014-02-26,3,6459.0,816,0,0.0008984725965858042,0,611,6931
385,2014-02-26,3,5358.0,519,0,0.0008984725965858042,0,580,4809
386,2014-02-26,3,6220.0,550,0,0.0008984725965858042,0,720,7152
387,2014-02-26,3,8556.0,1226,0,0.0008984725965858042,0,688,6708
388,2014-02-26,3,8215.0,947,0,0.0008984725965858042,0,1024,8141
389,2014-02-26,3,8080.0,1185,0,0.0008984725965858042,0,673,7461
390,2014-02-26,3,9755.0,994,0,0.0008984725965858042,0,812,7650
391,2014-02-26,3,4840.0,651,0,0.0008984725965858042,0,618,5346
392,2014-02-26,3,5734.0,666,0,0.0008984725965858042,0,430,3559
393,2014-02-26,3,5729.0,629,0,0.0008984725965858042,0,416,4274
394,2014-02-26,3,5706.0,539,0,0.0008984725965858042,0,1741,9383
395,2014-02-26,3,4026.0,558,0,0.0008984725965858042,0,617,3802
396,2014-02-26,3,6676.0,842,0,0.0008984725965858042,0,872,7864
397,2014-02-26,3,4401.0,721,0,0.0008984725965858042,0,450,4457
398,2014-02-26,3,3950.0,476,0,0.0008984725965858042,0,798,5546
399,2014-02-26,3,4049.0,492,0,0.0008984725965858042,0,788,4620
400,2014-02-26,3,5991.0,977,0,0.0008984725965858042,0,616,7064
401,2014-02-26,3,5059.0,552,0,0.0008984725965858042,0,283,2804
402,2014-02-26,3,3181.0,423,0,0.0008984725965858042,0,653,4987
403,2014-02-26,3,7186.0,782,0,0.0008984725965858042,0,743,5920
404,2014-02-26,3,4529.0,604,0,0.0008984725965858042,0,1049,5435
405,2014-02-26,3,2725.0,402,0,0.0008984725965858042,0,365,3172
406,2014-02-26,3,4330.0,391,0,0.0008984725965858042,0,435,4132
407,2014-02-26,3,2619.0,243,0,0.0008984725965858042,0,812,3977
408,2014-02-26,3,3167.0,373,0,0.0008984725965858042,0,811,3681
409,2014-02-26,3,4782.0,488,0,0.0008984725965858042,0,396,4400
410,2014-02-26,3,5954.0,818,0,0.0008984725965858042,0,584,5066
411,2014-02-26,3,6931.0,584,0,0.0008984725965858042,0,526,5350
412,2014-02-26,3,6129.0,528,0,0.0008984725965858042,0,493,5870
413,2014-02-26,3,6215.0,876,0,0.0008984725965858042,0,324,2740
414,2014-02-26,3,4918.0,423,0,0.0008984725965858042,0,490,4857
415,2014-02-26,3,5766.0,570,0,0.0008984725965858042,0,1057,5386
416,2014-02-26,3,8515.0,1216,0,0.0008984725965858042,0,720,8905
417,2014-02-26,3,6230.0,773,0,0.0008984725965858042,0,738,6233
418,2014-02-26,3,4718.0,565,0,0.0008984725965858042,0,909,6083
419,2014-02-26,3,4034.0,726,0,0.0008984725965858042,0,897,5247
420,2014-02-26,3,3405.0,335,0,0.0008984725965858042,0,945,5359
421,2014-02-26,3,5940.0,684,0,0.0008984725965858042,0,501,4237
422,2014-02-26,3,3719.0,433,0,0.0008984725965858042,0,530,4103
423,2014-02-26,3,7988.0,1525,0,0.0008984725965858042,0,979,6754
424,2014-02-26,3,5183.0,674,0,0.0008984725965858042,0,854,5718
425,2014-02-26,3,3153.0,471,0,0.0008984725965858042,0,845,3453
426,2014-02-26,3,4732.0,680,0,0.0008984725965858042,0,430,4295
427,2014-02-26,3,5414.0,628,0,0.0008984725965858042,0,281,3489
428,2014-02-26,3,5160.0,469,0,0.0008984725965858042,0,661,5694
429,2014-02-26,3,4044.0,377,0,0.0008984725965858042,0,843,5576
430,2014-02-26,3,6532.0,604,0,0.0008984725965858042,0,326,4483
431,2014-02-26,3,7993.0,963,0,0.0008984725965858042,0,537,5596
432,2014-02-26,3,9336.0,1459,0,0.0008984725965858042,0,486,5300
433,2014-02-26,3,4095.0,577,0,0.0008984725965858042,0,396,4384
434,2014-02-26,3,7803.0,619,0,0.0008984725965858042,0,519,6419
435,2014-02-26,3,4205.0,528,0,0.0008984725965858042,0,500,3851
436,2014-02-26,3,4133.0,516,0,0.0008984725965858042,0,820,7714
437,2014-02-26,3,5140.0,617,0,0.0008984725965858042,0,612,6544
438,2014-02-26,3,3400.0,414,0,0.0008984725965858042,0,459,2516
439,2014-02-26,3,4874.0,737,0,0.0008984725965858042,0,558,4882
440,2014-02-26,3,3692.0,512,0,0.0008984725965858042,0,395,3909
441,2014-02-26,3,5498.0,714,0,0.0008984725965858042,0,295,2350
442,2014-02-26,3,2881.0,357,0,0.0008984725965858042,0,579,3155
443,2014-02-26,3,3587.0,362,0,0.0008984725965858042,0,471,8208
444,2014-02-26,3,9280.0,1273,0,0.0008984725965858042,0,740,8168
445,2014-02-26,3,8411.0,1294,0,0.0008984725965858042,0,1125,7284
446,2014-02-26,3,4580.0,609,0,0.0008984725965858042,0,773,4515
447,2014-02-26,3,4171.0,548,0,0.0008984725965858042,0,371,3595
448,2014-02-26,3,6947.0,654,0,0.0008984725965858042,0,644,5789
449,2014-02-26,3,8806.0,1393,0,0.0008984725965858042,0,1568,10314
450,2014-02-26,3,5800.0,783,0,0.0008984725965858042,0,444,4890
451,2014-02-26,3,3878.0,373,0,0.0008984725965858042,0,646,4291
452,2014-02-26,3,3280.0,346,0,0.0008984725965858042,0,474,3491
453,2014-02-26,3,5333.0,704,0,0.0008984725965858042,0,414,4488
454,2014-02-26,3,4620.0,700,0,0.0008984725965858042,0,606,4506
455,2014-02-26,3,5378.0,372,0,0.0008984725965858042,0,572,6469
456,2014-02-26,3,5152.0,843,0,0.0008984725965858042,0,875,5082
457,2014-02-26,3,3883.0,363,0,0.0008984725965858042,0,332,3250
458,2014-02-26,3,5149.0,528,0,0.0008984725965858042,0,132,1936
459,2014-02-26,3,6702.0,964,0,0.0008984725965858042,0,220,3289
460,2014-02-26,3,2385.0,266,0,0.0008984725965858042,0,300,3174
461,2014-02-26,3,3360.0,384,0,0.0008984725965858042,0,455,3980
462,2014-02-26,3,3538.0,538,0,0.0008984725965858042,0,476,3924
463,2014-02-26,3,5184.0,868,0,0.0008984725965858042,0,437,4666
464,2014-02-26,3,6994.0,939,0,0.0008984725965858042,0,837,6576
465,2014-02-26,3,5284.0,467,0,0.0008984725965858042,0,712,6379
466,2014-02-26,3,6213.0,724,0,0.0008984725965858042,0,1507,8235
467,2014-02-26,3,10119.0,1359,0,0.0008984725965858042,0,468,6015
468,2014-02-26,3,5322.0,657,0,0.0008984725965858042,0,516,5668
469,2014-02-26,3,7927.0,1138,0,0.0008984725965858042,0,405,4865
470,2014-02-26,3,11143.0,1746,0,0.0008984725965858042,0,743,8155
471,2014-02-26,3,4427.0,433,0,0.0008984725965858042,0,1145,6486
472,2014-02-26,3,3966.0,569,0,0.0008984725965858042,0,561,4442
473,2014-02-26,3,3166.0,512,0,0.0008984725965858042,0,272,3955
474,2014-02-26,3,6030.0,637,0,0.0008984725965858042,0,393,4719
475,2014-02-26,3,5806.0,998,0,0.0008984725965858042,0,655,5734
476,2014-02-26,3,4489.0,561,0,0.0008984725965858042,0,1461,6644
477,2014-02-26,3,5429.0,393,0,0.0008984725965858042,0,552,4512
478,2014-02-26,3,5374.0,666,0,0.0008984725965858042,0,470,4830
479,2014-02-26,3,8487.0,1124,0,0.0008984725965858042,0,550,6487
480,2014-02-26,3,4152.0,619,0,0.0008984725965858042,0,436,4770
481,2014-02-26,3,4320.0,405,0,0.0008984725965858042,0,435,4520
482,2014-02-26,3,5568.0,685,0,0.0008984725965858042,0,424,3984
483,2014-02-26,3,3351.0,520,0,0.0008984725965858042,0,529,3622
484,2014-02-26,3,4787.0,562,0,0.0008984725965858042,0,446,4436
485,2014-02-26,3,3514.0,365,0,0.0008984725965858042,0,1336,5205
486,2014-02-26,3,3111.0,426,0,0.0008984725965858042,0,655,3074
487,2014-02-26,3,4720.0,497,0,0.0008984725965858042,0,825,7233
488,2014-02-26,3,2757.0,331,0,0.0008984725965858042,0,1115,3560
489,2014-02-26,3,5374.0,550,0,0.0008984725965858042,0,179,3274
490,2014-02-26,3,6924.0,965,0,0.0008984725965858042,0,535,6233
491,2014-02-26,3,4850.0,397,0,0.0008984725965858042,0,1187,6657
492,2014-02-26,3,5068.0,891,0,0.0008984725965858042,0,602,6297
493,2014-02-26,3,6880.0,738,0,0.0008984725965858042,0,504,4849
494,2014-02-26,3,6520.0,969,0,0.0008984725965858042,0,588,5332
495,2014-02-26,3,3221.0,299,0,0.0008984725965858042,0,405,5012
496,2014-02-26,3,5588.0,670,0,0.0008984725965858042,0,789,6837
497,2014-02-26,3,6889.0,958,0,0.0008984725965858042,0,1347,8757
498,2014-02-26,3,5742.0,799,0,0.0008984725965858042,0,675,5912
499,2014-02-26,3,4287.0,649,0,0.0008984725965858042,0,351,3273
500,2014-02-26,3,4209.0,346,0,0.0008984725965858042,0,587,3224
501,2014-02-26,3,4776.0,637,0,0.0008984725965858042,0,624,5337
502,2014-02-26,3,7852.0,1272,0,0.0008984725965858042,0,649,6780
503,2014-02-26,3,4380.0,329,0,0.0008984725965858042,0,446,5464
504,2014-02-26,3,4815.0,812,0,0.0008984725965858042,0,549,5231
505,2014-02-26,3,3586.0,543,0,0.0008984725965858042,0,1226,5930
506,2014-02-26,3,6040.0,791,0,0.0008984725965858042,0,302,3868
507,2014-02-26,3,6114.0,539,0,0.0008984725965858042,0,557,8551
508,2014-02-26,3,5297.0,633,0,0.0008984725965858042,0,853,6280
509,2014-02-26,3,4665.0,458,0,0.0008984725965858042,0,544,4906
510,2014-02-26,3,7428.0,914,0,0.0008984725965858042,0,676,6460
511,2014-02-26,3,4512.0,722,0,0.0008984725965858042,0,867,4944
512,2014-02-26,3,4511.0,1222,0,0.0008984725965858042,0,1079,4375
513,2014-02-26,3,13243.0,1677,0,0.0008984725965858042,0,1036,14267
514,2014-02-26,3,4247.0,527,0,0.0008984725965858042,0,1040,5072
515,2014-02-26,3,6220.0,602,0,0.0008984725965858042,0,809,7102
516,2014-02-26,3,4357.0,670,0,0.0008984725965858042,0,424,4376
517,2014-02-26,3,3863.0,486,0,0.0008984725965858042,0,539,4307
518,2014-02-26,3,4446.0,421,0,0.0008984725965858042,0,734,4793
519,2014-02-26,3,3308.0,429,0,0.0008984725965858042,0,588,3952
520,2014-02-26,3,3459.0,371,0,0.0008984725965858042,0,237,1956
521,2014-02-26,3,4938.0,430,0,0.0008984725965858042,0,985,5540
522,2014-02-26,3,5955.0,527,0,0.0008984725965858042,0,526,6215
523,2014-02-26,3,10425.0,1391,0,0.0008984725965858042,0,838,8785
524,2014-02-26,3,6180.0,755,0,0.0008984725965858042,0,585,7097
525,2014-02-26,3,7571.0,746,0,0.0008984725965858042,0,905,7504
526,2014-02-26,3,9348.0,1420,0,0.0008984725965858042,0,689,7079
527,2014-02-26,3,8729.0,889,0,0.0008984725965858042,0,572,5524
528,2014-02-26,3,7812.0,848,0,0.0008984725965858042,0,499,4142
529,2014-02-26,3,5319.0,609,0,0.0008984725965858042,0,505,5503
530,2014-02-26,3,2433.0,360,0,0.0008984725965858042,0,378,3163
531,2014-02-26,3,3675.0,544,0,0.0008984725965858042,0,2006,5560
532,2014-02-26,3,14177.0,1804,0,0.0008984725965858042,0,1004,7408
533,2014-02-26,3,7576.0,788,0,0.0008984725965858042,0,1202,8478
534,2014-02-26,3,4778.0,409,0,0.0008984725965858042,0,529,5626
535,2014-02-26,3,8456.0,1086,0,0.0008984725965858042,0,386,4166
536,2014-02-26,3,6631.0,804,0,0.0008984725965858042,0,568,4594
537,2014-02-26,3,4643.0,566,0,0.0008984725965858042,0,430,4824
538,2014-02-26,3,3118.0,523,0,0.0008984725965858042,0,895,5242
539,2014-02-26,3,8981.0,1005,0,0.0008984725965858042,0,232,2741
540,2014-02-26,3,4052.0,337,0,0.0008984725965858042,0,919,5524
541,2014-02-26,3,5062.0,740,0,0.0008984725965858042,0,593,4847
542,2014-02-26,3,5328.0,504,0,0.0008984725965858042,0,486,4990
543,2014-02-26,3,1728.0,197,0,0.0008984725965858042,0,611,3474
544,2014-02-26,3,10021.0,1525,0,0.0008984725965858042,0,433,3826
545,2014-02-26,3,7896.0,921,0,0.0008984725965858042,0,487,4014
546,2014-02-26,3,10597.0,1407,0,0.0008984725965858042,0,426,4409
547,2014-02-26,3,5064.0,393,0,0.0008984725965858042,0,784,6286
548,2014-02-26,3,3314.0,327,0,0.0008984725965858042,0,1043,4785
549,2014-02-26,3,3721.0,532,0,0.0008984725965858042,0,87,2394
550,2014-02-26,3,4631.0,421,0,0.0008984725965858042,0,423,4047
551,2014-02-26,3,5650.0,928,0,0.0008984725965858042,0,478,3987
552,2014-02-26,3,5004.0,556,0,0.0008984725965858042,0,907,5572
553,2014-02-26,3,3972.0,462,0,0.0008984725965858042,0,618,4966
554,2014-02-26,3,3797.0,528,0,0.0008984725965858042,0,750,5229
555,2014-02-26,3,3758.0,405,0,0.0008984725965858042,0,1057,5915
556,2014-02-26,3,5862.0,744,0,0.0008984725965858042,0,380,5597
557,2014-02-26,3,3707.0,637,0,0.0008984725965858042,0,623,3888
558,2014-02-26,3,2336.0,402,0,0.0008984725965858042,0,828,2805
559,2014-02-26,3,5098.0,696,0,0.0008984725965858042,0,581,4164
560,2014-02-26,3,9506.0,1275,0,0.0008984725965858042,0,548,5557
561,2014-02-26,3,4785.0,571,0,0.0008984725965858042,0,644,5012
562,2014-02-26,3,16296.0,2928,0,0.0008984725965858042,0,421,6648
563,2014-02-26,3,4829.0,648,0,0.0008984725965858042,0,882,5257
564,2014-02-26,3,5221.0,538,0,0.0008984725965858042,0,675,3414
565,2014-02-26,3,5125.0,732,0,0.0008984725965858042,0,481,5059
566,2014-02-26,3,3747.0,453,0,0.0008984725965858042,0,455,3614
567,2014-02-26,3,3881.0,575,0,0.0008984725965858042,0,266,2798
568,2014-02-26,3,3479.0,352,0,0.0008984725965858042,0,421,2801
569,2014-02-26,3,4037.0,659,0,0.0008984725965858042,0,1061,4688
570,2014-02-26,3,4634.0,712,0,0.0008984725965858042,0,601,5560
571,2014-02-26,3,5853.0,445,0,0.0008984725965858042,0,1115,6544
572,2014-02-26,3,5104.0,469,0,0.0008984725965858042,0,719,5920
573,2014-02-26,3,3438.0,317,0,0.0008984725965858042,0,618,3542
574,2014-02-26,3,6546.0,560,0,0.0008984725965858042,0,367,4432
575,2014-02-26,3,3779.0,440,0,0.0008984725965858042,0,458,6881
576,2014-02-26,3,5158.0,761,0,0.0008984725965858042,0,670,5767
577,2014-02-26,3,4139.0,557,0,0.0008984725965858042,0,1265,4281
578,2014-02-26,3,5277.0,558,0,0.0008984725965858042,0,595,6837
579,2014-02-26,3,6248.0,772,0,0.0008984725965858042,0,495,5187
580,2014-02-26,3,8096.0,1412,0,0.0008984725965858042,0,521,5553
581,2014-02-26,3,4188.0,562,0,0.0008984725965858042,0,392,3859
582,2014-02-26,3,5175.0,699,0,0.0008984725965858042,0,471,4334
583,2014-02-26,3,3605.0,404,0,0.0008984725965858042,0,363,2890
584,2014-02-26,3,3896.0,398,0,0.0008984725965858042,0,417,3041
585,2014-02-26,3,5063.0,908,0,0.0008984725965858042,0,655,5831
586,2014-02-26,3,11826.0,1998,0,0.0008984725965858042,0,730,6824
587,2014-02-26,3,6208.0,496,0,0.0008984725965858042,0,536,4691
588,2014-02-26,3,4552.0,561,0,0.0008984725965858042,0,667,4410
589,2014-02-26,3,3641.0,448,0,0.0008984725965858042,0,378,5828
590,2014-02-26,3,3722.0,350,0,0.0008984725965858042,0,676,5477
591,2014-02-26,3,5093.0,515,0,0.0008984725965858042,0,413,4824
592,2014-02-26,3,4491.0,651,0,0.0008984725965858042,0,615,3343
593,2014-02-26,3,6772.0,977,0,0.0008984725965858042,0,518,6747
594,2014-02-26,3,3557.0,442,0,0.0008984725965858042,0,577,3938
595,2014-02-26,3,11518.0,1380,0,0.0008984725965858042,0,707,7331
596,2014-02-26,3,3171.0,585,0,0.0008984725965858042,0,1038,3162
597,2014-02-26,3,4294.0,673,0,0.0008984725965858042,0,346,4295
598,2014-02-26,3,4377.0,623,0,0.0008984725965858042,0,696,4475
599,2014-02-26,3,6649.0,703,0,0.0008984725965858042,0,402,4318
600,2014-02-26,3,4368.0,442,0,0.0008984725965858042,0,353,4557
601,2014-02-26,3,3981.0,336,0,0.0008984725965858042,0,1100,5865
602,2014-02-26,3,5514.0,588,0,0.0008984725965858042,0,624,5605
603,2014-02-26,3,5145.0,822,0,0.0008984725965858042,0,465,4044
604,2014-02-26,3,6800.0,508,0,0.0008984725965858042,0,539,5960
605,2014-02-26,3,4522.0,386,0,0.0008984725965858042,0,589,5631
606,2014-02-26,3,4501.0,576,0,0.0008984725965858042,0,762,4628
607,2014-02-26,3,2396.0,295,0,0.0008984725965858042,0,1049,3259
608,2014-02-26,3,6564.0,781,0,0.0008984725965858042,0,635,6747
609,2014-02-26,3,4028.0,497,0,0.0008984725965858042,0,574,3338
610,2014-02-26,3,2881.0,432,0,0.0008984725965858042,0,687,3656
611,2014-02-26,3,5042.0,437,0,0.0008984725965858042,0,293,2731
612,2014-02-26,3,5197.0,305,0,0.0008984725965858042,0,527,5454
613,2014-02-26,3,4984.0,800,0,0.0008984725965858042,0,912,5149
614,2014-02-26,3,5349.0,828,0,0.0008984725965858042,0,1170,6862
615,2014-02-26,3,6822.0,991,0,0.0008984725965858042,0,409,4344
616,2014-02-26,3,7074.0,764,0,0.0008984725965858042,0,618,7046
617,2014-02-26,3,4865.0,493,0,0.0008984725965858042,0,362,3770
618,2014-02-26,3,4744.0,417,0,0.0008984725965858042,0,483,5797
619,2014-02-26,3,3352.0,401,0,0.0008984725965858042,0,591,4060
620,2014-02-26,3,6544.0,618,0,0.0008984725965858042,0,602,5541
621,2014-02-26,3,5816.0,865,0,0.0008984725965858042,0,394,4861
622,2014-02-26,3,3414.0,392,0,0.0008984725965858042,0,560,3467
623,2014-02-26,3,6819.0,930,0,0.0008984725965858042,0,664,5061
624,2014-02-26,3,6332.0,712,0,0.0008984725965858042,0,921,7067
625,2014-02-26,3,6020.0,657,0,0.0008984725965858042,0,262,2225
626,2014-02-26,3,5948.0,587,0,0.0008984725965858042,0,538,5610
627,2014-02-26,3,4437.0,514,0,0.0008984725965858042,0,550,4873
628,2014-02-26,3,4387.0,644,0,0.0008984725965858042,0,1364,7333
629,2014-02-26,3,5800.0,583,0,0.0008984725965858042,0,627,6483
630,2014-02-26,3,6211.0,813,0,0.0008984725965858042,0,352,5232
631,2014-02-26,3,3978.0,523,0,0.0008984725965858042,0,514,4066
632,2014-02-26,3,5562.0,773,0,0.0008984725965858042,0,520,4198
633,2014-02-26,3,5889.0,496,0,0.0008984725965858042,0,1981,8949
634,2014-02-26,3,4646.0,524,0,0.0008984725965858042,0,495,4112
635,2014-02-26,3,3779.0,438,0,0.0008984725965858042,0,653,5017
636,2014-02-26,3,2910.0,457,0,0.0008984725965858042,0,268,1435
637,2014-02-26,3,7282.0,694,0,0.0008984725965858042,0,832,6883
638,2014-02-26,3,4185.0,394,0,0.0008984725965858042,0,782,5384
639,2014-02-26,3,4812.0,564,0,0.0008984725965858042,0,414,2894
640,2014-02-26,3,8628.0,764,0,0.0008984725965858042,0,968,9121
641,2014-02-26,3,4757.0,489,0,0.0008984725965858042,0,500,5653
642,2014-02-26,3,2940.0,455,0,0.0008984725965858042,0,322,3032
643,2014-02-26,3,5672.0,819,0,0.0008984725965858042,0,533,4892
644,2014-02-26,3,7205.0,881,0,0.0008984725965858042,0,667,6763
645,2014-02-26,3,7406.0,1055,0,0.0008984725965858042,0,575,5563
646,2014-02-26,3,4250.0,668,0,0.0008984725965858042,0,482,4306
647,2014-02-26,3,4013.0,554,0,0.0008984725965858042,0,514,3961
648,2014-02-26,3,4363.0,468,0,0.0008984725965858042,0,322,3772
649,2014-02-26,3,2710.0,342,0,0.0008984725965858042,0,668,3616
650,2014-02-26,3,4720.0,567,0,0.0008984725965858042,0,918,5983
651,2014-02-26,3,8480.0,1111,0,0.0008984725965858042,0,196,2793
652,2014-02-26,3,4045.0,496,0,0.0008984725965858042,0,418,4917
653,2014-02-26,3,4945.0,495,0,0.0008984725965858042,0,451,5060
654,2014-02-26,3,5148.0,632,0,0.0008984725965858042,0,537,4994
655,2014-02-26,3,5900.0,571,0,0.0008984725965858042,0,363,4774
656,2014-02-26,3,2480.0,326,0,0.0008984725965858042,0,948,5268
657,2014-02-26,3,4715.0,674,0,0.0008984725965858042,0,351,3256
658,2014-02-26,3,4408.0,517,0,0.0008984725965858042,0,538,3249
659,2014-02-26,3,4186.0,603,0,0.0008984725965858042,0,429,4694
660,2014-02-26,3,3152.0,443,0,0.0008984725965858042,0,340,2605
661,2014-02-26,3,4966.0,474,0,0.0008984725965858042,0,458,5061
662,2014-02-26,3,5358.0,570,0,0.0008984725965858042,0,860,7119
663,2014-02-26,3,3776.0,589,0,0.0008984725965858042,0,465,5576
664,2014-02-26,3,3292.0,496,0,0.0008984725965858042,0,1041,5247
665,2014-02-26,3,6397.0,1216,0,0.0008984725965858042,0,1158,6834
666,2014-02-26,3,4374.0,480,0,0.0008984725965858042,0,1584,7370
667,2014-02-26,3,5853.0,619,0,0.0008984725965858042,0,1080,6650
668,2014-02-26,3,6687.0,1002,0,0.0008984725965858042,0,359,5090
669,2014-02-26,3,3728.0,340,0,0.0008984725965858042,0,794,5077
670,2014-02-26,3,4778.0,619,0,0.0008984725965858042,0,1050,4788
671,2014-02-26,3,5268.0,551,0,0.0008984725965858042,0,629,4569
672,2014-02-26,3,6212.0,1096,0,0.0008984725965858042,0,390,4265
673,2014-02-26,3,4879.0,475,0,0.0008984725965858042,0,659,5746
674,2014-02-26,3,6754.0,983,0,0.0008984725965858042,0,576,4262
675,2014-02-26,3,2784.0,347,0,0.0008984725965858042,0,497,4874
676,2014-02-26,3,6148.0,1594,0,0.0008984725965858042,0,285,1863
677,2014-02-26,3,6159.0,538,0,0.0008984725965858042,0,827,8205
678,2014-02-26,3,4960.0,690,0,0.0008984725965858042,0,1837,6870
679,2014-02-26,3,8018.0,971,0,0.0008984725965858042,0,867,7176
680,2014-02-26,3,3381.0,602,0,0.0008984725965858042,0,623,5451
681,2014-02-26,3,3295.0,505,0,0.0008984725965858042,0,674,3080
682,2014-02-26,3,9724.0,1644,0,0.0008984725965858042,0,665,6595
683,2014-02-26,3,7612.0,790,0,0.0008984725965858042,0,777,5049
684,2014-02-26,3,5925.0,497,0,0.0008984725965858042,0,483,7242
685,2014-02-26,3,5032.0,546,0,0.0008984725965858042,0,815,3952
686,2014-02-26,3,4978.0,679,0,0.0008984725965858042,0,544,5049
687,2014-02-26,3,7323.0,756,0,0.0008984725965858042,0,772,6034
688,2014-02-26,3,2667.0,303,0,0.0008984725965858042,0,1025,2875
689,2014-02-26,3,5118.0,576,0,0.0008984725965858042,0,498,5162
690,2014-02-26,3,4824.0,765,0,0.0008984725965858042,0,446,5031
691,2014-02-26,3,7637.0,641,0,0.0008984725965858042,0,453,4869
692,2014-02-26,3,4917.0,657,0,0.0008984725965858042,0,921,7334
693,2014-02-26,3,3688.0,330,0,0.0008984725965858042,0,537,4306
694,2014-02-26,3,6254.0,723,0,0.0008984725965858042,0,699,6306
695,2014-02-26,3,4029.0,469,0,0.0008984725965858042,0,881,4792
696,2014-02-26,3,5634.0,854,0,0.0008984725965858042,0,732,6071
697,2014-02-26,3,8214.0,890,0,0.0008984725965858042,0,493,5281
698,2014-02-26,3,13492.0,1793,0,0.0008984725965858042,0,657,9595
699,2014-02-26,3,6126.0,831,0,0.0008984725965858042,0,1393,7344
700,2014-02-26,3,3608.0,515,0,0.0008984725965858042,0,533,4109
701,2014-02-26,3,3767.0,503,0,0.0008984725965858042,0,595,4330
702,2014-02-26,3,2614.0,249,0,0.0008984725965858042,0,1793,4411
703,2014-02-26,3,3195.0,389,0,0.0008984725965858042,0,583,3059
704,2014-02-26,3,8066.0,963,0,0.0008984725965858042,0,1060,7942
705,2014-02-26,3,6315.0,885,0,0.0008984725965858042,0,681,5622
706,2014-02-26,3,4283.0,419,0,0.0008984725965858042,0,480,3841
707,2014-02-26,3,6285.0,769,0,0.0008984725965858042,0,394,5498
708,2014-02-26,3,2402.0,327,0,0.0008984725965858042,0,200,1896
709,2014-02-26,3,9544.0,1375,0,0.0008984725965858042,0,672,7224
710,2014-02-26,3,3401.0,281,0,0.0008984725965858042,0,740,4118
711,2014-02-26,3,5075.0,458,0,0.0008984725965858042,0,552,4901
712,2014-02-26,3,4712.0,505,0,0.0008984725965858042,0,100,2421
713,2014-02-26,3,7733.0,1130,0,0.0008984725965858042,0,797,7540
714,2014-02-26,3,3600.0,302,0,0.0008984725965858042,0,241,2426
715,2014-02-26,3,5480.0,694,0,0.0008984725965858042,0,732,6727
716,2014-02-26,3,3947.0,371,0,0.0008984725965858042,0,827,4918
717,2014-02-26,3,3597.0,457,0,0.0008984725965858042,0,402,3646
718,2014-02-26,3,6015.0,747,0,0.0008984725965858042,0,475,6292
719,2014-02-26,3,3499.0,306,0,0.0008984725965858042,0,497,3201
720,2014-02-26,3,5375.0,623,0,0.0008984725965858042,0,1314,7104
721,2014-02-26,3,6035.0,662,0,0.0008984725965858042,0,865,5456
722,2014-02-26,3,7794.0,1353,0,0.0008984725965858042,0,417,4306
723,2014-02-26,3,4423.0,410,0,0.0008984725965858042,0,574,5434
724,2014-02-26,3,6383.0,679,0,0.0008984725965858042,0,403,4664
725,2014-02-26,3,4287.0,476,0,0.0008984725965858042,0,468,4199
726,2014-02-26,3,7153.0,769,0,0.0008984725965858042,0,971,7790
727,2014-02-26,3,3826.0,427,0,0.0008984725965858042,0,2841,5032
728,2014-02-26,3,4296.0,416,0,0.0008984725965858042,0,1791,5090
729,2014-02-26,3,7686.0,898,0,0.0008984725965858042,0,713,7883
730,2014-02-26,3,5773.0,820,0,0.0008984725965858042,0,876,5535
731,2014-02-26,3,7538.0,955,0,0.0008984725965858042,0,580,7710
732,2014-02-26,3,3615.0,477,0,0.0008984725965858042,0,238,1985
733,2014-02-26,3,15968.0,3690,0,0.0008984725965858042,0,303,5709
734,2014-02-26,3,5116.0,564,0,0.0008984725965858042,0,161,1950
735,2014-02-26,3,3261.0,388,0,0.0008984725965858042,0,1505,5546
736,2014-02-26,3,3665.0,390,0,0.0008984725965858042,0,412,3135
737,2014-02-26,3,4876.0,766,0,0.0008984725965858042,0,650,6061
738,2014-02-26,3,6990.0,632,0,0.0008984725965858042,0,404,4504
739,2014-02-26,3,6070.0,572,0,0.0008984725965858042,0,755,7694
740,2014-02-26,3,5141.0,433,0,0.0008984725965858042,0,660,6149
741,2014-02-26,3,5040.0,726,0,0.0008984725965858042,0,531,5863
742,2014-02-26,3,5443.0,674,0,0.0008984725965858042,0,765,6793
743,2014-02-26,3,2929.0,356,0,0.0008984725965858042,0,804,6085
744,2014-02-26,3,5905.0,712,0,0.0008984725965858042,0,516,5689
745,2014-02-26,3,5908.0,743,0,0.0008984725965858042,0,576,4365
746,2014-02-26,3,4426.0,423,0,0.0008984725965858042,0,811,5628
747,2014-02-26,3,5253.0,490,0,0.0008984725965858042,0,857,7652
748,2014-02-26,3,4991.0,445,0,0.0008984725965858042,0,715,5336
749,2014-02-26,3,4183.0,580,0,0.0008984725965858042,0,755,4196
750,2014-02-26,3,3375.0,324,0,0.0008984725965858042,0,436,4039
751,2014-02-26,3,3530.0,544,0,0.0008984725965858042,0,627,3483
752,2014-02-26,3,4159.0,423,0,0.0008984725965858042,0,359,4301
753,2014-02-26,3,6656.0,662,0,0.0008984725965858042,0,401,5588
754,2014-02-26,3,4534.0,659,0,0.0008984725965858042,0,272,3395
755,2014-02-26,3,7427.0,739,0,0.0008984725965858042,0,385,4537
756,2014-02-26,3,11583.0,1829,0,0.0008984725965858042,0,1952,13146
757,2014-02-26,3,5077.0,493,0,0.0008984725965858042,0,505,4642
758,2014-02-26,3,4394.0,663,0,0.0008984725965858042,0,1074,5194
759,2014-02-26,3,6099.0,772,0,0.0008984725965858042,0,364,5250
760,2014-02-26,3,6295.0,1075,0,0.0008984725965858042,0,742,7104
761,2014-02-26,3,7075.0,853,0,0.0008984725965858042,0,1612,10076
762,2014-02-26,3,2950.0,305,0,0.0008984725965858042,0,344,2530
763,2014-02-26,3,4776.0,481,0,0.0008984725965858042,0,819,5903
764,2014-02-26,3,3786.0,489,0,0.0008984725965858042,0,376,2687
765,2014-02-26,3,7999.0,731,0,0.0008984725965858042,0,526,6274
766,2014-02-26,3,4434.0,388,0,0.0008984725965858042,0,496,5031
767,2014-02-26,3,4625.0,524,0,0.0008984725965858042,0,279,3391
768,2014-02-26,3,9775.0,1137,0,0.0008984725965858042,0,1060,9568
769,2014-02-26,3,9127.0,2903,0,0.0008984725965858042,0,830,8064
770,2014-02-26,3,5626.0,732,0,0.0008984725965858042,0,495,4653
771,2014-02-26,3,5143.0,626,0,0.0008984725965858042,0,778,7202
772,2014-02-26,3,3197.0,465,0,0.0008984725965858042,0,634,2298
773,2014-02-26,3,4542.0,727,0,0.0008984725965858042,0,380,5373
774,2014-02-26,3,4287.0,609,0,0.0008984725965858042,0,909,5779
775,2014-02-26,3,6591.0,549,0,0.0008984725965858042,0,660,6521
776,2014-02-26,3,4439.0,539,0,0.0008984725965858042,0,415,2536
777,2014-02-26,3,3526.0,317,0,0.0008984725965858042,0,528,4210
778,2014-02-26,3,4193.0,670,0,0.0008984725965858042,0,664,4053
779,2014-02-26,3,4937.0,582,0,0.0008984725965858042,0,602,5070
780,2014-02-26,3,4484.0,599,0,0.0008984725965858042,0,521,4451
781,2014-02-26,3,3903.0,590,0,0.0008984725965858042,0,484,3705
782,2014-02-26,3,4179.0,445,0,0.0008984725965858042,0,567,3899
783,2014-02-26,3,4633.0,530,0,0.0008984725965858042,0,380,4333
784,2014-02-26,3,7396.0,908,0,0.0008984725965858042,0,465,5041
785,2014-02-26,3,4752.0,453,0,0.0008984725965858042,0,473,4754
786,2014-02-26,3,2465.0,457,0,0.0008984725965858042,0,213,3067
787,2014-02-26,3,7340.0,930,0,0.0008984725965858042,0,699,6829
788,2014-02-26,3,14740.0,1604,0,0.0008984725965858042,0,711,9373
789,2014-02-26,3,3081.0,466,0,0.0008984725965858042,0,651,3075
790,2014-02-26,3,5511.0,554,0,0.0008984725965858042,0,406,4724
791,2014-02-26,3,5826.0,702,0,0.0008984725965858042,0,945,6104
792,2014-02-26,3,6022.0,692,0,0.0008984725965858042,0,408,5819
793,2014-02-26,3,3049.0,330,0,0.0008984725965858042,0,1240,4021
794,2014-02-26,3,2724.0,506,0,0.0008984725965858042,0,867,2706
795,2014-02-26,3,4268.0,485,0,0.0008984725965858042,0,525,3061
796,2014-02-26,3,5262.0,587,0,0.0008984725965858042,0,398,4679
797,2014-02-26,3,3078.0,330,0,0.0008984725965858042,0,465,3638
798,2014-02-26,3,5056.0,790,0,0.0008984725965858042,0,396,4914
799,2014-02-26,3,8544.0,807,0,0.0008984725965858042,0,288,3276
800,2014-02-26,3,5309.0,539,0,0.0008984725965858042,0,812,5202
801,2014-02-26,3,3110.0,316,0,0.0008984725965858042,0,501,4469
802,2014-02-26,3,4438.0,368,0,0.0008984725965858042,0,632,4558
803,2014-02-26,3,3401.0,340,0,0.0008984725965858042,0,147,1808
804,2014-02-26,3,4324.0,383,0,0.0008984725965858042,0,898,6664
805,2014-02-26,3,3806.0,409,0,0.0008984725965858042,0,489,5213
806,2014-02-26,3,5313.0,455,0,0.0008984725965858042,0,1514,7313
807,2014-02-26,3,7233.0,826,0,0.0008984725965858042,0,1376,9480
808,2014-02-26,3,5483.0,480,0,0.0008984725965858042,0,530,4715
809,2014-02-26,3,7491.0,783,0,0.0008984725965858042,0,325,4278
810,2014-02-26,3,4874.0,457,0,0.0008984725965858042,0,903,3607
811,2014-02-26,3,3151.0,600,0,0.0008984725965858042,0,395,2901
812,2014-02-26,3,4916.0,699,0,0.0008984725965858042,0,717,3736
813,2014-02-26,3,5365.0,624,0,0.0008984725965858042,0,670,6134
814,2014-02-26,3,6048.0,539,0,0.0008984725965858042,0,910,5897
815,2014-02-26,3,7456.0,829,0,0.0008984725965858042,0,757,7221
816,2014-02-26,3,4181.0,646,0,0.0008984725965858042,0,538,4387
817,2014-02-26,3,18600.0,2841,0,0.0,1,646,12959
818,2014-02-26,3,4339.0,504,0,0.0008984725965858042,0,617,5224
819,2014-02-26,3,4805.0,459,0,0.0008984725965858042,0,353,3737
820,2014-02-26,3,10390.0,1035,0,0.0008984725965858042,0,514,4130
821,2014-02-26,3,5937.0,802,0,0.0008984725965858042,0,639,5209
822,2014-02-26,3,5285.0,480,0,0.0008984725965858042,0,424,4772
823,2014-02-26,3,4371.0,487,0,0.0008984725965858042,0,815,4915
824,2014-02-26,3,5919.0,847,0,0.0008984725965858042,0,986,7247
825,2014-02-26,3,3393.0,445,0,0.0008984725965858042,0,619,4800
826,2014-02-26,3,8801.0,880,0,0.0008984725965858042,0,1658,8635
827,2014-02-26,3,8779.0,1258,0,0.0008984725965858042,0,374,4663
828,2014-02-26,3,4392.0,578,0,0.0008984725965858042,0,336,2197
829,2014-02-26,3,4482.0,681,0,0.0008984725965858042,0,827,6648
830,2014-02-26,3,5431.0,541,0,0.0008984725965858042,0,2463,6687
831,2014-02-26,3,11961.0,1687,0,0.0008984725965858042,0,979,8662
832,2014-02-26,3,4408.0,430,0,0.0008984725965858042,0,371,4435
833,2014-02-26,3,4306.0,495,0,0.0008984725965858042,0,587,3900
834,2014-02-26,3,4744.0,575,0,0.0008984725965858042,0,583,2053
835,2014-02-26,3,3776.0,543,0,0.0008984725965858042,0,560,4313
836,2014-02-26,3,4617.0,619,0,0.0008984725965858042,0,657,3522
837,2014-02-26,3,5244.0,658,0,0.0008984725965858042,0,335,6122
838,2014-02-26,3,6243.0,716,0,0.0008984725965858042,0,442,4788
839,2014-02-26,3,4568.0,652,0,0.0008984725965858042,0,497,5557
840,2014-02-26,3,6531.0,1047,0,0.0008984725965858042,0,677,5867
841,2014-02-26,3,2028.0,351,0,0.0008984725965858042,0,562,2930
842,2014-02-26,3,13658.0,930,0,0.0008984725965858042,0,742,11387
843,2014-02-26,3,6763.0,861,0,0.0008984725965858042,0,67,1675
844,2014-02-26,3,3069.0,418,0,0.0008984725965858042,0,646,4304
845,2014-02-26,3,4281.0,330,0,0.0008984725965858042,0,528,3530
846,2014-02-26,3,6360.0,701,0,0.0008984725965858042,0,201,3726
847,2014-02-26,3,6109.0,932,0,0.0008984725965858042,0,392,4331
848,2014-02-26,3,4789.0,640,0,0.0008984725965858042,0,321,3815
849,2014-02-26,3,6060.0,760,0,0.0008984725965858042,0,508,5654
850,2014-02-26,3,4269.0,517,0,0.0008984725965858042,0,1598,8489
851,2014-02-26,3,4459.0,452,0,0.0008984725965858042,0,456,3642
852,2014-02-26,3,3839.0,550,0,0.0008984725965858042,0,368,3779
853,2014-02-26,3,7189.0,888,0,0.0008984725965858042,0,679,7130
854,2014-02-26,3,4376.0,541,0,0.0008984725965858042,0,541,5577
855,2014-02-26,3,4186.0,490,0,0.0008984725965858042,0,306,3370
856,2014-02-26,3,5065.0,812,0,0.0008984725965858042,0,649,5637
857,2014-02-26,3,5182.0,759,0,0.0008984725965858042,0,818,6038
858,2014-02-26,3,3996.0,407,0,0.0008984725965858042,0,380,3456
859,2014-02-26,3,5898.0,616,0,0.0008984725965858042,0,353,4691
860,2014-02-26,3,3966.0,575,0,0.0008984725965858042,0,1110,5553
861,2014-02-26,3,3113.0,520,0,0.0008984725965858042,0,511,4204
862,2014-02-26,3,6912.0,996,0,0.0008984725965858042,0,282,3148
863,2014-02-26,3,6072.0,806,0,0.0008984725965858042,0,372,4726
864,2014-02-26,3,3446.0,536,0,0.0008984725965858042,0,696,4629
865,2014-02-26,3,8163.0,678,0,0.0008984725965858042,0,460,6825
866,2014-02-26,3,4713.0,336,0,0.0008984725965858042,0,475,4907
867,2014-02-26,3,3453.0,334,0,0.0008984725965858042,0,1357,3598
868,2014-02-26,3,6445.0,523,0,0.0008984725965858042,0,585,6411
869,2014-02-26,3,4067.0,732,0,0.0008984725965858042,0,276,2701
870,2014-02-26,3,5925.0,811,0,0.0008984725965858042,0,598,4997
871,2014-02-26,3,4915.0,410,0,0.0008984725965858042,0,407,4768
872,2014-02-26,3,8821.0,978,0,0.0008984725965858042,0,426,4561
873,2014-02-26,3,3339.0,422,0,0.0008984725965858042,0,542,2802
874,2014-02-26,3,3332.0,416,0,0.0008984725965858042,0,863,5431
875,2014-02-26,3,4137.0,458,0,0.0008984725965858042,0,304,4145
876,2014-02-26,3,6593.0,834,0,0.0008984725965858042,0,549,6185
877,2014-02-26,3,5464.0,856,0,0.0008984725965858042,0,618,4865
878,2014-02-26,3,7239.0,753,0,0.0008984725965858042,0,659,6868
879,2014-02-26,3,2484.0,260,0,0.0008984725965858042,0,179,1838
880,2014-02-26,3,6224.0,756,0,0.0008984725965858042,0,776,5781
881,2014-02-26,3,3439.0,589,0,0.0008984725965858042,0,460,4061
882,2014-02-26,3,5705.0,815,0,0.0008984725965858042,0,468,5253
883,2014-02-26,3,4813.0,581,0,0.0008984725965858042,0,462,3212
884,2014-02-26,3,3938.0,417,0,0.0008984725965858042,0,657,4669
885,2014-02-26,3,4832.0,725,0,0.0008984725965858042,0,376,3320
886,2014-02-26,3,5648.0,705,0,0.0008984725965858042,0,654,5674
887,2014-02-26,3,4753.0,416,0,0.0008984725965858042,0,497,4703
888,2014-02-26,3,5338.0,570,0,0.0008984725965858042,0,722,6775
889,2014-02-26,3,2990.0,383,0,0.0008984725965858042,0,595,3563
890,2014-02-26,3,3686.0,337,0,0.0008984725965858042,0,642,3169
891,2014-02-26,3,6628.0,1011,0,0.0008984725965858042,0,458,4877
892,2014-02-26,3,4992.0,619,0,0.0008984725965858042,0,419,4708
893,2014-02-26,3,5790.0,844,0,0.0008984725965858042,0,503,3734
894,2014-02-26,3,6268.0,941,0,0.0008984725965858042,0,682,6753
895,2014-02-26,3,7765.0,779,0,0.0008984725965858042,0,430,5518
896,2014-02-26,3,5636.0,936,0,0.0008984725965858042,0,419,5160
897,2014-02-26,3,1933.0,247,0,0.0008984725965858042,0,377,2174
898,2014-02-26,3,4845.0,617,0,0.0008984725965858042,0,130,2638
899,2014-02-26,3,4029.0,485,0,0.0008984725965858042,0,571,5041
900,2014-02-26,3,4282.0,491,0,0.0008984725965858042,0,2884,4866
901,2014-02-26,3,5596.0,545,0,0.0008984725965858042,0,341,1824
902,2014-02-26,3,4108.0,614,0,0.0008984725965858042,0,535,4754
903,2014-02-26,3,9132.0,716,0,0.0008984725965858042,0,426,3730
904,2014-02-26,3,3979.0,403,0,0.0008984725965858042,0,334,3415
905,2014-02-26,3,5831.0,950,0,0.0008984725965858042,0,653,6734
906,2014-02-26,3,7403.0,1045,0,0.0008984725965858042,0,586,6291
907,2014-02-26,3,5177.0,753,0,0.0008984725965858042,0,743,5273
908,2014-02-26,3,2632.0,290,0,0.0008984725965858042,0,303,2817
909,2014-02-26,3,7078.0,811,0,0.0008984725965858042,0,597,7188
910,2014-02-26,3,3646.0,432,0,0.0008984725965858042,0,726,4339
911,2014-02-26,3,7863.0,794,0,0.0008984725965858042,0,647,8909
912,2014-02-26,3,4447.0,645,0,0.0008984725965858042,0,435,4049
913,2014-02-26,3,6984.0,992,0,0.0008984725965858042,0,750,8167
914,2014-02-26,3,8070.0,1070,0,0.0008984725965858042,0,917,8496
915,2014-02-26,3,4259.0,375,0,0.0008984725965858042,0,1302,5781
916,2014-02-26,3,4222.0,621,0,0.0008984725965858042,0,439,5031
917,2014-02-26,3,5864.0,760,0,0.0008984725965858042,0,317,5257
918,2014-02-26,3,3909.0,497,0,0.0008984725965858042,0,723,4794
919,2014-02-26,3,4297.0,633,0,0.0008984725965858042,0,761,6772
920,2014-02-26,3,4579.0,532,0,0.0008984725965858042,0,700,5176
921,2014-02-26,3,7285.0,962,0,0.0008984725965858042,0,751,6677
922,2014-02-26,3,6111.0,656,0,0.0008984725965858042,0,370,4803
923,2014-02-26,3,4399.0,571,0,0.0008984725965858042,0,685,4010
924,2014-02-26,3,3609.0,416,0,0.0008984725965858042,0,612,5999
925,2014-02-26,3,4781.0,1050,0,0.0008984725965858042,0,436,4401
926,2014-02-26,3,6397.0,548,0,0.0008984725965858042,0,823,5298
927,2014-02-26,3,4734.0,737,0,0.0008984725965858042,0,541,5406
928,2014-02-26,3,6360.0,581,0,0.0008984725965858042,0,643,6764
929,2014-02-26,3,4858.0,661,0,0.0008984725965858042,0,746,4648
930,2014-02-26,3,4503.0,861,0,0.0008984725965858042,0,659,5356
931,2014-02-26,3,2077.0,307,0,0.0008984725965858042,0,449,2625
932,2014-02-26,3,6669.0,725,0,0.0008984725965858042,0,567,5336
933,2014-02-26,3,5896.0,856,0,0.0008984725965858042,0,916,6024
934,2014-02-26,3,5062.0,599,0,0.0008984725965858042,0,392,4205
935,2014-02-26,3,4755.0,555,0,0.0008984725965858042,0,387,3955
936,2014-02-26,3,6180.0,866,0,0.0008984725965858042,0,1056,6521
937,2014-02-26,3,4723.0,419,0,0.0008984725965858042,0,1459,6988
938,2014-02-26,3,7021.0,796,0,0.0008984725965858042,0,582,6447
939,2014-02-26,3,5275.0,544,0,0.0008984725965858042,0,637,5197
940,2014-02-26,3,5148.0,622,0,0.0008984725965858042,0,552,5829
941,2014-02-26,3,3933.0,480,0,0.0008984725965858042,0,393,5752
942,2014-02-26,3,4297.0,350,0,0.0008984725965858042,0,930,5434
943,2014-02-26,3,5553.0,486,0,0.0008984725965858042,0,761,4910
944,2014-02-26,3,5552.0,992,0,0.0008984725965858042,0,577,5150
945,2014-02-26,3,3726.0,512,0,0.0008984725965858042,0,431,3881
946,2014-02-26,3,2812.0,422,0,0.0008984725965858042,0,730,4233
948,2014-02-26,3,6313.0,1670,0,0.0008984725965858042,0,419,5106
949,2014-02-26,3,3945.0,448,0,0.0008984725965858042,0,577,4650
950,2014-02-26,3,4189.0,523,0,0.0008984725965858042,0,528,4981
951,2014-02-26,3,5273.0,587,0,0.0008984725965858042,0,360,2963
952,2014-02-26,3,5146.0,464,0,0.0008984725965858042,0,339,4973
953,2014-02-26,3,3797.0,466,0,0.0008984725965858042,0,434,4006
954,2014-02-26,3,5564.0,878,0,0.0008984725965858042,0,755,5683
955,2014-02-26,3,5235.0,526,0,0.0008984725965858042,0,781,4751
956,2014-02-26,3,3426.0,551,0,0.0008984725965858042,0,343,2641
957,2014-02-26,3,6621.0,827,0,0.0008984725965858042,0,525,5149
958,2014-02-26,3,3275.0,507,0,0.0008984725965858042,0,497,3406
959,2014-02-26,3,5539.0,670,0,0.0008984725965858042,0,752,7637
960,2014-02-26,3,4456.0,419,0,0.0008984725965858042,0,436,5874
961,2014-02-26,3,5206.0,609,0,0.0008984725965858042,0,764,4787
962,2014-02-26,3,5033.0,757,0,0.0008984725965858042,0,416,5178
963,2014-02-26,3,7782.0,832,0,0.0008984725965858042,0,683,7875
964,2014-02-26,3,6595.0,1096,0,0.0008984725965858042,0,137,2948
965,2014-02-26,3,6513.0,809,0,0.0008984725965858042,0,575,6512
966,2014-02-26,3,4833.0,635,0,0.0008984725965858042,0,401,3721
967,2014-02-26,3,6588.0,802,0,0.0008984725965858042,0,630,7103
968,2014-02-26,3,5666.0,741,0,0.0008984725965858042,0,660,5664
969,2014-02-26,3,2971.0,593,0,0.0008984725965858042,0,1099,3489
970,2014-02-26,3,3124.0,427,0,0.0008984725965858042,0,696,3518
971,2014-02-26,3,5948.0,752,0,0.0008984725965858042,0,1080,7392
972,2014-02-26,3,2404.0,335,0,0.0008984725965858042,0,617,3466
973,2014-02-26,3,4775.0,677,0,0.0008984725965858042,0,726,5921
974,2014-02-26,3,10287.0,1499,0,0.0008984725965858042,0,728,8288
975,2014-02-26,3,5733.0,690,0,0.0008984725965858042,0,613,5513
976,2014-02-26,3,5345.0,653,0,0.0008984725965858042,0,586,6416
977,2014-02-26,3,3382.0,399,0,0.0008984725965858042,0,530,4422
978,2014-02-26,3,5449.0,862,0,0.0008984725965858042,0,395,4667
979,2014-02-26,3,3827.0,497,0,0.0008984725965858042,0,658,4932
980,2014-02-26,3,6729.0,603,0,0.0008984725965858042,0,430,5289
981,2014-02-26,3,5509.0,583,0,0.0008984725965858042,0,725,7476
982,2014-02-26,3,5157.0,496,0,0.0008984725965858042,0,463,5864
983,2014-02-26,3,9389.0,1369,0,0.0008984725965858042,0,1119,9234
984,2014-02-26,3,4362.0,644,0,0.0008984725965858042,0,802,4914
985,2014-02-26,3,4947.0,581,0,0.0008984725965858042,0,446,5028
986,2014-02-26,3,4481.0,699,0,0.0008984725965858042,0,944,5386
987,2014-02-26,3,5030.0,773,0,0.0008984725965858042,0,625,5130
988,2014-02-26,3,3850.0,663,0,0.0008984725965858042,0,547,3948
989,2014-02-26,3,4622.0,566,0,0.0008984725965858042,0,356,4369
990,2014-02-26,3,3887.0,393,0,0.0008984725965858042,0,676,6966
991,2014-02-26,3,5023.0,506,0,0.0008984725965858042,0,831,4702
992,2014-02-26,3,5699.0,764,0,0.0008984725965858042,0,1062,5831
993,2014-02-26,3,4502.0,530,0,0.0008984725965858042,0,489,4594
994,2014-02-26,3,3344.0,381,0,0.0008984725965858042,0,455,3667
995,2014-02-26,3,7144.0,653,0,0.0008984725965858042,0,414,5477
996,2014-02-26,3,4398.0,532,0,0.0008984725965858042,0,707,6206
997,2014-02-26,3,3504.0,332,0,0.0008984725965858042,0,243,2050
998,2014-02-26,3,2846.0,419,0,0.0008984725965858042,0,694,5115
999,2014-02-26,3,6017.0,476,0,0.0008984725965858042,0,827,7794
1000,2014-02-26,3,6054.0,624,0,0.0008984725965858042,0,570,4691
1001,2014-02-26,3,3333.0,448,0,0.0008984725965858042,0,432,4020
1002,2014-02-26,3,4555.0,561,0,0.0008984725965858042,0,507,5052
1003,2014-02-26,3,6019.0,732,0,0.0008984725965858042,0,614,6398
1004,2014-02-26,3,3596.0,344,0,0.0008984725965858042,0,726,5400
1005,2014-02-26,3,4666.0,729,0,0.0008984725965858042,0,654,6130
1006,2014-02-26,3,4400.0,677,0,0.0008984725965858042,0,362,4531
1007,2014-02-26,3,4302.0,632,0,0.0008984725965858042,0,1226,7084
1008,2014-02-26,3,3775.0,568,0,0.0008984725965858042,0,334,3879
1009,2014-02-26,3,3877.0,433,0,0.0008984725965858042,0,676,4949
1010,2014-02-26,3,5917.0,619,0,0.0008984725965858042,0,690,6741
1011,2014-02-26,3,5564.0,791,0,0.0008984725965858042,0,619,5972
1012,2014-02-26,3,4652.0,449,0,0.0008984725965858042,0,862,6496
1013,2014-02-26,3,3501.0,445,0,0.0008984725965858042,0,710,3599
1014,2014-02-26,3,9504.0,1141,0,0.0008984725965858042,0,-102,3654
1015,2014-02-26,3,5106.0,475,0,0.0008984725965858042,0,790,5567
1016,2014-02-26,3,3897.0,459,0,0.0008984725965858042,0,1491,5723
1017,2014-02-26,3,5740.0,908,0,0.0008984725965858042,0,780,4946
1018,2014-02-26,3,8475.0,1136,0,0.0008984725965858042,0,599,7012
1019,2014-02-26,3,5884.0,600,0,0.0008984725965858042,0,241,3146
1020,2014-02-26,3,6669.0,910,0,0.0008984725965858042,0,942,7434
1021,2014-02-26,3,6516.0,885,0,0.0008984725965858042,0,625,6166
1022,2014-02-26,3,5002.0,699,0,0.0008984725965858042,0,563,5121
1023,2014-02-26,3,4560.0,521,0,0.0008984725965858042,0,438,3798
1024,2014-02-26,3,4654.0,646,0,0.0008984725965858042,0,1082,6279
1025,2014-02-26,3,6345.0,774,0,0.0008984725965858042,0,550,5330
1026,2014-02-26,3,8458.0,1125,0,0.0008984725965858042,0,804,6815
1027,2014-02-26,3,8548.0,1336,0,0.0008984725965858042,0,566,5008
1028,2014-02-26,3,3318.0,448,0,0.0008984725965858042,0,403,4197
1029,2014-02-26,3,4233.0,739,0,0.0008984725965858042,0,509,3488
1030,2014-02-26,3,2107.0,228,0,0.0008984725965858042,0,441,3040
1031,2014-02-26,3,3617.0,362,0,0.0008984725965858042,0,730,4165
1032,2014-02-26,3,6272.0,734,0,0.0008984725965858042,0,628,5344
1033,2014-02-26,3,11025.0,1145,0,0.0008984725965858042,0,886,9385
1034,2014-02-26,3,4585.0,593,0,0.0008984725965858042,0,741,4760
1035,2014-02-26,3,3350.0,437,0,0.0008984725965858042,0,349,2823
1036,2014-02-26,3,4621.0,455,0,0.0008984725965858042,0,868,5811
1037,2014-02-26,3,5328.0,780,0,0.0008984725965858042,0,171,1984
1038,2014-02-26,3,3858.0,383,0,0.0008984725965858042,0,568,4180
1039,2014-02-26,3,7546.0,1034,0,0.0008984725965858042,0,940,6743
1040,2014-02-26,3,7335.0,893,0,0.0008984725965858042,0,1036,7660
1041,2014-02-26,3,4535.0,586,0,0.0008984725965858042,0,470,5389
1042,2014-02-26,3,3670.0,486,0,0.0008984725965858042,0,316,2588
1043,2014-02-26,3,5535.0,861,0,0.0008984725965858042,0,337,3721
1044,2014-02-26,3,4856.0,714,0,0.0008984725965858042,0,221,2239
1045,2014-02-26,3,5580.0,724,0,0.0008984725965858042,0,490,4769
1046,2014-02-26,3,5586.0,492,0,0.0008984725965858042,0,372,4510
1047,2014-02-26,3,4447.0,539,0,0.0008984725965858042,0,1541,4695
1048,2014-02-26,3,5042.0,421,0,0.0008984725965858042,0,469,3762
1049,2014-02-26,3,3234.0,608,0,0.0008984725965858042,0,370,3471
1050,2014-02-26,3,6491.0,503,0,0.0008984725965858042,0,1953,8620
1051,2014-02-26,3,5422.0,920,0,0.0008984725965858042,0,1067,6059
1052,2014-02-26,3,6271.0,756,0,0.0008984725965858042,0,401,5332
1053,2014-02-26,3,7309.0,894,0,0.0008984725965858042,0,490,6612
1054,2014-02-26,3,4900.0,555,0,0.0008984725965858042,0,507,4080
1055,2014-02-26,3,5273.0,804,0,0.0008984725965858042,0,602,5761
1056,2014-02-26,3,2739.0,303,0,0.0008984725965858042,0,522,3557
1057,2014-02-26,3,4067.0,490,0,0.0008984725965858042,0,1317,6411
1058,2014-02-26,3,7272.0,804,0,0.0008984725965858042,0,408,5507
1059,2014-02-26,3,6322.0,973,0,0.0008984725965858042,0,550,4795
1060,2014-02-26,3,6317.0,831,0,0.0008984725965858042,0,429,4887
1061,2014-02-26,3,5995.0,517,0,0.0008984725965858042,0,501,5070
1062,2014-02-26,3,4634.0,484,0,0.0008984725965858042,0,438,5299
1063,2014-02-26,3,3056.0,448,0,0.0008984725965858042,0,366,4000
1064,2014-02-26,3,8563.0,1090,0,0.0008984725965858042,0,708,7554
1065,2014-02-26,3,3730.0,507,0,0.0008984725965858042,0,657,5026
1066,2014-02-26,3,11315.0,1197,0,0.0008984725965858042,0,736,8141
1067,2014-02-26,3,4498.0,411,0,0.0008984725965858042,0,723,4750
1068,2014-02-26,3,3326.0,239,0,0.0008984725965858042,0,743,4067
1069,2014-02-26,3,5665.0,922,0,0.0008984725965858042,0,849,3305
1070,2014-02-26,3,5093.0,675,0,0.0008984725965858042,0,1386,6607
1071,2014-02-26,3,5011.0,634,0,0.0008984725965858042,0,566,4034
1072,2014-02-26,3,6641.0,711,0,0.0008984725965858042,0,1024,5474
1073,2014-02-26,3,5867.0,870,0,0.0008984725965858042,0,227,2782
1074,2014-02-26,3,3496.0,430,0,0.0008984725965858042,0,319,3794
1075,2014-02-26,3,9627.0,1030,0,0.0008984725965858042,0,623,5997
1076,2014-02-26,3,2698.0,482,0,0.0008984725965858042,0,765,3072
1077,2014-02-26,3,3580.0,450,0,0.0008984725965858042,0,905,4033
1078,2014-02-26,3,4556.0,415,0,0.0008984725965858042,0,786,6705
1079,2014-02-26,3,5918.0,560,0,0.0008984725965858042,0,658,6836
1080,2014-02-26,3,8319.0,733,0,0.0008984725965858042,0,454,4025
1081,2014-02-26,3,6109.0,1031,0,0.0008984725965858042,0,702,4487
1082,2014-02-26,3,5412.0,885,0,0.0008984725965858042,0,468,4961
1083,2014-02-26,3,3821.0,306,0,0.0008984725965858042,0,419,2730
1084,2014-02-26,3,4218.0,646,0,0.0008984725965858042,0,966,6835
1085,2014-02-26,3,5459.0,661,0,0.0008984725965858042,0,595,6300
1086,2014-02-26,3,4711.0,635,0,0.0008984725965858042,0,389,4822
1087,2014-02-26,3,4542.0,487,0,0.0008984725965858042,0,578,5734
1088,2014-02-26,3,5789.0,611,0,0.0008984725965858042,0,551,4496
1089,2014-02-26,3,9350.0,1025,0,0.0008984725965858042,0,431,2835
1090,2014-02-26,3,5400.0,811,0,0.0008984725965858042,0,565,3170
1091,2014-02-26,3,5960.0,559,0,0.0008984725965858042,0,989,6683
1092,2014-02-26,3,10603.0,1102,0,0.0008984725965858042,0,729,8768
1093,2014-02-26,3,6333.0,710,0,0.0008984725965858042,0,1058,4420
1094,2014-02-26,3,3448.0,330,0,0.0008984725965858042,0,509,3778
1095,2014-02-26,3,4034.0,609,0,0.0008984725965858042,0,1641,5615
1096,2014-02-26,3,3631.0,535,0,0.0008984725965858042,0,575,4552
1097,2014-02-26,3,8833.0,2348,0,0.0008984725965858042,0,237,3230
1098,2014-02-26,3,4062.0,646,0,0.0008984725965858042,0,497,3806
1099,2014-02-26,3,5460.0,718,0,0.0008984725965858042,0,329,3692
1100,2014-02-26,3,3637.0,534,0,0.0008984725965858042,0,281,2901
1101,2014-02-26,3,6639.0,812,0,0.0008984725965858042,0,726,6787
1102,2014-02-26,3,6643.0,727,0,0.0008984725965858042,0,600,5318
1103,2014-02-26,3,3582.0,314,0,0.0008984725965858042,0,457,3100
1104,2014-02-26,3,3787.0,336,0,0.0008984725965858042,0,853,5135
1105,2014-02-26,3,3142.0,405,0,0.0008984725965858042,0,246,3269
1106,2014-02-26,3,3976.0,510,0,0.0008984725965858042,0,1072,5907
1107,2014-02-26,3,3860.0,504,0,0.0008984725965858042,0,844,4946
1108,2014-02-26,3,3836.0,501,0,0.0008984725965858042,0,458,4671
1109,2014-02-26,3,4372.0,438,0,0.0008984725965858042,0,1056,5659
1110,2014-02-26,3,2505.0,401,0,0.0008984725965858042,0,373,3074
1111,2014-02-26,3,4516.0,446,0,0.0008984725965858042,0,553,4484
1112,2014-02-26,3,6613.0,654,0,0.0008984725965858042,0,285,6126
1113,2014-02-26,3,5022.0,630,0,0.0008984725965858042,0,656,5279
1114,2014-02-26,3,17170.0,2807,0,0.0008984725965858042,0,435,6535
1115,2014-02-26,3,4259.0,342,0,0.0008984725965858042,0,333,4012
1,2014-02-19,3,4935.0,547,1,1.0,1,561,4796
2,2014-02-19,3,6419.0,774,1,1.0,1,674,5323
3,2014-02-19,3,8156.0,812,1,1.0,1,764,8116
4,2014-02-19,3,9010.0,1278,1,1.0,1,872,10592
5,2014-02-19,3,5307.0,603,1,1.0,1,634,3469
6,2014-02-19,3,5552.0,646,1,1.0,1,648,6099
7,2014-02-19,3,7834.0,855,1,1.0,1,427,5943
8,2014-02-19,3,5299.0,631,1,1.0,1,778,6171
9,2014-02-19,3,6526.0,560,1,1.0,1,1293,8312
10,2014-02-19,3,5561.0,600,1,1.0,1,845,5202
11,2014-02-19,3,7587.0,1106,1,1.0,1,566,7198
12,2014-02-19,3,7975.0,911,1,1.0,1,375,6374
13,2014-02-19,3,5254.0,377,1,1.0,1,487,5150
14,2014-02-19,3,6511.0,695,1,1.0,1,1051,7640
15,2014-02-19,3,6976.0,611,1,1.0,1,533,6470
16,2014-02-19,3,8806.0,982,1,1.0,1,383,6352
17,2014-02-19,3,6823.0,833,1,1.0,1,2659,6583
18,2014-02-19,3,6948.0,756,1,1.0,1,804,6552
19,2014-02-19,3,6412.0,652,1,1.0,1,958,7356
20,2014-02-19,3,8108.0,899,1,1.0,1,788,8956
21,2014-02-19,3,5669.0,522,1,1.0,1,425,4915
22,2014-02-19,3,4140.0,446,1,1.0,1,784,5351
23,2014-02-19,3,5731.0,452,1,1.0,1,1223,8379
24,2014-02-19,3,9249.0,858,1,1.0,1,899,10314
25,2014-02-19,3,16406.0,2105,1,1.0,1,1029,13805
26,2014-02-19,3,6175.0,494,1,1.0,1,650,6396
27,2014-02-19,3,9354.0,997,1,1.0,1,1272,10172
28,2014-02-19,3,6141.0,668,1,1.0,1,462,5756
29,2014-02-19,3,6712.0,604,1,1.0,1,973,7683
30,2014-02-19,3,5192.0,825,1,1.0,1,665,5938
31,2014-02-19,3,5859.0,576,1,1.0,1,631,4354
32,2014-02-19,3,4697.0,526,1,1.0,1,683,4933
33,2014-02-19,3,8511.0,809,1,1.0,1,732,8526
34,2014-02-19,3,8188.0,986,1,1.0,1,378,5902
35,2014-02-19,3,9519.0,722,1,1.0,1,603,8968
36,2014-02-19,3,9112.0,1095,1,1.0,1,778,9096
37,2014-02-19,3,5717.0,595,1,1.0,1,479,6469
38,2014-02-19,3,6061.0,566,1,1.0,1,534,6411
39,2014-02-19,3,5653.0,721,1,1.0,1,1377,6426
40,2014-02-19,3,4395.0,592,1,1.0,1,734,4369
41,2014-02-19,3,5296.0,383,1,1.0,1,545,6389
42,2014-02-19,3,11478.0,1247,1,1.0,1,379,4742
43,2014-02-19,3,7345.0,627,1,1.0,1,1327,7280
44,2014-02-19,3,5921.0,700,1,1.0,1,470,6047
45,2014-02-19,3,5303.0,374,1,1.0,1,239,3139
46,2014-02-19,3,5448.0,651,1,1.0,1,1353,6017
47,2014-02-19,3,7603.0,962,1,1.0,1,729,6781
48,2014-02-19,3,3826.0,440,1,1.0,1,685,4212
49,2014-02-19,3,7135.0,474,1,1.0,1,1621,6380
50,2014-02-19,3,4282.0,341,1,1.0,1,726,4725
51,2014-02-19,3,5851.0,416,1,1.0,1,692,8229
52,2014-02-19,3,8165.0,539,1,1.0,1,991,8350
53,2014-02-19,3,5281.0,549,1,1.0,1,726,5479
54,2014-02-19,3,8101.0,741,1,1.0,1,882,6335
55,2014-02-19,3,5097.0,595,1,1.0,1,957,6226
56,2014-02-19,3,5332.0,393,1,1.0,1,695,7126
57,2014-02-19,3,10951.0,1046,1,1.0,1,1108,13630
58,2014-02-19,3,6073.0,485,1,1.0,1,441,5421
59,2014-02-19,3,5801.0,610,1,1.0,1,951,7723
60,2014-02-19,3,8932.0,811,1,1.0,1,723,9010
61,2014-02-19,3,4944.0,592,1,1.0,1,773,4482
62,2014-02-19,3,7161.0,791,1,1.0,1,721,8295
63,2014-02-19,3,6829.0,609,1,1.0,1,622,7549
64,2014-02-19,3,10463.0,743,1,1.0,1,496,7086
65,2014-02-19,3,5102.0,435,1,1.0,1,506,5205
66,2014-02-19,3,5930.0,477,1,1.0,1,1619,6548
67,2014-02-19,3,8936.0,902,1,1.0,1,752,8628
68,2014-02-19,3,6679.0,1048,1,1.0,1,823,7332
69,2014-02-19,3,8926.0,1150,1,1.0,1,819,11260
70,2014-02-19,3,7151.0,683,1,1.0,1,1049,6992
71,2014-02-19,3,8585.0,684,1,1.0,1,818,9980
72,2014-02-19,3,4870.0,513,1,1.0,1,648,5586
73,2014-02-19,3,4827.0,527,1,1.0,1,411,4640
74,2014-02-19,3,6664.0,893,1,1.0,1,600,6919
75,2014-02-19,3,5059.0,535,1,1.0,1,354,4357
76,2014-02-19,3,7774.0,834,1,1.0,1,480,6508
77,2014-02-19,3,6527.0,599,1,1.0,1,410,7009
78,2014-02-19,3,3716.0,488,1,1.0,1,448,3412
79,2014-02-19,3,5932.0,617,1,1.0,1,538,5687
80,2014-02-19,3,7006.0,525,1,1.0,1,1435,9238
81,2014-02-19,3,5998.0,496,1,1.0,1,281,5379
82,2014-02-19,3,9366.0,865,1,1.0,1,706,9016
83,2014-02-19,3,3836.0,335,1,1.0,1,579,3973
84,2014-02-19,3,13803.0,1479,1,1.0,1,1143,12620
85,2014-02-19,3,6238.0,866,1,1.0,1,604,6856
86,2014-02-19,3,5392.0,630,1,1.0,1,1501,7301
87,2014-02-19,3,6488.0,817,1,1.0,1,1815,7187
88,2014-02-19,3,7034.0,737,1,1.0,1,462,6328
89,2014-02-19,3,6361.0,634,1,1.0,1,709,7369
90,2014-02-19,3,8795.0,1051,1,1.0,1,473,7345
91,2014-02-19,3,6685.0,759,1,1.0,1,585,7528
92,2014-02-19,3,6103.0,537,1,1.0,1,1011,7098
93,2014-02-19,3,5946.0,588,1,1.0,1,826,6918
94,2014-02-19,3,7119.0,614,1,1.0,1,472,7353
95,2014-02-19,3,7558.0,801,1,1.0,1,421,5780
96,2014-02-19,3,5887.0,617,1,1.0,1,722,5634
97,2014-02-19,3,6710.0,665,1,1.0,1,950,7384
98,2014-02-19,3,4868.0,416,1,1.0,1,815,5708
99,2014-02-19,3,5707.0,482,1,1.0,1,515,4812
100,2014-02-19,3,6646.0,582,1,1.0,1,1038,7709
101,2014-02-19,3,8045.0,767,1,1.0,1,619,7470
102,2014-02-19,3,7764.0,1089,1,1.0,1,278,3926
103,2014-02-19,3,4449.0,424,1,1.0,1,691,4128
104,2014-02-19,3,9662.0,1248,1,1.0,1,471,7113
105,2014-02-19,3,4347.0,544,1,1.0,1,644,5141
106,2014-02-19,3,8946.0,876,1,1.0,1,914,9008
107,2014-02-19,3,7239.0,900,1,1.0,1,555,6428
108,2014-02-19,3,9766.0,757,1,1.0,1,1021,10772
109,2014-02-19,3,6369.0,713,1,1.0,1,418,5164
110,2014-02-19,3,4215.0,562,1,1.0,1,534,4521
111,2014-02-19,3,7309.0,589,1,1.0,1,1219,7002
112,2014-02-19,3,6362.0,737,1,1.0,1,1469,7485
113,2014-02-19,3,8657.0,791,1,1.0,1,540,9513
114,2014-02-19,3,5946.0,621,1,1.0,1,419,5789
115,2014-02-19,3,6342.0,495,1,1.0,1,556,9484
116,2014-02-19,3,7236.0,752,1,1.0,1,553,7386
117,2014-02-19,3,4022.0,506,1,1.0,1,536,4421
118,2014-02-19,3,7812.0,644,1,1.0,1,364,5876
119,2014-02-19,3,6177.0,673,1,1.0,1,2161,6924
120,2014-02-19,3,7709.0,655,1,1.0,1,774,8096
121,2014-02-19,3,4146.0,468,1,1.0,1,472,4284
122,2014-02-19,3,5210.0,648,1,1.0,1,746,6183
123,2014-02-19,3,10229.0,1147,1,1.0,1,859,8754
124,2014-02-19,3,3960.0,492,1,1.0,1,848,6238
125,2014-02-19,3,10755.0,1482,1,1.0,1,955,12356
126,2014-02-19,3,6218.0,551,1,1.0,1,399,5235
127,2014-02-19,3,5711.0,674,1,1.0,1,674,3771
128,2014-02-19,3,7874.0,631,1,1.0,1,661,7888
129,2014-02-19,3,8951.0,1059,1,1.0,1,449,7293
130,2014-02-19,3,5638.0,619,1,1.0,1,507,5358
131,2014-02-19,3,5525.0,580,1,1.0,1,897,6799
132,2014-02-19,3,5638.0,544,1,1.0,1,795,5461
133,2014-02-19,3,5853.0,717,1,1.0,1,430,6368
134,2014-02-19,3,4949.0,520,1,1.0,1,1276,6109
135,2014-02-19,3,5439.0,488,1,1.0,1,1109,5045
136,2014-02-19,3,6966.0,498,1,1.0,1,477,5807
137,2014-02-19,3,6767.0,811,1,1.0,1,734,9941
138,2014-02-19,3,7414.0,710,1,1.0,1,560,6064
139,2014-02-19,3,6681.0,512,1,1.0,1,1098,7225
140,2014-02-19,3,7690.0,996,1,1.0,1,1017,8900
141,2014-02-19,3,6202.0,635,1,1.0,1,550,6501
142,2014-02-19,3,4934.0,603,1,1.0,1,1297,6067
143,2014-02-19,3,6188.0,550,1,1.0,1,806,6903
144,2014-02-19,3,7505.0,665,1,1.0,1,855,9201
145,2014-02-19,3,9071.0,1220,1,1.0,1,797,9153
146,2014-02-19,3,8185.0,681,1,1.0,1,574,7679
147,2014-02-19,3,8403.0,869,1,1.0,1,625,8312
148,2014-02-19,3,8849.0,817,1,1.0,1,658,10483
149,2014-02-19,3,5940.0,478,1,1.0,1,798,7034
150,2014-02-19,3,8638.0,811,1,1.0,1,852,7657
151,2014-02-19,3,6703.0,647,1,1.0,1,444,6942
152,2014-02-19,3,6857.0,739,1,1.0,1,857,5734
153,2014-02-19,3,9960.0,747,1,1.0,1,575,6623
154,2014-02-19,3,8526.0,706,1,1.0,1,1260,9983
155,2014-02-19,3,6849.0,620,1,1.0,1,707,6949
156,2014-02-19,3,7684.0,758,1,1.0,1,558,7797
157,2014-02-19,3,10102.0,989,1,1.0,1,866,9839
158,2014-02-19,3,8073.0,521,1,1.0,1,441,9008
159,2014-02-19,3,7670.0,684,1,1.0,1,493,6324
160,2014-02-19,3,6130.0,526,1,1.0,1,354,3229
161,2014-02-19,3,6801.0,797,1,1.0,1,436,5406
162,2014-02-19,3,8072.0,551,1,1.0,1,535,7331
163,2014-02-19,3,6907.0,850,1,1.0,1,552,7981
164,2014-02-19,3,6338.0,666,1,1.0,1,1187,7809
165,2014-02-19,3,4280.0,410,1,1.0,1,555,4928
166,2014-02-19,3,5676.0,748,1,1.0,1,559,6746
167,2014-02-19,3,10762.0,1150,1,1.0,1,820,8498
168,2014-02-19,3,8202.0,777,1,1.0,1,656,8744
169,2014-02-19,3,7479.0,694,1,1.0,1,699,8889
170,2014-02-19,3,4921.0,554,1,1.0,1,851,6262
171,2014-02-19,3,8756.0,901,1,1.0,1,1368,11250
172,2014-02-19,3,6776.0,817,1,1.0,1,475,7514
173,2014-02-19,3,8239.0,1044,1,1.0,1,585,8549
174,2014-02-19,3,5579.0,445,1,1.0,1,366,4918
175,2014-02-19,3,5286.0,615,1,1.0,1,710,5979
176,2014-02-19,3,5239.0,683,1,1.0,1,929,8027
177,2014-02-19,3,4730.0,576,1,1.0,1,567,4366
178,2014-02-19,3,10101.0,925,1,1.0,1,331,6711
179,2014-02-19,3,7221.0,942,1,1.0,1,690,10185
180,2014-02-19,3,7072.0,821,1,1.0,1,522,7148
181,2014-02-19,3,7671.0,748,1,1.0,1,606,7396
182,2014-02-19,3,5598.0,426,1,1.0,1,644,6151
183,2014-02-19,3,4583.0,548,1,1.0,1,550,4451
184,2014-02-19,3,6905.0,603,1,1.0,1,830,4978
185,2014-02-19,3,7647.0,582,1,1.0,1,1453,8229
186,2014-02-19,3,3880.0,399,1,1.0,1,699,4592
187,2014-02-19,3,6104.0,720,1,1.0,1,1129,6901
188,2014-02-19,3,5379.0,452,1,1.0,1,793,6060
189,2014-02-19,3,9650.0,859,1,1.0,1,865,10370
190,2014-02-19,3,7600.0,655,1,1.0,1,1810,8821
191,2014-02-19,3,5626.0,584,1,1.0,1,653,6603
192,2014-02-19,3,6708.0,488,1,1.0,1,488,7231
193,2014-02-19,3,6985.0,971,1,1.0,1,991,7692
194,2014-02-19,3,4683.0,408,1,1.0,1,871,5659
195,2014-02-19,3,11511.0,1362,1,1.0,1,760,10564
196,2014-02-19,3,4696.0,646,1,1.0,1,675,6567
197,2014-02-19,3,6848.0,841,1,1.0,1,307,5943
198,2014-02-19,3,3442.0,356,1,1.0,1,582,2405
199,2014-02-19,3,8037.0,638,1,1.0,1,620,8695
200,2014-02-19,3,8065.0,1010,1,1.0,1,827,7937
201,2014-02-19,3,4781.0,403,1,1.0,1,393,5210
202,2014-02-19,3,6298.0,487,1,1.0,1,2620,6415
203,2014-02-19,3,7730.0,1004,1,1.0,1,266,5459
204,2014-02-19,3,6078.0,560,1,1.0,1,442,5812
205,2014-02-19,3,7019.0,918,1,1.0,1,503,4265
206,2014-02-19,3,6862.0,779,1,1.0,1,1106,7630
207,2014-02-19,3,10637.0,1245,1,1.0,1,722,8981
208,2014-02-19,3,2649.0,376,1,1.0,1,783,3982
209,2014-02-19,3,5684.0,546,1,1.0,1,758,6016
210,2014-02-19,3,3234.0,344,1,1.0,1,738,3239
211,2014-02-19,3,12886.0,1511,1,1.0,1,633,10246
212,2014-02-19,3,5134.0,491,1,1.0,1,663,5279
213,2014-02-19,3,9342.0,726,1,1.0,1,442,7046
214,2014-02-19,3,9200.0,650,1,1.0,1,961,10116
215,2014-02-19,3,6679.0,504,1,1.0,1,814,7170
216,2014-02-19,3,7220.0,850,1,1.0,1,689,7962
217,2014-02-19,3,4605.0,641,1,1.0,1,1190,6182
218,2014-02-19,3,5745.0,773,1,1.0,1,734,4039
219,2014-02-19,3,3237.0,427,1,1.0,1,704,3882
220,2014-02-19,3,5841.0,749,1,1.0,1,587,6461
221,2014-02-19,3,5311.0,502,1,1.0,1,460,4792
222,2014-02-19,3,5145.0,589,1,1.0,1,579,4936
223,2014-02-19,3,8160.0,812,1,1.0,1,871,7952
224,2014-02-19,3,7129.0,477,1,1.0,1,854,6543
225,2014-02-19,3,4805.0,510,1,1.0,1,674,5651
226,2014-02-19,3,8225.0,786,1,1.0,1,1227,9471
227,2014-02-19,3,6340.0,603,1,1.0,1,1008,8016
228,2014-02-19,3,7871.0,599,1,1.0,1,407,6835
229,2014-02-19,3,8397.0,705,1,1.0,1,960,9218
230,2014-02-19,3,7097.0,865,1,1.0,1,409,7180
231,2014-02-19,3,4758.0,374,1,1.0,1,883,6466
232,2014-02-19,3,2809.0,275,1,1.0,1,657,3843
233,2014-02-19,3,9523.0,1066,1,1.0,1,556,8572
234,2014-02-19,3,11837.0,1095,1,1.0,1,1117,12699
235,2014-02-19,3,7538.0,556,1,1.0,1,706,6034
236,2014-02-19,3,7566.0,923,1,1.0,1,569,6715
237,2014-02-19,3,4230.0,560,1,1.0,1,532,4593
238,2014-02-19,3,8040.0,1136,1,1.0,1,596,7818
239,2014-02-19,3,4406.0,441,1,1.0,1,680,5880
240,2014-02-19,3,5307.0,496,1,1.0,1,652,4723
241,2014-02-19,3,5686.0,671,1,1.0,1,574,6984
242,2014-02-19,3,4261.0,357,1,1.0,1,513,4848
243,2014-02-19,3,7643.0,969,1,1.0,1,940,8644
244,2014-02-19,3,5548.0,512,1,1.0,1,628,5223
245,2014-02-19,3,9771.0,1160,1,1.0,1,368,6333
246,2014-02-19,3,6662.0,889,1,1.0,1,538,8203
247,2014-02-19,3,8631.0,682,1,1.0,1,475,6415
248,2014-02-19,3,7448.0,981,1,1.0,1,506,8776
249,2014-02-19,3,5255.0,519,1,1.0,1,1190,7023
250,2014-02-19,3,8878.0,676,1,1.0,1,733,9484
251,2014-02-19,3,18443.0,2374,1,1.0,1,1167,19214
252,2014-02-19,3,11362.0,816,1,1.0,1,644,9590
253,2014-02-19,3,6231.0,721,1,1.0,1,659,6388
254,2014-02-19,3,3281.0,272,1,1.0,1,685,4276
255,2014-02-19,3,6524.0,666,1,1.0,1,1143,7107
256,2014-02-19,3,9677.0,1265,1,1.0,1,565,8556
257,2014-02-19,3,5317.0,630,1,1.0,1,681,5308
258,2014-02-19,3,4798.0,403,1,1.0,1,408,5279
259,2014-02-19,3,13307.0,2452,1,1.0,1,862,12316
260,2014-02-19,3,6578.0,921,1,1.0,1,493,6183
261,2014-02-19,3,13524.0,914,1,1.0,1,529,8961
262,2014-02-19,3,18667.0,2957,1,1.0,1,907,16188
263,2014-02-19,3,2809.0,322,1,1.0,1,1260,4744
264,2014-02-19,3,7664.0,1031,1,1.0,1,470,6745
265,2014-02-19,3,4783.0,517,1,1.0,1,1308,5086
266,2014-02-19,3,4464.0,559,1,1.0,1,676,3516
267,2014-02-19,3,8400.0,959,1,1.0,1,468,7017
268,2014-02-19,3,5806.0,687,1,1.0,1,600,4872
269,2014-02-19,3,10715.0,1338,1,1.0,1,662,9589
270,2014-02-19,3,9230.0,1188,1,1.0,1,517,8833
271,2014-02-19,3,9712.0,919,1,1.0,1,919,7814
272,2014-02-19,3,7160.0,684,1,1.0,1,403,5684
273,2014-02-19,3,7237.0,711,1,1.0,1,1090,7600
274,2014-02-19,3,3358.0,883,1,1.0,1,925,3679
275,2014-02-19,3,7806.0,789,1,1.0,1,1024,10616
276,2014-02-19,3,4460.0,527,1,1.0,1,600,4752
277,2014-02-19,3,6620.0,500,1,1.0,1,633,7045
278,2014-02-19,3,6755.0,743,1,1.0,1,1297,8072
279,2014-02-19,3,9005.0,656,1,1.0,1,531,8445
280,2014-02-19,3,5818.0,465,1,1.0,1,1172,7206
281,2014-02-19,3,6169.0,530,1,1.0,1,1091,9273
282,2014-02-19,3,4901.0,720,1,1.0,1,1402,6274
283,2014-02-19,3,6254.0,654,1,1.0,1,933,8279
284,2014-02-19,3,6202.0,460,1,1.0,1,584,5253
285,2014-02-19,3,5637.0,496,1,1.0,1,311,4725
286,2014-02-19,3,5460.0,437,1,1.0,1,635,5257
287,2014-02-19,3,7320.0,749,1,1.0,1,1042,9643
288,2014-02-19,3,5327.0,381,1,1.0,1,880,8759
289,2014-02-19,3,7062.0,568,1,1.0,1,344,3707
290,2014-02-19,3,6807.0,693,1,1.0,1,584,6054
291,2014-02-19,3,8403.0,855,1,1.0,1,508,6695
292,2014-02-19,3,6153.0,754,1,1.0,1,657,5151
293,2014-02-19,3,6508.0,837,1,1.0,1,684,6580
294,2014-02-19,3,6879.0,930,1,1.0,1,418,5512
295,2014-02-19,3,5573.0,699,1,1.0,1,472,4550
296,2014-02-19,3,7871.0,803,1,1.0,1,676,7674
297,2014-02-19,3,7721.0,773,1,1.0,1,966,7927
298,2014-02-19,3,7750.0,603,1,1.0,1,800,8687
299,2014-02-19,3,4323.0,506,1,1.0,1,1789,7148
300,2014-02-19,3,7087.0,871,1,1.0,1,503,8126
301,2014-02-19,3,5447.0,574,1,1.0,1,536,5662
302,2014-02-19,3,3767.0,316,1,1.0,1,427,3960
303,2014-02-19,3,6039.0,662,1,1.0,1,1884,6755
304,2014-02-19,3,7562.0,1083,1,1.0,1,1061,9898
305,2014-02-19,3,6209.0,530,1,1.0,1,355,5053
306,2014-02-19,3,3853.0,418,1,1.0,1,576,5470
307,2014-02-19,3,2930.0,294,1,1.0,1,574,5302
308,2014-02-19,3,9654.0,926,1,1.0,1,620,10217
309,2014-02-19,3,7841.0,584,1,1.0,1,800,7995
310,2014-02-19,3,8257.0,693,1,1.0,1,555,7767
311,2014-02-19,3,7162.0,942,1,1.0,1,1547,7174
312,2014-02-19,3,6001.0,528,1,1.0,1,451,5312
313,2014-02-19,3,6929.0,642,1,1.0,1,703,6936
314,2014-02-19,3,5772.0,603,1,1.0,1,1066,7879
315,2014-02-19,3,4279.0,464,1,1.0,1,1062,4760
316,2014-02-19,3,10072.0,834,1,1.0,1,752,9634
317,2014-02-19,3,4934.0,544,1,1.0,1,715,6253
318,2014-02-19,3,8249.0,659,1,1.0,1,480,6889
319,2014-02-19,3,8112.0,791,1,1.0,1,499,7230
320,2014-02-19,3,13044.0,1889,1,1.0,1,756,10381
321,2014-02-19,3,5413.0,517,1,1.0,1,626,6102
322,2014-02-19,3,5530.0,565,1,1.0,1,452,5355
323,2014-02-19,3,6966.0,591,1,1.0,1,576,8004
324,2014-02-19,3,6204.0,753,1,1.0,1,734,4889
325,2014-02-19,3,7088.0,656,1,1.0,1,1207,8234
326,2014-02-19,3,4321.0,373,1,1.0,1,589,4456
327,2014-02-19,3,7424.0,907,1,1.0,1,854,7949
328,2014-02-19,3,4525.0,543,1,1.0,1,796,5541
329,2014-02-19,3,7553.0,645,1,1.0,1,751,5857
330,2014-02-19,3,4234.0,445,1,1.0,1,896,4944
331,2014-02-19,3,7575.0,989,1,1.0,1,504,7189
332,2014-02-19,3,4331.0,577,1,1.0,1,407,4021
333,2014-02-19,3,9363.0,1244,1,1.0,1,572,7729
334,2014-02-19,3,4914.0,523,1,1.0,1,651,5154
335,2014-02-19,3,17227.0,3075,1,1.0,1,468,8149
336,2014-02-19,3,16116.0,2153,1,1.0,1,854,12673
337,2014-02-19,3,5246.0,365,1,1.0,1,579,6890
338,2014-02-19,3,8164.0,625,1,1.0,1,873,7502
339,2014-02-19,3,5368.0,659,1,1.0,1,908,6014
340,2014-02-19,3,6537.0,703,1,1.0,1,610,6914
341,2014-02-19,3,5722.0,768,1,1.0,1,610,6136
342,2014-02-19,3,9534.0,734,1,1.0,1,679,9574
343,2014-02-19,3,7047.0,651,1,1.0,1,358,7308
344,2014-02-19,3,8596.0,1170,1,1.0,1,1081,9016
345,2014-02-19,3,4693.0,494,1,1.0,1,660,5457
346,2014-02-19,3,7796.0,650,1,1.0,1,864,6962
347,2014-02-19,3,4455.0,372,1,1.0,1,814,6505
348,2014-02-19,3,8936.0,703,1,1.0,1,561,8455
349,2014-02-19,3,7315.0,780,1,1.0,1,1011,7854
350,2014-02-19,3,6734.0,481,1,1.0,1,876,6386
351,2014-02-19,3,5747.0,473,1,1.0,1,1657,7226
352,2014-02-19,3,6246.0,591,1,1.0,1,509,6753
353,2014-02-19,3,5310.0,1459,1,1.0,1,1209,6996
354,2014-02-19,3,7949.0,677,1,1.0,1,493,7911
355,2014-02-19,3,8199.0,979,1,1.0,1,387,6605
356,2014-02-19,3,6098.0,434,1,1.0,1,473,8061
357,2014-02-19,3,7675.0,1017,1,1.0,1,835,7790
358,2014-02-19,3,10052.0,1117,1,1.0,1,878,9756
359,2014-02-19,3,6718.0,568,1,1.0,1,708,7242
360,2014-02-19,3,7169.0,785,1,1.0,1,982,7249
361,2014-02-19,3,6144.0,618,1,1.0,1,980,7597
362,2014-02-19,3,9335.0,1125,1,1.0,1,921,9890
363,2014-02-19,3,6856.0,887,1,1.0,1,1010,7214
364,2014-02-19,3,4178.0,571,1,1.0,1,814,6455
365,2014-02-19,3,6200.0,607,1,1.0,1,488,5809
366,2014-02-19,3,6887.0,633,1,1.0,1,3276,6209
367,2014-02-19,3,5803.0,562,1,1.0,1,589,4538
368,2014-02-19,3,11168.0,794,1,1.0,1,1806,10836
369,2014-02-19,3,6354.0,542,1,1.0,1,781,7625
370,2014-02-19,3,7341.0,576,1,1.0,1,422,5606
371,2014-02-19,3,7146.0,544,1,1.0,1,659,6812
372,2014-02-19,3,8375.0,734,1,1.0,1,541,8384
373,2014-02-19,3,4398.0,314,1,1.0,1,448,4940
374,2014-02-19,3,7490.0,890,1,1.0,1,1205,10345
375,2014-02-19,3,10089.0,764,1,1.0,1,938,8739
376,2014-02-19,3,8111.0,920,1,1.0,1,1019,9858
377,2014-02-19,3,7184.0,860,1,1.0,1,1038,7949
378,2014-02-19,3,5972.0,899,1,1.0,1,853,6016
379,2014-02-19,3,3806.0,444,1,1.0,1,356,3614
380,2014-02-19,3,14721.0,1438,1,1.0,1,744,10035
381,2014-02-19,3,9706.0,1074,1,1.0,1,1071,8998
382,2014-02-19,3,8283.0,646,1,1.0,1,642,7871
383,2014-02-19,3,17861.0,2264,1,1.0,1,566,9391
384,2014-02-19,3,9002.0,1008,1,1.0,1,925,8533
385,2014-02-19,3,8413.0,721,1,1.0,1,806,6959
386,2014-02-19,3,9920.0,711,1,1.0,1,742,9829
387,2014-02-19,3,10984.0,1260,1,1.0,1,468,3302
388,2014-02-19,3,10844.0,1130,1,1.0,1,520,8205
389,2014-02-19,3,11711.0,1340,1,1.0,1,723,10853
390,2014-02-19,3,13931.0,1236,1,1.0,1,652,8170
391,2014-02-19,3,5871.0,699,1,1.0,1,1227,7598
392,2014-02-19,3,8017.0,748,1,1.0,1,689,7216
393,2014-02-19,3,6106.0,624,1,1.0,1,1777,6894
394,2014-02-19,3,7981.0,603,1,1.0,1,1124,8032
395,2014-02-19,3,3789.0,536,1,1.0,1,542,4825
396,2014-02-19,3,10147.0,1089,1,1.0,1,588,9307
397,2014-02-19,3,5245.0,712,1,1.0,1,627,7177
398,2014-02-19,3,5705.0,601,1,1.0,1,561,5746
399,2014-02-19,3,5171.0,524,1,1.0,1,859,6262
400,2014-02-19,3,9683.0,1313,1,1.0,1,1066,9866
401,2014-02-19,3,7309.0,645,1,1.0,1,814,7951
402,2014-02-19,3,5569.0,545,1,1.0,1,646,6437
403,2014-02-19,3,7752.0,748,1,1.0,1,1109,8084
404,2014-02-19,3,5513.0,619,1,1.0,1,923,5965
405,2014-02-19,3,4832.0,522,1,1.0,1,528,4473
406,2014-02-19,3,5754.0,447,1,1.0,1,1281,9337
407,2014-02-19,3,3833.0,302,1,1.0,1,844,3660
408,2014-02-19,3,5041.0,452,1,1.0,1,1007,6230
409,2014-02-19,3,5734.0,589,1,1.0,1,877,7262
410,2014-02-19,3,7372.0,878,1,1.0,1,982,7144
411,2014-02-19,3,8517.0,663,1,1.0,1,768,8693
412,2014-02-19,3,8281.0,584,1,1.0,1,594,10916
413,2014-02-19,3,6893.0,887,1,1.0,1,1209,7357
414,2014-02-19,3,5854.0,430,1,1.0,1,554,7441
415,2014-02-19,3,5659.0,463,1,1.0,1,489,6993
416,2014-02-19,3,10580.0,1341,1,1.0,1,1389,12350
417,2014-02-19,3,7849.0,884,1,1.0,1,738,8197
418,2014-02-19,3,5634.0,567,1,1.0,1,724,6379
419,2014-02-19,3,5754.0,904,1,1.0,1,482,5950
420,2014-02-19,3,4115.0,373,1,1.0,1,665,4478
421,2014-02-19,3,7789.0,816,1,1.0,1,772,9539
422,2014-02-19,3,4571.0,471,1,1.0,1,803,4471
423,2014-02-19,3,9416.0,1651,1,1.0,1,668,9754
424,2014-02-19,3,5784.0,716,1,1.0,1,727,8769
425,2014-02-19,3,3264.0,436,1,1.0,1,790,4151
426,2014-02-19,3,5872.0,709,1,1.0,1,1004,5158
427,2014-02-19,3,7893.0,787,1,1.0,1,725,7704
428,2014-02-19,3,5893.0,488,1,1.0,1,1133,7679
429,2014-02-19,3,5467.0,390,1,1.0,1,786,5614
430,2014-02-19,3,8829.0,679,1,1.0,1,486,7138
431,2014-02-19,3,9572.0,962,1,1.0,1,1073,9703
432,2014-02-19,3,11643.0,1559,1,1.0,1,675,9522
433,2014-02-19,3,4621.0,570,1,1.0,1,610,5939
434,2014-02-19,3,8562.0,619,1,1.0,1,528,8351
435,2014-02-19,3,3946.0,460,1,1.0,1,749,4449
436,2014-02-19,3,6072.0,641,1,1.0,1,563,8299
437,2014-02-19,3,7984.0,748,1,1.0,1,644,7135
438,2014-02-19,3,5148.0,554,1,1.0,1,982,6660
439,2014-02-19,3,7280.0,904,1,1.0,1,653,7421
440,2014-02-19,3,5111.0,576,1,1.0,1,718,5109
441,2014-02-19,3,6432.0,665,1,1.0,1,499,6234
442,2014-02-19,3,4265.0,446,1,1.0,1,704,4070
443,2014-02-19,3,5618.0,483,1,1.0,1,559,5848
444,2014-02-19,3,11404.0,1382,1,1.0,1,533,7640
445,2014-02-19,3,8647.0,1239,1,1.0,1,803,7950
446,2014-02-19,3,5454.0,681,1,1.0,1,575,5400
447,2014-02-19,3,5229.0,625,1,1.0,1,739,5512
448,2014-02-19,3,9260.0,790,1,1.0,1,503,8805
449,2014-02-19,3,11810.0,1631,1,1.0,1,499,8445
450,2014-02-19,3,7527.0,911,1,1.0,1,741,8682
451,2014-02-19,3,5449.0,481,1,1.0,1,470,5668
452,2014-02-19,3,4738.0,408,1,1.0,1,449,4919
453,2014-02-19,3,6361.0,721,1,1.0,1,715,6824
454,2014-02-19,3,7479.0,922,1,1.0,1,536,6324
455,2014-02-19,3,7355.0,468,1,1.0,1,1032,8052
456,2014-02-19,3,6249.0,815,1,1.0,1,800,7273
457,2014-02-19,3,4752.0,383,1,1.0,1,674,4881
458,2014-02-19,3,6512.0,619,1,1.0,1,668,8373
459,2014-02-19,3,9019.0,1082,1,1.0,1,1278,9878
460,2014-02-19,3,4253.0,335,1,1.0,1,780,2883
461,2014-02-19,3,5161.0,469,1,1.0,1,768,5939
462,2014-02-19,3,4679.0,606,1,1.0,1,787,5528
463,2014-02-19,3,6197.0,987,1,1.0,1,564,7247
464,2014-02-19,3,8761.0,1084,1,1.0,1,925,9862
465,2014-02-19,3,8077.0,630,1,1.0,1,539,7022
466,2014-02-19,3,8620.0,828,1,1.0,1,377,5849
467,2014-02-19,3,13150.0,1579,1,1.0,1,625,9902
468,2014-02-19,3,6666.0,729,1,1.0,1,569,6930
469,2014-02-19,3,11206.0,1478,1,1.0,1,1113,11406
470,2014-02-19,3,12368.0,1628,1,1.0,1,1218,11680
471,2014-02-19,3,7680.0,574,1,1.0,1,745,7100
472,2014-02-19,3,5289.0,726,1,1.0,1,354,4696
473,2014-02-19,3,3461.0,505,1,1.0,1,951,4260
474,2014-02-19,3,8592.0,838,1,1.0,1,550,7351
475,2014-02-19,3,6867.0,974,1,1.0,1,774,6911
476,2014-02-19,3,6341.0,685,1,1.0,1,515,5521
477,2014-02-19,3,5757.0,389,1,1.0,1,764,7276
478,2014-02-19,3,7046.0,727,1,1.0,1,757,7064
479,2014-02-19,3,11153.0,1252,1,1.0,1,588,8444
480,2014-02-19,3,5998.0,718,1,1.0,1,639,5484
481,2014-02-19,3,5847.0,502,1,1.0,1,495,5979
482,2014-02-19,3,7340.0,792,1,1.0,1,487,7059
483,2014-02-19,3,5206.0,641,1,1.0,1,781,5523
484,2014-02-19,3,7025.0,666,1,1.0,1,2018,8464
485,2014-02-19,3,5333.0,442,1,1.0,1,519,4612
486,2014-02-19,3,5140.0,541,1,1.0,1,598,4960
487,2014-02-19,3,7499.0,662,1,1.0,1,1198,7852
488,2014-02-19,3,3721.0,373,1,1.0,1,682,3470
489,2014-02-19,3,8640.0,703,1,1.0,1,394,6833
490,2014-02-19,3,8038.0,1045,1,1.0,1,767,8311
491,2014-02-19,3,6885.0,514,1,1.0,1,817,6931
492,2014-02-19,3,7414.0,1070,1,1.0,1,506,7348
493,2014-02-19,3,9024.0,844,1,1.0,1,1249,10672
494,2014-02-19,3,8205.0,1178,1,1.0,1,455,6748
495,2014-02-19,3,5781.0,431,1,1.0,1,814,6875
496,2014-02-19,3,7738.0,801,1,1.0,1,1626,8139
497,2014-02-19,3,9161.0,1155,1,1.0,1,601,8284
498,2014-02-19,3,6298.0,814,1,1.0,1,438,6444
499,2014-02-19,3,4909.0,681,1,1.0,1,563,5514
500,2014-02-19,3,5139.0,369,1,1.0,1,583,5657
501,2014-02-19,3,6522.0,689,1,1.0,1,568,6712
502,2014-02-19,3,10798.0,1471,1,1.0,1,602,11270
503,2014-02-19,3,6953.0,430,1,1.0,1,561,7286
504,2014-02-19,3,6027.0,914,1,1.0,1,900,7961
505,2014-02-19,3,5250.0,635,1,1.0,1,1051,5950
506,2014-02-19,3,8842.0,1002,1,1.0,1,629,7767
507,2014-02-19,3,8768.0,638,1,1.0,1,3512,8425
508,2014-02-19,3,6779.0,673,1,1.0,1,430,5248
509,2014-02-19,3,6517.0,526,1,1.0,1,1058,6569
510,2014-02-19,3,9017.0,886,1,1.0,1,1326,10588
511,2014-02-19,3,5937.0,801,1,1.0,1,598,5926
512,2014-02-19,3,5209.0,1307,1,1.0,1,982,7371
513,2014-02-19,3,17565.0,1997,1,1.0,1,763,13585
514,2014-02-19,3,6129.0,660,1,1.0,1,835,6633
515,2014-02-19,3,8877.0,682,1,1.0,1,958,8389
516,2014-02-19,3,6031.0,794,1,1.0,1,693,6026
517,2014-02-19,3,8822.0,788,1,1.0,1,535,7676
518,2014-02-19,3,5931.0,500,1,1.0,1,545,6063
519,2014-02-19,3,4647.0,464,1,1.0,1,895,6344
520,2014-02-19,3,3736.0,366,1,1.0,1,922,3905
521,2014-02-19,3,5082.0,396,1,1.0,1,372,5743
522,2014-02-19,3,8945.0,614,1,1.0,1,506,7906
523,2014-02-19,3,12730.0,1504,1,1.0,1,742,11732
524,2014-02-19,3,8360.0,838,1,1.0,1,507,7583
525,2014-02-19,3,9500.0,823,1,1.0,1,744,9981
526,2014-02-19,3,12740.0,1568,1,1.0,1,1134,10802
527,2014-02-19,3,9860.0,912,1,1.0,1,393,6531
528,2014-02-19,3,11573.0,926,1,1.0,1,864,11106
529,2014-02-19,3,7798.0,723,1,1.0,1,634,7312
530,2014-02-19,3,2703.0,357,1,1.0,1,723,4869
531,2014-02-19,3,4577.0,579,1,1.0,1,92,3559
532,2014-02-19,3,11338.0,1295,1,1.0,1,835,10930
533,2014-02-19,3,9033.0,905,1,1.0,1,1138,9328
534,2014-02-19,3,7470.0,566,1,1.0,1,417,5668
535,2014-02-19,3,8233.0,930,1,1.0,1,503,7265
536,2014-02-19,3,7969.0,876,1,1.0,1,1052,7852
537,2014-02-19,3,5567.0,614,1,1.0,1,919,6143
538,2014-02-19,3,3613.0,548,1,1.0,1,1201,6153
539,2014-02-19,3,9941.0,1043,1,1.0,1,527,7966
540,2014-02-19,3,5220.0,378,1,1.0,1,630,5000
541,2014-02-19,3,6346.0,846,1,1.0,1,749,7239
542,2014-02-19,3,6294.0,538,1,1.0,1,1045,7054
543,2014-02-19,3,3994.0,323,1,1.0,1,855,4089
544,2014-02-19,3,15146.0,1850,1,1.0,1,759,12343
545,2014-02-19,3,11872.0,1154,1,1.0,1,379,6729
546,2014-02-19,3,13908.0,1562,1,1.0,1,878,12737
547,2014-02-19,3,6190.0,426,1,1.0,1,1129,6441
548,2014-02-19,3,5282.0,412,1,1.0,1,772,5715
549,2014-02-19,3,4778.0,553,1,1.0,1,1358,6338
550,2014-02-19,3,5806.0,474,1,1.0,1,415,6083
551,2014-02-19,3,6114.0,971,1,1.0,1,1046,8136
552,2014-02-19,3,9903.0,789,1,1.0,1,426,5964
553,2014-02-19,3,6089.0,520,1,1.0,1,616,7157
554,2014-02-19,3,4261.0,518,1,1.0,1,631,4727
555,2014-02-19,3,4755.0,421,1,1.0,1,858,6769
556,2014-02-19,3,7148.0,843,1,1.0,1,569,6334
557,2014-02-19,3,5180.0,785,1,1.0,1,666,5396
558,2014-02-19,3,3164.0,439,1,1.0,1,757,3652
559,2014-02-19,3,6012.0,775,1,1.0,1,421,5502
560,2014-02-19,3,13576.0,1555,1,1.0,1,331,6442
561,2014-02-19,3,7143.0,684,1,1.0,1,1208,8630
562,2014-02-19,3,19137.0,3151,1,1.0,1,820,12934
563,2014-02-19,3,5598.0,702,1,1.0,1,661,5324
564,2014-02-19,3,5147.0,439,1,1.0,1,584,4748
565,2014-02-19,3,7739.0,918,1,1.0,1,483,7212
566,2014-02-19,3,4925.0,526,1,1.0,1,537,5996
567,2014-02-19,3,5953.0,705,1,1.0,1,904,7564
568,2014-02-19,3,4398.0,376,1,1.0,1,1103,8313
569,2014-02-19,3,5034.0,727,1,1.0,1,528,5506
570,2014-02-19,3,5302.0,721,1,1.0,1,1016,6506
571,2014-02-19,3,6407.0,462,1,1.0,1,806,7572
572,2014-02-19,3,7255.0,584,1,1.0,1,520,7392
573,2014-02-19,3,4181.0,334,1,1.0,1,830,4520
574,2014-02-19,3,8995.0,655,1,1.0,1,1052,6128
575,2014-02-19,3,6606.0,614,1,1.0,1,788,7625
576,2014-02-19,3,7070.0,936,1,1.0,1,592,6779
577,2014-02-19,3,4976.0,614,1,1.0,1,702,6798
578,2014-02-19,3,7132.0,611,1,1.0,1,631,8252
579,2014-02-19,3,8370.0,874,1,1.0,1,795,8789
580,2014-02-19,3,9182.0,1386,1,1.0,1,432,7761
581,2014-02-19,3,5924.0,635,1,1.0,1,674,6542
582,2014-02-19,3,7395.0,898,1,1.0,1,906,6787
583,2014-02-19,3,4659.0,450,1,1.0,1,931,6413
584,2014-02-19,3,5211.0,433,1,1.0,1,745,7877
585,2014-02-19,3,6634.0,935,1,1.0,1,523,5540
586,2014-02-19,3,15995.0,2335,1,1.0,1,496,8785
587,2014-02-19,3,8370.0,598,1,1.0,1,601,8541
588,2014-02-19,3,5524.0,630,1,1.0,1,721,6623
589,2014-02-19,3,5978.0,570,1,1.0,1,373,4736
590,2014-02-19,3,4817.0,346,1,1.0,1,631,5791
591,2014-02-19,3,5869.0,493,1,1.0,1,1281,7417
592,2014-02-19,3,4420.0,552,1,1.0,1,542,4769
593,2014-02-19,3,8380.0,1073,1,1.0,1,699,10034
594,2014-02-19,3,4815.0,512,1,1.0,1,695,5534
595,2014-02-19,3,13959.0,1649,1,1.0,1,669,10564
596,2014-02-19,3,4210.0,618,1,1.0,1,1104,5835
597,2014-02-19,3,4909.0,668,1,1.0,1,570,4512
598,2014-02-19,3,5468.0,750,1,1.0,1,647,6264
599,2014-02-19,3,8747.0,791,1,1.0,1,472,8449
600,2014-02-19,3,7072.0,583,1,1.0,1,871,7494
601,2014-02-19,3,4671.0,382,1,1.0,1,940,7146
602,2014-02-19,3,6820.0,661,1,1.0,1,1117,7157
603,2014-02-19,3,8038.0,1054,1,1.0,1,596,6963
604,2014-02-19,3,8031.0,552,1,1.0,1,838,7675
605,2014-02-19,3,7728.0,513,1,1.0,1,816,7045
606,2014-02-19,3,6302.0,651,1,1.0,1,760,6563
607,2014-02-19,3,4311.0,427,1,1.0,1,685,3192
608,2014-02-19,3,9754.0,941,1,1.0,1,696,9669
609,2014-02-19,3,4602.0,523,1,1.0,1,465,3997
610,2014-02-19,3,4388.0,526,1,1.0,1,1440,5816
611,2014-02-19,3,5522.0,464,1,1.0,1,866,5846
612,2014-02-19,3,6900.0,405,1,1.0,1,407,6114
613,2014-02-19,3,6728.0,1017,1,1.0,1,718,8253
614,2014-02-19,3,6682.0,862,1,1.0,1,518,4549
615,2014-02-19,3,9998.0,1183,1,1.0,1,551,8532
616,2014-02-19,3,9357.0,855,1,1.0,1,525,7831
617,2014-02-19,3,6211.0,566,1,1.0,1,856,6779
618,2014-02-19,3,6398.0,511,1,1.0,1,724,6838
619,2014-02-19,3,5286.0,503,1,1.0,1,880,5086
620,2014-02-19,3,7647.0,674,1,1.0,1,539,8596
621,2014-02-19,3,6171.0,848,1,1.0,1,685,6038
622,2014-02-19,3,4354.0,440,1,1.0,1,637,3087
623,2014-02-19,3,7059.0,820,1,1.0,1,399,6268
624,2014-02-19,3,7116.0,651,1,1.0,1,1244,8641
625,2014-02-19,3,7080.0,634,1,1.0,1,826,7109
626,2014-02-19,3,9865.0,786,1,1.0,1,706,9333
627,2014-02-19,3,6810.0,639,1,1.0,1,622,6532
628,2014-02-19,3,6274.0,772,1,1.0,1,541,6421
629,2014-02-19,3,6835.0,632,1,1.0,1,915,7404
630,2014-02-19,3,7564.0,815,1,1.0,1,648,8791
631,2014-02-19,3,5431.0,605,1,1.0,1,745,5609
632,2014-02-19,3,6612.0,839,1,1.0,1,1519,7469
633,2014-02-19,3,5608.0,446,1,1.0,1,507,5959
634,2014-02-19,3,7144.0,660,1,1.0,1,886,6581
635,2014-02-19,3,6436.0,597,1,1.0,1,540,4923
636,2014-02-19,3,6727.0,786,1,1.0,1,848,7566
637,2014-02-19,3,8696.0,679,1,1.0,1,888,9990
638,2014-02-19,3,6030.0,486,1,1.0,1,710,6320
639,2014-02-19,3,5648.0,562,1,1.0,1,713,5046
640,2014-02-19,3,11898.0,843,1,1.0,1,1049,11360
641,2014-02-19,3,6345.0,559,1,1.0,1,914,6696
642,2014-02-19,3,4245.0,550,1,1.0,1,849,4855
643,2014-02-19,3,6958.0,873,1,1.0,1,526,7367
644,2014-02-19,3,7934.0,857,1,1.0,1,552,7885
645,2014-02-19,3,11075.0,1335,1,1.0,1,1004,10682
646,2014-02-19,3,4880.0,658,1,1.0,1,510,4952
647,2014-02-19,3,5522.0,676,1,1.0,1,644,7214
648,2014-02-19,3,6084.0,546,1,1.0,1,1175,7052
649,2014-02-19,3,4221.0,432,1,1.0,1,482,3947
650,2014-02-19,3,6226.0,608,1,1.0,1,758,7338
651,2014-02-19,3,7824.0,911,1,1.0,1,401,8200
652,2014-02-19,3,6636.0,630,1,1.0,1,1214,9054
653,2014-02-19,3,6338.0,511,1,1.0,1,595,7180
654,2014-02-19,3,7077.0,705,1,1.0,1,1174,8132
655,2014-02-19,3,6750.0,600,1,1.0,1,814,10267
656,2014-02-19,3,3308.0,395,1,1.0,1,922,4271
657,2014-02-19,3,5756.0,757,1,1.0,1,1094,7327
658,2014-02-19,3,6758.0,641,1,1.0,1,393,4641
659,2014-02-19,3,6670.0,758,1,1.0,1,1193,7288
660,2014-02-19,3,4857.0,533,1,1.0,1,972,5576
661,2014-02-19,3,7542.0,614,1,1.0,1,945,9623
662,2014-02-19,3,9084.0,782,1,1.0,1,529,7920
663,2014-02-19,3,4896.0,634,1,1.0,1,790,7305
664,2014-02-19,3,4752.0,630,1,1.0,1,905,5930
665,2014-02-19,3,9106.0,1327,1,1.0,1,1307,9685
666,2014-02-19,3,7006.0,644,1,1.0,1,743,7993
667,2014-02-19,3,9594.0,757,1,1.0,1,1311,9891
668,2014-02-19,3,8990.0,1134,1,1.0,1,1507,10593
669,2014-02-19,3,4140.0,353,1,1.0,1,526,2595
670,2014-02-19,3,7104.0,698,1,1.0,1,616,6637
671,2014-02-19,3,5988.0,610,1,1.0,1,1069,7181
672,2014-02-19,3,8158.0,1349,1,1.0,1,646,7883
673,2014-02-19,3,7069.0,575,1,1.0,1,541,8350
674,2014-02-19,3,9070.0,1144,1,1.0,1,714,8592
675,2014-02-19,3,4287.0,437,1,1.0,1,399,4143
676,2014-02-19,3,7079.0,1652,1,1.0,1,610,7925
677,2014-02-19,3,8852.0,650,1,1.0,1,941,8177
678,2014-02-19,3,7452.0,885,1,1.0,1,669,8094
679,2014-02-19,3,10621.0,1142,1,1.0,1,1020,9842
680,2014-02-19,3,4704.0,712,1,1.0,1,501,5738
681,2014-02-19,3,3602.0,462,1,1.0,1,1179,5137
682,2014-02-19,3,12949.0,1947,1,1.0,1,783,13879
683,2014-02-19,3,8813.0,855,1,1.0,1,549,9165
684,2014-02-19,3,7414.0,564,1,1.0,1,743,7661
685,2014-02-19,3,6671.0,579,1,1.0,1,643,6327
686,2014-02-19,3,6619.0,791,1,1.0,1,780,6979
687,2014-02-19,3,7694.0,700,1,1.0,1,706,8050
688,2014-02-19,3,3745.0,359,1,1.0,1,803,3073
689,2014-02-19,3,7398.0,697,1,1.0,1,547,7312
690,2014-02-19,3,5754.0,818,1,1.0,1,2829,5887
691,2014-02-19,3,8177.0,609,1,1.0,1,652,8646
692,2014-02-19,3,7325.0,851,1,1.0,1,719,6840
693,2014-02-19,3,7708.0,566,1,1.0,1,585,6991
694,2014-02-19,3,8137.0,791,1,1.0,1,658,7838
695,2014-02-19,3,5469.0,533,1,1.0,1,757,5108
696,2014-02-19,3,7767.0,991,1,1.0,1,579,7953
697,2014-02-19,3,10806.0,989,1,1.0,1,712,10293
698,2014-02-19,3,15687.0,1927,1,1.0,1,951,15064
699,2014-02-19,3,9058.0,1004,1,1.0,1,1014,8896
700,2014-02-19,3,5121.0,591,1,1.0,1,716,5692
701,2014-02-19,3,6149.0,645,1,1.0,1,912,7050
702,2014-02-19,3,4155.0,335,1,1.0,1,281,4080
703,2014-02-19,3,3712.0,388,1,1.0,1,818,5253
704,2014-02-19,3,9598.0,1013,1,1.0,1,773,10277
705,2014-02-19,3,8591.0,1000,1,1.0,1,595,7788
706,2014-02-19,3,5588.0,487,1,1.0,1,611,8217
707,2014-02-19,3,7852.0,892,1,1.0,1,944,8239
708,2014-02-19,3,3741.0,395,1,1.0,1,453,4416
709,2014-02-19,3,11855.0,1588,1,1.0,1,442,5929
710,2014-02-19,3,5100.0,371,1,1.0,1,594,4977
711,2014-02-19,3,8220.0,562,1,1.0,1,614,7408
712,2014-02-19,3,5265.0,471,1,1.0,1,750,7472
713,2014-02-19,3,10870.0,1410,1,1.0,1,1130,10196
714,2014-02-19,3,3880.0,310,1,1.0,1,658,5177
715,2014-02-19,3,7655.0,757,1,1.0,1,1089,7650
716,2014-02-19,3,5199.0,391,1,1.0,1,867,9516
717,2014-02-19,3,6187.0,624,1,1.0,1,568,6233
718,2014-02-19,3,8617.0,915,1,1.0,1,570,7082
719,2014-02-19,3,5148.0,418,1,1.0,1,722,5723
720,2014-02-19,3,8141.0,774,1,1.0,1,760,7344
721,2014-02-19,3,7266.0,727,1,1.0,1,853,7572
722,2014-02-19,3,10574.0,1599,1,1.0,1,787,9915
723,2014-02-19,3,7222.0,588,1,1.0,1,418,6346
724,2014-02-19,3,5484.0,607,1,1.0,1,461,6314
725,2014-02-19,3,4495.0,496,1,1.0,1,425,5096
726,2014-02-19,3,10902.0,1018,1,1.0,1,1271,11804
727,2014-02-19,3,4695.0,491,1,1.0,1,669,5700
728,2014-02-19,3,4634.0,425,1,1.0,1,482,5286
729,2014-02-19,3,10750.0,1093,1,1.0,1,1305,11370
730,2014-02-19,3,7445.0,920,1,1.0,1,459,6971
731,2014-02-19,3,10136.0,1026,1,1.0,1,659,7829
732,2014-02-19,3,4161.0,481,1,1.0,1,695,5160
733,2014-02-19,3,13850.0,3160,1,1.0,1,769,12578
734,2014-02-19,3,6382.0,560,1,1.0,1,742,8440
735,2014-02-19,3,6487.0,625,1,1.0,1,844,6085
736,2014-02-19,3,4843.0,436,1,1.0,1,878,5580
737,2014-02-19,3,6393.0,947,1,1.0,1,699,6407
738,2014-02-19,3,8800.0,700,1,1.0,1,951,8674
739,2014-02-19,3,10539.0,759,1,1.0,1,3263,10953
740,2014-02-19,3,7202.0,496,1,1.0,1,1088,7705
741,2014-02-19,3,8068.0,949,1,1.0,1,858,9090
742,2014-02-19,3,8338.0,865,1,1.0,1,575,6801
743,2014-02-19,3,4020.0,399,1,1.0,1,1076,4792
744,2014-02-19,3,6873.0,775,1,1.0,1,147,3565
745,2014-02-19,3,8607.0,836,1,1.0,1,484,6996
746,2014-02-19,3,5988.0,494,1,1.0,1,607,5414
747,2014-02-19,3,7411.0,642,1,1.0,1,519,7308
748,2014-02-19,3,5516.0,450,1,1.0,1,570,5510
749,2014-02-19,3,5935.0,730,1,1.0,1,1077,7435
750,2014-02-19,3,5120.0,380,1,1.0,1,692,5664
751,2014-02-19,3,4709.0,616,1,1.0,1,1335,8031
752,2014-02-19,3,5468.0,480,1,1.0,1,693,5732
753,2014-02-19,3,9232.0,776,1,1.0,1,816,9317
754,2014-02-19,3,5988.0,800,1,1.0,1,507,6399
755,2014-02-19,3,9738.0,834,1,1.0,1,1178,10695
756,2014-02-19,3,15462.0,2134,1,1.0,1,669,11474
757,2014-02-19,3,6435.0,592,1,1.0,1,286,4690
758,2014-02-19,3,5414.0,710,1,1.0,1,1374,7457
759,2014-02-19,3,8034.0,872,1,1.0,1,311,4485
760,2014-02-19,3,6956.0,1046,1,1.0,1,328,5719
761,2014-02-19,3,8551.0,963,1,1.0,1,1905,11518
762,2014-02-19,3,3766.0,372,1,1.0,1,267,3158
763,2014-02-19,3,5361.0,558,1,1.0,1,521,6495
764,2014-02-19,3,3644.0,410,1,1.0,1,856,3141
765,2014-02-19,3,8759.0,715,1,1.0,1,610,9594
766,2014-02-19,3,5829.0,506,1,1.0,1,674,6620
767,2014-02-19,3,6261.0,591,1,1.0,1,905,7058
768,2014-02-19,3,12613.0,1236,1,1.0,1,471,7080
769,2014-02-19,3,9686.0,2936,1,1.0,1,587,7844
770,2014-02-19,3,6899.0,771,1,1.0,1,812,6350
771,2014-02-19,3,5798.0,591,1,1.0,1,3170,6747
772,2014-02-19,3,4341.0,534,1,1.0,1,505,3416
773,2014-02-19,3,5926.0,825,1,1.0,1,1225,6969
774,2014-02-19,3,5238.0,688,1,1.0,1,1076,7796
775,2014-02-19,3,8105.0,550,1,1.0,1,617,8459
776,2014-02-19,3,4946.0,563,1,1.0,1,413,4527
777,2014-02-19,3,3507.0,310,1,1.0,1,650,3408
778,2014-02-19,3,6443.0,866,1,1.0,1,1044,7812
779,2014-02-19,3,7343.0,678,1,1.0,1,1228,5818
780,2014-02-19,3,6298.0,718,1,1.0,1,1212,7617
781,2014-02-19,3,5419.0,743,1,1.0,1,1711,5480
782,2014-02-19,3,5660.0,510,1,1.0,1,679,6698
783,2014-02-19,3,6361.0,597,1,1.0,1,1171,8530
784,2014-02-19,3,8370.0,850,1,1.0,1,721,8075
785,2014-02-19,3,6920.0,513,1,1.0,1,567,6246
786,2014-02-19,3,4041.0,609,1,1.0,1,718,3989
787,2014-02-19,3,9478.0,1135,1,1.0,1,752,9488
788,2014-02-19,3,18395.0,1740,1,1.0,1,1065,18399
789,2014-02-19,3,3173.0,515,1,1.0,1,817,3291
790,2014-02-19,3,7009.0,627,1,1.0,1,1006,8504
791,2014-02-19,3,7049.0,800,1,1.0,1,644,7980
792,2014-02-19,3,8818.0,738,1,1.0,1,674,7745
793,2014-02-19,3,4606.0,437,1,1.0,1,761,5031
794,2014-02-19,3,2546.0,453,1,1.0,1,1139,5523
795,2014-02-19,3,5247.0,525,1,1.0,1,1117,7376
796,2014-02-19,3,7795.0,677,1,1.0,1,801,7534
797,2014-02-19,3,3705.0,343,1,1.0,1,1451,5066
798,2014-02-19,3,8265.0,982,1,1.0,1,1224,8486
799,2014-02-19,3,11025.0,972,1,1.0,1,883,10112
800,2014-02-19,3,5770.0,524,1,1.0,1,642,8126
801,2014-02-19,3,4671.0,408,1,1.0,1,647,5156
802,2014-02-19,3,6979.0,536,1,1.0,1,611,7090
803,2014-02-19,3,5281.0,421,1,1.0,1,790,5822
804,2014-02-19,3,5434.0,446,1,1.0,1,744,5743
805,2014-02-19,3,5398.0,523,1,1.0,1,1682,6255
806,2014-02-19,3,8041.0,564,1,1.0,1,645,7348
807,2014-02-19,3,10383.0,1005,1,1.0,1,603,9216
808,2014-02-19,3,7571.0,545,1,1.0,1,602,7484
809,2014-02-19,3,10466.0,889,1,1.0,1,527,8613
810,2014-02-19,3,6080.0,494,1,1.0,1,199,1993
811,2014-02-19,3,3711.0,630,1,1.0,1,899,4566
812,2014-02-19,3,7077.0,814,1,1.0,1,625,7418
813,2014-02-19,3,5967.0,694,1,1.0,1,526,5965
814,2014-02-19,3,8276.0,682,1,1.0,1,562,8881
815,2014-02-19,3,9259.0,878,1,1.0,1,2102,12376
816,2014-02-19,3,4738.0,716,1,1.0,1,349,4647
817,2014-02-19,3,22607.0,3164,1,1.0,1,876,14983
818,2014-02-19,3,6851.0,640,1,1.0,1,636,6730
819,2014-02-19,3,6410.0,589,1,1.0,1,1416,7554
820,2014-02-19,3,11962.0,1070,1,1.0,1,435,7011
821,2014-02-19,3,7172.0,878,1,1.0,1,572,7526
822,2014-02-19,3,8740.0,646,1,1.0,1,1824,8603
823,2014-02-19,3,5761.0,522,1,1.0,1,923,6715
824,2014-02-19,3,6774.0,891,1,1.0,1,317,4805
825,2014-02-19,3,4375.0,476,1,1.0,1,523,4331
826,2014-02-19,3,8234.0,743,1,1.0,1,773,9546
827,2014-02-19,3,10599.0,1324,1,1.0,1,612,9154
828,2014-02-19,3,6107.0,651,1,1.0,1,450,6165
829,2014-02-19,3,6171.0,806,1,1.0,1,591,5206
830,2014-02-19,3,6831.0,606,1,1.0,1,925,6779
831,2014-02-19,3,14901.0,1733,1,1.0,1,608,8240
832,2014-02-19,3,6531.0,515,1,1.0,1,897,4375
833,2014-02-19,3,5729.0,507,1,1.0,1,863,6153
834,2014-02-19,3,6010.0,635,1,1.0,1,711,5234
835,2014-02-19,3,5158.0,648,1,1.0,1,814,6481
836,2014-02-19,3,6782.0,784,1,1.0,1,1305,7004
838,2014-02-19,3,7971.0,788,1,1.0,1,805,7861
839,2014-02-19,3,6398.0,756,1,1.0,1,496,5161
840,2014-02-19,3,8533.0,1145,1,1.0,1,437,6602
841,2014-02-19,3,3074.0,424,1,1.0,1,821,3907
842,2014-02-19,3,15914.0,1041,1,1.0,1,1336,19287
843,2014-02-19,3,9470.0,1075,1,1.0,1,763,9283
844,2014-02-19,3,5291.0,544,1,1.0,1,517,4425
845,2014-02-19,3,4561.0,353,1,1.0,1,450,5677
846,2014-02-19,3,9339.0,866,1,1.0,1,1569,11570
847,2014-02-19,3,7019.0,943,1,1.0,1,294,4835
848,2014-02-19,3,6562.0,769,1,1.0,1,402,6230
849,2014-02-19,3,8351.0,946,1,1.0,1,423,5939
850,2014-02-19,3,6059.0,625,1,1.0,1,409,6550
851,2014-02-19,3,6185.0,478,1,1.0,1,587,6673
852,2014-02-19,3,4811.0,574,1,1.0,1,724,5366
853,2014-02-19,3,9338.0,1032,1,1.0,1,475,7035
854,2014-02-19,3,7323.0,699,1,1.0,1,613,8898
855,2014-02-19,3,6253.0,654,1,1.0,1,777,5889
856,2014-02-19,3,7445.0,960,1,1.0,1,734,3809
857,2014-02-19,3,6454.0,868,1,1.0,1,727,7660
858,2014-02-19,3,4756.0,399,1,1.0,1,524,4868
859,2014-02-19,3,6908.0,625,1,1.0,1,450,6443
860,2014-02-19,3,5178.0,622,1,1.0,1,507,6520
861,2014-02-19,3,3737.0,520,1,1.0,1,402,3050
862,2014-02-19,3,7952.0,1027,1,1.0,1,1175,10055
863,2014-02-19,3,7147.0,846,1,1.0,1,372,5501
864,2014-02-19,3,4492.0,632,1,1.0,1,1073,5938
865,2014-02-19,3,8736.0,633,1,1.0,1,794,9111
866,2014-02-19,3,6888.0,446,1,1.0,1,1414,7871
867,2014-02-19,3,4060.0,351,1,1.0,1,915,3446
868,2014-02-19,3,9321.0,619,1,1.0,1,698,9283
869,2014-02-19,3,6233.0,905,1,1.0,1,578,6475
870,2014-02-19,3,6777.0,903,1,1.0,1,841,7487
871,2014-02-19,3,4775.0,381,1,1.0,1,893,6955
872,2014-02-19,3,9072.0,870,1,1.0,1,442,7147
873,2014-02-19,3,3927.0,474,1,1.0,1,413,3706
874,2014-02-19,3,4536.0,461,1,1.0,1,564,6474
875,2014-02-19,3,5487.0,472,1,1.0,1,843,6800
876,2014-02-19,3,10269.0,1062,1,1.0,1,1817,11438
877,2014-02-19,3,6722.0,898,1,1.0,1,590,7250
878,2014-02-19,3,10650.0,901,1,1.0,1,429,6290
879,2014-02-19,3,3542.0,315,1,1.0,1,1113,4765
880,2014-02-19,3,7528.0,820,1,1.0,1,592,7146
881,2014-02-19,3,4836.0,714,1,1.0,1,623,4513
882,2014-02-19,3,5784.0,737,1,1.0,1,903,7094
883,2014-02-19,3,5282.0,528,1,1.0,1,1084,6737
884,2014-02-19,3,5757.0,528,1,1.0,1,630,5444
885,2014-02-19,3,4962.0,672,1,1.0,1,390,5018
886,2014-02-19,3,6928.0,653,1,1.0,1,877,7075
887,2014-02-19,3,7489.0,564,1,1.0,1,652,6679
888,2014-02-19,3,7545.0,662,1,1.0,1,761,7944
889,2014-02-19,3,4034.0,456,1,1.0,1,566,4158
890,2014-02-19,3,5354.0,415,1,1.0,1,387,5073
891,2014-02-19,3,7167.0,1005,1,1.0,1,729,8140
892,2014-02-19,3,8444.0,760,1,1.0,1,768,8183
893,2014-02-19,3,6381.0,837,1,1.0,1,571,6455
894,2014-02-19,3,9351.0,1086,1,1.0,1,717,9704
895,2014-02-19,3,9406.0,882,1,1.0,1,785,9958
896,2014-02-19,3,6094.0,930,1,1.0,1,885,6268
897,2014-02-19,3,2784.0,328,1,1.0,1,714,3960
898,2014-02-19,3,6851.0,694,1,1.0,1,945,7301
899,2014-02-19,3,5928.0,557,1,1.0,1,977,7156
900,2014-02-19,3,5848.0,518,1,1.0,1,1023,6978
901,2014-02-19,3,7421.0,644,1,1.0,1,849,7956
902,2014-02-19,3,4675.0,600,1,1.0,1,703,5125
903,2014-02-19,3,10531.0,744,1,1.0,1,580,8291
904,2014-02-19,3,6107.0,494,1,1.0,1,261,3882
905,2014-02-19,3,9975.0,1469,1,1.0,1,737,8795
906,2014-02-19,3,11176.0,1344,1,1.0,1,1323,11678
907,2014-02-19,3,5713.0,728,1,1.0,1,800,6732
908,2014-02-19,3,4793.0,389,1,1.0,1,772,4769
909,2014-02-19,3,11488.0,1111,1,1.0,1,325,5873
910,2014-02-19,3,5862.0,563,1,1.0,1,2963,6533
911,2014-02-19,3,9414.0,852,1,1.0,1,612,9837
912,2014-02-19,3,4793.0,669,1,1.0,1,516,6473
913,2014-02-19,3,9535.0,1254,1,1.0,1,510,8788
914,2014-02-19,3,9300.0,1049,1,1.0,1,539,7415
915,2014-02-19,3,5917.0,440,1,1.0,1,566,6172
916,2014-02-19,3,5889.0,710,1,1.0,1,582,5559
917,2014-02-19,3,6870.0,764,1,1.0,1,652,6769
918,2014-02-19,3,5664.0,581,1,1.0,1,454,5129
919,2014-02-19,3,6097.0,747,1,1.0,1,362,4846
920,2014-02-19,3,4989.0,523,1,1.0,1,599,5376
921,2014-02-19,3,9896.0,1158,1,1.0,1,463,7603
922,2014-02-19,3,7721.0,685,1,1.0,1,859,8378
923,2014-02-19,3,5088.0,645,1,1.0,1,586,4929
924,2014-02-19,3,4910.0,458,1,1.0,1,738,4505
925,2014-02-19,3,6927.0,1177,1,1.0,1,393,5441
926,2014-02-19,3,7457.0,517,1,1.0,1,1268,7856
927,2014-02-19,3,7050.0,887,1,1.0,1,610,7402
928,2014-02-19,3,7955.0,689,1,1.0,1,798,8930
929,2014-02-19,3,6033.0,726,1,1.0,1,584,6014
930,2014-02-19,3,6491.0,1029,1,1.0,1,1149,9266
931,2014-02-19,3,2893.0,330,1,1.0,1,323,2889
932,2014-02-19,3,7767.0,783,1,1.0,1,524,9482
933,2014-02-19,3,8677.0,1032,1,1.0,1,637,6896
934,2014-02-19,3,6452.0,651,1,1.0,1,587,7881
935,2014-02-19,3,5599.0,552,1,1.0,1,663,6770
936,2014-02-19,3,7367.0,900,1,1.0,1,403,6524
937,2014-02-19,3,7991.0,600,1,1.0,1,573,7049
938,2014-02-19,3,9000.0,926,1,1.0,1,539,7953
939,2014-02-19,3,5414.0,523,1,1.0,1,627,7595
940,2014-02-19,3,7649.0,742,1,1.0,1,694,7180
941,2014-02-19,3,5735.0,581,1,1.0,1,1152,7608
942,2014-02-19,3,6499.0,469,1,1.0,1,897,6442
943,2014-02-19,3,6802.0,584,1,1.0,1,1059,7286
944,2014-02-19,3,7679.0,1136,1,1.0,1,439,6482
945,2014-02-19,3,4153.0,509,1,1.0,1,743,5277
946,2014-02-19,3,4146.0,587,1,1.0,1,455,5694
947,2014-02-19,3,9600.0,1249,1,1.0,1,380,6233
948,2014-02-19,3,6392.0,1639,1,1.0,1,743,7842
949,2014-02-19,3,5753.0,544,1,1.0,1,958,7126
950,2014-02-19,3,6346.0,615,1,1.0,1,1054,7461
951,2014-02-19,3,7930.0,727,1,1.0,1,678,7431
952,2014-02-19,3,6379.0,481,1,1.0,1,707,7360
953,2014-02-19,3,5761.0,587,1,1.0,1,728,5637
954,2014-02-19,3,7398.0,1041,1,1.0,1,582,7525
955,2014-02-19,3,4824.0,464,1,1.0,1,841,4817
956,2014-02-19,3,3965.0,548,1,1.0,1,441,3484
957,2014-02-19,3,7748.0,858,1,1.0,1,740,9052
958,2014-02-19,3,4244.0,579,1,1.0,1,584,3966
959,2014-02-19,3,7070.0,773,1,1.0,1,520,6983
960,2014-02-19,3,7712.0,564,1,1.0,1,479,7273
961,2014-02-19,3,6269.0,671,1,1.0,1,345,4505
962,2014-02-19,3,7320.0,919,1,1.0,1,1657,9387
963,2014-02-19,3,11815.0,1011,1,1.0,1,447,7238
964,2014-02-19,3,10455.0,1406,1,1.0,1,423,5869
965,2014-02-19,3,9679.0,1009,1,1.0,1,904,8826
966,2014-02-19,3,5234.0,629,1,1.0,1,574,5594
967,2014-02-19,3,8145.0,871,1,1.0,1,752,8145
968,2014-02-19,3,7429.0,891,1,1.0,1,428,4230
969,2014-02-19,3,3705.0,619,1,1.0,1,811,3165
970,2014-02-19,3,3765.0,453,1,1.0,1,392,4087
971,2014-02-19,3,9087.0,1026,1,1.0,1,845,8024
972,2014-02-19,3,3558.0,403,1,1.0,1,1092,4414
973,2014-02-19,3,5984.0,792,1,1.0,1,758,5562
974,2014-02-19,3,11203.0,1591,1,1.0,1,568,8370
975,2014-02-19,3,7672.0,738,1,1.0,1,506,7359
976,2014-02-19,3,8158.0,795,1,1.0,1,685,7618
977,2014-02-19,3,5357.0,534,1,1.0,1,421,3772
978,2014-02-19,3,7455.0,1000,1,1.0,1,1012,8387
979,2014-02-19,3,6399.0,625,1,1.0,1,472,5714
980,2014-02-19,3,6921.0,542,1,1.0,1,926,8242
981,2014-02-19,3,7401.0,730,1,1.0,1,548,7338
982,2014-02-19,3,8871.0,722,1,1.0,1,524,7253
983,2014-02-19,3,10523.0,1364,1,1.0,1,333,5398
984,2014-02-19,3,6502.0,721,1,1.0,1,856,6844
985,2014-02-19,3,7364.0,710,1,1.0,1,421,6342
986,2014-02-19,3,6436.0,806,1,1.0,1,493,6024
987,2014-02-19,3,6958.0,879,1,1.0,1,483,9395
988,2014-02-19,3,4587.0,693,1,1.0,1,446,4293
989,2014-02-19,3,5720.0,607,1,1.0,1,581,4597
990,2014-02-19,3,6893.0,547,1,1.0,1,659,6377
991,2014-02-19,3,4831.0,476,1,1.0,1,1637,5429
992,2014-02-19,3,6619.0,790,1,1.0,1,429,4497
993,2014-02-19,3,6695.0,656,1,1.0,1,423,4616
994,2014-02-19,3,5041.0,450,1,1.0,1,492,4564
995,2014-02-19,3,9270.0,763,1,1.0,1,1103,10166
996,2014-02-19,3,7136.0,721,1,1.0,1,540,5088
997,2014-02-19,3,5358.0,393,1,1.0,1,918,6926
998,2014-02-19,3,4592.0,541,1,1.0,1,352,3366
999,2014-02-19,3,9552.0,630,1,1.0,1,478,7494
1000,2014-02-19,3,7068.0,658,1,1.0,1,1951,8091
1001,2014-02-19,3,5658.0,598,1,1.0,1,814,5452
1002,2014-02-19,3,6635.0,768,1,1.0,1,566,7522
1003,2014-02-19,3,7756.0,754,1,1.0,1,969,9399
1004,2014-02-19,3,4869.0,412,1,1.0,1,570,4955
1005,2014-02-19,3,5419.0,824,1,1.0,1,236,2269
1006,2014-02-19,3,6053.0,840,1,1.0,1,439,6789
1007,2014-02-19,3,6480.0,732,1,1.0,1,960,7544
1008,2014-02-19,3,5549.0,708,1,1.0,1,384,4828
1009,2014-02-19,3,4719.0,453,1,1.0,1,414,4555
1010,2014-02-19,3,9157.0,790,1,1.0,1,369,6848
1011,2014-02-19,3,8196.0,942,1,1.0,1,356,5921
1012,2014-02-19,3,5629.0,512,1,1.0,1,685,6156
1013,2014-02-19,3,4598.0,485,1,1.0,1,490,4509
1014,2014-02-19,3,12308.0,1331,1,1.0,1,726,11122
1015,2014-02-19,3,6805.0,472,1,1.0,1,975,6665
1016,2014-02-19,3,5475.0,487,1,1.0,1,361,7955
1017,2014-02-19,3,7693.0,1005,1,1.0,1,804,8403
1018,2014-02-19,3,10959.0,1252,1,1.0,1,518,5905
1019,2014-02-19,3,8853.0,739,1,1.0,1,565,7938
1020,2014-02-19,3,9542.0,1218,1,1.0,1,470,7169
1021,2014-02-19,3,7930.0,964,1,1.0,1,616,7447
1022,2014-02-19,3,7134.0,834,1,1.0,1,523,8721
1023,2014-02-19,3,6610.0,641,1,1.0,1,611,7217
1024,2014-02-19,3,6346.0,802,1,1.0,1,533,6353
1025,2014-02-19,3,8730.0,956,1,1.0,1,621,9195
1026,2014-02-19,3,9043.0,1103,1,1.0,1,301,5289
1027,2014-02-19,3,13879.0,1702,1,1.0,1,509,7037
1028,2014-02-19,3,4688.0,541,1,1.0,1,409,5216
1029,2014-02-19,3,6468.0,913,1,1.0,1,835,6506
1030,2014-02-19,3,3608.0,345,1,1.0,1,633,3818
1031,2014-02-19,3,4546.0,419,1,1.0,1,555,4970
1032,2014-02-19,3,9015.0,965,1,1.0,1,319,3954
1033,2014-02-19,3,13880.0,1306,1,1.0,1,756,12587
1034,2014-02-19,3,7012.0,694,1,1.0,1,1155,6408
1035,2014-02-19,3,4964.0,555,1,1.0,1,641,6187
1036,2014-02-19,3,3809.0,367,1,1.0,1,531,4946
1037,2014-02-19,3,7271.0,903,1,1.0,1,598,6663
1038,2014-02-19,3,5481.0,444,1,1.0,1,2005,6892
1039,2014-02-19,3,8035.0,1047,1,1.0,1,835,8286
1040,2014-02-19,3,8443.0,821,1,1.0,1,1058,9233
1041,2014-02-19,3,5843.0,688,1,1.0,1,866,7641
1042,2014-02-19,3,4324.0,543,1,1.0,1,543,4103
1043,2014-02-19,3,8437.0,1070,1,1.0,1,706,9334
1044,2014-02-19,3,7227.0,898,1,1.0,1,716,7520
1045,2014-02-19,3,6243.0,782,1,1.0,1,492,7097
1046,2014-02-19,3,9163.0,669,1,1.0,1,610,8769
1047,2014-02-19,3,4596.0,523,1,1.0,1,583,4908
1048,2014-02-19,3,7091.0,527,1,1.0,1,701,7366
1049,2014-02-19,3,3761.0,647,1,1.0,1,706,4006
1050,2014-02-19,3,7219.0,507,1,1.0,1,1371,10226
1051,2014-02-19,3,8323.0,1118,1,1.0,1,601,7251
1052,2014-02-19,3,7437.0,720,1,1.0,1,527,7351
1053,2014-02-19,3,10481.0,1143,1,1.0,1,612,9199
1054,2014-02-19,3,5394.0,555,1,1.0,1,690,5423
1055,2014-02-19,3,8418.0,1052,1,1.0,1,1286,9535
1056,2014-02-19,3,3746.0,352,1,1.0,1,663,3274
1057,2014-02-19,3,6268.0,572,1,1.0,1,849,6409
1058,2014-02-19,3,7590.0,738,1,1.0,1,402,4396
1059,2014-02-19,3,8584.0,1102,1,1.0,1,484,6839
1060,2014-02-19,3,7321.0,897,1,1.0,1,836,8366
1061,2014-02-19,3,6666.0,507,1,1.0,1,606,8310
1062,2014-02-19,3,6742.0,592,1,1.0,1,784,6902
1063,2014-02-19,3,4008.0,513,1,1.0,1,2173,5172
1064,2014-02-19,3,9243.0,1080,1,1.0,1,747,9053
1065,2014-02-19,3,3576.0,428,1,1.0,1,736,5223
1066,2014-02-19,3,11046.0,1057,1,1.0,1,1041,10769
1067,2014-02-19,3,5867.0,480,1,1.0,1,1008,7471
1068,2014-02-19,3,4502.0,307,1,1.0,1,728,4673
1069,2014-02-19,3,8331.0,1102,1,1.0,1,490,6153
1070,2014-02-19,3,6908.0,849,1,1.0,1,732,6988
1071,2014-02-19,3,6164.0,705,1,1.0,1,887,5788
1072,2014-02-19,3,7567.0,688,1,1.0,1,1172,8620
1073,2014-02-19,3,7365.0,944,1,1.0,1,677,7538
1074,2014-02-19,3,5206.0,510,1,1.0,1,418,5274
1075,2014-02-19,3,9837.0,1041,1,1.0,1,602,9967
1076,2014-02-19,3,3634.0,550,1,1.0,1,373,3472
1077,2014-02-19,3,4888.0,517,1,1.0,1,1509,5287
1078,2014-02-19,3,7963.0,579,1,1.0,1,923,7316
1079,2014-02-19,3,10133.0,726,1,1.0,1,830,8989
1080,2014-02-19,3,10494.0,849,1,1.0,1,295,5046
1081,2014-02-19,3,8511.0,1257,1,1.0,1,635,6972
1082,2014-02-19,3,7202.0,1059,1,1.0,1,926,7799
1083,2014-02-19,3,5092.0,363,1,1.0,1,639,5260
1084,2014-02-19,3,5659.0,755,1,1.0,1,614,6339
1085,2014-02-19,3,8455.0,813,1,1.0,1,508,7193
1086,2014-02-19,3,8434.0,895,1,1.0,1,396,5820
1087,2014-02-19,3,5692.0,559,1,1.0,1,588,5961
1088,2014-02-19,3,5828.0,533,1,1.0,1,719,6163
1089,2014-02-19,3,9590.0,944,1,1.0,1,1648,11795
1090,2014-02-19,3,7981.0,962,1,1.0,1,404,7071
1091,2014-02-19,3,8532.0,649,1,1.0,1,1135,8739
1092,2014-02-19,3,11540.0,1110,1,1.0,1,549,8010
1093,2014-02-19,3,7571.0,797,1,1.0,1,881,8018
1094,2014-02-19,3,4461.0,348,1,1.0,1,742,6242
1095,2014-02-19,3,5210.0,666,1,1.0,1,578,4366
1096,2014-02-19,3,5162.0,624,1,1.0,1,568,5005
1097,2014-02-19,3,9301.0,2356,1,1.0,1,507,6974
1098,2014-02-19,3,5708.0,751,1,1.0,1,808,5410
1099,2014-02-19,3,6598.0,775,1,1.0,1,821,7570
1100,2014-02-19,3,5784.0,662,1,1.0,1,540,5982
1101,2014-02-19,3,9569.0,914,1,1.0,1,397,6463
1102,2014-02-19,3,6226.0,668,1,1.0,1,740,7217
1103,2014-02-19,3,5609.0,401,1,1.0,1,892,6196
1104,2014-02-19,3,5412.0,395,1,1.0,1,1042,6846
1105,2014-02-19,3,4283.0,501,1,1.0,1,472,3648
1106,2014-02-19,3,4764.0,569,1,1.0,1,637,5142
1107,2014-02-19,3,6315.0,661,1,1.0,1,953,6929
1108,2014-02-19,3,6906.0,615,1,1.0,1,614,6197
1109,2014-02-19,3,4975.0,436,1,1.0,1,622,3845
1110,2014-02-19,3,5312.0,595,1,1.0,1,1483,5498
1111,2014-02-19,3,5637.0,509,1,1.0,1,511,5999
1112,2014-02-19,3,10995.0,860,1,1.0,1,449,7963
1113,2014-02-19,3,5586.0,650,1,1.0,1,273,3554
1114,2014-02-19,3,19369.0,2781,1,1.0,1,791,12367
1115,2014-02-19,3,6977.0,440,1,1.0,1,887,7610
1,2014-02-12,3,3662.0,508,0,0.0009000900090009,0,577,3193
2,2014-02-12,3,4848.0,654,0,0.0009000900090009,0,467,4692
3,2014-02-12,3,5675.0,710,0,0.0009000900090009,0,896,5987
4,2014-02-12,3,8244.0,1214,0,0.0009000900090009,0,439,4543
5,2014-02-12,3,4475.0,604,0,0.0009000900090009,0,627,5504
6,2014-02-12,3,4605.0,569,0,0.0009000900090009,0,817,5034
7,2014-02-12,3,6626.0,820,0,0.0009000900090009,0,799,5674
8,2014-02-12,3,4076.0,552,0,0.0009000900090009,0,528,4070
9,2014-02-12,3,5070.0,499,0,0.0009000900090009,0,650,5543
10,2014-02-12,3,4723.0,578,0,0.0009000900090009,0,234,2002
11,2014-02-12,3,6948.0,1140,0,0.0009000900090009,0,561,5402
12,2014-02-12,3,5842.0,825,0,0.0009000900090009,0,412,3958
13,2014-02-12,3,2826.0,267,0,0.0009000900090009,0,678,4511
14,2014-02-12,3,4690.0,598,0,0.0009000900090009,0,462,4489
15,2014-02-12,3,4613.0,555,0,0.0009000900090009,0,332,3412
16,2014-02-12,3,7117.0,941,0,0.0009000900090009,0,434,5003
17,2014-02-12,3,5041.0,765,0,0.0009000900090009,0,1512,6209
18,2014-02-12,3,5350.0,676,0,0.0009000900090009,0,389,4095
19,2014-02-12,3,5068.0,565,0,0.0009000900090009,0,432,4219
20,2014-02-12,3,6413.0,851,0,0.0009000900090009,0,876,6916
21,2014-02-12,3,3542.0,400,0,0.0009000900090009,0,447,3475
22,2014-02-12,3,2954.0,428,0,0.0009000900090009,0,346,4512
23,2014-02-12,3,3902.0,370,0,0.0009000900090009,0,1051,5308
24,2014-02-12,3,7490.0,756,0,0.0009000900090009,0,928,7705
26,2014-02-12,3,3962.0,402,0,0.0009000900090009,0,481,3683
27,2014-02-12,3,7376.0,979,0,0.0009000900090009,0,315,4146
28,2014-02-12,3,4273.0,540,0,0.0009000900090009,0,434,4290
29,2014-02-12,3,5526.0,577,0,0.0009000900090009,0,491,5586
30,2014-02-12,3,4893.0,759,0,0.0009000900090009,0,927,5596
31,2014-02-12,3,4293.0,492,0,0.0009000900090009,0,333,3435
32,2014-02-12,3,3168.0,428,0,0.0009000900090009,0,365,3597
33,2014-02-12,3,6289.0,737,0,0.0009000900090009,0,708,6356
34,2014-02-12,3,6053.0,918,0,0.0009000900090009,0,501,5264
35,2014-02-12,3,6339.0,597,0,0.0009000900090009,0,1045,8569
36,2014-02-12,3,7083.0,931,0,0.0009000900090009,0,851,6662
37,2014-02-12,3,4571.0,560,0,0.0009000900090009,0,416,4256
38,2014-02-12,3,4109.0,409,0,0.0009000900090009,0,1537,6287
39,2014-02-12,3,3942.0,582,0,0.0009000900090009,0,589,3681
40,2014-02-12,3,3807.0,550,0,0.0009000900090009,0,822,4426
41,2014-02-12,3,4086.0,316,0,0.0009000900090009,0,872,5363
42,2014-02-12,3,9347.0,1167,0,0.0009000900090009,0,813,7030
43,2014-02-12,3,5690.0,580,0,0.0009000900090009,0,378,3871
44,2014-02-12,3,4358.0,571,0,0.0009000900090009,0,807,5857
45,2014-02-12,3,3577.0,333,0,0.0009000900090009,0,698,4218
46,2014-02-12,3,3324.0,507,0,0.0009000900090009,0,478,3108
47,2014-02-12,3,6264.0,934,0,0.0009000900090009,0,610,6844
48,2014-02-12,3,4286.0,502,0,0.0009000900090009,0,593,3262
49,2014-02-12,3,4732.0,403,0,0.0009000900090009,0,519,4512
50,2014-02-12,3,2808.0,267,0,0.0009000900090009,0,400,3543
51,2014-02-12,3,4875.0,394,0,0.0009000900090009,0,771,5493
52,2014-02-12,3,5952.0,427,0,0.0009000900090009,0,386,4353
53,2014-02-12,3,4493.0,533,0,0.0009000900090009,0,626,3771
54,2014-02-12,3,5352.0,582,0,0.0009000900090009,0,385,4836
55,2014-02-12,3,3721.0,512,0,0.0009000900090009,0,582,3718
56,2014-02-12,3,4617.0,371,0,0.0009000900090009,0,676,5760
57,2014-02-12,3,9166.0,924,0,0.0009000900090009,0,826,9275
58,2014-02-12,3,4185.0,407,0,0.0009000900090009,0,630,5616
59,2014-02-12,3,4727.0,513,0,0.0009000900090009,0,688,3823
60,2014-02-12,3,7280.0,761,0,0.0009000900090009,0,733,6503
61,2014-02-12,3,4153.0,537,0,0.0009000900090009,0,979,5167
62,2014-02-12,3,5682.0,689,0,0.0009000900090009,0,684,5232
63,2014-02-12,3,5444.0,572,0,0.0009000900090009,0,686,5056
64,2014-02-12,3,7364.0,602,0,0.0009000900090009,0,489,4804
65,2014-02-12,3,3937.0,385,0,0.0009000900090009,0,649,4400
66,2014-02-12,3,4476.0,416,0,0.0009000900090009,0,935,6184
67,2014-02-12,3,6378.0,770,0,0.0009000900090009,0,1230,6934
68,2014-02-12,3,6566.0,1102,0,0.0009000900090009,0,353,4359
69,2014-02-12,3,7459.0,965,0,0.0009000900090009,0,292,4056
70,2014-02-12,3,4955.0,594,0,0.0009000900090009,0,911,5774
71,2014-02-12,3,7046.0,668,0,0.0009000900090009,0,863,7921
72,2014-02-12,3,3090.0,381,0,0.0009000900090009,0,333,2244
73,2014-02-12,3,3799.0,491,0,0.0009000900090009,0,438,3125
74,2014-02-12,3,5097.0,800,0,0.0009000900090009,0,948,6116
75,2014-02-12,3,4222.0,521,0,0.0009000900090009,0,805,5027
76,2014-02-12,3,6715.0,785,0,0.0009000900090009,0,353,3797
77,2014-02-12,3,5169.0,500,0,0.0009000900090009,0,666,5495
78,2014-02-12,3,2627.0,432,0,0.0009000900090009,0,677,3957
79,2014-02-12,3,3386.0,458,0,0.0009000900090009,0,638,5447
80,2014-02-12,3,4933.0,435,0,0.0009000900090009,0,988,8020
81,2014-02-12,3,5919.0,513,0,0.0009000900090009,0,537,5473
82,2014-02-12,3,7078.0,763,0,0.0009000900090009,0,782,8257
83,2014-02-12,3,2873.0,306,0,0.0009000900090009,0,526,2865
84,2014-02-12,3,11555.0,1481,0,0.0009000900090009,0,656,6637
85,2014-02-12,3,5040.0,767,0,0.0009000900090009,0,589,5489
86,2014-02-12,3,3545.0,548,0,0.0009000900090009,0,674,4183
87,2014-02-12,3,5170.0,769,0,0.0009000900090009,0,661,4575
88,2014-02-12,3,4992.0,609,0,0.0009000900090009,0,371,4402
89,2014-02-12,3,5160.0,586,0,0.0009000900090009,0,1558,6447
90,2014-02-12,3,7086.0,989,0,0.0009000900090009,0,926,6132
91,2014-02-12,3,5566.0,707,0,0.0009000900090009,0,686,5052
92,2014-02-12,3,4042.0,435,0,0.0009000900090009,0,1683,6216
93,2014-02-12,3,4773.0,571,0,0.0009000900090009,0,660,4354
94,2014-02-12,3,5209.0,557,0,0.0009000900090009,0,321,3929
95,2014-02-12,3,6629.0,815,0,0.0009000900090009,0,429,5112
96,2014-02-12,3,4509.0,569,0,0.0009000900090009,0,167,2943
97,2014-02-12,3,4897.0,579,0,0.0009000900090009,0,836,5695
98,2014-02-12,3,3585.0,349,0,0.0009000900090009,0,841,5317
99,2014-02-12,3,3801.0,391,0,0.0009000900090009,0,605,3465
100,2014-02-12,3,5986.0,562,0,0.0009000900090009,0,1188,6442
101,2014-02-12,3,5415.0,672,0,0.0009000900090009,0,1166,7528
102,2014-02-12,3,5343.0,894,0,0.0009000900090009,0,519,5341
103,2014-02-12,3,3464.0,362,0,0.0009000900090009,0,393,2522
104,2014-02-12,3,8343.0,1182,0,0.0009000900090009,0,645,6662
105,2014-02-12,3,3590.0,535,0,0.0009000900090009,0,605,4086
106,2014-02-12,3,8254.0,844,0,0.0009000900090009,0,362,4012
107,2014-02-12,3,5992.0,881,0,0.0009000900090009,0,411,4532
108,2014-02-12,3,8510.0,694,0,0.0009000900090009,0,548,6002
109,2014-02-12,3,5451.0,683,0,0.0009000900090009,0,620,4724
110,2014-02-12,3,3675.0,561,0,0.0009000900090009,0,461,3216
111,2014-02-12,3,4376.0,434,0,0.0009000900090009,0,531,6243
112,2014-02-12,3,5241.0,745,0,0.0009000900090009,0,1023,5677
113,2014-02-12,3,6196.0,641,0,0.0009000900090009,0,524,5577
114,2014-02-12,3,4085.0,533,0,0.0009000900090009,0,694,4398
115,2014-02-12,3,5355.0,448,0,0.0009000900090009,0,850,5763
116,2014-02-12,3,6044.0,703,0,0.0009000900090009,0,626,5332
117,2014-02-12,3,2840.0,461,0,0.0009000900090009,0,576,3071
118,2014-02-12,3,5503.0,504,0,0.0009000900090009,0,489,5257
119,2014-02-12,3,5024.0,653,0,0.0009000900090009,0,475,5019
120,2014-02-12,3,5372.0,533,0,0.0009000900090009,0,607,5330
121,2014-02-12,3,3355.0,455,0,0.0009000900090009,0,399,3216
122,2014-02-12,3,4637.0,598,0,0.0009000900090009,0,588,4852
123,2014-02-12,3,7333.0,912,0,0.0009000900090009,0,366,5036
124,2014-02-12,3,3787.0,496,0,0.0009000900090009,0,686,4388
125,2014-02-12,3,10275.0,1515,0,0.0009000900090009,0,414,4593
126,2014-02-12,3,5020.0,484,0,0.0009000900090009,0,429,3881
127,2014-02-12,3,3862.0,544,0,0.0009000900090009,0,474,4172
128,2014-02-12,3,6032.0,548,0,0.0009000900090009,0,1284,6810
129,2014-02-12,3,7377.0,976,0,0.0009000900090009,0,526,6257
130,2014-02-12,3,4656.0,560,0,0.0009000900090009,0,773,5737
131,2014-02-12,3,4239.0,517,0,0.0009000900090009,0,495,4768
132,2014-02-12,3,5067.0,502,0,0.0009000900090009,0,366,5009
133,2014-02-12,3,4776.0,695,0,0.0009000900090009,0,373,2775
134,2014-02-12,3,4382.0,478,0,0.0009000900090009,0,342,3960
135,2014-02-12,3,4258.0,464,0,0.0009000900090009,0,468,3891
136,2014-02-12,3,4991.0,415,0,0.0009000900090009,0,415,4058
137,2014-02-12,3,6329.0,850,0,0.0009000900090009,0,346,3264
138,2014-02-12,3,6070.0,652,0,0.0009000900090009,0,490,2671
139,2014-02-12,3,5321.0,467,0,0.0009000900090009,0,354,3594
140,2014-02-12,3,6553.0,970,0,0.0009000900090009,0,418,5500
141,2014-02-12,3,4071.0,559,0,0.0009000900090009,0,549,2857
142,2014-02-12,3,4130.0,552,0,0.0009000900090009,0,792,4315
143,2014-02-12,3,4595.0,464,0,0.0009000900090009,0,338,4399
144,2014-02-12,3,5957.0,613,0,0.0009000900090009,0,449,4466
145,2014-02-12,3,5842.0,965,0,0.0009000900090009,0,1354,6999
146,2014-02-12,3,5795.0,635,0,0.0009000900090009,0,595,5159
147,2014-02-12,3,6653.0,774,0,0.0009000900090009,0,780,5713
148,2014-02-12,3,6931.0,755,0,0.0009000900090009,0,1473,7859
149,2014-02-12,3,4056.0,403,0,0.0009000900090009,0,695,4391
150,2014-02-12,3,5938.0,663,0,0.0009000900090009,0,640,5837
151,2014-02-12,3,5983.0,625,0,0.0009000900090009,0,638,5062
152,2014-02-12,3,4487.0,585,0,0.0009000900090009,0,716,3293
153,2014-02-12,3,5785.0,604,0,0.0009000900090009,0,409,4571
154,2014-02-12,3,6289.0,608,0,0.0009000900090009,0,565,5544
155,2014-02-12,3,4928.0,562,0,0.0009000900090009,0,612,4832
156,2014-02-12,3,5328.0,609,0,0.0009000900090009,0,516,4219
157,2014-02-12,3,8212.0,952,0,0.0009000900090009,0,3255,8493
158,2014-02-12,3,7226.0,487,0,0.0009000900090009,0,608,6059
159,2014-02-12,3,5208.0,535,0,0.0009000900090009,0,283,3298
160,2014-02-12,3,3725.0,440,0,0.0009000900090009,0,404,3869
161,2014-02-12,3,6210.0,764,0,0.0009000900090009,0,658,4836
162,2014-02-12,3,4626.0,386,0,0.0009000900090009,0,701,5998
163,2014-02-12,3,6309.0,837,0,0.0009000900090009,0,321,4214
164,2014-02-12,3,4456.0,542,0,0.0009000900090009,0,1049,4983
165,2014-02-12,3,3645.0,405,0,0.0009000900090009,0,250,3290
166,2014-02-12,3,5363.0,808,0,0.0009000900090009,0,379,3580
167,2014-02-12,3,7976.0,1064,0,0.0009000900090009,0,355,3845
168,2014-02-12,3,6168.0,677,0,0.0009000900090009,0,458,4521
169,2014-02-12,3,5561.0,646,0,0.0009000900090009,0,499,5233
170,2014-02-12,3,3790.0,480,0,0.0009000900090009,0,1084,4620
171,2014-02-12,3,6243.0,728,0,0.0009000900090009,0,283,2601
172,2014-02-12,3,5823.0,757,0,0.0009000900090009,0,392,4604
173,2014-02-12,3,7308.0,1001,0,0.0009000900090009,0,565,5757
174,2014-02-12,3,5050.0,436,0,0.0009000900090009,0,421,3587
175,2014-02-12,3,4328.0,589,0,0.0009000900090009,0,368,5189
176,2014-02-12,3,4588.0,609,0,0.0009000900090009,0,390,3718
177,2014-02-12,3,3499.0,473,0,0.0009000900090009,0,296,2117
178,2014-02-12,3,7441.0,759,0,0.0009000900090009,0,860,7214
179,2014-02-12,3,6260.0,889,0,0.0009000900090009,0,983,6759
180,2014-02-12,3,5763.0,748,0,0.0009000900090009,0,331,3553
181,2014-02-12,3,4822.0,578,0,0.0009000900090009,0,1005,6528
182,2014-02-12,3,4124.0,344,0,0.0009000900090009,0,545,13776
183,2014-02-12,3,3693.0,526,0,0.0009000900090009,0,612,7044
184,2014-02-12,3,5464.0,533,0,0.0009000900090009,0,317,4428
185,2014-02-12,3,4256.0,396,0,0.0009000900090009,0,526,5489
186,2014-02-12,3,2450.0,289,0,0.0009000900090009,0,170,1648
187,2014-02-12,3,5009.0,678,0,0.0009000900090009,0,310,5041
188,2014-02-12,3,3498.0,341,0,0.0009000900090009,0,327,3495
189,2014-02-12,3,6568.0,748,0,0.0009000900090009,0,782,6927
190,2014-02-12,3,6487.0,630,0,0.0009000900090009,0,824,5668
191,2014-02-12,3,4860.0,584,0,0.0009000900090009,0,650,5549
192,2014-02-12,3,5591.0,444,0,0.0009000900090009,0,723,7107
193,2014-02-12,3,3943.0,698,0,0.0009000900090009,0,3243,6302
194,2014-02-12,3,3685.0,351,0,0.0009000900090009,0,172,1509
195,2014-02-12,3,8233.0,1162,0,0.0009000900090009,0,433,4081
196,2014-02-12,3,4801.0,692,0,0.0009000900090009,0,824,4777
197,2014-02-12,3,5526.0,785,0,0.0009000900090009,0,766,5234
198,2014-02-12,3,1801.0,249,0,0.0009000900090009,0,550,2409
199,2014-02-12,3,5744.0,487,0,0.0009000900090009,0,517,5310
200,2014-02-12,3,6983.0,973,0,0.0009000900090009,0,593,5104
201,2014-02-12,3,3610.0,338,0,0.0009000900090009,0,709,4300
202,2014-02-12,3,4550.0,433,0,0.0009000900090009,0,769,5553
203,2014-02-12,3,5908.0,910,0,0.0009000900090009,0,502,5646
204,2014-02-12,3,4749.0,498,0,0.0009000900090009,0,897,5640
205,2014-02-12,3,4831.0,739,0,0.0009000900090009,0,373,4348
206,2014-02-12,3,6401.0,794,0,0.0009000900090009,0,409,4537
207,2014-02-12,3,9071.0,1243,0,0.0009000900090009,0,582,6154
208,2014-02-12,3,2006.0,322,0,0.0009000900090009,0,1244,2921
209,2014-02-12,3,4022.0,475,0,0.0009000900090009,0,488,3972
210,2014-02-12,3,2396.0,257,0,0.0009000900090009,0,354,2308
211,2014-02-12,3,10617.0,1382,0,0.0009000900090009,0,1592,11384
212,2014-02-12,3,4062.0,493,0,0.0009000900090009,0,402,4653
213,2014-02-12,3,6006.0,587,0,0.0009000900090009,0,473,6313
214,2014-02-12,3,6457.0,548,0,0.0009000900090009,0,1442,8701
215,2014-02-12,3,3898.0,319,0,0.0009000900090009,0,329,3831
216,2014-02-12,3,4847.0,751,0,0.0009000900090009,0,641,5609
217,2014-02-12,3,4340.0,614,0,0.0009000900090009,0,821,5471
218,2014-02-12,3,4819.0,743,0,0.0009000900090009,0,546,4703
219,2014-02-12,3,2452.0,373,0,0.0009000900090009,0,444,2522
220,2014-02-12,3,4027.0,605,0,0.0009000900090009,0,322,3268
221,2014-02-12,3,4293.0,479,0,0.0009000900090009,0,1155,5706
222,2014-02-12,3,4304.0,532,0,0.0009000900090009,0,453,3528
223,2014-02-12,3,5838.0,678,0,0.0009000900090009,0,491,5228
224,2014-02-12,3,4434.0,368,0,0.0009000900090009,0,538,4514
225,2014-02-12,3,4367.0,468,0,0.0009000900090009,0,604,4482
226,2014-02-12,3,5117.0,600,0,0.0009000900090009,0,618,5958
227,2014-02-12,3,4943.0,503,0,0.0009000900090009,0,325,3934
228,2014-02-12,3,5893.0,523,0,0.0009000900090009,0,433,4086
229,2014-02-12,3,6271.0,596,0,0.0009000900090009,0,643,6859
230,2014-02-12,3,5696.0,833,0,0.0009000900090009,0,416,4185
231,2014-02-12,3,3583.0,318,0,0.0009000900090009,0,737,4587
232,2014-02-12,3,2581.0,260,0,0.0009000900090009,0,429,2208
233,2014-02-12,3,8269.0,994,0,0.0009000900090009,0,1489,9119
234,2014-02-12,3,8298.0,840,0,0.0009000900090009,0,442,4793
235,2014-02-12,3,4159.0,436,0,0.0009000900090009,0,922,6191
236,2014-02-12,3,6015.0,805,0,0.0009000900090009,0,622,5375
237,2014-02-12,3,3990.0,544,0,0.0009000900090009,0,573,4339
238,2014-02-12,3,6142.0,1021,0,0.0009000900090009,0,491,5886
239,2014-02-12,3,3357.0,358,0,0.0009000900090009,0,618,4366
240,2014-02-12,3,4381.0,448,0,0.0009000900090009,0,356,3241
241,2014-02-12,3,5293.0,619,0,0.0009000900090009,0,409,5276
242,2014-02-12,3,2584.0,254,0,0.0009000900090009,0,443,4171
243,2014-02-12,3,5012.0,753,0,0.0009000900090009,0,851,6082
244,2014-02-12,3,3419.0,442,0,0.0009000900090009,0,1040,5533
245,2014-02-12,3,8324.0,1047,0,0.0009000900090009,0,733,7493
246,2014-02-12,3,5439.0,810,0,0.0009000900090009,0,999,6740
247,2014-02-12,3,6251.0,547,0,0.0009000900090009,0,756,6755
248,2014-02-12,3,6655.0,997,0,0.0009000900090009,0,964,6229
249,2014-02-12,3,3742.0,448,0,0.0009000900090009,0,1157,5042
250,2014-02-12,3,6804.0,557,0,0.0009000900090009,0,275,3122
251,2014-02-12,3,16607.0,2239,0,0.0009000900090009,0,612,9204
252,2014-02-12,3,7086.0,641,0,0.0009000900090009,0,415,3985
253,2014-02-12,3,4539.0,623,0,0.0009000900090009,0,627,4431
254,2014-02-12,3,2173.0,208,0,0.0009000900090009,0,432,2878
255,2014-02-12,3,4366.0,547,0,0.0009000900090009,0,386,5198
256,2014-02-12,3,7588.0,1208,0,0.0009000900090009,0,429,4008
257,2014-02-12,3,4039.0,566,0,0.0009000900090009,0,517,3804
258,2014-02-12,3,4795.0,453,0,0.0009000900090009,0,659,3629
259,2014-02-12,3,11310.0,2402,0,0.0009000900090009,0,1094,10211
260,2014-02-12,3,5660.0,828,0,0.0009000900090009,0,450,3869
261,2014-02-12,3,9251.0,812,0,0.0009000900090009,0,987,9175
262,2014-02-12,3,15520.0,2795,0,0.0009000900090009,0,595,7984
263,2014-02-12,3,2738.0,311,0,0.0009000900090009,0,680,4005
264,2014-02-12,3,5806.0,879,0,0.0009000900090009,0,1105,7357
265,2014-02-12,3,4191.0,533,0,0.0009000900090009,0,735,3794
266,2014-02-12,3,3151.0,480,0,0.0009000900090009,0,704,4458
267,2014-02-12,3,5911.0,800,0,0.0009000900090009,0,489,5237
268,2014-02-12,3,4026.0,577,0,0.0009000900090009,0,524,3814
269,2014-02-12,3,7308.0,1110,0,0.0009000900090009,0,600,6525
270,2014-02-12,3,8012.0,1078,0,0.0009000900090009,0,948,6513
271,2014-02-12,3,6393.0,716,0,0.0009000900090009,0,1013,5582
272,2014-02-12,3,4399.0,563,0,0.0009000900090009,0,767,4104
273,2014-02-12,3,4586.0,569,0,0.0009000900090009,0,536,4738
274,2014-02-12,3,3146.0,886,0,0.0009000900090009,0,488,3551
275,2014-02-12,3,6007.0,664,0,0.0009000900090009,0,519,6987
276,2014-02-12,3,3583.0,485,0,0.0009000900090009,0,1460,5079
277,2014-02-12,3,5373.0,458,0,0.0009000900090009,0,154,2745
278,2014-02-12,3,5579.0,758,0,0.0009000900090009,0,804,3964
279,2014-02-12,3,6348.0,528,0,0.0009000900090009,0,1023,6743
280,2014-02-12,3,4454.0,434,0,0.0009000900090009,0,467,4529
281,2014-02-12,3,4410.0,446,0,0.0009000900090009,0,1193,6131
282,2014-02-12,3,3883.0,643,0,0.0009000900090009,0,1005,4649
283,2014-02-12,3,5316.0,618,0,0.0009000900090009,0,1212,7729
284,2014-02-12,3,3372.0,340,0,0.0009000900090009,0,433,5505
285,2014-02-12,3,4387.0,405,0,0.0009000900090009,0,518,3575
286,2014-02-12,3,3856.0,390,0,0.0009000900090009,0,870,5166
287,2014-02-12,3,6489.0,671,0,0.0009000900090009,0,950,6770
288,2014-02-12,3,4233.0,335,0,0.0009000900090009,0,839,4780
289,2014-02-12,3,5044.0,512,0,0.0009000900090009,0,868,5555
290,2014-02-12,3,4652.0,577,0,0.0009000900090009,0,723,5105
291,2014-02-12,3,6807.0,776,0,0.0009000900090009,0,561,6993
292,2014-02-12,3,4759.0,670,0,0.0009000900090009,0,390,4340
293,2014-02-12,3,5125.0,741,0,0.0009000900090009,0,399,4166
294,2014-02-12,3,5602.0,805,0,0.0009000900090009,0,526,3675
295,2014-02-12,3,4183.0,581,0,0.0009000900090009,0,405,3455
296,2014-02-12,3,5824.0,766,0,0.0009000900090009,0,1062,7631
297,2014-02-12,3,5827.0,680,0,0.0009000900090009,0,1117,7249
298,2014-02-12,3,6112.0,519,0,0.0009000900090009,0,720,6517
299,2014-02-12,3,4269.0,470,0,0.0009000900090009,0,922,6541
300,2014-02-12,3,5526.0,782,0,0.0009000900090009,0,570,5442
301,2014-02-12,3,5089.0,592,0,0.0009000900090009,0,606,4519
302,2014-02-12,3,2124.0,239,0,0.0009000900090009,0,352,2504
303,2014-02-12,3,5165.0,619,0,0.0009000900090009,0,1032,7011
304,2014-02-12,3,6098.0,1048,0,0.0009000900090009,0,843,5137
305,2014-02-12,3,3650.0,412,0,0.0009000900090009,0,622,5473
306,2014-02-12,3,3984.0,453,0,0.0009000900090009,0,431,3400
307,2014-02-12,3,2113.0,259,0,0.0009000900090009,0,1277,4713
308,2014-02-12,3,7871.0,848,0,0.0009000900090009,0,828,6707
309,2014-02-12,3,4864.0,482,0,0.0009000900090009,0,533,5735
310,2014-02-12,3,7061.0,650,0,0.0009000900090009,0,764,4829
311,2014-02-12,3,5711.0,834,0,0.0009000900090009,0,944,6134
312,2014-02-12,3,4016.0,453,0,0.0009000900090009,0,662,4537
313,2014-02-12,3,5056.0,582,0,0.0009000900090009,0,385,4394
314,2014-02-12,3,4105.0,521,0,0.0009000900090009,0,908,6000
315,2014-02-12,3,3552.0,439,0,0.0009000900090009,0,336,3079
316,2014-02-12,3,6918.0,706,0,0.0009000900090009,0,364,4175
317,2014-02-12,3,3764.0,451,0,0.0009000900090009,0,507,3262
318,2014-02-12,3,5491.0,575,0,0.0009000900090009,0,461,5292
319,2014-02-12,3,6881.0,800,0,0.0009000900090009,0,788,6419
320,2014-02-12,3,12334.0,1908,0,0.0009000900090009,0,808,7558
321,2014-02-12,3,4141.0,485,0,0.0009000900090009,0,624,5152
322,2014-02-12,3,3567.0,451,0,0.0009000900090009,0,522,5089
323,2014-02-12,3,6478.0,567,0,0.0009000900090009,0,1507,8018
324,2014-02-12,3,4441.0,644,0,0.0009000900090009,0,355,1896
325,2014-02-12,3,4846.0,585,0,0.0009000900090009,0,677,5648
326,2014-02-12,3,3420.0,308,0,0.0009000900090009,0,629,4474
327,2014-02-12,3,5757.0,804,0,0.0009000900090009,0,347,4887
328,2014-02-12,3,4044.0,513,0,0.0009000900090009,0,363,4598
329,2014-02-12,3,5256.0,551,0,0.0009000900090009,0,496,4661
330,2014-02-12,3,2875.0,361,0,0.0009000900090009,0,443,3461
331,2014-02-12,3,5977.0,836,0,0.0009000900090009,0,438,4968
332,2014-02-12,3,3620.0,544,0,0.0009000900090009,0,765,3288
333,2014-02-12,3,8109.0,1196,0,0.0009000900090009,0,448,4963
334,2014-02-12,3,4491.0,519,0,0.0009000900090009,0,700,3892
335,2014-02-12,3,13033.0,2661,0,0.0009000900090009,0,525,3195
336,2014-02-12,3,10991.0,1756,0,0.0009000900090009,0,432,3450
337,2014-02-12,3,4083.0,333,0,0.0009000900090009,0,978,3672
338,2014-02-12,3,5607.0,553,0,0.0009000900090009,0,481,4735
339,2014-02-12,3,4314.0,630,0,0.0009000900090009,0,333,3744
340,2014-02-12,3,5290.0,678,0,0.0009000900090009,0,922,5853
341,2014-02-12,3,4465.0,689,0,0.0009000900090009,0,1223,6349
342,2014-02-12,3,8374.0,704,0,0.0009000900090009,0,801,7962
343,2014-02-12,3,5330.0,577,0,0.0009000900090009,0,415,5477
344,2014-02-12,3,6016.0,957,0,0.0009000900090009,0,597,9104
345,2014-02-12,3,3819.0,428,0,0.0009000900090009,0,832,4048
346,2014-02-12,3,5771.0,601,0,0.0009000900090009,0,647,5105
347,2014-02-12,3,3120.0,296,0,0.0009000900090009,0,546,4027
348,2014-02-12,3,6492.0,609,0,0.0009000900090009,0,1497,8222
349,2014-02-12,3,6792.0,774,0,0.0009000900090009,0,969,7453
350,2014-02-12,3,4566.0,372,0,0.0009000900090009,0,667,5108
351,2014-02-12,3,4496.0,427,0,0.0009000900090009,0,759,5252
352,2014-02-12,3,5325.0,550,0,0.0009000900090009,0,505,4266
353,2014-02-12,3,5222.0,1430,0,0.0009000900090009,0,709,4585
354,2014-02-12,3,6219.0,586,0,0.0009000900090009,0,1532,8473
355,2014-02-12,3,7815.0,1059,0,0.0009000900090009,0,918,6351
356,2014-02-12,3,4471.0,384,0,0.0009000900090009,0,233,2335
357,2014-02-12,3,5710.0,905,0,0.0009000900090009,0,670,5997
358,2014-02-12,3,8146.0,983,0,0.0009000900090009,0,420,4044
359,2014-02-12,3,5294.0,517,0,0.0009000900090009,0,566,5013
360,2014-02-12,3,5330.0,710,0,0.0009000900090009,0,540,4985
361,2014-02-12,3,4701.0,543,0,0.0009000900090009,0,723,5420
362,2014-02-12,3,7073.0,1060,0,0.0009000900090009,0,587,5856
363,2014-02-12,3,5758.0,848,0,0.0009000900090009,0,452,6500
364,2014-02-12,3,3724.0,515,0,0.0009000900090009,0,989,4265
365,2014-02-12,3,4006.0,518,0,0.0009000900090009,0,795,5308
366,2014-02-12,3,5587.0,622,0,0.0009000900090009,0,1252,6162
367,2014-02-12,3,3551.0,437,0,0.0009000900090009,0,504,4794
368,2014-02-12,3,6536.0,574,0,0.0009000900090009,0,524,6573
369,2014-02-12,3,5649.0,493,0,0.0009000900090009,0,666,5749
370,2014-02-12,3,5326.0,484,0,0.0009000900090009,0,511,5283
371,2014-02-12,3,4670.0,455,0,0.0009000900090009,0,725,5055
372,2014-02-12,3,6659.0,680,0,0.0009000900090009,0,866,6615
373,2014-02-12,3,3678.0,287,0,0.0009000900090009,0,1012,4302
374,2014-02-12,3,6650.0,845,0,0.0009000900090009,0,755,5587
375,2014-02-12,3,7473.0,688,0,0.0009000900090009,0,561,5704
376,2014-02-12,3,6235.0,846,0,0.0009000900090009,0,751,6062
377,2014-02-12,3,5694.0,833,0,0.0009000900090009,0,871,5928
378,2014-02-12,3,5156.0,914,0,0.0009000900090009,0,612,6144
379,2014-02-12,3,3187.0,460,0,0.0009000900090009,0,440,3466
380,2014-02-12,3,11684.0,1268,0,0.0009000900090009,0,359,3971
381,2014-02-12,3,7505.0,931,0,0.0009000900090009,0,1374,8558
382,2014-02-12,3,5676.0,517,0,0.0009000900090009,0,1095,5627
383,2014-02-12,3,14310.0,2008,0,0.0009000900090009,0,484,5575
384,2014-02-12,3,7108.0,914,0,0.0009000900090009,0,517,5020
385,2014-02-12,3,5138.0,509,0,0.0009000900090009,0,1185,6225
386,2014-02-12,3,7162.0,629,0,0.0009000900090009,0,2232,8789
387,2014-02-12,3,6672.0,1020,0,0.0009000900090009,0,850,7676
388,2014-02-12,3,8120.0,984,0,0.0009000900090009,0,649,8702
389,2014-02-12,3,8261.0,1188,0,0.0009000900090009,0,777,6968
391,2014-02-12,3,4884.0,627,0,0.0009000900090009,0,627,5548
392,2014-02-12,3,5766.0,631,0,0.0009000900090009,0,358,3705
393,2014-02-12,3,5075.0,523,0,0.0009000900090009,0,603,5562
394,2014-02-12,3,6300.0,562,0,0.0009000900090009,0,881,6963
395,2014-02-12,3,2994.0,461,0,0.0009000900090009,0,1051,3725
396,2014-02-12,3,8158.0,991,0,0.0009000900090009,0,357,4134
397,2014-02-12,3,4555.0,684,0,0.0009000900090009,0,345,2268
398,2014-02-12,3,3795.0,491,0,0.0009000900090009,0,174,2505
399,2014-02-12,3,4349.0,504,0,0.0009000900090009,0,888,5468
400,2014-02-12,3,7323.0,1094,0,0.0009000900090009,0,338,3935
401,2014-02-12,3,5790.0,649,0,0.0009000900090009,0,419,4177
402,2014-02-12,3,4259.0,489,0,0.0009000900090009,0,397,3235
403,2014-02-12,3,5965.0,670,0,0.0009000900090009,0,623,5693
404,2014-02-12,3,4756.0,609,0,0.0009000900090009,0,459,3688
405,2014-02-12,3,2913.0,367,0,0.0009000900090009,0,1432,5574
406,2014-02-12,3,4868.0,389,0,0.0009000900090009,0,840,4436
407,2014-02-12,3,2673.0,242,0,0.0009000900090009,0,361,2753
408,2014-02-12,3,3279.0,368,0,0.0009000900090009,0,987,4274
409,2014-02-12,3,3658.0,431,0,0.0009000900090009,0,494,4142
410,2014-02-12,3,4916.0,734,0,0.0009000900090009,0,265,3320
411,2014-02-12,3,7003.0,575,0,0.0009000900090009,0,433,5162
412,2014-02-12,3,6627.0,506,0,0.0009000900090009,0,558,5978
413,2014-02-12,3,5715.0,812,0,0.0009000900090009,0,485,4591
414,2014-02-12,3,4685.0,410,0,0.0009000900090009,0,1046,5698
415,2014-02-12,3,4649.0,439,0,0.0009000900090009,0,1218,5762
416,2014-02-12,3,8324.0,1245,0,0.0009000900090009,0,1027,8154
417,2014-02-12,3,6546.0,764,0,0.0009000900090009,0,824,7831
418,2014-02-12,3,4426.0,524,0,0.0009000900090009,0,1390,5430
419,2014-02-12,3,4246.0,752,0,0.0009000900090009,0,775,4217
420,2014-02-12,3,3378.0,358,0,0.0009000900090009,0,1427,5590
421,2014-02-12,3,6581.0,754,0,0.0009000900090009,0,388,3749
422,2014-02-12,3,3850.0,436,0,0.0009000900090009,0,570,5707
423,2014-02-12,3,7723.0,1566,0,0.0009000900090009,0,286,3459
424,2014-02-12,3,5415.0,673,0,0.0009000900090009,0,757,4863
425,2014-02-12,3,3090.0,411,0,0.0009000900090009,0,482,2363
426,2014-02-12,3,4195.0,628,0,0.0009000900090009,0,688,4499
427,2014-02-12,3,5205.0,650,0,0.0009000900090009,0,430,5338
428,2014-02-12,3,4573.0,392,0,0.0009000900090009,0,1156,7966
429,2014-02-12,3,3624.0,324,0,0.0009000900090009,0,582,3518
430,2014-02-12,3,6733.0,592,0,0.0009000900090009,0,731,8146
431,2014-02-12,3,7089.0,852,0,0.0009000900090009,0,904,7407
432,2014-02-12,3,9393.0,1466,0,0.0009000900090009,0,538,4599
433,2014-02-12,3,4576.0,544,0,0.0009000900090009,0,475,4759
434,2014-02-12,3,7085.0,595,0,0.0009000900090009,0,869,7532
435,2014-02-12,3,3190.0,413,0,0.0009000900090009,0,461,3295
436,2014-02-12,3,4416.0,555,0,0.0009000900090009,0,517,4714
437,2014-02-12,3,4734.0,502,0,0.0009000900090009,0,440,5583
438,2014-02-12,3,4160.0,472,0,0.0009000900090009,0,632,3961
439,2014-02-12,3,5457.0,742,0,0.0009000900090009,0,1157,5745
440,2014-02-12,3,4114.0,569,0,0.0009000900090009,0,1845,5075
441,2014-02-12,3,4111.0,554,0,0.0009000900090009,0,505,4696
442,2014-02-12,3,2900.0,398,0,0.0009000900090009,0,820,4536
443,2014-02-12,3,4467.0,434,0,0.0009000900090009,0,594,4147
444,2014-02-12,3,8766.0,1057,0,0.0009000900090009,0,837,8662
445,2014-02-12,3,6374.0,1080,0,0.0009000900090009,0,679,6945
446,2014-02-12,3,4305.0,622,0,0.0009000900090009,0,487,5627
447,2014-02-12,3,4556.0,565,0,0.0009000900090009,0,547,5415
448,2014-02-12,3,7425.0,736,0,0.0009000900090009,0,421,5763
449,2014-02-12,3,9140.0,1419,0,0.0009000900090009,0,1272,8896
450,2014-02-12,3,5562.0,790,0,0.0009000900090009,0,1292,7013
451,2014-02-12,3,4391.0,407,0,0.0009000900090009,0,381,3681
452,2014-02-12,3,3631.0,398,0,0.0009000900090009,0,965,5383
453,2014-02-12,3,5964.0,764,0,0.0009000900090009,0,322,3896
454,2014-02-12,3,5338.0,735,0,0.0009000900090009,0,691,3855
455,2014-02-12,3,6116.0,405,0,0.0009000900090009,0,722,5354
456,2014-02-12,3,4907.0,832,0,0.0009000900090009,0,938,5996
457,2014-02-12,3,3855.0,377,0,0.0009000900090009,0,227,3217
458,2014-02-12,3,5616.0,578,0,0.0009000900090009,0,300,3784
459,2014-02-12,3,7087.0,1041,0,0.0009000900090009,0,491,6718
460,2014-02-12,3,2838.0,277,0,0.0009000900090009,0,779,3691
461,2014-02-12,3,3435.0,394,0,0.0009000900090009,0,369,3312
462,2014-02-12,3,4158.0,592,0,0.0009000900090009,0,430,4271
463,2014-02-12,3,5175.0,887,0,0.0009000900090009,0,463,4282
464,2014-02-12,3,8017.0,1044,0,0.0009000900090009,0,319,3961
465,2014-02-12,3,5123.0,478,0,0.0009000900090009,0,562,6867
466,2014-02-12,3,6213.0,728,0,0.0009000900090009,0,477,4735
467,2014-02-12,3,11040.0,1483,0,0.0009000900090009,0,289,2162
468,2014-02-12,3,4818.0,617,0,0.0009000900090009,0,711,5471
469,2014-02-12,3,8731.0,1232,0,0.0009000900090009,0,2928,9034
470,2014-02-12,3,9561.0,1431,0,0.0009000900090009,0,788,7327
471,2014-02-12,3,6140.0,518,0,0.0009000900090009,0,531,5807
472,2014-02-12,3,4240.0,638,0,0.0009000900090009,0,885,4240
473,2014-02-12,3,2698.0,412,0,0.0009000900090009,0,580,3318
474,2014-02-12,3,6614.0,719,0,0.0009000900090009,0,705,6747
475,2014-02-12,3,4704.0,772,0,0.0009000900090009,0,488,4883
476,2014-02-12,3,4870.0,630,0,0.0009000900090009,0,954,5985
477,2014-02-12,3,4212.0,310,0,0.0009000900090009,0,471,2522
478,2014-02-12,3,5373.0,643,0,0.0009000900090009,0,687,4809
479,2014-02-12,3,9155.0,1135,0,0.0009000900090009,0,379,4373
480,2014-02-12,3,4848.0,659,0,0.0009000900090009,0,753,4783
481,2014-02-12,3,3874.0,409,0,0.0009000900090009,0,484,5115
482,2014-02-12,3,5897.0,736,0,0.0009000900090009,0,505,5488
483,2014-02-12,3,3853.0,587,0,0.0009000900090009,0,611,3673
484,2014-02-12,3,5135.0,569,0,0.0009000900090009,0,1223,7212
485,2014-02-12,3,3589.0,343,0,0.0009000900090009,0,531,3070
486,2014-02-12,3,3454.0,448,0,0.0009000900090009,0,1477,4901
487,2014-02-12,3,4812.0,544,0,0.0009000900090009,0,564,5283
488,2014-02-12,3,2716.0,346,0,0.0009000900090009,0,533,3449
489,2014-02-12,3,5744.0,598,0,0.0009000900090009,0,911,4122
490,2014-02-12,3,6918.0,986,0,0.0009000900090009,0,562,6054
491,2014-02-12,3,4359.0,432,0,0.0009000900090009,0,384,5205
492,2014-02-12,3,6035.0,971,0,0.0009000900090009,0,711,5405
493,2014-02-12,3,5469.0,684,0,0.0009000900090009,0,293,3836
494,2014-02-12,3,6103.0,973,0,0.0009000900090009,0,671,5516
495,2014-02-12,3,3187.0,297,0,0.0009000900090009,0,442,3420
496,2014-02-12,3,5761.0,706,0,0.0009000900090009,0,794,4991
497,2014-02-12,3,8155.0,1087,0,0.0009000900090009,0,554,5832
498,2014-02-12,3,5845.0,797,0,0.0009000900090009,0,433,4922
499,2014-02-12,3,3855.0,627,0,0.0009000900090009,0,197,1973
500,2014-02-12,3,3901.0,319,0,0.0009000900090009,0,498,3841
501,2014-02-12,3,4398.0,594,0,0.0009000900090009,0,511,4379
502,2014-02-12,3,8459.0,1338,0,0.0009000900090009,0,624,6682
503,2014-02-12,3,3964.0,334,0,0.0009000900090009,0,319,4217
504,2014-02-12,3,5232.0,839,0,0.0009000900090009,0,674,3342
505,2014-02-12,3,4032.0,555,0,0.0009000900090009,0,489,4474
506,2014-02-12,3,6459.0,850,0,0.0009000900090009,0,392,4476
507,2014-02-12,3,5566.0,525,0,0.0009000900090009,0,376,4671
508,2014-02-12,3,5326.0,641,0,0.0009000900090009,0,618,4034
509,2014-02-12,3,5044.0,518,0,0.0009000900090009,0,782,5795
510,2014-02-12,3,7154.0,857,0,0.0009000900090009,0,991,6328
511,2014-02-12,3,5015.0,789,0,0.0009000900090009,0,573,4929
512,2014-02-12,3,4610.0,1237,0,0.0009000900090009,0,646,5286
513,2014-02-12,3,14876.0,1834,0,0.0009000900090009,0,500,7320
514,2014-02-12,3,4568.0,526,0,0.0009000900090009,0,898,6043
515,2014-02-12,3,6715.0,602,0,0.0009000900090009,0,503,5247
516,2014-02-12,3,4513.0,664,0,0.0009000900090009,0,521,4365
517,2014-02-12,3,4555.0,578,0,0.0009000900090009,0,615,5446
518,2014-02-12,3,4015.0,425,0,0.0009000900090009,0,659,5082
519,2014-02-12,3,3371.0,415,0,0.0009000900090009,0,1041,4264
520,2014-02-12,3,3026.0,379,0,0.0009000900090009,0,763,3536
521,2014-02-12,3,3141.0,308,0,0.0009000900090009,0,743,5169
522,2014-02-12,3,6093.0,530,0,0.0009000900090009,0,564,5625
523,2014-02-12,3,10705.0,1438,0,0.0009000900090009,0,576,5691
524,2014-02-12,3,6558.0,753,0,0.0009000900090009,0,781,6350
525,2014-02-12,3,7917.0,760,0,0.0009000900090009,0,466,4779
526,2014-02-12,3,8460.0,1276,0,0.0009000900090009,0,964,8414
527,2014-02-12,3,8963.0,936,0,0.0009000900090009,0,719,7723
528,2014-02-12,3,7744.0,796,0,0.0009000900090009,0,404,4023
529,2014-02-12,3,6237.0,666,0,0.0009000900090009,0,949,6137
530,2014-02-12,3,1826.0,266,0,0.0009000900090009,0,844,3170
531,2014-02-12,3,3946.0,553,0,0.0009000900090009,0,487,3972
532,2014-02-12,3,9136.0,1178,0,0.0009000900090009,0,551,4784
533,2014-02-12,3,7664.0,818,0,0.0009000900090009,0,464,5420
534,2014-02-12,3,5314.0,428,0,0.0009000900090009,0,258,3522
535,2014-02-12,3,7162.0,903,0,0.0009000900090009,0,498,6284
536,2014-02-12,3,6446.0,776,0,0.0009000900090009,0,623,5906
537,2014-02-12,3,5023.0,581,0,0.0009000900090009,0,630,3574
538,2014-02-12,3,3290.0,551,0,0.0009000900090009,0,497,3777
539,2014-02-12,3,9004.0,963,0,0.0009000900090009,0,539,5083
540,2014-02-12,3,3928.0,342,0,0.0009000900090009,0,552,4979
541,2014-02-12,3,5300.0,759,0,0.0009000900090009,0,778,5220
542,2014-02-12,3,4578.0,488,0,0.0009000900090009,0,995,5185
543,2014-02-12,3,1806.0,187,0,0.0009000900090009,0,615,3199
544,2014-02-12,3,10545.0,1531,0,0.0009000900090009,0,1552,12515
545,2014-02-12,3,8203.0,952,0,0.0009000900090009,0,615,5992
546,2014-02-12,3,10432.0,1396,0,0.0009000900090009,0,583,6342
547,2014-02-12,3,4065.0,341,0,0.0009000900090009,0,321,6072
548,2014-02-12,3,3435.0,312,0,0.0009000900090009,0,791,4738
549,2014-02-12,3,4120.0,550,0,0.0009000900090009,0,357,3911
550,2014-02-12,3,4660.0,405,0,0.0009000900090009,0,527,4307
551,2014-02-12,3,5604.0,923,0,0.0009000900090009,0,519,4530
552,2014-02-12,3,5317.0,585,0,0.0009000900090009,0,540,4548
553,2014-02-12,3,4942.0,495,0,0.0009000900090009,0,448,4828
554,2014-02-12,3,3456.0,523,0,0.0009000900090009,0,687,3722
555,2014-02-12,3,3371.0,346,0,0.0009000900090009,0,833,5192
556,2014-02-12,3,6053.0,769,0,0.0009000900090009,0,899,5880
557,2014-02-12,3,3630.0,651,0,0.0009000900090009,0,228,2673
558,2014-02-12,3,2538.0,423,0,0.0009000900090009,0,551,2878
559,2014-02-12,3,4943.0,741,0,0.0009000900090009,0,420,4021
560,2014-02-12,3,10556.0,1378,0,0.0009000900090009,0,711,7809
561,2014-02-12,3,5453.0,604,0,0.0009000900090009,0,355,4634
562,2014-02-12,3,17255.0,3071,0,0.0009000900090009,0,550,7575
563,2014-02-12,3,4703.0,678,0,0.0009000900090009,0,758,4310
564,2014-02-12,3,4121.0,369,0,0.0009000900090009,0,513,5520
565,2014-02-12,3,5935.0,834,0,0.0009000900090009,0,1055,5740
566,2014-02-12,3,3388.0,458,0,0.0009000900090009,0,414,4349
567,2014-02-12,3,4055.0,632,0,0.0009000900090009,0,849,5105
568,2014-02-12,3,3523.0,355,0,0.0009000900090009,0,608,4289
569,2014-02-12,3,4024.0,654,0,0.0009000900090009,0,475,3590
570,2014-02-12,3,3921.0,606,0,0.0009000900090009,0,405,2625
571,2014-02-12,3,5129.0,421,0,0.0009000900090009,0,668,5377
572,2014-02-12,3,5055.0,481,0,0.0009000900090009,0,687,5932
573,2014-02-12,3,3084.0,281,0,0.0009000900090009,0,917,3094
574,2014-02-12,3,6922.0,555,0,0.0009000900090009,0,339,3707
575,2014-02-12,3,3418.0,389,0,0.0009000900090009,0,1204,5853
576,2014-02-12,3,5049.0,815,0,0.0009000900090009,0,395,4270
577,2014-02-12,3,3807.0,533,0,0.0009000900090009,0,611,4307
578,2014-02-12,3,5398.0,547,0,0.0009000900090009,0,458,4862
579,2014-02-12,3,6006.0,734,0,0.0009000900090009,0,447,5709
580,2014-02-12,3,7706.0,1382,0,0.0009000900090009,0,650,6379
581,2014-02-12,3,4257.0,581,0,0.0009000900090009,0,367,4159
582,2014-02-12,3,4996.0,737,0,0.0009000900090009,0,406,4559
583,2014-02-12,3,3716.0,378,0,0.0009000900090009,0,601,4238
584,2014-02-12,3,3698.0,384,0,0.0009000900090009,0,528,4227
585,2014-02-12,3,5183.0,893,0,0.0009000900090009,0,775,5873
586,2014-02-12,3,12692.0,2142,0,0.0009000900090009,0,583,6464
587,2014-02-12,3,6644.0,528,0,0.0009000900090009,0,740,7315
588,2014-02-12,3,4552.0,566,0,0.0009000900090009,0,776,5777
589,2014-02-12,3,3988.0,498,0,0.0009000900090009,0,353,3926
590,2014-02-12,3,3955.0,334,0,0.0009000900090009,0,419,3297
591,2014-02-12,3,4942.0,466,0,0.0009000900090009,0,384,2854
592,2014-02-12,3,3420.0,507,0,0.0009000900090009,0,418,2608
593,2014-02-12,3,7277.0,1011,0,0.0009000900090009,0,314,4922
594,2014-02-12,3,3996.0,452,0,0.0009000900090009,0,487,3342
595,2014-02-12,3,11532.0,1487,0,0.0009000900090009,0,367,3866
596,2014-02-12,3,3554.0,600,0,0.0009000900090009,0,908,4477
597,2014-02-12,3,4124.0,657,0,0.0009000900090009,0,784,4242
598,2014-02-12,3,3796.0,619,0,0.0009000900090009,0,424,3558
599,2014-02-12,3,6832.0,721,0,0.0009000900090009,0,502,3355
600,2014-02-12,3,4947.0,499,0,0.0009000900090009,0,547,5771
601,2014-02-12,3,3328.0,328,0,0.0009000900090009,0,255,2365
602,2014-02-12,3,5139.0,565,0,0.0009000900090009,0,1186,6650
603,2014-02-12,3,5566.0,929,0,0.0009000900090009,0,916,5506
604,2014-02-12,3,6562.0,507,0,0.0009000900090009,0,531,5486
605,2014-02-12,3,5325.0,417,0,0.0009000900090009,0,521,4857
606,2014-02-12,3,5065.0,599,0,0.0009000900090009,0,953,6469
607,2014-02-12,3,2623.0,334,0,0.0009000900090009,0,620,3923
608,2014-02-12,3,7086.0,805,0,0.0009000900090009,0,1016,7344
609,2014-02-12,3,3862.0,479,0,0.0009000900090009,0,1199,4800
610,2014-02-12,3,3434.0,476,0,0.0009000900090009,0,1962,6147
611,2014-02-12,3,4832.0,421,0,0.0009000900090009,0,914,6211
612,2014-02-12,3,4672.0,330,0,0.0009000900090009,0,46,2596
613,2014-02-12,3,5313.0,874,0,0.0009000900090009,0,1893,6159
614,2014-02-12,3,5583.0,807,0,0.0009000900090009,0,866,5123
615,2014-02-12,3,7588.0,1084,0,0.0009000900090009,0,724,7166
616,2014-02-12,3,7094.0,791,0,0.0009000900090009,0,1068,7454
617,2014-02-12,3,5598.0,555,0,0.0009000900090009,0,317,3761
618,2014-02-12,3,4330.0,401,0,0.0009000900090009,0,515,7327
619,2014-02-12,3,3535.0,394,0,0.0009000900090009,0,601,3053
620,2014-02-12,3,5831.0,576,0,0.0009000900090009,0,506,4341
621,2014-02-12,3,4748.0,712,0,0.0009000900090009,0,373,4302
622,2014-02-12,3,3644.0,426,0,0.0009000900090009,0,326,3425
623,2014-02-12,3,6102.0,823,0,0.0009000900090009,0,571,5968
624,2014-02-12,3,6303.0,659,0,0.0009000900090009,0,825,5453
625,2014-02-12,3,5086.0,565,0,0.0009000900090009,0,607,4639
626,2014-02-12,3,6800.0,647,0,0.0009000900090009,0,735,7294
627,2014-02-12,3,5111.0,573,0,0.0009000900090009,0,538,4588
628,2014-02-12,3,5455.0,749,0,0.0009000900090009,0,688,4764
629,2014-02-12,3,6221.0,620,0,0.0009000900090009,0,463,6855
630,2014-02-12,3,6751.0,847,0,0.0009000900090009,0,424,2730
631,2014-02-12,3,4111.0,560,0,0.0009000900090009,0,1198,4251
632,2014-02-12,3,5371.0,798,0,0.0009000900090009,0,789,5446
633,2014-02-12,3,5335.0,437,0,0.0009000900090009,0,443,4885
634,2014-02-12,3,5440.0,572,0,0.0009000900090009,0,478,5163
635,2014-02-12,3,4331.0,505,0,0.0009000900090009,0,775,5186
636,2014-02-12,3,3858.0,533,0,0.0009000900090009,0,739,5223
637,2014-02-12,3,6554.0,582,0,0.0009000900090009,0,266,4053
638,2014-02-12,3,4733.0,424,0,0.0009000900090009,0,430,4413
639,2014-02-12,3,3477.0,424,0,0.0009000900090009,0,814,4895
640,2014-02-12,3,8392.0,722,0,0.0009000900090009,0,637,7858
641,2014-02-12,3,4636.0,479,0,0.0009000900090009,0,511,4685
642,2014-02-12,3,3549.0,510,0,0.0009000900090009,0,494,3224
643,2014-02-12,3,6500.0,912,0,0.0009000900090009,0,392,5239
644,2014-02-12,3,6836.0,835,0,0.0009000900090009,0,1448,10471
645,2014-02-12,3,8206.0,1150,0,0.0009000900090009,0,627,5295
646,2014-02-12,3,4214.0,633,0,0.0009000900090009,0,575,3483
647,2014-02-12,3,4510.0,622,0,0.0009000900090009,0,317,3501
648,2014-02-12,3,4555.0,487,0,0.0009000900090009,0,533,5317
649,2014-02-12,3,3281.0,384,0,0.0009000900090009,0,1085,3388
650,2014-02-12,3,4794.0,557,0,0.0009000900090009,0,324,3242
651,2014-02-12,3,6570.0,812,0,0.0009000900090009,0,709,6382
652,2014-02-12,3,4460.0,523,0,0.0009000900090009,0,1357,6649
653,2014-02-12,3,4344.0,417,0,0.0009000900090009,0,931,6297
654,2014-02-12,3,5697.0,696,0,0.0009000900090009,0,539,5503
655,2014-02-12,3,5985.0,564,0,0.0009000900090009,0,421,4442
656,2014-02-12,3,2748.0,337,0,0.0009000900090009,0,1144,3145
657,2014-02-12,3,4576.0,651,0,0.0009000900090009,0,1003,6158
658,2014-02-12,3,5019.0,555,0,0.0009000900090009,0,623,5065
659,2014-02-12,3,5148.0,717,0,0.0009000900090009,0,630,4631
660,2014-02-12,3,3394.0,429,0,0.0009000900090009,0,626,4165
661,2014-02-12,3,6506.0,550,0,0.0009000900090009,0,627,5226
662,2014-02-12,3,6356.0,640,0,0.0009000900090009,0,808,7076
663,2014-02-12,3,4025.0,646,0,0.0009000900090009,0,1716,5489
664,2014-02-12,3,3545.0,507,0,0.0009000900090009,0,644,3260
665,2014-02-12,3,7323.0,1261,0,0.0009000900090009,0,407,5276
666,2014-02-12,3,4428.0,485,0,0.0009000900090009,0,574,5013
667,2014-02-12,3,6005.0,630,0,0.0009000900090009,0,609,6089
668,2014-02-12,3,7109.0,1026,0,0.0009000900090009,0,609,6757
669,2014-02-12,3,3172.0,298,0,0.0009000900090009,0,1561,5634
670,2014-02-12,3,5076.0,611,0,0.0009000900090009,0,320,2986
671,2014-02-12,3,4322.0,526,0,0.0009000900090009,0,638,4499
672,2014-02-12,3,6085.0,1124,0,0.0009000900090009,0,768,6138
673,2014-02-12,3,5243.0,507,0,0.0009000900090009,0,745,4871
674,2014-02-12,3,6503.0,967,0,0.0009000900090009,0,1514,8604
675,2014-02-12,3,3043.0,379,0,0.0009000900090009,0,1314,5085
676,2014-02-12,3,6288.0,1568,0,0.0009000900090009,0,346,3584
677,2014-02-12,3,6220.0,581,0,0.0009000900090009,0,568,5644
678,2014-02-12,3,5174.0,732,0,0.0009000900090009,0,637,5605
679,2014-02-12,3,8056.0,1007,0,0.0009000900090009,0,673,6703
680,2014-02-12,3,4578.0,763,0,0.0009000900090009,0,444,3894
681,2014-02-12,3,2476.0,449,0,0.0009000900090009,0,1193,4528
682,2014-02-12,3,10282.0,1729,0,0.0009000900090009,0,408,4961
683,2014-02-12,3,7935.0,873,0,0.0009000900090009,0,744,6683
684,2014-02-12,3,5409.0,455,0,0.0009000900090009,0,516,5688
685,2014-02-12,3,4857.0,543,0,0.0009000900090009,0,765,4353
686,2014-02-12,3,4907.0,668,0,0.0009000900090009,0,1555,8425
687,2014-02-12,3,6639.0,665,0,0.0009000900090009,0,498,4758
688,2014-02-12,3,3173.0,337,0,0.0009000900090009,0,349,2380
689,2014-02-12,3,5125.0,619,0,0.0009000900090009,0,770,5668
690,2014-02-12,3,4847.0,831,0,0.0009000900090009,0,524,4754
691,2014-02-12,3,5974.0,491,0,0.0009000900090009,0,272,3143
692,2014-02-12,3,5134.0,748,0,0.0009000900090009,0,480,5400
693,2014-02-12,3,3998.0,367,0,0.0009000900090009,0,610,5295
694,2014-02-12,3,5958.0,635,0,0.0009000900090009,0,675,6597
695,2014-02-12,3,3642.0,396,0,0.0009000900090009,0,466,4451
696,2014-02-12,3,6427.0,912,0,0.0009000900090009,0,615,5999
697,2014-02-12,3,8568.0,892,0,0.0009000900090009,0,672,7121
698,2014-02-12,3,13856.0,1856,0,0.0009000900090009,0,677,8497
699,2014-02-12,3,6706.0,871,0,0.0009000900090009,0,1133,8987
700,2014-02-12,3,3426.0,520,0,0.0009000900090009,0,555,5301
701,2014-02-12,3,4375.0,537,0,0.0009000900090009,0,590,4537
702,2014-02-12,3,3058.0,273,0,0.0009000900090009,0,1684,5441
703,2014-02-12,3,2895.0,343,0,0.0009000900090009,0,773,2654
704,2014-02-12,3,8615.0,1005,0,0.0009000900090009,0,385,5018
705,2014-02-12,3,6355.0,891,0,0.0009000900090009,0,432,5093
706,2014-02-12,3,3918.0,416,0,0.0009000900090009,0,720,5961
707,2014-02-12,3,6894.0,844,0,0.0009000900090009,0,733,5794
708,2014-02-12,3,3539.0,407,0,0.0009000900090009,0,634,3460
709,2014-02-12,3,9577.0,1415,0,0.0009000900090009,0,589,5098
710,2014-02-12,3,3516.0,306,0,0.0009000900090009,0,643,4096
711,2014-02-12,3,5419.0,442,0,0.0009000900090009,0,1076,5882
712,2014-02-12,3,5234.0,482,0,0.0009000900090009,0,461,4628
713,2014-02-12,3,8282.0,1212,0,0.0009000900090009,0,574,6134
714,2014-02-12,3,3201.0,276,0,0.0009000900090009,0,337,3039
715,2014-02-12,3,5465.0,689,0,0.0009000900090009,0,669,4910
716,2014-02-12,3,3885.0,347,0,0.0009000900090009,0,718,4575
717,2014-02-12,3,3641.0,475,0,0.0009000900090009,0,671,4029
718,2014-02-12,3,6438.0,805,0,0.0009000900090009,0,959,7040
719,2014-02-12,3,4477.0,383,0,0.0009000900090009,0,695,5919
720,2014-02-12,3,6495.0,711,0,0.0009000900090009,0,487,5422
721,2014-02-12,3,5968.0,710,0,0.0009000900090009,0,958,5595
722,2014-02-12,3,8629.0,1509,0,0.0009000900090009,0,837,6935
723,2014-02-12,3,5051.0,443,0,0.0009000900090009,0,891,5470
724,2014-02-12,3,5467.0,628,0,0.0009000900090009,0,422,3641
725,2014-02-12,3,4566.0,508,0,0.0009000900090009,0,568,4187
726,2014-02-12,3,9589.0,1095,0,0.0009000900090009,0,679,7068
727,2014-02-12,3,3683.0,423,0,0.0009000900090009,0,495,3783
728,2014-02-12,3,3457.0,358,0,0.0009000900090009,0,648,5299
729,2014-02-12,3,8003.0,944,0,0.0009000900090009,0,637,6272
730,2014-02-12,3,6234.0,886,0,0.0009000900090009,0,484,5357
731,2014-02-12,3,7109.0,901,0,0.0009000900090009,0,1507,9353
732,2014-02-12,3,3799.0,484,0,0.0009000900090009,0,904,5987
733,2014-02-12,3,13010.0,3236,0,0.0009000900090009,0,696,8345
734,2014-02-12,3,4291.0,502,0,0.0009000900090009,0,800,4523
735,2014-02-12,3,3543.0,440,0,0.0009000900090009,0,572,4010
736,2014-02-12,3,3796.0,409,0,0.0009000900090009,0,752,5349
737,2014-02-12,3,5389.0,844,0,0.0009000900090009,0,373,3787
738,2014-02-12,3,6434.0,582,0,0.0009000900090009,0,828,7007
739,2014-02-12,3,7309.0,622,0,0.0009000900090009,0,527,5278
740,2014-02-12,3,5263.0,412,0,0.0009000900090009,0,155,3119
741,2014-02-12,3,6821.0,875,0,0.0009000900090009,0,501,5040
742,2014-02-12,3,6109.0,740,0,0.0009000900090009,0,567,5218
743,2014-02-12,3,2878.0,383,0,0.0009000900090009,0,756,3413
744,2014-02-12,3,6250.0,760,0,0.0009000900090009,0,632,5100
745,2014-02-12,3,6290.0,736,0,0.0009000900090009,0,408,4645
746,2014-02-12,3,3977.0,379,0,0.0009000900090009,0,373,4355
747,2014-02-12,3,5948.0,625,0,0.0009000900090009,0,430,4915
748,2014-02-12,3,3901.0,374,0,0.0009000900090009,0,651,2647
749,2014-02-12,3,4626.0,686,0,0.0009000900090009,0,546,4928
750,2014-02-12,3,3799.0,340,0,0.0009000900090009,0,283,2760
751,2014-02-12,3,3761.0,547,0,0.0009000900090009,0,1071,4842
752,2014-02-12,3,4024.0,386,0,0.0009000900090009,0,472,3652
753,2014-02-12,3,6500.0,656,0,0.0009000900090009,0,501,5500
754,2014-02-12,3,5483.0,764,0,0.0009000900090009,0,646,6012
755,2014-02-12,3,8212.0,744,0,0.0009000900090009,0,1046,8347
756,2014-02-12,3,12616.0,1929,0,0.0009000900090009,0,705,8837
757,2014-02-12,3,4517.0,495,0,0.0009000900090009,0,520,5118
758,2014-02-12,3,4278.0,646,0,0.0009000900090009,0,450,5526
759,2014-02-12,3,5464.0,736,0,0.0009000900090009,0,611,5025
760,2014-02-12,3,6676.0,1059,0,0.0009000900090009,0,579,6038
761,2014-02-12,3,7573.0,942,0,0.0009000900090009,0,544,5987
762,2014-02-12,3,1935.0,271,0,0.0009000900090009,0,544,3647
763,2014-02-12,3,4500.0,466,0,0.0009000900090009,0,982,6080
764,2014-02-12,3,2992.0,382,0,0.0009000900090009,0,653,2161
765,2014-02-12,3,6736.0,655,0,0.0009000900090009,0,384,4246
766,2014-02-12,3,4934.0,476,0,0.0009000900090009,0,409,2898
767,2014-02-12,3,4577.0,558,0,0.0009000900090009,0,651,4724
768,2014-02-12,3,10240.0,1185,0,0.0009000900090009,0,669,6866
769,2014-02-12,3,9514.0,2906,0,0.0009000900090009,0,811,8826
770,2014-02-12,3,5507.0,690,0,0.0009000900090009,0,488,4934
771,2014-02-12,3,5252.0,652,0,0.0009000900090009,0,951,5134
772,2014-02-12,3,3059.0,449,0,0.0009000900090009,0,551,2382
773,2014-02-12,3,6395.0,781,0,0.0009000900090009,0,436,4396
774,2014-02-12,3,4994.0,744,0,0.0009000900090009,0,289,3193
775,2014-02-12,3,7418.0,555,0,0.0009000900090009,0,374,5209
776,2014-02-12,3,3484.0,442,0,0.0009000900090009,0,775,4318
777,2014-02-12,3,2664.0,272,0,0.0009000900090009,0,413,3075
778,2014-02-12,3,4895.0,704,0,0.0009000900090009,0,839,4893
779,2014-02-12,3,5568.0,627,0,0.0009000900090009,0,458,5317
780,2014-02-12,3,4812.0,663,0,0.0009000900090009,0,529,3668
781,2014-02-12,3,3799.0,659,0,0.0009000900090009,0,477,4321
782,2014-02-12,3,3876.0,442,0,0.0009000900090009,0,930,6418
783,2014-02-12,3,5001.0,592,0,0.0009000900090009,0,573,4471
784,2014-02-12,3,6195.0,798,0,0.0009000900090009,0,976,9507
785,2014-02-12,3,3780.0,385,0,0.0009000900090009,0,24,2102
786,2014-02-12,3,3063.0,534,0,0.0009000900090009,0,969,2770
787,2014-02-12,3,9107.0,1047,0,0.0009000900090009,0,356,3941
788,2014-02-12,3,16544.0,1728,0,0.0009000900090009,0,1090,15290
789,2014-02-12,3,3286.0,459,0,0.0009000900090009,0,933,3379
790,2014-02-12,3,5492.0,560,0,0.0009000900090009,0,714,5923
791,2014-02-12,3,5886.0,710,0,0.0009000900090009,0,445,5248
792,2014-02-12,3,4952.0,576,0,0.0009000900090009,0,414,6079
793,2014-02-12,3,2512.0,308,0,0.0009000900090009,0,566,3207
794,2014-02-12,3,3001.0,509,0,0.0009000900090009,0,2227,4443
795,2014-02-12,3,2932.0,404,0,0.0009000900090009,0,681,4288
796,2014-02-12,3,5711.0,620,0,0.0009000900090009,0,722,5726
797,2014-02-12,3,2561.0,288,0,0.0009000900090009,0,1023,3212
798,2014-02-12,3,7040.0,965,0,0.0009000900090009,0,1031,6987
799,2014-02-12,3,8459.0,839,0,0.0009000900090009,0,528,3630
800,2014-02-12,3,4598.0,446,0,0.0009000900090009,0,666,4704
801,2014-02-12,3,3388.0,400,0,0.0009000900090009,0,550,2960
802,2014-02-12,3,5073.0,466,0,0.0009000900090009,0,490,4543
803,2014-02-12,3,4157.0,405,0,0.0009000900090009,0,378,4013
804,2014-02-12,3,4153.0,371,0,0.0009000900090009,0,368,3894
805,2014-02-12,3,3875.0,428,0,0.0009000900090009,0,881,5124
806,2014-02-12,3,4502.0,414,0,0.0009000900090009,0,769,4717
807,2014-02-12,3,8311.0,919,0,0.0009000900090009,0,393,3372
808,2014-02-12,3,6301.0,585,0,0.0009000900090009,0,670,6019
809,2014-02-12,3,7213.0,674,0,0.0009000900090009,0,328,3762
810,2014-02-12,3,4556.0,426,0,0.0009000900090009,0,878,6156
811,2014-02-12,3,3800.0,680,0,0.0009000900090009,0,897,3208
812,2014-02-12,3,5615.0,741,0,0.0009000900090009,0,291,2503
813,2014-02-12,3,5005.0,625,0,0.0009000900090009,0,529,4400
814,2014-02-12,3,6565.0,565,0,0.0009000900090009,0,408,5107
815,2014-02-12,3,7234.0,783,0,0.0009000900090009,0,3076,8282
816,2014-02-12,3,4110.0,678,0,0.0009000900090009,0,758,4597
817,2014-02-12,3,20459.0,3208,0,0.0,1,1149,18613
818,2014-02-12,3,4509.0,544,0,0.0009000900090009,0,636,5513
819,2014-02-12,3,4939.0,491,0,0.0009000900090009,0,216,3738
820,2014-02-12,3,9427.0,980,0,0.0009000900090009,0,402,4362
821,2014-02-12,3,5859.0,817,0,0.0009000900090009,0,462,5326
822,2014-02-12,3,5556.0,529,0,0.0009000900090009,0,930,4812
823,2014-02-12,3,4296.0,502,0,0.0009000900090009,0,680,4823
824,2014-02-12,3,6324.0,913,0,0.0009000900090009,0,364,5282
825,2014-02-12,3,3102.0,401,0,0.0009000900090009,0,701,4245
826,2014-02-12,3,7175.0,716,0,0.0009000900090009,0,635,7073
827,2014-02-12,3,8649.0,1214,0,0.0009000900090009,0,449,4223
828,2014-02-12,3,4221.0,569,0,0.0009000900090009,0,477,4212
829,2014-02-12,3,4532.0,674,0,0.0009000900090009,0,825,4987
830,2014-02-12,3,5469.0,578,0,0.0009000900090009,0,415,2195
831,2014-02-12,3,10358.0,1500,0,0.0009000900090009,0,305,2218
832,2014-02-12,3,4303.0,450,0,0.0009000900090009,0,787,4738
833,2014-02-12,3,4547.0,463,0,0.0009000900090009,0,663,4481
834,2014-02-12,3,4440.0,563,0,0.0009000900090009,0,491,4446
835,2014-02-12,3,4031.0,611,0,0.0009000900090009,0,709,4740
836,2014-02-12,3,5298.0,726,0,0.0009000900090009,0,1086,6347
838,2014-02-12,3,7132.0,797,0,0.0009000900090009,0,2074,9133
839,2014-02-12,3,4607.0,639,0,0.0009000900090009,0,1183,6275
840,2014-02-12,3,6837.0,1070,0,0.0009000900090009,0,67,3370
841,2014-02-12,3,2716.0,417,0,0.0009000900090009,0,591,3789
842,2014-02-12,3,15246.0,962,0,0.0009000900090009,0,1542,14498
843,2014-02-12,3,7141.0,929,0,0.0009000900090009,0,439,5735
844,2014-02-12,3,3732.0,462,0,0.0009000900090009,0,448,3657
845,2014-02-12,3,3386.0,271,0,0.0009000900090009,0,509,3626
846,2014-02-12,3,6777.0,728,0,0.0009000900090009,0,710,6046
847,2014-02-12,3,5463.0,912,0,0.0009000900090009,0,431,4061
848,2014-02-12,3,4770.0,646,0,0.0009000900090009,0,651,4889
849,2014-02-12,3,6610.0,823,0,0.0009000900090009,0,730,6064
850,2014-02-12,3,5008.0,545,0,0.0009000900090009,0,400,4666
851,2014-02-12,3,4752.0,430,0,0.0009000900090009,0,746,4792
852,2014-02-12,3,3529.0,560,0,0.0009000900090009,0,527,3903
853,2014-02-12,3,7964.0,963,0,0.0009000900090009,0,492,5848
854,2014-02-12,3,4727.0,594,0,0.0009000900090009,0,587,5992
855,2014-02-12,3,4464.0,525,0,0.0009000900090009,0,736,5989
856,2014-02-12,3,5433.0,875,0,0.0009000900090009,0,612,6648
857,2014-02-12,3,5753.0,789,0,0.0009000900090009,0,422,5030
858,2014-02-12,3,3850.0,390,0,0.0009000900090009,0,1246,3485
859,2014-02-12,3,5826.0,625,0,0.0009000900090009,0,577,6800
860,2014-02-12,3,4176.0,596,0,0.0009000900090009,0,1610,5189
861,2014-02-12,3,2855.0,520,0,0.0009000900090009,0,726,1374
862,2014-02-12,3,7105.0,1072,0,0.0009000900090009,0,731,7608
863,2014-02-12,3,6675.0,875,0,0.0009000900090009,0,522,5693
864,2014-02-12,3,3444.0,568,0,0.0009000900090009,0,571,4005
865,2014-02-12,3,5835.0,540,0,0.0009000900090009,0,1179,7303
866,2014-02-12,3,4824.0,367,0,0.0009000900090009,0,527,5308
867,2014-02-12,3,2747.0,296,0,0.0009000900090009,0,717,3896
868,2014-02-12,3,7369.0,547,0,0.0009000900090009,0,461,5150
869,2014-02-12,3,4285.0,744,0,0.0009000900090009,0,248,1565
870,2014-02-12,3,6329.0,876,0,0.0009000900090009,0,501,5332
871,2014-02-12,3,4150.0,366,0,0.0009000900090009,0,662,4755
872,2014-02-12,3,7140.0,791,0,0.0009000900090009,0,643,7128
873,2014-02-12,3,3853.0,509,0,0.0009000900090009,0,702,3508
874,2014-02-12,3,3316.0,408,0,0.0009000900090009,0,319,2636
875,2014-02-12,3,3534.0,367,0,0.0009000900090009,0,1064,5382
876,2014-02-12,3,7437.0,953,0,0.0009000900090009,0,682,6408
877,2014-02-12,3,5353.0,872,0,0.0009000900090009,0,302,3581
878,2014-02-12,3,7942.0,847,0,0.0009000900090009,0,612,6158
879,2014-02-12,3,2736.0,274,0,0.0009000900090009,0,411,3719
880,2014-02-12,3,6009.0,745,0,0.0009000900090009,0,701,6251
881,2014-02-12,3,3585.0,606,0,0.0009000900090009,0,1635,4445
882,2014-02-12,3,5216.0,726,0,0.0009000900090009,0,489,4347
883,2014-02-12,3,3707.0,441,0,0.0009000900090009,0,646,3139
884,2014-02-12,3,3975.0,426,0,0.0009000900090009,0,823,4663
885,2014-02-12,3,4771.0,646,0,0.0009000900090009,0,431,4313
886,2014-02-12,3,5262.0,576,0,0.0009000900090009,0,972,5871
887,2014-02-12,3,4977.0,460,0,0.0009000900090009,0,334,3320
888,2014-02-12,3,5425.0,581,0,0.0009000900090009,0,259,2796
889,2014-02-12,3,3370.0,410,0,0.0009000900090009,0,1175,3754
890,2014-02-12,3,3871.0,324,0,0.0009000900090009,0,454,3718
891,2014-02-12,3,6337.0,982,0,0.0009000900090009,0,815,5618
892,2014-02-12,3,6180.0,668,0,0.0009000900090009,0,832,4957
893,2014-02-12,3,5547.0,791,0,0.0009000900090009,0,319,6896
894,2014-02-12,3,6378.0,945,0,0.0009000900090009,0,1133,6996
895,2014-02-12,3,7281.0,757,0,0.0009000900090009,0,254,3153
896,2014-02-12,3,5895.0,964,0,0.0009000900090009,0,533,4469
897,2014-02-12,3,2152.0,265,0,0.0009000900090009,0,419,2146
898,2014-02-12,3,5645.0,701,0,0.0009000900090009,0,381,3230
899,2014-02-12,3,4167.0,517,0,0.0009000900090009,0,835,5672
900,2014-02-12,3,4774.0,488,0,0.0009000900090009,0,983,5910
901,2014-02-12,3,6146.0,571,0,0.0009000900090009,0,463,4281
902,2014-02-12,3,4400.0,599,0,0.0009000900090009,0,1187,5866
903,2014-02-12,3,8402.0,654,0,0.0009000900090009,0,195,2915
904,2014-02-12,3,4282.0,426,0,0.0009000900090009,0,697,4570
905,2014-02-12,3,8408.0,1398,0,0.0009000900090009,0,1641,9775
906,2014-02-12,3,9061.0,1180,0,0.0009000900090009,0,702,6778
907,2014-02-12,3,5117.0,698,0,0.0009000900090009,0,1126,6378
908,2014-02-12,3,3365.0,316,0,0.0009000900090009,0,641,3141
909,2014-02-12,3,7665.0,838,0,0.0009000900090009,0,476,5023
910,2014-02-12,3,3789.0,461,0,0.0009000900090009,0,613,4825
911,2014-02-12,3,7674.0,812,0,0.0009000900090009,0,274,3465
912,2014-02-12,3,4738.0,653,0,0.0009000900090009,0,1298,5733
913,2014-02-12,3,6474.0,1004,0,0.0009000900090009,0,351,4585
914,2014-02-12,3,7196.0,1039,0,0.0009000900090009,0,272,2695
915,2014-02-12,3,3672.0,352,0,0.0009000900090009,0,1031,5990
916,2014-02-12,3,4124.0,610,0,0.0009000900090009,0,366,3926
917,2014-02-12,3,5634.0,688,0,0.0009000900090009,0,674,5598
918,2014-02-12,3,4463.0,568,0,0.0009000900090009,0,888,5531
919,2014-02-12,3,4625.0,641,0,0.0009000900090009,0,632,5444
920,2014-02-12,3,4382.0,497,0,0.0009000900090009,0,361,3347
921,2014-02-12,3,8656.0,1064,0,0.0009000900090009,0,490,5561
922,2014-02-12,3,6205.0,639,0,0.0009000900090009,0,775,3484
923,2014-02-12,3,4630.0,603,0,0.0009000900090009,0,2646,5165
924,2014-02-12,3,3586.0,410,0,0.0009000900090009,0,845,5363
925,2014-02-12,3,5527.0,1055,0,0.0009000900090009,0,367,4590
926,2014-02-12,3,4736.0,431,0,0.0009000900090009,0,526,5460
927,2014-02-12,3,4916.0,774,0,0.0009000900090009,0,489,4009
928,2014-02-12,3,5134.0,517,0,0.0009000900090009,0,1005,8008
929,2014-02-12,3,5142.0,721,0,0.0009000900090009,0,763,5063
930,2014-02-12,3,4811.0,909,0,0.0009000900090009,0,1031,5083
931,2014-02-12,3,2634.0,349,0,0.0009000900090009,0,557,4512
932,2014-02-12,3,6121.0,679,0,0.0009000900090009,0,412,3571
933,2014-02-12,3,6166.0,913,0,0.0009000900090009,0,300,3557
934,2014-02-12,3,5400.0,650,0,0.0009000900090009,0,621,5829
935,2014-02-12,3,4667.0,580,0,0.0009000900090009,0,348,4417
936,2014-02-12,3,6227.0,836,0,0.0009000900090009,0,615,6854
937,2014-02-12,3,4954.0,465,0,0.0009000900090009,0,280,2878
938,2014-02-12,3,7335.0,831,0,0.0009000900090009,0,649,7422
939,2014-02-12,3,4016.0,441,0,0.0009000900090009,0,580,4397
940,2014-02-12,3,6015.0,646,0,0.0009000900090009,0,217,3620
941,2014-02-12,3,3707.0,499,0,0.0009000900090009,0,741,4198
942,2014-02-12,3,4197.0,387,0,0.0009000900090009,0,603,4735
943,2014-02-12,3,5338.0,509,0,0.0009000900090009,0,257,4276
944,2014-02-12,3,5973.0,1014,0,0.0009000900090009,0,281,3257
945,2014-02-12,3,3911.0,577,0,0.0009000900090009,0,483,3034
946,2014-02-12,3,3456.0,483,0,0.0009000900090009,0,800,5160
947,2014-02-12,3,7029.0,1099,0,0.0009000900090009,0,604,6187
948,2014-02-12,3,6140.0,1641,0,0.0009000900090009,0,428,4011
949,2014-02-12,3,4530.0,495,0,0.0009000900090009,0,305,2686
950,2014-02-12,3,4122.0,502,0,0.0009000900090009,0,549,4443
951,2014-02-12,3,5991.0,630,0,0.0009000900090009,0,375,5161
952,2014-02-12,3,4799.0,447,0,0.0009000900090009,0,430,3975
953,2014-02-12,3,4175.0,495,0,0.0009000900090009,0,649,4820
954,2014-02-12,3,5636.0,905,0,0.0009000900090009,0,289,3538
955,2014-02-12,3,3641.0,396,0,0.0009000900090009,0,579,5845
956,2014-02-12,3,3767.0,517,0,0.0009000900090009,0,513,3394
957,2014-02-12,3,6354.0,828,0,0.0009000900090009,0,1126,6593
958,2014-02-12,3,3718.0,557,0,0.0009000900090009,0,339,3821
959,2014-02-12,3,5934.0,727,0,0.0009000900090009,0,439,4070
960,2014-02-12,3,6023.0,519,0,0.0009000900090009,0,413,4047
961,2014-02-12,3,5092.0,591,0,0.0009000900090009,0,381,3780
962,2014-02-12,3,5157.0,766,0,0.0009000900090009,0,1118,6605
963,2014-02-12,3,8372.0,866,0,0.0009000900090009,0,674,6141
964,2014-02-12,3,7541.0,1231,0,0.0009000900090009,0,567,5866
965,2014-02-12,3,7268.0,882,0,0.0009000900090009,0,455,4947
966,2014-02-12,3,3718.0,565,0,0.0009000900090009,0,607,4279
967,2014-02-12,3,5849.0,740,0,0.0009000900090009,0,926,6597
968,2014-02-12,3,6519.0,897,0,0.0009000900090009,0,658,6177
969,2014-02-12,3,2965.0,553,0,0.0009000900090009,0,896,3445
970,2014-02-12,3,3463.0,448,0,0.0009000900090009,0,363,3301
971,2014-02-12,3,5885.0,788,0,0.0009000900090009,0,614,6558
972,2014-02-12,3,2875.0,369,0,0.0009000900090009,0,570,4370
973,2014-02-12,3,4625.0,721,0,0.0009000900090009,0,730,4935
974,2014-02-12,3,9561.0,1510,0,0.0009000900090009,0,380,4539
975,2014-02-12,3,5796.0,633,0,0.0009000900090009,0,1185,7301
976,2014-02-12,3,6217.0,716,0,0.0009000900090009,0,1214,6865
977,2014-02-12,3,3715.0,419,0,0.0009000900090009,0,2367,5843
978,2014-02-12,3,5980.0,920,0,0.0009000900090009,0,847,5577
979,2014-02-12,3,4169.0,517,0,0.0009000900090009,0,331,3368
980,2014-02-12,3,4870.0,465,0,0.0009000900090009,0,294,3726
981,2014-02-12,3,5176.0,622,0,0.0009000900090009,0,671,5819
982,2014-02-12,3,5947.0,564,0,0.0009000900090009,0,684,5817
983,2014-02-12,3,10120.0,1434,0,0.0009000900090009,0,678,8364
984,2014-02-12,3,4208.0,602,0,0.0009000900090009,0,868,5317
985,2014-02-12,3,5615.0,669,0,0.0009000900090009,0,550,4940
986,2014-02-12,3,4718.0,737,0,0.0009000900090009,0,578,4704
987,2014-02-12,3,5663.0,814,0,0.0009000900090009,0,296,3801
988,2014-02-12,3,3725.0,640,0,0.0009000900090009,0,849,4152
989,2014-02-12,3,4378.0,574,0,0.0009000900090009,0,574,4084
990,2014-02-12,3,4600.0,451,0,0.0009000900090009,0,586,4157
991,2014-02-12,3,4052.0,393,0,0.0009000900090009,0,889,4565
992,2014-02-12,3,5321.0,699,0,0.0009000900090009,0,576,4938
993,2014-02-12,3,5729.0,637,0,0.0009000900090009,0,453,5436
994,2014-02-12,3,3672.0,413,0,0.0009000900090009,0,625,4240
995,2014-02-12,3,7312.0,662,0,0.0009000900090009,0,1014,7435
996,2014-02-12,3,5073.0,629,0,0.0009000900090009,0,798,5766
997,2014-02-12,3,3388.0,323,0,0.0009000900090009,0,577,4748
998,2014-02-12,3,3645.0,493,0,0.0009000900090009,0,639,5008
999,2014-02-12,3,7128.0,544,0,0.0009000900090009,0,762,6363
1000,2014-02-12,3,5167.0,555,0,0.0009000900090009,0,460,5555
1001,2014-02-12,3,3967.0,551,0,0.0009000900090009,0,504,5257
1002,2014-02-12,3,4895.0,620,0,0.0009000900090009,0,354,3772
1003,2014-02-12,3,5217.0,654,0,0.0009000900090009,0,728,8146
1004,2014-02-12,3,3815.0,360,0,0.0009000900090009,0,508,3556
1005,2014-02-12,3,4932.0,778,0,0.0009000900090009,0,479,4202
1006,2014-02-12,3,4773.0,760,0,0.0009000900090009,0,3169,6366
1007,2014-02-12,3,4951.0,668,0,0.0009000900090009,0,325,4388
1008,2014-02-12,3,4083.0,645,0,0.0009000900090009,0,167,2547
1009,2014-02-12,3,4175.0,420,0,0.0009000900090009,0,547,2578
1010,2014-02-12,3,5683.0,616,0,0.0009000900090009,0,774,8944
1011,2014-02-12,3,6398.0,839,0,0.0009000900090009,0,280,3526
1012,2014-02-12,3,4867.0,458,0,0.0009000900090009,0,559,4654
1013,2014-02-12,3,3083.0,398,0,0.0009000900090009,0,449,4051
1014,2014-02-12,3,11158.0,1338,0,0.0009000900090009,0,622,7476
1015,2014-02-12,3,4071.0,410,0,0.0009000900090009,0,868,5739
1016,2014-02-12,3,3959.0,417,0,0.0009000900090009,0,525,4537
1017,2014-02-12,3,6235.0,964,0,0.0009000900090009,0,771,5201
1018,2014-02-12,3,9160.0,1211,0,0.0009000900090009,0,400,4600
1019,2014-02-12,3,6454.0,605,0,0.0009000900090009,0,791,7304
1020,2014-02-12,3,7180.0,990,0,0.0009000900090009,0,1200,7309
1021,2014-02-12,3,7645.0,952,0,0.0009000900090009,0,429,5312
1022,2014-02-12,3,5559.0,730,0,0.0009000900090009,0,762,6372
1023,2014-02-12,3,4217.0,510,0,0.0009000900090009,0,392,4422
1024,2014-02-12,3,4431.0,665,0,0.0009000900090009,0,354,3425
1025,2014-02-12,3,6420.0,805,0,0.0009000900090009,0,477,5742
1026,2014-02-12,3,6748.0,997,0,0.0009000900090009,0,487,5180
1027,2014-02-12,3,10186.0,1375,0,0.0009000900090009,0,684,7894
1028,2014-02-12,3,3509.0,458,0,0.0009000900090009,0,555,4710
1029,2014-02-12,3,4894.0,760,0,0.0009000900090009,0,1124,6126
1030,2014-02-12,3,2773.0,290,0,0.0009000900090009,0,509,4533
1031,2014-02-12,3,2929.0,317,0,0.0009000900090009,0,590,4032
1032,2014-02-12,3,7540.0,894,0,0.0009000900090009,0,685,6887
1033,2014-02-12,3,11352.0,1206,0,0.0009000900090009,0,795,9217
1034,2014-02-12,3,5661.0,660,0,0.0009000900090009,0,702,5606
1035,2014-02-12,3,3691.0,536,0,0.0009000900090009,0,1059,5435
1036,2014-02-12,3,3814.0,420,0,0.0009000900090009,0,821,5433
1037,2014-02-12,3,5593.0,855,0,0.0009000900090009,0,753,6063
1038,2014-02-12,3,4336.0,417,0,0.0009000900090009,0,434,4666
1039,2014-02-12,3,6426.0,944,0,0.0009000900090009,0,430,6263
1040,2014-02-12,3,7027.0,780,0,0.0009000900090009,0,828,7436
1041,2014-02-12,3,4549.0,576,0,0.0009000900090009,0,1036,5683
1042,2014-02-12,3,3166.0,469,0,0.0009000900090009,0,577,3788
1043,2014-02-12,3,6532.0,1037,0,0.0009000900090009,0,844,7341
1044,2014-02-12,3,4922.0,723,0,0.0009000900090009,0,867,6710
1045,2014-02-12,3,5697.0,789,0,0.0009000900090009,0,584,6092
1046,2014-02-12,3,6938.0,583,0,0.0009000900090009,0,2533,8923
1047,2014-02-12,3,4691.0,486,0,0.0009000900090009,0,790,6283
1048,2014-02-12,3,4732.0,418,0,0.0009000900090009,0,340,3765
1049,2014-02-12,3,3481.0,616,0,0.0009000900090009,0,512,3953
1050,2014-02-12,3,5517.0,416,0,0.0009000900090009,0,569,6500
1051,2014-02-12,3,6062.0,943,0,0.0009000900090009,0,352,4124
1052,2014-02-12,3,5841.0,700,0,0.0009000900090009,0,392,4352
1053,2014-02-12,3,6909.0,915,0,0.0009000900090009,0,739,7282
1054,2014-02-12,3,4821.0,580,0,0.0009000900090009,0,1644,6164
1055,2014-02-12,3,6349.0,868,0,0.0009000900090009,0,489,4968
1056,2014-02-12,3,2941.0,314,0,0.0009000900090009,0,811,3212
1057,2014-02-12,3,4591.0,512,0,0.0009000900090009,0,648,5249
1058,2014-02-12,3,5476.0,684,0,0.0009000900090009,0,379,4030
1059,2014-02-12,3,6730.0,1000,0,0.0009000900090009,0,272,4390
1060,2014-02-12,3,6108.0,807,0,0.0009000900090009,0,439,5933
1061,2014-02-12,3,5644.0,485,0,0.0009000900090009,0,622,5458
1062,2014-02-12,3,4510.0,459,0,0.0009000900090009,0,564,4552
1063,2014-02-12,3,3280.0,495,0,0.0009000900090009,0,3225,4967
1064,2014-02-12,3,7859.0,977,0,0.0009000900090009,0,442,5064
1065,2014-02-12,3,3420.0,457,0,0.0009000900090009,0,789,4913
1066,2014-02-12,3,9611.0,1081,0,0.0009000900090009,0,262,3435
1067,2014-02-12,3,4476.0,418,0,0.0009000900090009,0,982,5038
1068,2014-02-12,3,3945.0,274,0,0.0009000900090009,0,525,3967
1069,2014-02-12,3,6463.0,1006,0,0.0009000900090009,0,761,5086
1070,2014-02-12,3,5209.0,713,0,0.0009000900090009,0,466,6458
1071,2014-02-12,3,4768.0,651,0,0.0009000900090009,0,509,5096
1072,2014-02-12,3,6242.0,619,0,0.0009000900090009,0,735,4471
1073,2014-02-12,3,6302.0,911,0,0.0009000900090009,0,575,4285
1074,2014-02-12,3,3494.0,452,0,0.0009000900090009,0,1169,5511
1075,2014-02-12,3,8748.0,967,0,0.0009000900090009,0,574,5981
1076,2014-02-12,3,2786.0,508,0,0.0009000900090009,0,783,2747
1077,2014-02-12,3,3424.0,422,0,0.0009000900090009,0,1074,4801
1078,2014-02-12,3,4890.0,430,0,0.0009000900090009,0,214,2425
1079,2014-02-12,3,5936.0,563,0,0.0009000900090009,0,364,4126
1080,2014-02-12,3,8696.0,759,0,0.0009000900090009,0,699,6938
1081,2014-02-12,3,6604.0,1126,0,0.0009000900090009,0,599,4523
1082,2014-02-12,3,5758.0,936,0,0.0009000900090009,0,526,5242
1083,2014-02-12,3,4147.0,325,0,0.0009000900090009,0,704,4708
1084,2014-02-12,3,5240.0,746,0,0.0009000900090009,0,454,4305
1085,2014-02-12,3,6317.0,724,0,0.0009000900090009,0,991,6693
1086,2014-02-12,3,5291.0,705,0,0.0009000900090009,0,769,6189
1087,2014-02-12,3,4803.0,525,0,0.0009000900090009,0,521,5927
1088,2014-02-12,3,4333.0,465,0,0.0009000900090009,0,581,4659
1089,2014-02-12,3,7727.0,871,0,0.0009000900090009,0,490,4514
1090,2014-02-12,3,6271.0,946,0,0.0009000900090009,0,500,3173
1091,2014-02-12,3,5669.0,546,0,0.0009000900090009,0,728,8419
1092,2014-02-12,3,9377.0,983,0,0.0009000900090009,0,979,9138
1093,2014-02-12,3,7366.0,812,0,0.0009000900090009,0,571,5951
1094,2014-02-12,3,3478.0,314,0,0.0009000900090009,0,237,1321
1095,2014-02-12,3,4284.0,657,0,0.0009000900090009,0,407,1650
1096,2014-02-12,3,4030.0,561,0,0.0009000900090009,0,956,5379
1097,2014-02-12,3,9414.0,2533,0,0.0009000900090009,0,139,2778
1098,2014-02-12,3,4311.0,657,0,0.0009000900090009,0,790,5076
1099,2014-02-12,3,6140.0,807,0,0.0009000900090009,0,507,6280
1100,2014-02-12,3,4263.0,623,0,0.0009000900090009,0,963,5814
1101,2014-02-12,3,7351.0,866,0,0.0009000900090009,0,285,3281
1102,2014-02-12,3,5988.0,680,0,0.0009000900090009,0,1627,6454
1103,2014-02-12,3,3484.0,288,0,0.0009000900090009,0,938,6584
1104,2014-02-12,3,3898.0,323,0,0.0009000900090009,0,429,3965
1105,2014-02-12,3,3372.0,406,0,0.0009000900090009,0,472,3300
1106,2014-02-12,3,4206.0,529,0,0.0009000900090009,0,781,4531
1107,2014-02-12,3,4234.0,521,0,0.0009000900090009,0,470,4858
1108,2014-02-12,3,4832.0,533,0,0.0009000900090009,0,654,5159
1109,2014-02-12,3,3652.0,394,0,0.0009000900090009,0,969,6030
1110,2014-02-12,3,3179.0,429,0,0.0009000900090009,0,429,2744
1111,2014-02-12,3,4889.0,433,0,0.0009000900090009,0,657,4658
1112,2014-02-12,3,6779.0,647,0,0.0009000900090009,0,1303,9105
1113,2014-02-12,3,5347.0,648,0,0.0009000900090009,0,550,5256
1114,2014-02-12,3,17462.0,2826,0,0.0009000900090009,0,837,11319
1115,2014-02-12,3,3982.0,319,0,0.0009000900090009,0,285,3867
1,2014-02-05,3,5031.0,581,1,1.0,1,566,5559
2,2014-02-05,3,7198.0,820,1,1.0,1,648,4314
3,2014-02-05,3,8124.0,834,1,1.0,1,387,5237
4,2014-02-05,3,10046.0,1386,1,1.0,1,458,7685
5,2014-02-05,3,6486.0,700,1,1.0,1,816,5831
6,2014-02-05,3,6017.0,695,1,1.0,1,590,5506
7,2014-02-05,3,8998.0,922,1,1.0,1,635,7869
8,2014-02-05,3,6595.0,757,1,1.0,1,496,6681
9,2014-02-05,3,7514.0,643,1,1.0,1,476,7189
10,2014-02-05,3,5062.0,590,1,1.0,1,974,7434
11,2014-02-05,3,9024.0,1219,1,1.0,1,807,8063
12,2014-02-05,3,9489.0,1036,1,1.0,1,718,8366
13,2014-02-05,3,6058.0,441,1,1.0,1,1232,5763
14,2014-02-05,3,5842.0,634,1,1.0,1,525,5693
15,2014-02-05,3,7593.0,665,1,1.0,1,545,6478
16,2014-02-05,3,8487.0,915,1,1.0,1,644,7537
17,2014-02-05,3,8126.0,926,1,1.0,1,484,6474
18,2014-02-05,3,7434.0,826,1,1.0,1,799,7405
19,2014-02-05,3,7119.0,708,1,1.0,1,417,5351
20,2014-02-05,3,8352.0,964,1,1.0,1,807,8252
21,2014-02-05,3,6339.0,582,1,1.0,1,575,6098
22,2014-02-05,3,4805.0,505,1,1.0,1,903,5812
23,2014-02-05,3,6132.0,465,1,1.0,1,727,5694
24,2014-02-05,3,11179.0,973,1,1.0,1,926,9942
26,2014-02-05,3,7733.0,555,1,1.0,1,823,8334
27,2014-02-05,3,11685.0,1189,1,1.0,1,2093,12704
28,2014-02-05,3,5635.0,603,1,1.0,1,533,6359
29,2014-02-05,3,7699.0,684,1,1.0,1,478,7144
30,2014-02-05,3,6529.0,937,1,1.0,1,703,6212
31,2014-02-05,3,5940.0,578,1,1.0,1,727,5922
32,2014-02-05,3,4577.0,508,1,1.0,1,1298,6020
33,2014-02-05,3,9160.0,838,1,1.0,1,561,7891
34,2014-02-05,3,7865.0,974,1,1.0,1,2078,10948
35,2014-02-05,3,11133.0,736,1,1.0,1,483,6693
36,2014-02-05,3,9588.0,1110,1,1.0,1,539,9338
37,2014-02-05,3,7061.0,722,1,1.0,1,672,6899
38,2014-02-05,3,6337.0,529,1,1.0,1,467,6757
39,2014-02-05,3,6837.0,791,1,1.0,1,574,5975
40,2014-02-05,3,5184.0,650,1,1.0,1,1414,5501
41,2014-02-05,3,5495.0,403,1,1.0,1,1004,9442
42,2014-02-05,3,11022.0,1206,1,1.0,1,1033,10346
43,2014-02-05,3,8601.0,714,1,1.0,1,761,7389
44,2014-02-05,3,6246.0,681,1,1.0,1,1068,7788
45,2014-02-05,3,5578.0,386,1,1.0,1,797,5375
46,2014-02-05,3,6398.0,743,1,1.0,1,873,5739
47,2014-02-05,3,8346.0,1080,1,1.0,1,466,6888
48,2014-02-05,3,4588.0,494,1,1.0,1,638,3622
49,2014-02-05,3,7869.0,526,1,1.0,1,835,7216
50,2014-02-05,3,4572.0,340,1,1.0,1,1074,8648
51,2014-02-05,3,6111.0,431,1,1.0,1,670,6370
52,2014-02-05,3,9276.0,570,1,1.0,1,435,6672
53,2014-02-05,3,6169.0,627,1,1.0,1,1263,6002
54,2014-02-05,3,8137.0,725,1,1.0,1,780,7441
55,2014-02-05,3,5564.0,615,1,1.0,1,633,5244
56,2014-02-05,3,6508.0,408,1,1.0,1,685,5692
57,2014-02-05,3,12888.0,1141,1,1.0,1,946,11917
58,2014-02-05,3,7068.0,517,1,1.0,1,1748,6485
59,2014-02-05,3,6726.0,685,1,1.0,1,833,7472
60,2014-02-05,3,9652.0,861,1,1.0,1,1097,8241
61,2014-02-05,3,4997.0,617,1,1.0,1,508,5723
62,2014-02-05,3,7357.0,792,1,1.0,1,699,5977
63,2014-02-05,3,7176.0,619,1,1.0,1,770,7569
64,2014-02-05,3,9871.0,726,1,1.0,1,464,7175
65,2014-02-05,3,5731.0,491,1,1.0,1,1077,7342
66,2014-02-05,3,5974.0,490,1,1.0,1,531,6409
67,2014-02-05,3,9609.0,932,1,1.0,1,579,8631
68,2014-02-05,3,7152.0,1139,1,1.0,1,863,6304
69,2014-02-05,3,9876.0,1164,1,1.0,1,671,9150
70,2014-02-05,3,7338.0,767,1,1.0,1,482,6263
71,2014-02-05,3,10738.0,799,1,1.0,1,774,9758
72,2014-02-05,3,5457.0,563,1,1.0,1,651,5355
73,2014-02-05,3,5668.0,551,1,1.0,1,734,5631
74,2014-02-05,3,6347.0,871,1,1.0,1,714,8375
75,2014-02-05,3,5711.0,592,1,1.0,1,437,6071
76,2014-02-05,3,8947.0,878,1,1.0,1,747,9340
77,2014-02-05,3,7447.0,662,1,1.0,1,928,8297
78,2014-02-05,3,3884.0,513,1,1.0,1,463,4151
79,2014-02-05,3,6124.0,580,1,1.0,1,653,5615
80,2014-02-05,3,6838.0,489,1,1.0,1,648,7088
81,2014-02-05,3,6234.0,527,1,1.0,1,733,6696
82,2014-02-05,3,10061.0,893,1,1.0,1,953,8770
83,2014-02-05,3,3772.0,361,1,1.0,1,588,4139
84,2014-02-05,3,14895.0,1622,1,1.0,1,687,9913
85,2014-02-05,3,7107.0,914,1,1.0,1,327,4542
86,2014-02-05,3,5300.0,673,1,1.0,1,388,4225
87,2014-02-05,3,6950.0,804,1,1.0,1,1229,7454
88,2014-02-05,3,7096.0,693,1,1.0,1,885,6611
89,2014-02-05,3,6827.0,693,1,1.0,1,1623,6854
90,2014-02-05,3,9105.0,1108,1,1.0,1,561,8774
91,2014-02-05,3,6563.0,721,1,1.0,1,1682,7087
92,2014-02-05,3,7221.0,561,1,1.0,1,783,6735
93,2014-02-05,3,6210.0,598,1,1.0,1,708,6374
94,2014-02-05,3,8060.0,652,1,1.0,1,546,7876
95,2014-02-05,3,8612.0,910,1,1.0,1,656,8081
96,2014-02-05,3,7000.0,672,1,1.0,1,580,5664
97,2014-02-05,3,7416.0,689,1,1.0,1,1854,6625
98,2014-02-05,3,4743.0,405,1,1.0,1,795,6133
99,2014-02-05,3,5636.0,504,1,1.0,1,616,5057
100,2014-02-05,3,8102.0,664,1,1.0,1,823,9837
101,2014-02-05,3,7782.0,769,1,1.0,1,707,8107
102,2014-02-05,3,7803.0,1154,1,1.0,1,871,7513
103,2014-02-05,3,4078.0,386,1,1.0,1,523,4476
104,2014-02-05,3,10113.0,1265,1,1.0,1,1239,11468
105,2014-02-05,3,4926.0,617,1,1.0,1,665,4837
106,2014-02-05,3,9102.0,825,1,1.0,1,752,7621
107,2014-02-05,3,7477.0,959,1,1.0,1,706,8565
108,2014-02-05,3,10664.0,815,1,1.0,1,616,9280
109,2014-02-05,3,7080.0,757,1,1.0,1,863,7390
110,2014-02-05,3,5024.0,619,1,1.0,1,746,5338
111,2014-02-05,3,7804.0,570,1,1.0,1,834,6465
112,2014-02-05,3,6942.0,813,1,1.0,1,932,7285
113,2014-02-05,3,8879.0,821,1,1.0,1,1150,8152
114,2014-02-05,3,5828.0,658,1,1.0,1,919,7200
115,2014-02-05,3,7896.0,574,1,1.0,1,434,7260
116,2014-02-05,3,7619.0,820,1,1.0,1,580,6619
117,2014-02-05,3,4217.0,526,1,1.0,1,984,5224
118,2014-02-05,3,8330.0,642,1,1.0,1,620,8178
119,2014-02-05,3,7331.0,732,1,1.0,1,675,6622
120,2014-02-05,3,7607.0,654,1,1.0,1,689,8414
121,2014-02-05,3,5149.0,512,1,1.0,1,1441,6094
122,2014-02-05,3,6035.0,678,1,1.0,1,2963,5737
123,2014-02-05,3,10528.0,1176,1,1.0,1,463,8195
124,2014-02-05,3,4749.0,560,1,1.0,1,848,5632
125,2014-02-05,3,12692.0,1707,1,1.0,1,435,7576
126,2014-02-05,3,7055.0,611,1,1.0,1,1462,7668
127,2014-02-05,3,5700.0,695,1,1.0,1,667,5052
128,2014-02-05,3,7648.0,608,1,1.0,1,862,8106
129,2014-02-05,3,10667.0,1235,1,1.0,1,903,8181
130,2014-02-05,3,5346.0,591,1,1.0,1,717,5321
131,2014-02-05,3,6561.0,651,1,1.0,1,777,5952
132,2014-02-05,3,6261.0,571,1,1.0,1,511,6113
133,2014-02-05,3,7836.0,842,1,1.0,1,1072,7861
134,2014-02-05,3,5025.0,532,1,1.0,1,526,4434
135,2014-02-05,3,6223.0,505,1,1.0,1,486,5831
136,2014-02-05,3,7608.0,544,1,1.0,1,559,7161
137,2014-02-05,3,8710.0,957,1,1.0,1,519,8749
138,2014-02-05,3,8311.0,787,1,1.0,1,1568,8281
139,2014-02-05,3,7224.0,533,1,1.0,1,824,7362
140,2014-02-05,3,7703.0,1004,1,1.0,1,311,5246
141,2014-02-05,3,6698.0,676,1,1.0,1,859,6078
142,2014-02-05,3,4759.0,586,1,1.0,1,700,4433
143,2014-02-05,3,7378.0,612,1,1.0,1,513,6425
144,2014-02-05,3,7983.0,670,1,1.0,1,518,6734
145,2014-02-05,3,9410.0,1257,1,1.0,1,571,9367
146,2014-02-05,3,8046.0,673,1,1.0,1,862,9186
147,2014-02-05,3,10062.0,988,1,1.0,1,659,9514
148,2014-02-05,3,8912.0,834,1,1.0,1,445,8012
149,2014-02-05,3,6776.0,523,1,1.0,1,2065,7415
150,2014-02-05,3,8696.0,833,1,1.0,1,815,6525
151,2014-02-05,3,6946.0,659,1,1.0,1,847,6401
152,2014-02-05,3,7382.0,765,1,1.0,1,844,5509
153,2014-02-05,3,8938.0,707,1,1.0,1,665,7046
154,2014-02-05,3,9194.0,720,1,1.0,1,1104,9333
155,2014-02-05,3,7337.0,645,1,1.0,1,586,7397
156,2014-02-05,3,8828.0,810,1,1.0,1,673,7686
157,2014-02-05,3,11358.0,1115,1,1.0,1,593,9196
158,2014-02-05,3,9448.0,548,1,1.0,1,478,7807
159,2014-02-05,3,8055.0,660,1,1.0,1,592,7344
160,2014-02-05,3,6119.0,565,1,1.0,1,699,7363
161,2014-02-05,3,7101.0,791,1,1.0,1,480,6164
162,2014-02-05,3,8344.0,549,1,1.0,1,707,8326
163,2014-02-05,3,6580.0,772,1,1.0,1,601,7085
164,2014-02-05,3,7545.0,700,1,1.0,1,1057,7626
165,2014-02-05,3,4759.0,511,1,1.0,1,718,4743
166,2014-02-05,3,7107.0,888,1,1.0,1,791,6763
167,2014-02-05,3,12351.0,1374,1,1.0,1,593,9473
168,2014-02-05,3,8622.0,771,1,1.0,1,410,6043
169,2014-02-05,3,7842.0,739,1,1.0,1,474,7287
170,2014-02-05,3,5435.0,531,1,1.0,1,436,5188
171,2014-02-05,3,9232.0,907,1,1.0,1,904,9283
172,2014-02-05,3,7060.0,894,1,1.0,1,617,7079
173,2014-02-05,3,8702.0,1024,1,1.0,1,1599,9641
174,2014-02-05,3,5796.0,416,1,1.0,1,439,6637
175,2014-02-05,3,6151.0,683,1,1.0,1,1023,6045
176,2014-02-05,3,5916.0,687,1,1.0,1,923,6470
177,2014-02-05,3,5097.0,575,1,1.0,1,147,2585
178,2014-02-05,3,11462.0,976,1,1.0,1,592,9438
179,2014-02-05,3,8641.0,1052,1,1.0,1,1128,9419
180,2014-02-05,3,7528.0,863,1,1.0,1,629,7049
181,2014-02-05,3,8379.0,781,1,1.0,1,1124,8084
182,2014-02-05,3,5437.0,404,1,1.0,1,686,6213
183,2014-02-05,3,4876.0,561,1,1.0,1,349,4175
184,2014-02-05,3,7578.0,619,1,1.0,1,780,6769
185,2014-02-05,3,6649.0,465,1,1.0,1,435,7118
186,2014-02-05,3,4114.0,378,1,1.0,1,305,3051
187,2014-02-05,3,6467.0,828,1,1.0,1,399,3847
188,2014-02-05,3,5601.0,456,1,1.0,1,968,6546
189,2014-02-05,3,10291.0,867,1,1.0,1,429,6765
190,2014-02-05,3,7587.0,685,1,1.0,1,1505,9219
191,2014-02-05,3,5890.0,624,1,1.0,1,1213,7480
192,2014-02-05,3,7326.0,529,1,1.0,1,721,7737
193,2014-02-05,3,7376.0,999,1,1.0,1,862,5216
194,2014-02-05,3,4962.0,407,1,1.0,1,817,6157
195,2014-02-05,3,12573.0,1434,1,1.0,1,1036,13231
196,2014-02-05,3,5530.0,717,1,1.0,1,648,6022
197,2014-02-05,3,8746.0,973,1,1.0,1,635,7489
198,2014-02-05,3,3460.0,364,1,1.0,1,696,3618
199,2014-02-05,3,8741.0,595,1,1.0,1,967,7452
200,2014-02-05,3,8352.0,1000,1,1.0,1,497,6937
201,2014-02-05,3,5503.0,373,1,1.0,1,873,6613
202,2014-02-05,3,6174.0,480,1,1.0,1,604,6784
203,2014-02-05,3,9195.0,1184,1,1.0,1,1018,7628
204,2014-02-05,3,5932.0,555,1,1.0,1,605,4853
205,2014-02-05,3,7556.0,959,1,1.0,1,617,7444
206,2014-02-05,3,7946.0,882,1,1.0,1,524,6029
207,2014-02-05,3,13333.0,1458,1,1.0,1,564,8829
208,2014-02-05,3,2740.0,363,1,1.0,1,637,3007
209,2014-02-05,3,5830.0,592,1,1.0,1,266,2064
210,2014-02-05,3,3960.0,351,1,1.0,1,488,5003
211,2014-02-05,3,15119.0,1619,1,1.0,1,620,9908
212,2014-02-05,3,6533.0,574,1,1.0,1,610,5814
213,2014-02-05,3,9844.0,736,1,1.0,1,828,8673
214,2014-02-05,3,9200.0,665,1,1.0,1,840,11625
215,2014-02-05,3,7534.0,500,1,1.0,1,572,7268
216,2014-02-05,3,7512.0,905,1,1.0,1,523,7146
217,2014-02-05,3,4640.0,668,1,1.0,1,1197,8360
218,2014-02-05,3,5967.0,773,1,1.0,1,559,5530
219,2014-02-05,3,3679.0,446,1,1.0,1,556,1902
220,2014-02-05,3,5596.0,722,1,1.0,1,475,6302
221,2014-02-05,3,5761.0,530,1,1.0,1,968,6103
222,2014-02-05,3,5431.0,600,1,1.0,1,563,6406
223,2014-02-05,3,8764.0,808,1,1.0,1,961,8199
224,2014-02-05,3,7031.0,474,1,1.0,1,970,6890
225,2014-02-05,3,5316.0,575,1,1.0,1,647,4053
226,2014-02-05,3,7538.0,693,1,1.0,1,566,7585
227,2014-02-05,3,6744.0,598,1,1.0,1,683,6158
228,2014-02-05,3,7876.0,540,1,1.0,1,400,6167
229,2014-02-05,3,9332.0,742,1,1.0,1,1000,8914
230,2014-02-05,3,7921.0,940,1,1.0,1,450,7783
231,2014-02-05,3,5039.0,393,1,1.0,1,1180,7864
232,2014-02-05,3,2924.0,250,1,1.0,1,548,3650
233,2014-02-05,3,10102.0,1060,1,1.0,1,943,13060
234,2014-02-05,3,13886.0,1148,1,1.0,1,701,10769
235,2014-02-05,3,6945.0,565,1,1.0,1,518,6087
236,2014-02-05,3,7224.0,887,1,1.0,1,567,7541
237,2014-02-05,3,4346.0,545,1,1.0,1,495,4368
238,2014-02-05,3,9155.0,1291,1,1.0,1,891,9078
239,2014-02-05,3,4985.0,445,1,1.0,1,632,4112
240,2014-02-05,3,4732.0,453,1,1.0,1,871,5943
241,2014-02-05,3,6787.0,722,1,1.0,1,908,7333
242,2014-02-05,3,4327.0,344,1,1.0,1,615,3513
243,2014-02-05,3,9511.0,1096,1,1.0,1,521,7826
244,2014-02-05,3,5502.0,520,1,1.0,1,605,5430
245,2014-02-05,3,9194.0,1076,1,1.0,1,980,9117
246,2014-02-05,3,7522.0,987,1,1.0,1,634,6942
247,2014-02-05,3,9467.0,710,1,1.0,1,975,9410
248,2014-02-05,3,8995.0,1150,1,1.0,1,357,5524
249,2014-02-05,3,4857.0,501,1,1.0,1,772,6283
250,2014-02-05,3,10511.0,713,1,1.0,1,785,9581
251,2014-02-05,3,21067.0,2566,1,1.0,1,585,12202
252,2014-02-05,3,12976.0,854,1,1.0,1,743,10948
253,2014-02-05,3,7481.0,796,1,1.0,1,427,5504
254,2014-02-05,3,3024.0,238,1,1.0,1,1438,5960
255,2014-02-05,3,6497.0,660,1,1.0,1,738,6965
256,2014-02-05,3,11279.0,1398,1,1.0,1,760,10265
257,2014-02-05,3,5661.0,651,1,1.0,1,533,5793
258,2014-02-05,3,5452.0,466,1,1.0,1,750,6348
259,2014-02-05,3,12924.0,2621,1,1.0,1,488,8133
260,2014-02-05,3,6822.0,914,1,1.0,1,472,5751
261,2014-02-05,3,16781.0,1092,1,1.0,1,920,13422
262,2014-02-05,3,19773.0,2992,1,1.0,1,536,11273
263,2014-02-05,3,3458.0,336,1,1.0,1,780,2488
264,2014-02-05,3,8704.0,1135,1,1.0,1,1009,8376
265,2014-02-05,3,5597.0,531,1,1.0,1,931,5691
266,2014-02-05,3,4937.0,603,1,1.0,1,854,4765
267,2014-02-05,3,8718.0,968,1,1.0,1,1055,9236
268,2014-02-05,3,6350.0,741,1,1.0,1,697,4863
269,2014-02-05,3,10361.0,1311,1,1.0,1,1102,9970
270,2014-02-05,3,9041.0,1193,1,1.0,1,323,6999
271,2014-02-05,3,10012.0,982,1,1.0,1,821,8080
272,2014-02-05,3,7673.0,704,1,1.0,1,830,6918
273,2014-02-05,3,7629.0,750,1,1.0,1,439,6933
274,2014-02-05,3,3306.0,853,1,1.0,1,1015,4525
275,2014-02-05,3,8482.0,777,1,1.0,1,772,8551
276,2014-02-05,3,4966.0,596,1,1.0,1,619,5090
277,2014-02-05,3,7451.0,553,1,1.0,1,696,6989
278,2014-02-05,3,8066.0,867,1,1.0,1,723,8322
279,2014-02-05,3,8958.0,648,1,1.0,1,1389,9864
280,2014-02-05,3,5856.0,473,1,1.0,1,723,6302
281,2014-02-05,3,5564.0,485,1,1.0,1,872,6099
282,2014-02-05,3,5024.0,685,1,1.0,1,1013,6498
283,2014-02-05,3,6777.0,700,1,1.0,1,544,7221
284,2014-02-05,3,6218.0,478,1,1.0,1,773,5638
285,2014-02-05,3,5104.0,421,1,1.0,1,614,6175
286,2014-02-05,3,5688.0,476,1,1.0,1,779,6178
287,2014-02-05,3,8285.0,811,1,1.0,1,1314,9136
288,2014-02-05,3,5924.0,413,1,1.0,1,588,6169
289,2014-02-05,3,7007.0,550,1,1.0,1,518,6213
290,2014-02-05,3,8015.0,737,1,1.0,1,395,5470
291,2014-02-05,3,8932.0,905,1,1.0,1,660,7670
292,2014-02-05,3,6216.0,724,1,1.0,1,612,5943
293,2014-02-05,3,7041.0,872,1,1.0,1,684,5567
294,2014-02-05,3,6606.0,863,1,1.0,1,422,5481
295,2014-02-05,3,5770.0,663,1,1.0,1,472,3757
296,2014-02-05,3,7726.0,780,1,1.0,1,583,7480
297,2014-02-05,3,8169.0,774,1,1.0,1,687,7422
298,2014-02-05,3,7785.0,627,1,1.0,1,533,5882
299,2014-02-05,3,5235.0,512,1,1.0,1,493,5515
300,2014-02-05,3,6895.0,839,1,1.0,1,602,7145
301,2014-02-05,3,5813.0,640,1,1.0,1,802,6699
302,2014-02-05,3,3748.0,304,1,1.0,1,578,3820
303,2014-02-05,3,7176.0,726,1,1.0,1,1052,6462
304,2014-02-05,3,8165.0,1139,1,1.0,1,546,7213
305,2014-02-05,3,5449.0,466,1,1.0,1,527,6191
306,2014-02-05,3,4793.0,475,1,1.0,1,683,4735
307,2014-02-05,3,2509.0,267,1,1.0,1,1040,4585
308,2014-02-05,3,11302.0,1052,1,1.0,1,531,7003
309,2014-02-05,3,8140.0,637,1,1.0,1,592,7430
310,2014-02-05,3,8336.0,670,1,1.0,1,713,7683
311,2014-02-05,3,7963.0,971,1,1.0,1,312,4831
312,2014-02-05,3,6083.0,519,1,1.0,1,192,1719
313,2014-02-05,3,7781.0,718,1,1.0,1,843,6885
314,2014-02-05,3,6454.0,674,1,1.0,1,648,6275
315,2014-02-05,3,5042.0,505,1,1.0,1,642,4657
316,2014-02-05,3,10653.0,918,1,1.0,1,552,7639
317,2014-02-05,3,5496.0,550,1,1.0,1,550,4785
318,2014-02-05,3,8926.0,759,1,1.0,1,462,7717
319,2014-02-05,3,7822.0,808,1,1.0,1,509,6208
320,2014-02-05,3,16967.0,2153,1,1.0,1,902,12463
321,2014-02-05,3,6032.0,583,1,1.0,1,447,6305
322,2014-02-05,3,5414.0,567,1,1.0,1,1383,7052
323,2014-02-05,3,7829.0,618,1,1.0,1,509,7598
324,2014-02-05,3,6465.0,780,1,1.0,1,497,6031
325,2014-02-05,3,6754.0,662,1,1.0,1,619,7311
326,2014-02-05,3,4621.0,335,1,1.0,1,462,5840
327,2014-02-05,3,7882.0,953,1,1.0,1,762,8436
328,2014-02-05,3,5096.0,575,1,1.0,1,819,5541
329,2014-02-05,3,7297.0,646,1,1.0,1,883,6754
330,2014-02-05,3,4015.0,429,1,1.0,1,655,4343
331,2014-02-05,3,7009.0,914,1,1.0,1,662,7440
332,2014-02-05,3,4354.0,560,1,1.0,1,802,3684
333,2014-02-05,3,10190.0,1298,1,1.0,1,798,9682
334,2014-02-05,3,6383.0,596,1,1.0,1,1560,4998
335,2014-02-05,3,19837.0,3184,1,1.0,1,1309,13668
336,2014-02-05,3,15924.0,2078,1,1.0,1,495,8228
337,2014-02-05,3,4906.0,368,1,1.0,1,500,5879
338,2014-02-05,3,7573.0,596,1,1.0,1,1030,6219
339,2014-02-05,3,5472.0,655,1,1.0,1,721,5385
340,2014-02-05,3,8839.0,882,1,1.0,1,819,6608
341,2014-02-05,3,5768.0,814,1,1.0,1,508,6122
342,2014-02-05,3,11646.0,839,1,1.0,1,552,8023
343,2014-02-05,3,7728.0,669,1,1.0,1,667,8230
344,2014-02-05,3,9257.0,1217,1,1.0,1,754,8648
345,2014-02-05,3,5228.0,521,1,1.0,1,626,4859
346,2014-02-05,3,6580.0,609,1,1.0,1,595,7572
347,2014-02-05,3,4896.0,377,1,1.0,1,531,4864
348,2014-02-05,3,8702.0,709,1,1.0,1,589,7716
349,2014-02-05,3,7944.0,775,1,1.0,1,477,6636
350,2014-02-05,3,7095.0,463,1,1.0,1,631,7429
351,2014-02-05,3,6533.0,537,1,1.0,1,893,6060
352,2014-02-05,3,6512.0,589,1,1.0,1,947,7828
353,2014-02-05,3,6069.0,1498,1,1.0,1,562,5949
354,2014-02-05,3,8331.0,701,1,1.0,1,1052,9347
355,2014-02-05,3,9947.0,1186,1,1.0,1,908,9504
356,2014-02-05,3,5552.0,433,1,1.0,1,436,6638
357,2014-02-05,3,9248.0,1154,1,1.0,1,839,8184
358,2014-02-05,3,10460.0,1128,1,1.0,1,626,8041
359,2014-02-05,3,6723.0,567,1,1.0,1,473,6595
360,2014-02-05,3,7498.0,753,1,1.0,1,899,6539
361,2014-02-05,3,7013.0,618,1,1.0,1,716,7266
362,2014-02-05,3,9737.0,1196,1,1.0,1,821,9963
363,2014-02-05,3,7176.0,980,1,1.0,1,955,8362
364,2014-02-05,3,4678.0,528,1,1.0,1,818,7274
365,2014-02-05,3,5923.0,604,1,1.0,1,795,5072
366,2014-02-05,3,6325.0,609,1,1.0,1,551,7419
367,2014-02-05,3,6111.0,583,1,1.0,1,442,5260
368,2014-02-05,3,10594.0,743,1,1.0,1,829,10857
369,2014-02-05,3,7089.0,528,1,1.0,1,417,5659
370,2014-02-05,3,8195.0,603,1,1.0,1,649,9396
371,2014-02-05,3,7949.0,576,1,1.0,1,862,7691
372,2014-02-05,3,8776.0,757,1,1.0,1,734,9142
373,2014-02-05,3,5075.0,331,1,1.0,1,1341,5667
374,2014-02-05,3,8097.0,880,1,1.0,1,566,7519
375,2014-02-05,3,11842.0,908,1,1.0,1,980,8920
376,2014-02-05,3,9156.0,1016,1,1.0,1,299,5501
377,2014-02-05,3,8727.0,996,1,1.0,1,665,10621
378,2014-02-05,3,7637.0,1053,1,1.0,1,517,4365
379,2014-02-05,3,4332.0,512,1,1.0,1,392,3923
380,2014-02-05,3,17869.0,1661,1,1.0,1,860,12462
381,2014-02-05,3,9509.0,1042,1,1.0,1,433,6681
382,2014-02-05,3,8359.0,672,1,1.0,1,712,7865
383,2014-02-05,3,18099.0,2187,1,1.0,1,387,8561
384,2014-02-05,3,9908.0,1060,1,1.0,1,969,10087
385,2014-02-05,3,8531.0,705,1,1.0,1,379,5941
386,2014-02-05,3,10605.0,764,1,1.0,1,898,8435
387,2014-02-05,3,10236.0,1257,1,1.0,1,431,11193
388,2014-02-05,3,11211.0,1141,1,1.0,1,468,8608
389,2014-02-05,3,12508.0,1424,1,1.0,1,563,8536
390,2014-02-05,3,14098.0,1250,1,1.0,1,369,6437
391,2014-02-05,3,6409.0,749,1,1.0,1,1772,7029
392,2014-02-05,3,8160.0,745,1,1.0,1,588,7797
393,2014-02-05,3,6434.0,620,1,1.0,1,455,7731
394,2014-02-05,3,7671.0,554,1,1.0,1,916,8725
395,2014-02-05,3,3856.0,508,1,1.0,1,808,5735
396,2014-02-05,3,10668.0,1091,1,1.0,1,613,8883
397,2014-02-05,3,7083.0,915,1,1.0,1,455,5518
398,2014-02-05,3,6197.0,637,1,1.0,1,1354,7057
399,2014-02-05,3,6147.0,598,1,1.0,1,441,6280
400,2014-02-05,3,10370.0,1349,1,1.0,1,456,7392
401,2014-02-05,3,8293.0,779,1,1.0,1,764,9710
402,2014-02-05,3,5951.0,610,1,1.0,1,792,6246
403,2014-02-05,3,8348.0,766,1,1.0,1,479,7351
404,2014-02-05,3,5986.0,660,1,1.0,1,506,4730
405,2014-02-05,3,5647.0,535,1,1.0,1,630,5253
406,2014-02-05,3,6260.0,416,1,1.0,1,980,7379
407,2014-02-05,3,4170.0,316,1,1.0,1,503,3775
408,2014-02-05,3,4822.0,464,1,1.0,1,1234,7792
409,2014-02-05,3,6006.0,559,1,1.0,1,463,6055
410,2014-02-05,3,7498.0,921,1,1.0,1,673,7201
411,2014-02-05,3,8727.0,637,1,1.0,1,611,9079
412,2014-02-05,3,9033.0,601,1,1.0,1,622,9029
413,2014-02-05,3,8377.0,1018,1,1.0,1,585,7161
414,2014-02-05,3,6378.0,425,1,1.0,1,582,6787
415,2014-02-05,3,5925.0,471,1,1.0,1,549,6730
416,2014-02-05,3,12468.0,1517,1,1.0,1,789,10406
417,2014-02-05,3,7838.0,809,1,1.0,1,373,5292
418,2014-02-05,3,6840.0,597,1,1.0,1,609,6336
419,2014-02-05,3,5758.0,901,1,1.0,1,717,5294
420,2014-02-05,3,4350.0,359,1,1.0,1,1194,6510
421,2014-02-05,3,8156.0,855,1,1.0,1,829,9325
422,2014-02-05,3,4907.0,474,1,1.0,1,796,3700
423,2014-02-05,3,10295.0,1600,1,1.0,1,473,7448
424,2014-02-05,3,6744.0,781,1,1.0,1,1251,7978
425,2014-02-05,3,3292.0,422,1,1.0,1,949,4351
426,2014-02-05,3,6634.0,748,1,1.0,1,828,3851
427,2014-02-05,3,9108.0,839,1,1.0,1,1567,8672
428,2014-02-05,3,6258.0,497,1,1.0,1,588,5406
429,2014-02-05,3,5460.0,417,1,1.0,1,653,5566
430,2014-02-05,3,7771.0,635,1,1.0,1,576,6166
431,2014-02-05,3,9733.0,929,1,1.0,1,641,9178
432,2014-02-05,3,11947.0,1579,1,1.0,1,783,10729
433,2014-02-05,3,6039.0,658,1,1.0,1,769,6800
434,2014-02-05,3,9481.0,654,1,1.0,1,592,8377
435,2014-02-05,3,3805.0,430,1,1.0,1,828,3566
436,2014-02-05,3,6639.0,720,1,1.0,1,1053,7983
437,2014-02-05,3,7341.0,662,1,1.0,1,710,5231
438,2014-02-05,3,6083.0,577,1,1.0,1,597,6108
439,2014-02-05,3,7716.0,944,1,1.0,1,1049,7747
440,2014-02-05,3,5989.0,631,1,1.0,1,597,6799
441,2014-02-05,3,7025.0,671,1,1.0,1,749,7548
442,2014-02-05,3,4532.0,438,1,1.0,1,2374,5570
443,2014-02-05,3,5648.0,512,1,1.0,1,1044,6276
444,2014-02-05,3,10995.0,1243,1,1.0,1,1085,11878
445,2014-02-05,3,7696.0,1118,1,1.0,1,750,8084
446,2014-02-05,3,6291.0,772,1,1.0,1,822,5651
447,2014-02-05,3,6048.0,652,1,1.0,1,361,4539
448,2014-02-05,3,9395.0,794,1,1.0,1,330,5644
449,2014-02-05,3,13383.0,1685,1,1.0,1,695,10248
450,2014-02-05,3,8882.0,985,1,1.0,1,879,8100
451,2014-02-05,3,5427.0,437,1,1.0,1,479,5734
452,2014-02-05,3,5535.0,479,1,1.0,1,859,5463
453,2014-02-05,3,7793.0,802,1,1.0,1,1474,8010
454,2014-02-05,3,7002.0,882,1,1.0,1,806,7830
455,2014-02-05,3,8202.0,460,1,1.0,1,661,6751
456,2014-02-05,3,6897.0,898,1,1.0,1,951,5559
457,2014-02-05,3,4739.0,377,1,1.0,1,951,6663
458,2014-02-05,3,8036.0,657,1,1.0,1,838,9253
459,2014-02-05,3,11319.0,1275,1,1.0,1,1091,10027
460,2014-02-05,3,4047.0,352,1,1.0,1,1065,5063
461,2014-02-05,3,4911.0,460,1,1.0,1,1730,6163
462,2014-02-05,3,5163.0,625,1,1.0,1,666,5750
463,2014-02-05,3,7154.0,1106,1,1.0,1,595,6825
464,2014-02-05,3,11306.0,1290,1,1.0,1,974,10427
465,2014-02-05,3,8215.0,592,1,1.0,1,733,6351
466,2014-02-05,3,9064.0,861,1,1.0,1,539,6987
467,2014-02-05,3,13733.0,1594,1,1.0,1,1099,13560
468,2014-02-05,3,6914.0,728,1,1.0,1,615,7186
469,2014-02-05,3,13442.0,1671,1,1.0,1,693,9712
470,2014-02-05,3,13275.0,1668,1,1.0,1,680,9268
471,2014-02-05,3,8025.0,578,1,1.0,1,1217,7903
472,2014-02-05,3,5579.0,744,1,1.0,1,702,6162
473,2014-02-05,3,4067.0,533,1,1.0,1,483,4544
474,2014-02-05,3,9232.0,871,1,1.0,1,401,6399
475,2014-02-05,3,7157.0,1008,1,1.0,1,1771,8132
476,2014-02-05,3,7082.0,787,1,1.0,1,1384,7281
477,2014-02-05,3,6332.0,381,1,1.0,1,938,9623
478,2014-02-05,3,7948.0,747,1,1.0,1,826,6477
479,2014-02-05,3,12481.0,1341,1,1.0,1,1700,12847
480,2014-02-05,3,6001.0,709,1,1.0,1,960,5180
481,2014-02-05,3,6007.0,498,1,1.0,1,619,5401
482,2014-02-05,3,8410.0,903,1,1.0,1,702,8657
483,2014-02-05,3,6156.0,737,1,1.0,1,1197,7411
484,2014-02-05,3,6365.0,638,1,1.0,1,806,7498
485,2014-02-05,3,4549.0,416,1,1.0,1,871,5248
486,2014-02-05,3,5163.0,605,1,1.0,1,1038,5825
487,2014-02-05,3,6818.0,630,1,1.0,1,1035,7992
488,2014-02-05,3,4228.0,426,1,1.0,1,566,4772
489,2014-02-05,3,9647.0,786,1,1.0,1,82,4551
490,2014-02-05,3,8349.0,1140,1,1.0,1,627,11293
491,2014-02-05,3,6778.0,519,1,1.0,1,624,8715
492,2014-02-05,3,9124.0,1201,1,1.0,1,713,7643
493,2014-02-05,3,9065.0,830,1,1.0,1,810,9678
494,2014-02-05,3,8747.0,1147,1,1.0,1,458,6767
495,2014-02-05,3,5443.0,383,1,1.0,1,1325,6633
496,2014-02-05,3,8261.0,835,1,1.0,1,435,6427
497,2014-02-05,3,9289.0,1094,1,1.0,1,516,8755
498,2014-02-05,3,6715.0,896,1,1.0,1,1672,7820
499,2014-02-05,3,5472.0,714,1,1.0,1,1046,6675
500,2014-02-05,3,5416.0,382,1,1.0,1,658,5923
501,2014-02-05,3,7496.0,773,1,1.0,1,631,5522
502,2014-02-05,3,11640.0,1634,1,1.0,1,726,10555
503,2014-02-05,3,6808.0,464,1,1.0,1,401,5510
504,2014-02-05,3,6688.0,1002,1,1.0,1,565,6174
505,2014-02-05,3,5222.0,659,1,1.0,1,416,4846
506,2014-02-05,3,9410.0,1019,1,1.0,1,749,9104
507,2014-02-05,3,8741.0,646,1,1.0,1,1010,8596
508,2014-02-05,3,7336.0,678,1,1.0,1,547,6794
509,2014-02-05,3,7481.0,594,1,1.0,1,665,6491
510,2014-02-05,3,9256.0,936,1,1.0,1,686,9315
511,2014-02-05,3,6270.0,831,1,1.0,1,828,6626
512,2014-02-05,3,5748.0,1359,1,1.0,1,604,5118
513,2014-02-05,3,19580.0,2181,1,1.0,1,755,14066
514,2014-02-05,3,6354.0,650,1,1.0,1,860,7525
515,2014-02-05,3,8882.0,662,1,1.0,1,1250,9999
516,2014-02-05,3,6172.0,772,1,1.0,1,742,6350
517,2014-02-05,3,6671.0,718,1,1.0,1,833,8037
518,2014-02-05,3,6027.0,496,1,1.0,1,680,6527
519,2014-02-05,3,5267.0,511,1,1.0,1,628,3991
520,2014-02-05,3,3894.0,389,1,1.0,1,560,4626
521,2014-02-05,3,4833.0,356,1,1.0,1,1095,7514
522,2014-02-05,3,8257.0,598,1,1.0,1,784,6807
523,2014-02-05,3,13932.0,1632,1,1.0,1,636,11098
524,2014-02-05,3,7860.0,865,1,1.0,1,1070,9066
525,2014-02-05,3,9978.0,845,1,1.0,1,987,10683
526,2014-02-05,3,12016.0,1581,1,1.0,1,521,6009
527,2014-02-05,3,11485.0,1009,1,1.0,1,744,9085
528,2014-02-05,3,12379.0,1027,1,1.0,1,613,9582
529,2014-02-05,3,7897.0,734,1,1.0,1,1023,6907
530,2014-02-05,3,2679.0,349,1,1.0,1,652,4580
531,2014-02-05,3,4933.0,576,1,1.0,1,750,5623
532,2014-02-05,3,11401.0,1300,1,1.0,1,2352,11913
533,2014-02-05,3,10116.0,871,1,1.0,1,603,8786
534,2014-02-05,3,8451.0,531,1,1.0,1,503,8060
535,2014-02-05,3,8890.0,973,1,1.0,1,915,8088
536,2014-02-05,3,8869.0,902,1,1.0,1,619,8854
537,2014-02-05,3,6236.0,698,1,1.0,1,1248,7197
538,2014-02-05,3,4663.0,633,1,1.0,1,504,4408
539,2014-02-05,3,11764.0,1150,1,1.0,1,374,6117
540,2014-02-05,3,5891.0,415,1,1.0,1,964,8364
541,2014-02-05,3,6991.0,939,1,1.0,1,1130,8347
542,2014-02-05,3,7053.0,550,1,1.0,1,577,6655
543,2014-02-05,3,4003.0,312,1,1.0,1,501,2741
544,2014-02-05,3,16366.0,1964,1,1.0,1,600,9438
545,2014-02-05,3,12559.0,1203,1,1.0,1,1707,13244
546,2014-02-05,3,12830.0,1489,1,1.0,1,1032,12990
547,2014-02-05,3,5563.0,417,1,1.0,1,1219,7449
548,2014-02-05,3,5790.0,401,1,1.0,1,1101,7426
549,2014-02-05,3,4728.0,559,1,1.0,1,916,6469
550,2014-02-05,3,6009.0,433,1,1.0,1,704,6947
551,2014-02-05,3,7287.0,1036,1,1.0,1,617,5537
552,2014-02-05,3,10654.0,834,1,1.0,1,998,8190
553,2014-02-05,3,5919.0,545,1,1.0,1,1190,8393
554,2014-02-05,3,4732.0,594,1,1.0,1,866,5319
555,2014-02-05,3,5538.0,453,1,1.0,1,1472,5715
556,2014-02-05,3,7728.0,898,1,1.0,1,470,5929
557,2014-02-05,3,5502.0,832,1,1.0,1,659,4333
558,2014-02-05,3,3791.0,512,1,1.0,1,975,4144
559,2014-02-05,3,7398.0,836,1,1.0,1,1185,8258
560,2014-02-05,3,14538.0,1692,1,1.0,1,1196,13453
561,2014-02-05,3,7576.0,708,1,1.0,1,628,6864
562,2014-02-05,3,18962.0,3138,1,1.0,1,632,12898
563,2014-02-05,3,5682.0,695,1,1.0,1,961,6862
564,2014-02-05,3,5806.0,457,1,1.0,1,408,5090
565,2014-02-05,3,7966.0,930,1,1.0,1,449,6215
566,2014-02-05,3,5786.0,558,1,1.0,1,661,4038
567,2014-02-05,3,6622.0,750,1,1.0,1,624,6116
568,2014-02-05,3,4652.0,383,1,1.0,1,953,7432
569,2014-02-05,3,4955.0,721,1,1.0,1,1045,6332
570,2014-02-05,3,5084.0,713,1,1.0,1,871,6229
571,2014-02-05,3,7434.0,546,1,1.0,1,379,5573
572,2014-02-05,3,8400.0,609,1,1.0,1,857,8171
573,2014-02-05,3,5141.0,397,1,1.0,1,1023,4732
574,2014-02-05,3,10531.0,709,1,1.0,1,404,6850
575,2014-02-05,3,6738.0,603,1,1.0,1,954,8480
576,2014-02-05,3,7675.0,961,1,1.0,1,411,5726
577,2014-02-05,3,5626.0,637,1,1.0,1,615,6599
578,2014-02-05,3,8442.0,693,1,1.0,1,423,6484
579,2014-02-05,3,9937.0,964,1,1.0,1,651,8049
580,2014-02-05,3,9884.0,1488,1,1.0,1,462,7200
581,2014-02-05,3,6328.0,630,1,1.0,1,836,6546
582,2014-02-05,3,6766.0,816,1,1.0,1,968,7442
583,2014-02-05,3,4251.0,446,1,1.0,1,729,5642
584,2014-02-05,3,5560.0,430,1,1.0,1,580,4801
585,2014-02-05,3,7332.0,1037,1,1.0,1,1628,7109
586,2014-02-05,3,17041.0,2433,1,1.0,1,739,8969
587,2014-02-05,3,9014.0,582,1,1.0,1,403,7439
588,2014-02-05,3,5921.0,680,1,1.0,1,736,7898
589,2014-02-05,3,5880.0,560,1,1.0,1,643,6460
590,2014-02-05,3,5305.0,370,1,1.0,1,516,5639
591,2014-02-05,3,6245.0,515,1,1.0,1,479,5840
592,2014-02-05,3,5314.0,610,1,1.0,1,293,4362
593,2014-02-05,3,9096.0,1096,1,1.0,1,925,9371
594,2014-02-05,3,4660.0,485,1,1.0,1,771,6212
595,2014-02-05,3,15940.0,1819,1,1.0,1,675,10434
596,2014-02-05,3,4368.0,642,1,1.0,1,763,5273
597,2014-02-05,3,4598.0,624,1,1.0,1,517,3985
598,2014-02-05,3,5970.0,791,1,1.0,1,624,5581
599,2014-02-05,3,9134.0,818,1,1.0,1,782,10164
600,2014-02-05,3,7367.0,597,1,1.0,1,880,6975
601,2014-02-05,3,4833.0,356,1,1.0,1,802,5341
602,2014-02-05,3,7465.0,628,1,1.0,1,644,6382
603,2014-02-05,3,8071.0,1051,1,1.0,1,1177,8112
604,2014-02-05,3,8949.0,625,1,1.0,1,678,9655
605,2014-02-05,3,7996.0,523,1,1.0,1,835,7113
606,2014-02-05,3,7121.0,747,1,1.0,1,556,7026
607,2014-02-05,3,5520.0,479,1,1.0,1,799,3912
608,2014-02-05,3,10304.0,989,1,1.0,1,356,6555
609,2014-02-05,3,4798.0,536,1,1.0,1,473,5630
610,2014-02-05,3,4797.0,534,1,1.0,1,1083,5803
611,2014-02-05,3,6341.0,517,1,1.0,1,1149,7027
612,2014-02-05,3,7392.0,408,1,1.0,1,516,6819
613,2014-02-05,3,7174.0,998,1,1.0,1,420,5903
614,2014-02-05,3,6597.0,839,1,1.0,1,2053,9482
615,2014-02-05,3,11063.0,1321,1,1.0,1,626,8511
616,2014-02-05,3,9800.0,872,1,1.0,1,695,9385
617,2014-02-05,3,8122.0,678,1,1.0,1,523,6020
618,2014-02-05,3,7056.0,475,1,1.0,1,929,8271
619,2014-02-05,3,5530.0,483,1,1.0,1,430,4756
620,2014-02-05,3,8235.0,706,1,1.0,1,1154,7588
621,2014-02-05,3,6673.0,855,1,1.0,1,458,5853
622,2014-02-05,3,5005.0,491,1,1.0,1,629,5718
623,2014-02-05,3,7144.0,863,1,1.0,1,520,7042
624,2014-02-05,3,7577.0,694,1,1.0,1,405,6982
625,2014-02-05,3,6776.0,644,1,1.0,1,508,6331
626,2014-02-05,3,10835.0,869,1,1.0,1,561,8374
627,2014-02-05,3,6694.0,639,1,1.0,1,445,6723
628,2014-02-05,3,7788.0,924,1,1.0,1,569,6866
629,2014-02-05,3,8036.0,712,1,1.0,1,936,8042
630,2014-02-05,3,9551.0,984,1,1.0,1,480,6493
631,2014-02-05,3,6174.0,701,1,1.0,1,449,5787
632,2014-02-05,3,7425.0,919,1,1.0,1,867,7970
633,2014-02-05,3,6491.0,471,1,1.0,1,710,9121
634,2014-02-05,3,7545.0,718,1,1.0,1,666,8434
635,2014-02-05,3,7005.0,674,1,1.0,1,659,5608
636,2014-02-05,3,7525.0,823,1,1.0,1,427,4234
637,2014-02-05,3,8969.0,651,1,1.0,1,659,9560
638,2014-02-05,3,6196.0,492,1,1.0,1,550,6639
639,2014-02-05,3,5874.0,563,1,1.0,1,2554,6429
640,2014-02-05,3,12285.0,877,1,1.0,1,489,7850
641,2014-02-05,3,7488.0,617,1,1.0,1,1400,7644
642,2014-02-05,3,4773.0,551,1,1.0,1,336,4550
643,2014-02-05,3,8379.0,1005,1,1.0,1,878,7270
644,2014-02-05,3,9626.0,971,1,1.0,1,748,9399
645,2014-02-05,3,11552.0,1311,1,1.0,1,1125,11608
646,2014-02-05,3,5699.0,790,1,1.0,1,677,5597
647,2014-02-05,3,6578.0,764,1,1.0,1,511,6003
648,2014-02-05,3,6393.0,585,1,1.0,1,613,7139
649,2014-02-05,3,4581.0,463,1,1.0,1,858,4116
650,2014-02-05,3,6329.0,627,1,1.0,1,695,6749
651,2014-02-05,3,7800.0,957,1,1.0,1,676,8273
652,2014-02-05,3,7086.0,682,1,1.0,1,681,7646
653,2014-02-05,3,6215.0,501,1,1.0,1,739,6546
654,2014-02-05,3,7907.0,806,1,1.0,1,687,6808
655,2014-02-05,3,9192.0,724,1,1.0,1,1026,8985
656,2014-02-05,3,3648.0,356,1,1.0,1,606,3485
657,2014-02-05,3,6136.0,790,1,1.0,1,1220,8178
658,2014-02-05,3,6737.0,588,1,1.0,1,578,7483
659,2014-02-05,3,7014.0,790,1,1.0,1,1117,7185
660,2014-02-05,3,5018.0,533,1,1.0,1,771,5376
661,2014-02-05,3,7153.0,575,1,1.0,1,892,8153
662,2014-02-05,3,11332.0,877,1,1.0,1,962,9349
663,2014-02-05,3,5244.0,673,1,1.0,1,702,5172
664,2014-02-05,3,5946.0,655,1,1.0,1,535,4409
665,2014-02-05,3,9725.0,1378,1,1.0,1,569,8300
666,2014-02-05,3,8304.0,662,1,1.0,1,404,6745
667,2014-02-05,3,9768.0,834,1,1.0,1,1194,11466
668,2014-02-05,3,10155.0,1268,1,1.0,1,284,5807
669,2014-02-05,3,3825.0,308,1,1.0,1,893,4940
670,2014-02-05,3,7523.0,718,1,1.0,1,723,6534
671,2014-02-05,3,6295.0,611,1,1.0,1,882,6675
672,2014-02-05,3,8880.0,1312,1,1.0,1,798,7716
673,2014-02-05,3,7492.0,563,1,1.0,1,1012,7929
674,2014-02-05,3,9556.0,1168,1,1.0,1,858,8936
675,2014-02-05,3,4896.0,442,1,1.0,1,2078,5903
676,2014-02-05,3,7634.0,1614,1,1.0,1,507,6921
677,2014-02-05,3,9509.0,663,1,1.0,1,2659,8987
678,2014-02-05,3,8346.0,920,1,1.0,1,853,7259
679,2014-02-05,3,10669.0,1086,1,1.0,1,172,3898
680,2014-02-05,3,5214.0,796,1,1.0,1,732,6861
681,2014-02-05,3,3329.0,413,1,1.0,1,772,4540
682,2014-02-05,3,14400.0,1996,1,1.0,1,803,11112
683,2014-02-05,3,10484.0,935,1,1.0,1,699,9626
684,2014-02-05,3,7625.0,591,1,1.0,1,401,5888
685,2014-02-05,3,7178.0,603,1,1.0,1,720,6583
686,2014-02-05,3,7468.0,832,1,1.0,1,847,8249
687,2014-02-05,3,8612.0,710,1,1.0,1,328,5612
688,2014-02-05,3,4248.0,399,1,1.0,1,771,3803
689,2014-02-05,3,8156.0,706,1,1.0,1,1645,7486
690,2014-02-05,3,7041.0,899,1,1.0,1,1094,7732
691,2014-02-05,3,9577.0,668,1,1.0,1,593,7358
692,2014-02-05,3,8116.0,943,1,1.0,1,588,6182
693,2014-02-05,3,7791.0,555,1,1.0,1,1286,7533
694,2014-02-05,3,8768.0,824,1,1.0,1,709,8605
695,2014-02-05,3,6361.0,574,1,1.0,1,834,5896
696,2014-02-05,3,8654.0,1043,1,1.0,1,1070,8381
697,2014-02-05,3,11450.0,1016,1,1.0,1,455,7332
698,2014-02-05,3,16750.0,2046,1,1.0,1,1201,14735
699,2014-02-05,3,8243.0,900,1,1.0,1,597,8508
700,2014-02-05,3,5024.0,587,1,1.0,1,575,4577
701,2014-02-05,3,6899.0,706,1,1.0,1,489,5787
702,2014-02-05,3,5501.0,383,1,1.0,1,490,4334
703,2014-02-05,3,3392.0,379,1,1.0,1,685,3893
704,2014-02-05,3,11541.0,1107,1,1.0,1,485,7488
705,2014-02-05,3,10053.0,1093,1,1.0,1,412,7362
706,2014-02-05,3,5675.0,490,1,1.0,1,695,4815
707,2014-02-05,3,9045.0,954,1,1.0,1,663,7839
708,2014-02-05,3,4132.0,432,1,1.0,1,694,4599
709,2014-02-05,3,12261.0,1482,1,1.0,1,662,9791
710,2014-02-05,3,4822.0,373,1,1.0,1,986,6682
711,2014-02-05,3,7868.0,535,1,1.0,1,1098,9093
712,2014-02-05,3,7970.0,620,1,1.0,1,892,6969
713,2014-02-05,3,11305.0,1354,1,1.0,1,727,9825
714,2014-02-05,3,4660.0,316,1,1.0,1,824,8121
715,2014-02-05,3,8772.0,853,1,1.0,1,388,6113
716,2014-02-05,3,6386.0,447,1,1.0,1,1314,7048
717,2014-02-05,3,6620.0,632,1,1.0,1,413,6970
718,2014-02-05,3,8053.0,842,1,1.0,1,616,7808
719,2014-02-05,3,5548.0,416,1,1.0,1,1401,7465
720,2014-02-05,3,8765.0,825,1,1.0,1,919,7239
721,2014-02-05,3,7332.0,746,1,1.0,1,531,7051
722,2014-02-05,3,11136.0,1627,1,1.0,1,854,10229
723,2014-02-05,3,7100.0,531,1,1.0,1,654,6718
724,2014-02-05,3,6250.0,657,1,1.0,1,563,6827
725,2014-02-05,3,5685.0,582,1,1.0,1,1045,7222
726,2014-02-05,3,14029.0,1265,1,1.0,1,546,8387
727,2014-02-05,3,5365.0,496,1,1.0,1,535,4377
728,2014-02-05,3,4341.0,399,1,1.0,1,820,6318
729,2014-02-05,3,11331.0,1134,1,1.0,1,596,9351
730,2014-02-05,3,8707.0,1024,1,1.0,1,411,6052
731,2014-02-05,3,10642.0,1059,1,1.0,1,592,8167
732,2014-02-05,3,5174.0,582,1,1.0,1,437,4659
733,2014-02-05,3,14998.0,3381,1,1.0,1,1015,15599
734,2014-02-05,3,6780.0,605,1,1.0,1,577,6386
735,2014-02-05,3,7063.0,627,1,1.0,1,508,6423
736,2014-02-05,3,6258.0,525,1,1.0,1,1090,7945
737,2014-02-05,3,7636.0,992,1,1.0,1,648,7276
738,2014-02-05,3,9015.0,694,1,1.0,1,595,8013
739,2014-02-05,3,10333.0,786,1,1.0,1,588,9325
740,2014-02-05,3,8398.0,506,1,1.0,1,362,4738
741,2014-02-05,3,9426.0,1059,1,1.0,1,816,7734
742,2014-02-05,3,8776.0,904,1,1.0,1,803,10297
743,2014-02-05,3,4213.0,462,1,1.0,1,79,3169
744,2014-02-05,3,7938.0,871,1,1.0,1,565,7579
745,2014-02-05,3,10237.0,990,1,1.0,1,395,5508
746,2014-02-05,3,6426.0,472,1,1.0,1,532,5936
747,2014-02-05,3,8660.0,715,1,1.0,1,469,6258
748,2014-02-05,3,6762.0,507,1,1.0,1,1114,6942
749,2014-02-05,3,6354.0,704,1,1.0,1,732,5767
750,2014-02-05,3,4965.0,405,1,1.0,1,649,6595
751,2014-02-05,3,5415.0,663,1,1.0,1,720,5670
752,2014-02-05,3,6858.0,521,1,1.0,1,761,4809
753,2014-02-05,3,9532.0,820,1,1.0,1,1415,10703
754,2014-02-05,3,9876.0,1161,1,1.0,1,572,7794
755,2014-02-05,3,11068.0,910,1,1.0,1,458,8175
756,2014-02-05,3,16319.0,2211,1,1.0,1,538,10351
757,2014-02-05,3,6973.0,575,1,1.0,1,743,6030
758,2014-02-05,3,5979.0,734,1,1.0,1,339,3931
759,2014-02-05,3,8528.0,860,1,1.0,1,595,6953
760,2014-02-05,3,7251.0,1100,1,1.0,1,760,8209
761,2014-02-05,3,10315.0,1122,1,1.0,1,771,9454
762,2014-02-05,3,3867.0,382,1,1.0,1,1038,3677
763,2014-02-05,3,6461.0,584,1,1.0,1,821,6573
764,2014-02-05,3,3539.0,392,1,1.0,1,347,3707
765,2014-02-05,3,8742.0,723,1,1.0,1,803,9352
766,2014-02-05,3,6553.0,517,1,1.0,1,1024,7670
767,2014-02-05,3,7023.0,652,1,1.0,1,369,5937
768,2014-02-05,3,15219.0,1477,1,1.0,1,1846,15607
769,2014-02-05,3,11333.0,3224,1,1.0,1,1401,11579
770,2014-02-05,3,7119.0,780,1,1.0,1,626,6804
771,2014-02-05,3,6942.0,743,1,1.0,1,669,6672
772,2014-02-05,3,3998.0,526,1,1.0,1,1072,4989
773,2014-02-05,3,6444.0,824,1,1.0,1,549,5915
774,2014-02-05,3,6136.0,781,1,1.0,1,569,6124
775,2014-02-05,3,8421.0,584,1,1.0,1,300,5760
776,2014-02-05,3,5094.0,568,1,1.0,1,524,6328
777,2014-02-05,3,3888.0,332,1,1.0,1,340,5108
778,2014-02-05,3,6844.0,871,1,1.0,1,525,6825
779,2014-02-05,3,7912.0,738,1,1.0,1,575,6826
780,2014-02-05,3,7415.0,844,1,1.0,1,562,7740
781,2014-02-05,3,6598.0,851,1,1.0,1,773,5480
782,2014-02-05,3,5824.0,515,1,1.0,1,485,5301
783,2014-02-05,3,6652.0,695,1,1.0,1,950,7534
784,2014-02-05,3,9705.0,924,1,1.0,1,588,8266
785,2014-02-05,3,6927.0,534,1,1.0,1,1058,7118
786,2014-02-05,3,4394.0,645,1,1.0,1,404,4167
787,2014-02-05,3,10604.0,1173,1,1.0,1,401,5885
788,2014-02-05,3,19745.0,1829,1,1.0,1,476,10606
789,2014-02-05,3,3229.0,471,1,1.0,1,1296,4808
790,2014-02-05,3,7479.0,634,1,1.0,1,532,6743
791,2014-02-05,3,8031.0,863,1,1.0,1,651,8055
792,2014-02-05,3,9211.0,729,1,1.0,1,841,8441
793,2014-02-05,3,5971.0,484,1,1.0,1,1306,5847
794,2014-02-05,3,3071.0,568,1,1.0,1,618,3818
795,2014-02-05,3,5609.0,550,1,1.0,1,569,4183
796,2014-02-05,3,8510.0,732,1,1.0,1,508,7819
797,2014-02-05,3,3871.0,382,1,1.0,1,1112,4062
798,2014-02-05,3,8599.0,1073,1,1.0,1,1668,8339
799,2014-02-05,3,10743.0,972,1,1.0,1,456,7469
800,2014-02-05,3,6067.0,512,1,1.0,1,665,5598
801,2014-02-05,3,5059.0,428,1,1.0,1,665,4678
802,2014-02-05,3,7641.0,560,1,1.0,1,773,6840
803,2014-02-05,3,6740.0,544,1,1.0,1,687,6517
804,2014-02-05,3,5321.0,453,1,1.0,1,997,7352
805,2014-02-05,3,6084.0,551,1,1.0,1,3785,5338
806,2014-02-05,3,7871.0,570,1,1.0,1,491,5842
807,2014-02-05,3,9801.0,920,1,1.0,1,680,8865
808,2014-02-05,3,7938.0,634,1,1.0,1,723,6745
809,2014-02-05,3,10903.0,900,1,1.0,1,623,8790
810,2014-02-05,3,6246.0,471,1,1.0,1,768,6981
811,2014-02-05,3,4125.0,687,1,1.0,1,896,4499
812,2014-02-05,3,7344.0,836,1,1.0,1,826,5838
813,2014-02-05,3,6402.0,683,1,1.0,1,412,5855
814,2014-02-05,3,9567.0,730,1,1.0,1,659,8524
815,2014-02-05,3,10545.0,967,1,1.0,1,871,9388
816,2014-02-05,3,4931.0,708,1,1.0,1,1177,7502
817,2014-02-05,3,24189.0,3348,1,1.0,1,738,14282
818,2014-02-05,3,6961.0,640,1,1.0,1,655,6589
819,2014-02-05,3,6777.0,569,1,1.0,1,608,6017
820,2014-02-05,3,12559.0,1132,1,1.0,1,957,12805
821,2014-02-05,3,7502.0,905,1,1.0,1,740,7577
822,2014-02-05,3,8068.0,633,1,1.0,1,718,8759
823,2014-02-05,3,6653.0,620,1,1.0,1,623,8315
824,2014-02-05,3,9651.0,1166,1,1.0,1,942,6949
825,2014-02-05,3,5100.0,531,1,1.0,1,585,5064
826,2014-02-05,3,9888.0,834,1,1.0,1,350,6034
827,2014-02-05,3,10342.0,1297,1,1.0,1,573,7705
828,2014-02-05,3,5634.0,633,1,1.0,1,1228,6872
829,2014-02-05,3,5714.0,700,1,1.0,1,1079,7548
830,2014-02-05,3,8362.0,716,1,1.0,1,843,5842
831,2014-02-05,3,15385.0,1774,1,1.0,1,424,6327
832,2014-02-05,3,7701.0,565,1,1.0,1,736,7011
833,2014-02-05,3,6148.0,505,1,1.0,1,753,6419
834,2014-02-05,3,6227.0,685,1,1.0,1,658,5239
835,2014-02-05,3,5380.0,693,1,1.0,1,683,5312
836,2014-02-05,3,6857.0,888,1,1.0,1,499,6300
838,2014-02-05,3,8392.0,818,1,1.0,1,570,7666
839,2014-02-05,3,6822.0,771,1,1.0,1,372,5398
840,2014-02-05,3,9277.0,1240,1,1.0,1,768,8218
841,2014-02-05,3,3265.0,446,1,1.0,1,1217,4980
842,2014-02-05,3,18989.0,1135,1,1.0,1,453,10097
843,2014-02-05,3,9995.0,1159,1,1.0,1,522,6414
844,2014-02-05,3,5587.0,591,1,1.0,1,515,4934
845,2014-02-05,3,5084.0,333,1,1.0,1,299,4525
846,2014-02-05,3,9738.0,889,1,1.0,1,732,9381
847,2014-02-05,3,7606.0,1027,1,1.0,1,1111,9063
848,2014-02-05,3,7236.0,778,1,1.0,1,604,6299
849,2014-02-05,3,8557.0,942,1,1.0,1,699,9313
850,2014-02-05,3,7359.0,685,1,1.0,1,514,7608
851,2014-02-05,3,5339.0,472,1,1.0,1,790,6459
852,2014-02-05,3,4783.0,568,1,1.0,1,842,5555
853,2014-02-05,3,9356.0,1029,1,1.0,1,637,8550
854,2014-02-05,3,7696.0,737,1,1.0,1,413,5596
855,2014-02-05,3,6691.0,612,1,1.0,1,941,8229
856,2014-02-05,3,8282.0,1042,1,1.0,1,863,7968
857,2014-02-05,3,7317.0,854,1,1.0,1,1023,7985
858,2014-02-05,3,5242.0,439,1,1.0,1,651,6022
859,2014-02-05,3,7115.0,700,1,1.0,1,845,6872
860,2014-02-05,3,5735.0,669,1,1.0,1,811,4778
861,2014-02-05,3,3558.0,505,1,1.0,1,630,3405
862,2014-02-05,3,9133.0,1129,1,1.0,1,386,6100
863,2014-02-05,3,9001.0,968,1,1.0,1,749,8321
864,2014-02-05,3,4475.0,602,1,1.0,1,539,4665
865,2014-02-05,3,8471.0,657,1,1.0,1,608,8797
866,2014-02-05,3,7541.0,489,1,1.0,1,1290,9119
867,2014-02-05,3,4401.0,379,1,1.0,1,1046,5370
868,2014-02-05,3,8639.0,583,1,1.0,1,1454,11416
869,2014-02-05,3,7569.0,983,1,1.0,1,492,5772
870,2014-02-05,3,7369.0,918,1,1.0,1,748,7727
871,2014-02-05,3,5530.0,377,1,1.0,1,1710,7006
872,2014-02-05,3,9298.0,894,1,1.0,1,695,8966
873,2014-02-05,3,4419.0,501,1,1.0,1,372,3860
874,2014-02-05,3,4334.0,465,1,1.0,1,1214,5712
875,2014-02-05,3,6036.0,522,1,1.0,1,686,5430
876,2014-02-05,3,11069.0,1059,1,1.0,1,1167,9786
877,2014-02-05,3,7161.0,978,1,1.0,1,1081,6013
878,2014-02-05,3,9619.0,864,1,1.0,1,876,9001
879,2014-02-05,3,4095.0,331,1,1.0,1,704,5626
880,2014-02-05,3,7856.0,806,1,1.0,1,575,7660
881,2014-02-05,3,5296.0,775,1,1.0,1,527,6077
882,2014-02-05,3,6425.0,790,1,1.0,1,732,6693
883,2014-02-05,3,5091.0,500,1,1.0,1,841,5577
884,2014-02-05,3,5730.0,509,1,1.0,1,707,5266
885,2014-02-05,3,4876.0,677,1,1.0,1,963,6942
886,2014-02-05,3,7735.0,695,1,1.0,1,635,7406
887,2014-02-05,3,6535.0,529,1,1.0,1,894,7037
888,2014-02-05,3,7664.0,727,1,1.0,1,706,9144
889,2014-02-05,3,4095.0,405,1,1.0,1,394,3447
890,2014-02-05,3,5875.0,414,1,1.0,1,896,7064
891,2014-02-05,3,7800.0,1048,1,1.0,1,913,8638
892,2014-02-05,3,8377.0,840,1,1.0,1,697,7717
893,2014-02-05,3,8026.0,998,1,1.0,1,512,7418
894,2014-02-05,3,10842.0,1211,1,1.0,1,808,7421
895,2014-02-05,3,9915.0,882,1,1.0,1,830,10775
896,2014-02-05,3,7093.0,1068,1,1.0,1,1269,7596
897,2014-02-05,3,3234.0,328,1,1.0,1,437,4514
898,2014-02-05,3,8337.0,877,1,1.0,1,665,6221
899,2014-02-05,3,6678.0,648,1,1.0,1,365,5061
900,2014-02-05,3,6083.0,555,1,1.0,1,973,7121
901,2014-02-05,3,7878.0,672,1,1.0,1,491,5999
902,2014-02-05,3,5567.0,693,1,1.0,1,580,4190
903,2014-02-05,3,12472.0,819,1,1.0,1,657,10458
904,2014-02-05,3,5905.0,471,1,1.0,1,471,5496
905,2014-02-05,3,11189.0,1583,1,1.0,1,593,8096
906,2014-02-05,3,11486.0,1295,1,1.0,1,659,9959
907,2014-02-05,3,5731.0,737,1,1.0,1,446,6220
908,2014-02-05,3,5343.0,412,1,1.0,1,570,4628
909,2014-02-05,3,13017.0,1163,1,1.0,1,749,9558
910,2014-02-05,3,5869.0,582,1,1.0,1,537,5953
911,2014-02-05,3,10903.0,947,1,1.0,1,456,7611
912,2014-02-05,3,5931.0,716,1,1.0,1,621,5785
913,2014-02-05,3,9530.0,1152,1,1.0,1,1631,12440
914,2014-02-05,3,10405.0,1188,1,1.0,1,1645,10180
915,2014-02-05,3,5672.0,416,1,1.0,1,528,5981
916,2014-02-05,3,5300.0,683,1,1.0,1,548,5305
917,2014-02-05,3,7409.0,761,1,1.0,1,1155,7060
918,2014-02-05,3,6347.0,689,1,1.0,1,828,6012
919,2014-02-05,3,6494.0,779,1,1.0,1,967,5521
920,2014-02-05,3,6708.0,599,1,1.0,1,651,6034
921,2014-02-05,3,10467.0,1209,1,1.0,1,445,7216
922,2014-02-05,3,7851.0,729,1,1.0,1,411,5652
923,2014-02-05,3,5576.0,622,1,1.0,1,724,5384
924,2014-02-05,3,5758.0,486,1,1.0,1,646,4703
925,2014-02-05,3,6828.0,1146,1,1.0,1,592,7384
926,2014-02-05,3,7632.0,501,1,1.0,1,701,7381
927,2014-02-05,3,7501.0,896,1,1.0,1,750,7468
928,2014-02-05,3,9661.0,788,1,1.0,1,1009,8591
929,2014-02-05,3,6701.0,791,1,1.0,1,840,7767
930,2014-02-05,3,7339.0,1209,1,1.0,1,1609,7753
931,2014-02-05,3,3650.0,392,1,1.0,1,685,4280
932,2014-02-05,3,8339.0,812,1,1.0,1,394,5976
933,2014-02-05,3,8672.0,1060,1,1.0,1,1154,7921
934,2014-02-05,3,7966.0,735,1,1.0,1,585,7257
935,2014-02-05,3,6361.0,625,1,1.0,1,575,5621
936,2014-02-05,3,7700.0,945,1,1.0,1,901,7204
937,2014-02-05,3,6781.0,560,1,1.0,1,637,6208
938,2014-02-05,3,10558.0,1003,1,1.0,1,717,9677
939,2014-02-05,3,6460.0,617,1,1.0,1,825,5029
940,2014-02-05,3,8048.0,767,1,1.0,1,555,7165
941,2014-02-05,3,6279.0,630,1,1.0,1,878,5687
942,2014-02-05,3,6581.0,454,1,1.0,1,649,5751
943,2014-02-05,3,6540.0,537,1,1.0,1,690,7440
944,2014-02-05,3,7581.0,1156,1,1.0,1,723,7798
945,2014-02-05,3,4350.0,569,1,1.0,1,1310,5948
946,2014-02-05,3,4169.0,536,1,1.0,1,939,5694
947,2014-02-05,3,9976.0,1249,1,1.0,1,1198,8125
948,2014-02-05,3,6845.0,1678,1,1.0,1,842,7100
949,2014-02-05,3,6371.0,581,1,1.0,1,607,6076
950,2014-02-05,3,6527.0,601,1,1.0,1,1195,7873
951,2014-02-05,3,7486.0,706,1,1.0,1,546,7059
952,2014-02-05,3,6390.0,482,1,1.0,1,905,6977
953,2014-02-05,3,6140.0,578,1,1.0,1,1485,7722
954,2014-02-05,3,8329.0,1095,1,1.0,1,1091,7437
955,2014-02-05,3,4794.0,477,1,1.0,1,729,6213
956,2014-02-05,3,4270.0,584,1,1.0,1,1096,4628
957,2014-02-05,3,8406.0,880,1,1.0,1,510,7943
958,2014-02-05,3,4217.0,561,1,1.0,1,422,3528
959,2014-02-05,3,8634.0,830,1,1.0,1,646,7078
960,2014-02-05,3,7386.0,563,1,1.0,1,892,6981
961,2014-02-05,3,6439.0,651,1,1.0,1,541,3930
962,2014-02-05,3,7623.0,991,1,1.0,1,671,6657
963,2014-02-05,3,12601.0,1130,1,1.0,1,1105,10997
964,2014-02-05,3,10597.0,1366,1,1.0,1,981,9817
965,2014-02-05,3,11189.0,1117,1,1.0,1,643,9086
966,2014-02-05,3,5150.0,657,1,1.0,1,565,5086
967,2014-02-05,3,8510.0,890,1,1.0,1,577,6747
968,2014-02-05,3,8417.0,1033,1,1.0,1,627,7251
969,2014-02-05,3,4155.0,680,1,1.0,1,632,3686
970,2014-02-05,3,4275.0,516,1,1.0,1,1562,3349
971,2014-02-05,3,8451.0,952,1,1.0,1,924,8345
972,2014-02-05,3,4103.0,427,1,1.0,1,791,3235
973,2014-02-05,3,7164.0,869,1,1.0,1,824,7255
974,2014-02-05,3,12672.0,1722,1,1.0,1,745,11049
975,2014-02-05,3,8062.0,787,1,1.0,1,1132,8350
976,2014-02-05,3,8896.0,823,1,1.0,1,694,8006
977,2014-02-05,3,5692.0,555,1,1.0,1,1059,6952
978,2014-02-05,3,8621.0,1099,1,1.0,1,882,8569
979,2014-02-05,3,7316.0,665,1,1.0,1,3784,6979
980,2014-02-05,3,7774.0,565,1,1.0,1,477,7140
981,2014-02-05,3,7672.0,723,1,1.0,1,963,6698
982,2014-02-05,3,8770.0,716,1,1.0,1,399,6451
983,2014-02-05,3,12296.0,1606,1,1.0,1,1452,13419
984,2014-02-05,3,7208.0,771,1,1.0,1,521,7121
985,2014-02-05,3,8553.0,739,1,1.0,1,686,7605
986,2014-02-05,3,7282.0,894,1,1.0,1,576,6554
987,2014-02-05,3,7536.0,900,1,1.0,1,842,6178
988,2014-02-05,3,4616.0,687,1,1.0,1,863,5044
989,2014-02-05,3,6136.0,631,1,1.0,1,559,4694
990,2014-02-05,3,7002.0,544,1,1.0,1,340,7330
991,2014-02-05,3,4605.0,431,1,1.0,1,849,6209
992,2014-02-05,3,6746.0,782,1,1.0,1,687,6478
993,2014-02-05,3,7645.0,761,1,1.0,1,627,7075
994,2014-02-05,3,5092.0,463,1,1.0,1,1366,5791
995,2014-02-05,3,10200.0,808,1,1.0,1,475,7720
996,2014-02-05,3,7694.0,763,1,1.0,1,1013,7131
997,2014-02-05,3,5546.0,423,1,1.0,1,1700,5772
998,2014-02-05,3,4583.0,538,1,1.0,1,646,4675
999,2014-02-05,3,11093.0,769,1,1.0,1,678,9702
1000,2014-02-05,3,7406.0,657,1,1.0,1,537,7622
1001,2014-02-05,3,5853.0,625,1,1.0,1,601,5014
1002,2014-02-05,3,6705.0,732,1,1.0,1,380,4352
1003,2014-02-05,3,7902.0,748,1,1.0,1,1113,8673
1004,2014-02-05,3,5378.0,464,1,1.0,1,440,5749
1005,2014-02-05,3,6076.0,878,1,1.0,1,666,6258
1006,2014-02-05,3,7807.0,930,1,1.0,1,563,6305
1007,2014-02-05,3,8107.0,844,1,1.0,1,961,7962
1008,2014-02-05,3,6875.0,796,1,1.0,1,1124,7614
1009,2014-02-05,3,5514.0,465,1,1.0,1,583,5446
1010,2014-02-05,3,10000.0,820,1,1.0,1,491,7046
1011,2014-02-05,3,10250.0,1085,1,1.0,1,851,8270
1012,2014-02-05,3,5663.0,471,1,1.0,1,634,6582
1013,2014-02-05,3,4939.0,505,1,1.0,1,493,3897
1014,2014-02-05,3,15122.0,1470,1,1.0,1,585,9310
1015,2014-02-05,3,6078.0,464,1,1.0,1,1327,7246
1016,2014-02-05,3,6690.0,552,1,1.0,1,790,6033
1017,2014-02-05,3,8516.0,1115,1,1.0,1,632,6882
1018,2014-02-05,3,12426.0,1440,1,1.0,1,857,11132
1019,2014-02-05,3,9888.0,771,1,1.0,1,744,9880
1020,2014-02-05,3,8828.0,1106,1,1.0,1,968,9839
1021,2014-02-05,3,9033.0,984,1,1.0,1,537,9744
1022,2014-02-05,3,8216.0,886,1,1.0,1,902,8031
1023,2014-02-05,3,6468.0,615,1,1.0,1,749,6054
1024,2014-02-05,3,6256.0,756,1,1.0,1,689,6905
1025,2014-02-05,3,7960.0,868,1,1.0,1,404,7780
1026,2014-02-05,3,10126.0,1180,1,1.0,1,3308,10532
1027,2014-02-05,3,15460.0,1742,1,1.0,1,860,12504
1028,2014-02-05,3,5540.0,617,1,1.0,1,569,5288
1029,2014-02-05,3,6046.0,828,1,1.0,1,1148,6750
1030,2014-02-05,3,4347.0,399,1,1.0,1,1386,4622
1031,2014-02-05,3,5197.0,438,1,1.0,1,1009,7532
1032,2014-02-05,3,9859.0,1007,1,1.0,1,457,6508
1033,2014-02-05,3,16054.0,1392,1,1.0,1,645,11174
1034,2014-02-05,3,7814.0,841,1,1.0,1,1289,7329
1035,2014-02-05,3,6185.0,627,1,1.0,1,481,4504
1036,2014-02-05,3,4712.0,425,1,1.0,1,630,5248
1037,2014-02-05,3,7514.0,921,1,1.0,1,498,7960
1038,2014-02-05,3,5686.0,466,1,1.0,1,880,6489
1039,2014-02-05,3,8361.0,1061,1,1.0,1,785,8454
1040,2014-02-05,3,8591.0,845,1,1.0,1,784,9333
1041,2014-02-05,3,6402.0,714,1,1.0,1,770,5857
1042,2014-02-05,3,4908.0,567,1,1.0,1,508,3891
1043,2014-02-05,3,10012.0,1260,1,1.0,1,470,6354
1044,2014-02-05,3,7174.0,886,1,1.0,1,454,6729
1045,2014-02-05,3,6978.0,821,1,1.0,1,378,5428
1046,2014-02-05,3,9655.0,684,1,1.0,1,1389,10043
1047,2014-02-05,3,5249.0,555,1,1.0,1,993,7705
1048,2014-02-05,3,6974.0,528,1,1.0,1,1239,8166
1049,2014-02-05,3,4374.0,705,1,1.0,1,753,3819
1050,2014-02-05,3,8199.0,514,1,1.0,1,538,6724
1051,2014-02-05,3,8957.0,1135,1,1.0,1,893,8061
1052,2014-02-05,3,7148.0,739,1,1.0,1,751,7097
1053,2014-02-05,3,11520.0,1279,1,1.0,1,523,8607
1054,2014-02-05,3,6831.0,653,1,1.0,1,626,5267
1055,2014-02-05,3,8675.0,1074,1,1.0,1,614,8228
1056,2014-02-05,3,3511.0,346,1,1.0,1,375,4756
1057,2014-02-05,3,6591.0,625,1,1.0,1,459,5814
1058,2014-02-05,3,7737.0,740,1,1.0,1,494,6786
1059,2014-02-05,3,9308.0,1161,1,1.0,1,716,10080
1060,2014-02-05,3,8452.0,926,1,1.0,1,1120,8216
1061,2014-02-05,3,7793.0,565,1,1.0,1,535,7757
1062,2014-02-05,3,6146.0,533,1,1.0,1,894,7237
1063,2014-02-05,3,5160.0,589,1,1.0,1,509,4120
1064,2014-02-05,3,9730.0,1104,1,1.0,1,2139,11525
1065,2014-02-05,3,4890.0,539,1,1.0,1,1110,6102
1066,2014-02-05,3,10758.0,1107,1,1.0,1,513,7991
1067,2014-02-05,3,5944.0,492,1,1.0,1,579,5569
1068,2014-02-05,3,4683.0,308,1,1.0,1,962,5957
1069,2014-02-05,3,9535.0,1198,1,1.0,1,1772,6831
1070,2014-02-05,3,7428.0,936,1,1.0,1,969,7559
1071,2014-02-05,3,7330.0,785,1,1.0,1,1502,7630
1072,2014-02-05,3,7776.0,711,1,1.0,1,515,7114
1073,2014-02-05,3,7840.0,1009,1,1.0,1,1950,7946
1074,2014-02-05,3,5994.0,627,1,1.0,1,734,5864
1075,2014-02-05,3,10679.0,1038,1,1.0,1,675,10367
1076,2014-02-05,3,4096.0,601,1,1.0,1,540,3952
1077,2014-02-05,3,4596.0,496,1,1.0,1,595,5361
1078,2014-02-05,3,9264.0,617,1,1.0,1,747,8875
1079,2014-02-05,3,10176.0,735,1,1.0,1,447,7424
1080,2014-02-05,3,11153.0,881,1,1.0,1,677,9275
1081,2014-02-05,3,7804.0,1143,1,1.0,1,574,6297
1082,2014-02-05,3,8050.0,1048,1,1.0,1,493,6928
1083,2014-02-05,3,5102.0,342,1,1.0,1,666,4253
1084,2014-02-05,3,6439.0,773,1,1.0,1,1017,6733
1085,2014-02-05,3,8836.0,844,1,1.0,1,1081,8617
1086,2014-02-05,3,9880.0,939,1,1.0,1,560,7601
1087,2014-02-05,3,5951.0,585,1,1.0,1,568,5990
1088,2014-02-05,3,5738.0,515,1,1.0,1,1704,6301
1089,2014-02-05,3,10016.0,980,1,1.0,1,1081,10710
1090,2014-02-05,3,7992.0,1005,1,1.0,1,527,6501
1091,2014-02-05,3,9774.0,743,1,1.0,1,590,8306
1092,2014-02-05,3,11906.0,1167,1,1.0,1,619,8025
1093,2014-02-05,3,8990.0,908,1,1.0,1,608,7766
1094,2014-02-05,3,4224.0,335,1,1.0,1,574,4974
1095,2014-02-05,3,5327.0,693,1,1.0,1,2016,6899
1096,2014-02-05,3,5103.0,607,1,1.0,1,659,5445
1097,2014-02-05,3,10177.0,2500,1,1.0,1,451,7155
1098,2014-02-05,3,6274.0,808,1,1.0,1,921,8064
1099,2014-02-05,3,8062.0,973,1,1.0,1,405,5728
1100,2014-02-05,3,6319.0,689,1,1.0,1,645,5433
1101,2014-02-05,3,10125.0,948,1,1.0,1,2925,10152
1102,2014-02-05,3,7714.0,753,1,1.0,1,444,6266
1103,2014-02-05,3,4865.0,346,1,1.0,1,720,6071
1104,2014-02-05,3,5619.0,399,1,1.0,1,1052,8609
1105,2014-02-05,3,4874.0,519,1,1.0,1,1098,7182
1106,2014-02-05,3,5503.0,587,1,1.0,1,1045,8497
1107,2014-02-05,3,7169.0,678,1,1.0,1,443,6110
1108,2014-02-05,3,7083.0,721,1,1.0,1,827,6090
1109,2014-02-05,3,6245.0,475,1,1.0,1,447,6759
1110,2014-02-05,3,4957.0,547,1,1.0,1,1618,5639
1111,2014-02-05,3,6514.0,501,1,1.0,1,1840,6702
1112,2014-02-05,3,12141.0,897,1,1.0,1,596,9500
1113,2014-02-05,3,6785.0,726,1,1.0,1,591,6359
1114,2014-02-05,3,19543.0,2836,1,1.0,1,534,10857
1115,2014-02-05,3,6148.0,413,1,1.0,1,870,6150
